_id,stop_id,stop_name,zone_id,stop_lat,stop_lon,stop_desc
1,RgqMpbyP,Charminar,Charminar,17.35867794,78.47402769,CHARMINAR
2,ZesADyKB,Shahalibanda,Shahalibanda,17.35474993,78.4730244,SHALIBANDA twd  Charminar
3,CSCQevOc,Kilwat,Kilwat,17.36012747,78.47137494,KILWATH twd Afzalgunj
4,RcYax5EA,Moosabowli,Moosabowli,17.36427457,78.4666682,MOOSABOWLY twd CBS
5,UoDW1Rgg,City College,City College,17.36745265,78.46829029,CITY College twd Afzalgunj
6,s4V6Ks4J,Madina,Madina,17.37037395,78.47559155,MADINA twd Afzalgunj
7,RvkZZP0d,Afzalgunj,Afzalgunj,17.3734,78.4759,AFZALGUNJ twd Nampally
8,RprCTGDf,Osmangunj,Osmangunj,17.38015927,78.47498235,OSMANGUNJ twd Nampally
9,TB1fWaY6,Gandhibavan,Gandhibavan,17.38834566,78.47138823,GANDHI Bhavan twd Nampally
10,0Yr3hLAU,Nampally Railway Station,Nampally Railway Station,17.39215949,78.47004979,NAMPALLY Railway Station twd Ameerpet
11,48NXpBnL,Nampally Public Garden,Nampally Public Garden,17.396278,78.470819,NAMPALLY PUBLIC GAROADEN twd Ameerpet
12,d2BfiTmX,Assembly,Assembly,17.400243,78.470014,ASSEMBLY twd Miyapur
13,USn7tbeB,Lakdikapool,Lakdikapool,17.403609,78.464974,LAKDIKAPOOL twd Lingampally
14,FDukZMjs,Chintal Basthi,Chintal Basthi,17.408898,78.460376,CHINTHAL Basthi twd Patancheru
15,3UhhD7eG,Khairatabad,Khairatabad,17.41416544,78.45863971,KHAIRATABAD twd Patancheru
16,5g4se2Gv,Khairatabad,Khairatabad,17.415785,78.457715,KHAIRATABAD Rto twd Koti
17,3OS7bBog,Irram Manzil,Irram Manzil,17.42075297,78.45569725,IRRUM MANZIL TWD Patancheru
18,fAXfvzII,Nims Hospital,Nims Hospital,17.4230085,78.45438905,NIMS Hospital twd Patancheruvu
19,YY5SqKbk,Punjagutta,Punjagutta,17.42632288,78.45262886,PUNJAGUTTA twd Patancheru
20,DqrzaqZu,Pvr Mall Bus Stop,Pvr Mall Bus Stop,17.429381,78.450406,PVR Mall twd Patancheru
21,8A7oqeuK,Ameerpet,Ameerpet,17.431553,78.44765,AMEERPET twd Patancheru
22,Z9DjfexL,Maithrivanam,Maithrivanam,17.44004554,78.44236414,MAITRIVANAM twd Patancheru
23,OCMZCOeo,Sr Nagar,Sr Nagar,17.44296525,78.44073728,SR NAGAR twd Patancheru
24,C5vY3BnB,Esi Hospital,Esi Hospital,17.448534,78.437619,ESI Hospital twd Patancheruvu
25,zsjaTD5B,Erragadda,Erragadda,17.45617,78.433778,ERRAGADDA twd Patancheruvu
26,M2X1Ipi9,Bharath Nagar,Bharath Nagar,17.46723208,78.42877865,BHARATH Nagar twd Patancheru
27,3DO7lfEx,Moosapet,Moosapet,17.47081311,78.42667579,MOOSAPET twd Patancheru
28,lRqEgaCy,Prashanth Nagar Bus Station,Prashanth Nagar Bus Station,17.47476399,78.42554926,PRASHANTH NGR twd JBS
29,7XcsjLgc,Balnagar,Balnagar,17.46787926,78.44608426,BALANAGAR twd Jeedimetla
30,odvoWxTv,Idpl Water Tank,Idpl Water Tank,17.48172545,78.44902396,IDPL WATER TANK twd jeedimetla
31,eE6hZh6A,Idpl Colony,Idpl Colony,17.48791105,78.45000699,IDPL Colony twd Jagadgirigutta
32,m180Kw2G,Ganesh Nagar Chintal,Ganesh Nagar Chintal,17.49089,78.45099,GANESH NAGAR twd Jeedimetla
33,2mWqvKcq,Chintal,Chintal,17.4954,78.452103,CHINTAL twd Jeedimetla
34,xmSPBDXm,Quthubullapur X Road,Quthubullapur X Road,17.49889739,78.45175981,QUTHBULLAPUR X RD twd jeedimetla
35,CSMDq4oC,Hmt,Hmt,17.50284571,78.45028734,HMT twd Gdm
36,WQorkUId,Gajularam X Road,Gajularam X Road,17.510098,78.447706,GAJULARAM X Road twd Jeedimetla
37,G1qKP8Cw,Shapur Nagar,Shapur Nagar,17.51600122,78.44690233,SHAPUR NAGAR twd Jeedimetla
38,U3va4YT2,Rythu Bazar,Rythu Bazar,17.5176101,78.44659121,RYTHUBAZAR-JDM twd  jeedimetla
39,r2e2nKni,Sub Station-Jeedimetla,Sub Station-Jeedimetla,17.52275733,78.44338618,JEEDIMETLA Substation twd Jeedimetla
40,cR5ySdRd,Jeedimetla,Jeedimetla,17.52636037,78.44031217,JEEDIMETLA twd Gandimysamma
41,Tv9yBqAe,Saibaba Nagar,Saibaba Nagar,17.536032,78.434701,SAIBABA NAGAR twd Gandimaisamma
42,R0Cm6Ou4,Suraram X Road,Suraram X Road,17.54148961,78.43375415,SURARAM X Road twd Bahadurpalle
43,5E4f69aT,Bahadur Pally X Road,Bahadur Pally X Road,17.56058162,78.43076473,BAHADURPALLY X Road twd Gandimaisamma
44,o9dJvoaR,Gandimaisamma,Gandimaisamma,17.57507524,78.42319429,GANDIMAISAMMA twd Gagillapur
45,xOUsyoa9,Mehadipatnam Depot,Mehadipatnam Depot,17.392219,78.440777,MEHDIPATNAM Bus Depot
46,NUmq3A4e,Mehdipatnam,Mehdipatnam,17.39472518,78.44017263,MEHDIPATNAM
47,jQUipGEE,Nanal Nagar,Nanal Nagar,17.39512859,78.42734232,NANAL Nagar X Road twd Langarhouse
48,JDSxM2WM,Langar House,Langar House,17.37843771,78.4209751,LANGAR House twd Kali Mandir
49,7guxqq8S,Bapu-Ghat,Bapu-Ghat,17.374015,78.417593,Bapu Ghat twd Sedam
50,832f0Tns,Tippu Khan Bridge,Tippu Khan Bridge,17.37102639,78.40462269,TIPU KHAN BRIDGE twd KaliI Mandir
51,1dz6Of8P,Suncity,Suncity,17.36476225,78.39571808,SUNCITY twd Chevella
52,iXcFXrHu,Bandlaguda X Road,Bandlaguda X Road,17.359568,78.38798895,BANDLAGUDA X Road twd Moinabad
53,VHOGEY4R,Peeram Cheru,Peeram Cheru,17.35449841,78.37902164,PEERAMCHERUVU twd Moinabad
54,gg1O2ENL,Kalimandir,Kalimandir,17.35233192,78.37701528,KALIMANDIR twd Moinabad
55,54suq5uU,Appa Junction,Appa Junction,17.35093538,78.3580166,APPA twd Moinabad
56,qccftrvg,Golden Farms,Golden Farms,17.35369008,78.34210306,GOLDEN FARM twd Moinabad
57,FLnjOddn,Osman Sagar X Rd,Osman Sagar X Rd,17.35310141,78.33088464,OSMAN Sagar X Road twd Moinabad
58,BAsXhVXt,Aziz Nagar X Roads,Aziz Nagar X Roads,17.34414051,78.32481623,AZIZ Nagar X Road twd Chevella
59,T8BKEMqk,Himayathnagar X Road,Himayathnagar X Road,17.33863251,78.31190653,HIMAYAT Nagar X Road twd Moinabad
60,cVsyEttO,Jbiet College Amdapur X Road Bus Stop,Jbiet College Amdapur X Road Bus Stop,17.33140703,78.29720456,JBIET College twd Chevella
61,dHLhPczE,Decent Poultry,Decent Poultry,17.33107258,78.29313397,DECENT POULTRIES twd Chevella
62,zGYSG7bl,Sathsang,Sathsang,17.33002791,78.2801199,SATSANG twd Chevella
63,4HJn54j9,Moinabad,Moinabad,17.328394,78.272705,MOINABAD twd Sedam
64,lnjUAaN4,Ayaan College,Ayaan College,17.31438034,78.25669684,AYAAN INSTITUTE OF MEDICAL SCIENCE twd Vikarabad
65,wlPJRBNI,Kanakamamidi,Kanakamamidi,17.31323061,78.24891776,KANAKAMAMIDI ROAD twd Vikarabad
66,uCKYOKAS,Kethireddy Pally X Road,Kethireddy Pally X Road,17.31019106,78.22889235,KETHIREDDYPALLY X Road twd Vikarabad
67,R1auSRjt,Appareddyguda X Road,Appareddyguda X Road,17.31019618,78.223764,APPAREDDYGUDA X Road twd Vikarabad
68,YXAEgiIa,Tholkatta X Roads,Tholkatta X Roads,17.31345594,78.216919,THOLKATTA X Roads twd Vikarabad
69,nJkfMg0G,Mudimyal,Mudimyal,17.31947984,78.20895821,MUDIMYAL twd Vikarabad
70,BugaVeWl,Kandawada X Road,Kandawada X Road,17.30718218,78.18237483,KANDAWADA X ROAD twd Vikarabad
71,3F5hR7yF,Malkapur,Malkapur,17.312,78.172,MALKAPUR twd Vikarabad
72,SAhnyNt4,Kesaram,Kesaram,17.30638448,78.1610097,KESARAM twd Vikarabad
73,oi5Cgsii,Chevella Bs,Chevella Bs,17.313487,78.138914,CHEVELLA Bus Station
74,fTpo5ntA,Kesaram,Kesaram,17.30654741,78.16108078,KESARAM twd Himayatsagar
75,rFMmZ6lY,Malkapur,Malkapur,17.3122833,78.17197323,MALKAPUR twd Hyderanad
76,CExXC0fB,Kandawada X Road,Kandawada X Road,17.30725134,78.18241373,KANDAWADA X ROAD twd Himayatnagar
77,tFPKmxrs,Mudimyal,Mudimyal,17.31962449,78.20908695,MUDIMYAL twd Himayatsagar
78,cIwp9JJA,Tholkatta X Roads,Tholkatta X Roads,17.31348287,78.21698607,THOLKATTA X Roads twd MGBS
79,jAH3WOsZ,Appareddyguda X Road,Appareddyguda X Road,17.31022976,78.22377171,APPAREDDYGUDA X Road twd Hyderbad
80,03dKkFHP,Kethireddy Pally X Road,Kethireddy Pally X Road,17.31026017,78.22901845,KETHIREDDYPALLY X road twd MGBS
81,sUYRAR1o,Kanakamamidi,Kanakamamidi,17.31324847,78.2487917,KANAKAMAMIDI ROAD twd Himayat nagar
82,nfkRd9nz,Ayaan College,Ayaan College,17.31466329,78.25676423,AYAAN College twd Hyderabad
83,4BcvWaFF,Moinabad,Moinabad,17.328963,78.27318,MOINABAD twd Hyderabad
84,uboghRWM,Sathsang,Sathsang,17.33024299,78.28014672,SATSANG twd Mehdipatnam
85,kqVSR8tV,Decent Poultry,Decent Poultry,17.33127226,78.29315543,DECENT POULTRIES twd Mehdipatnam
86,EhiQ5Y3H,Jbiet College Amdapur X Road Bus Stop,Jbiet College Amdapur X Road Bus Stop,17.33162177,78.29738259,JBIET College twd Mehdipatnam
87,vZHy3ifq,Himayathnagar X Road,Himayathnagar X Road,17.33877669,78.31199256,HIMAYATH NAGAR  X ROAD  twd Mehdipatnam
88,F5kjgZBH,Aziz Nagar X Roads,Aziz Nagar X Roads,17.34418919,78.32465795,AZIZ Nagar X Road twd Mehdipatnam
89,2QgJHKxC,Osman Sagar X Rd,Osman Sagar X Rd,17.35319731,78.3305561,OSMAN Sagar X Road twd Mehdipatnam
90,b8ltroJx,Golden Farms,Golden Farms,17.35375407,78.34207087,GOLDEN FARM twd Mehdipatnam
91,kLUdNhDw,Appa Junction,Appa Junction,17.35084335,78.35830717,APPA twd Mehdipatnam
92,BOZ6ud3G,Kalimandir,Kalimandir,17.35245119,78.37686915,KALIMANDIR twd Mehdipatnam
93,Ed7fO2rc,Peeram Cheru,Peeram Cheru,17.35461106,78.37880742,PEERAMCHERU twd Mehdipatnam
94,IJzE9Z23,Bandlaguda X Road,Bandlaguda X Road,17.3598,78.3881,BANDLAGUDA X Road twd Mehdipatnam
95,dHUG4Xle,Suncity,Suncity,17.3651,78.3958,SUNCITY twd Mehdipatnam
96,GFxQbpHA,Tippu Khan Bridge,Tippu Khan Bridge,17.37109775,78.40446922,TIPPU KHAN BRIDGE twd Mehdipatnam
97,nIO17N4o,Bapu Nagar,Bapu Nagar,17.374278,78.417719,LUNGER HOUSE
98,9kJ7lz1Q,Langar House,Langar House,17.38158305,78.42183708,LANGER HOUSE twd Mehdipatnam
99,rBENVtQo,Nanal Nagar,Nanal Nagar,17.39548771,78.42732492,NANAL Nagar twd Mehidipatnam
100,q9jjNdnh,Mehdipatnam,Mehdipatnam,17.39527392,78.43979619,MEHDIPATNAM twd Secundrabad
101,F0sCusJT,Chandrayangutta,Chandrayangutta,17.32722719,78.47513793,CHANDRAYAN GUTTA twd Falaknuma
102,sifjiJIl,Farooqnagar,Farooqnagar,17.329644,78.470292,FAROOQNAGAR Bus Station
103,viDlsUWZ,Engine Bowli,Engine Bowli,17.33656622,78.46795012,ENGINE BOWLI twd Afzalgunj
104,8YMIlyS3,Falaknuma Depot,Falaknuma Depot,17.33722755,78.467025,FALAKNUMA Bus Depot
105,W4vA60DC,Sarojini Devi Hospital,Sarojini Devi Hospital,17.398719,78.444326,SAROJINI DEVI Hospital twd Koti
106,VKioR5jw,Nmdc,Nmdc,17.39896148,78.44955236,NMDC twd Uppal
107,m9io71dj,Masab Tank,Masab Tank,17.4042608,78.45190465,MASAB Tank twd Jublee Hills
108,qo0aajne,Pension Office,Pension Office,17.40747384,78.45108453,PENSION OFFICE twd Panjagutta
109,0UenuDJ9,Care Hospital-Banjara Hills,Care Hospital-Banjara Hills,17.41362673,78.45043346,CARE Hospital twd Secunderabad
110,ppmUDuzH,Banjarahills Road No 7,Banjarahills Road No 7,17.41680678,78.44879329,BANJARA HILLS Road no 7 Taj Krishna twd Punjagutta
111,cz4pE5ER,Gvk Mall,Gvk Mall,17.41873099,78.44810396,G.V.K. twd Ameerpet
112,ueRNhDvS,Nims Hospital,Nims Hospital,17.42195336,78.44911516,NIMS Hospital twd Uppal
113,knSGAN1e,Punjagutta,Punjagutta,17.42662104,78.45111072,PANJAGUTA twd Secunderabad
114,V9ddvO25,Green Land,Green Land,17.43072699,78.45590785,GREENLAND twd Begumpet
115,qRKZzfuC,Rj College,Rj College,17.4350377,78.45528692,RJ COLLEGE twd Secunderbad
116,vmdvxAEq,Hps Begumpet,Hps Begumpet,17.44279925,78.45889147,BEGUMPET HPS twd Secunderabad
117,sNtT8ZDC,Shyamlal Begumpet,Shyamlal Begumpet,17.444383,78.461112,SHYAMLAL twd Secunderabad
118,GjAAZkb2,Shoppers Stop Begumpet,Shoppers Stop Begumpet,17.44512232,78.46500189,SHOPPERS STOP twd Secunderabad
119,Q6FWRb1R,Prakash Nagar Begumpet,Prakash Nagar Begumpet,17.4443061,78.47153045,PRAKASH Nagar twd Secunderabad
120,joW0g0Qq,Police Lines,Police Lines,17.443691,78.478073,POLICE LINE twd Secunderabad
121,Cmq2kMFs,Wesley College,Wesley College,17.44347191,78.48205269,WESLEY COLLEGE twd Sec-bad
122,PwJCFyTq,Paradise,Paradise,17.44349494,78.48664999,PARADISE METRO STN twd Secunderabad
123,KIkHjkpt,Plaza,Plaza,17.44330305,78.49065723,PLAZA twd Secunderabad
124,X0STVNy1,Patny,Patny,17.44318276,78.49624693,PATNY twd Secunderabad
125,QeBJG7EM,Secunderabad,Secunderabad,17.44294733,78.50370884,ST ANNS twd Rathifile bus station
126,TaPAXfJn,Sangeeth-Isckon,Sangeeth-Isckon,17.44116763,78.50563601,SANGEETH Cross Road twd Chilkalguda
127,whMygxc9,Secunderabad,Secunderabad,17.4371306,78.50514797,BLUESEA CAFE twd Tarnaka
128,G7Crwnuu,Chilkalguda,Chilkalguda,17.43330525,78.50677192,CHILKALGUDA twd Uppal
129,HxjRAjhe,Alugadda Bhavi,Alugadda Bhavi,17.435588,78.514285,ALUGADDABAVI twd Uppal
130,UXUFKwWS,Mettuguda,Mettuguda,17.434563,78.520907,METTUGUDA twd Uppal
131,are2VdTm,Tarnaka,Tarnaka,17.42580594,78.53271961,TARNAKA twd Yadagirigutta
132,8w1CBdo1,Habsiguda,Habsiguda,17.42129738,78.53977583,HABSIGUDA twd Uppal
133,jtlvGReR,Hmt Nagar,Hmt Nagar,17.42443969,78.54731418,HMT NAGAR twd Mallapur
134,vuGTfEKr,Nacharam,Nacharam,17.42808217,78.55094254,NACHARAM Village twd Mallapur
135,2b3B8JFF,Esi Hospital Nacharam,Esi Hospital Nacharam,17.43094713,78.55324522,NACHARAM ESI HOSPITAL twd Mallapur
136,hjFi7eQB,Nacharam X Road,Nacharam X Road,17.43363563,78.55445891,NACHARAM X RD twd Chengicherla
137,U3ikAqGd,Delhi Tubes Nacharam,Delhi Tubes Nacharam,17.43830023,78.55833944,DELHI Tubes twd Mallapur
138,LwrbPeVu,Janapriya - Mallapur,Janapriya - Mallapur,17.44177322,78.56528165,JANAPRIYA twd ECIL
139,S6LmWE5N,Mallapur Village,Mallapur Village,17.44548828,78.56740594,MALLAPUR BUS STOP twd Ecil
140,YMEKiiCq,Noma Function Hall,Noma Function Hall,17.44719502,78.57199788,NOMA twd Chengicharla
141,ko9Sd2Em,Nfc X Roads,Nfc X Roads,17.44847058,78.57579455,NFC X ROADS twd Cherlapally
142,pLgbAwvD,Ashoknagar-Mallapur,Ashoknagar-Mallapur,17.45000455,78.58082906,ASHOK NAGAR twd ECIL
143,9mgpyHL4,Hcl,Hcl,17.45555446,78.581737,HCL X Road twd Cherlapally
144,giCRzBi8,Ecil Gate,Ecil Gate,17.46740597,78.57388616,ECIL Factory twd Mallapur
145,4wFW2Us9,Ecil X Road,Ecil X Road,17.47205984,78.57107788,ECIL X ROAD twd Uppal
146,Q2XxpKE2,Kushaiguda,Kushaiguda,17.48031836,78.57501537,KUSHAIGUDA twd Ghatkesar
147,3a2eLPl2,Nagarjuna Nagar Clny,Nagarjuna Nagar Clny,17.4801444,78.58167026,NAGARJUNA Nagar twd Nagaram
148,Y7DNcZgJ,Chakripuram,Chakripuram,17.47877589,78.58613849,CHAKRIPURAM twd Charlapally
149,ltOoIRPh,Cherlapally Water Tank,Cherlapally Water Tank,17.47128366,78.59696757,WATER TANK twd Cherlapally
150,GTRQRJwL,Cherlapally Railway Station,Cherlapally Railway Station,17.45904065,78.60438825,CHERLAPALLY Railway Station twd Cherlapally
151,suDhrwkI,Cherlapally,Cherlapally,17.46328524,78.6114545,CHERLAPALLY Bus Stand
152,noE4riD7,Cherlapally Railway Station,Cherlapally Railway Station,17.4593029,78.60471278,CHERLAPALLY Railway Station twd Mallapur
153,0NDQJIGP,Chakripuram,Chakripuram,17.47920036,78.58546793,CHAKRIPURAM twd Secunderabad
154,fUjweVGF,Nagarjuna Nagar Clny,Nagarjuna Nagar Clny,17.47988472,78.58190194,NAGARJUNA Nagar twd Secunderabad
155,vQw0DmF3,Kushaiguda,Kushaiguda,17.48034395,78.57518468,KUSHAIGUDA twd Secunderabad
156,L9yKLGu1,Hcl,Hcl,17.45525778,78.58136952,HCL X ROAD twd ECIL
157,hTYT4HDY,Ecil Gate,Ecil Gate,17.46724739,78.57389152,ECIL FACTORY twd ECIL X Road
158,x7w566Y0,Delhi Tubes Nacharam,Delhi Tubes Nacharam,17.43809938,78.55823099,DELHI Tubes twd Nacharam
159,iicT2HB0,Nacharam X Road,Nacharam X Road,17.43346652,78.55520992,NACHARAM X ROAD twd Uppal
160,KXSa7N9r,Hmt Nagar,Hmt Nagar,17.42402879,78.54717135,HMT NAGAR twd Tarnaka
161,Vu61jLWF,Habsiguda,Habsiguda,17.421528,78.538962,HABSIGUDA twd Tarnaka
162,jyBSJxcj,Tarnaka,Tarnaka,17.42570614,78.53222742,TARNAKA twd Secunderabad
163,7kbuoXmo,Mettuguda,Mettuguda,17.43620172,78.52066007,METTUGUDA twd Secunderabad railway station
164,V2FZzv9s,Alugadda Bhavi,Alugadda Bhavi,17.43531413,78.51438403,ALUGADDA BHAVI twd JBS
165,CFbXbiQw,Chilkalguda,Chilkalguda,17.43306215,78.50638295,CHILKALGUDA X Road twd Secunderabad
166,u3bvsFOc,Secunderabad,Secunderabad,17.434259,78.501577,SECUNDERABAD Railway Station
167,ok41NPb5,Patny,Patny,17.44296008,78.49667341,PATNY twd Begumpet
168,YPoQZzru,Plaza,Plaza,17.44320462,78.49011942,PLAZA twd Begumpet
169,GVLWcO80,Paradise,Paradise,17.44314095,78.48621763,PARADISE Metro Station twd Begumpet
170,C5RkuVFZ,Wesley College,Wesley College,17.44334722,78.48193144,WESLEY COLLEGE twd Begumpet
171,jwo9ywmN,Police Lines,Police Lines,17.44365106,78.47499311,POLICE LINES twd Ameerpet
172,b6Ed1APh,Prakash Nagar Begumpet,Prakash Nagar Begumpet,17.44399184,78.47139359,PRAKASH Nagar twd Begumpet
173,xjTl0c9a,Shoppers Stop Begumpet,Shoppers Stop Begumpet,17.44483962,78.46490432,SHOPPER STOP twd Ameerpet
174,0QXQxf3w,Shyamlal Begumpet,Shyamlal Begumpet,17.44420962,78.46172825,SHYAMLAL  BANGLA twd Ameerpet
175,vICEAYpg,Hps Begumpet,Hps Begumpet,17.44255487,78.45927805,BEGUMPET HPS twd Ameerpet
176,KgDSpIOK,Rj College,Rj College,17.4349994,78.45557926,RJ COLLEGE twd Panjagutta
177,AWE6D07a,Punjagutta,Punjagutta,17.42645225,78.45141113,PUNJAGUTTA twd Mehdipatnam
178,2GQGAQJB,Nims Hospital,Nims Hospital,17.42145924,78.44896227,NIMS twd Mehdipatnam
179,MCux42LE,Gvk Mall,Gvk Mall,17.41794804,78.4490186,GVK MALL twd Koti
180,sIoTCd6R,Banjarahills Road No 7,Banjarahills Road No 7,17.41633183,78.44893545,BANJARA HILLS Road no 7 Taj Krishna twd Mehdipatnam
181,A3gmwwj9,Care Hospital-Banjara Hills,Care Hospital-Banjara Hills,17.41363281,78.45061183,CARE Hospital twd RGIA
182,0EWpgffm,Pension Office,Pension Office,17.40788489,78.45115899,PENSION OFFICE twd Mehdipatnam
183,wPpbiQd0,Masab Tank,Masab Tank,17.40416358,78.4522453,MASAB TANK twd Lakdikapul
184,xLkxr76E,Nmdc,Nmdc,17.39877841,78.44944775,NMDC twd Mehdipatnam
185,gV9iNXAG,Sarojini Devi Hospital,Sarojini Devi Hospital,17.39854304,78.44446689,SAROJINI DEVI HOSPITAL twd Lingampally
186,BJCimp4m,Mehdipatnam,Mehdipatnam,17.39446381,78.4394866,MEHDIPATNAM
187,2ZWzuUTZ,Tippu Khan Bridge,Tippu Khan Bridge,17.37339446,78.40440271,TIPPU KHAN twd Shankarpally
188,jsSYaRZ9,Ramdev Guda,Ramdev Guda,17.37523733,78.39603963,RAMDEVGUDA twd Shankerpally
189,n1MXMQMq,Age Bar,Age Bar,17.37656394,78.38581838,AGE BAR  twd Narsingi
190,Pm13hpJV,Ibrahim Bagh,Ibrahim Bagh,17.37671497,78.38191777,IBRAHIM BAGH twd Narsing
191,DJ1vRbAq,Taramathi,Taramathi,17.37678856,78.3789137,TARAMATHI twd Shankarpally
192,4gvSfGeB,Neknapur,Neknapur,17.37894518,78.36991489,NEKNAPUR twd Shankarpally
193,kPZTFaTS,Hanuman Temple,Hanuman Temple,17.381,78.367,HANUMAN TEMPLE twd Shankarpally
194,AmuowBqz,Narsinghi,Narsinghi,17.38423134,78.361421,NARSINGI twd Gandipet
195,iGveCYEN,Kokapet X Rd,Kokapet X Rd,17.387619,78.341096,KOKAPET X ROAD twd ICFAI
196,7SoNNXKp,Grape Garden,Grape Garden,17.38682269,78.33802879,GRAPED GARDEN twd Khanpur
197,sFWHBI1O,Gandipet X Road,Gandipet X Road,17.385,78.331,GANDIPET X ROAD  twd Shankarpally
198,fh2ezkIf,Cbit,Cbit,17.39353559,78.32022429,CBIT twd Shankarpalli
199,2StGQPKr,Mile Stone,Mile Stone,17.3962497,78.31107795,CBIT HOSTEL twd Shankerpalli
200,R37p0OO9,Khanapur,Khanapur,17.397,78.302,KHANAPUR twd Mokila
201,pqdPrHsX,Miyakhan Gadda,Miyakhan Gadda,17.40493392,78.28495592,MIYAKHAN GADDA twd Ibs
202,ouE3tJiF,Janwada X Road,Janwada X Road,17.41273737,78.26676518,JANWADA X ROAD twd Ibs
203,VRc2v6Sq,Kollur X Road,Kollur X Road,17.41777399,78.24990481,KOLLUR X ROAD twd Mokila
204,B2E1U0Po,Dontapally,Dontapally,17.41855584,78.22431786,DONTHANAPALLY X ROADtwd Shankarpally
205,Bots9uZJ,Indian Business School ( Ibs ),Indian Business School ( Ibs ),17.41892564,78.21693778,IBS twd Shankarpally
206,bSu8VLLo,Proddutur X Roads,Proddutur X Roads,17.422,78.21,PRODDUTUR X ROAD twd Shankarpally
207,1EbmKtfx,Mokila Bus Stop,Mokila Bus Stop,17.43199217,78.18975594,MOKILA twd Shankarpalli
208,pzXN1H4j,Bulkapur,Bulkapur,17.44480251,78.15878749,BULKAPUR twd Shankarpally
209,4XkSMGtG,Bhanur X Road,Bhanur X Road,17.453,78.144,BHANUR X Road twd Shankarpally
210,UCQMGasG,Shankarpally Bus Station,Shankarpally Bus Station,17.45583,78.13135,SHANKARPALLY Bus Station
211,0WxpWnzH,Bhanur X Road,Bhanur X Road,17.45333479,78.14411983,BHANUR X Road twd Mehdipatnam
212,hiYDONWZ,Bulkapur,Bulkapur,17.44489463,78.15888673,BULKAPUR twd Mehdipatnam
213,GzMVZaMe,Mokila,Mokila,17.43346648,78.1868729,MOKILA twd Gandipet
214,oTBBk3lA,Proddutur X Roads,Proddutur X Roads,17.42231401,78.21024298,PRODDUTUR X ROAD twd Mehdipatnam
215,lk3b2qDU,Indian Business School ( Ibs ),Indian Business School ( Ibs ),17.41875994,78.2177458,IBS twd Mehdipatnam
216,Io40sLXx,Dontapally,Dontapally,17.41867995,78.22393298,DONTHANPALLY X ROAD twd Mehdipatnam
217,ytvCxXFb,Kollur X Road,Kollur X Road,17.41774328,78.25076044,KOLLUR X ROAD twd Khanapur
218,ev6wgDXG,Janwada X Road,Janwada X Road,17.41281415,78.26687515,JANWADA X ROAD twd Narsing
219,oFhCBRcF,Miyakhan Gadda,Miyakhan Gadda,17.405,78.286,MIYAKHAN GADDA twd Khanapur
220,hYWlKusT,Khanapur,Khanapur,17.39729652,78.30198258,KHANAPUR twd Narsing
221,qNee7vZl,Mile Stone,Mile Stone,17.39627529,78.3115983,CBIT HOSTEL twd Mehdipatnam
222,3Z4AuAHK,Cbit,Cbit,17.39367488,78.3202672,CBIT twd Mehdipatnam
223,SRmJE3Ta,Gandipet X Road,Gandipet X Road,17.386,78.331,GANDIPET X ROAD  twd Ramdev guda
224,bakKI0au,Grape Garden,Grape Garden,17.387,78.338,GRAPES GARDEN twd Langer House
225,EhRIzJx4,Kokapet X Rd,Kokapet X Rd,17.388022,78.341466,KOKAPET X ROAD twd Uppal
226,Pm5Rl4ZJ,Narsingi X Roads,Narsingi X Roads,17.38546351,78.35548058,MANCHIREVULA X ROAD twd Mehdipatnam
227,1SdlIEjc,Hanuman Temple,Hanuman Temple,17.38024427,78.36837798,HANUMAN TEMPLE twd Mehdipatnam
228,JXAl0tDW,Neknapur,Neknapur,17.379,78.37,NEKNAPUR twd Mehdiptnam
229,YEipNxZK,Taramathi,Taramathi,17.37689863,78.37893382,TARAMATHI twd Mehdipatnam
230,mFHd1TsQ,Ibrahim Bagh,Ibrahim Bagh,17.37684488,78.38185612,IBRAHIM BAGH twd Mehdiptnam
231,YLvpA2j1,Age Bar,Age Bar,17.37666314,78.38585861,AGE BAR twd Mehidipatnam
232,PlLbsGM1,Ramdev Guda,Ramdev Guda,17.37512219,78.39702129,RAMDEVGUDA twd Mehdiptnam
233,JfIOK0oA,Tippu Khan Bridge,Tippu Khan Bridge,17.37335842,78.40511352,TIPPU KHAN twd MP
234,uA8YdKKq,Narsingi X Roads,Narsingi X Roads,17.38531377,78.35566498,MANCHIREVULA X Road twd Gandipet
235,VXQBI5es,Narsinghi,Narsinghi,17.38565288,78.35448951,NARSINGI
236,pJbQlUdV,Hayathnagar Bus Depot,Hayathnagar Bus Depot,17.32652505,78.59324098,HAYATNAGAR-1 Bus Depot
237,2uOlQMbc,Hayathnagar Bus Depot,Hayathnagar Bus Depot,17.33011503,78.59437287,HAYATH Nagar Depot twd Hayath nagar
238,9TGZiwiy,Rtc Colony-Hyt,Rtc Colony-Hyt,17.328654,78.598786,RTC Colony twd Hayatnagar
239,BsjNAyiG,Hayathnagar,Hayathnagar,17.32731994,78.60489331,HAYATHNAGAR Bus Station
240,qQ2eggZ4,Hayathnagar,Hayathnagar,17.32707761,78.60373244,HAYATHNAGAR twd LBNagar
241,jIGnqtq6,Rtc Colony Upl,Rtc Colony Upl,17.328056,78.599494,RTC COLONY twd DSNR
242,g3CVmJk7,Hayathnagar Bus Depot,Hayathnagar Bus Depot,17.32999218,78.59393298,HAYATH Nagar Depot twd Dilshuknagar
243,nib1nnsj,Bhagyalatha (Arunodaya),Bhagyalatha (Arunodaya),17.33231694,78.58912647,BHAGYALATHA twd Raithu bazar
244,SeOTAz0T,Shanthi Nagar-Vanastalipuram,Shanthi Nagar-Vanastalipuram,17.32820613,78.5875386,SHANTHI Nagar twd Raitu Bazar
245,3UkEBTxG,Sharada Nagar-Hayathnagar,Sharada Nagar-Hayathnagar,17.32819462,78.58507633,SHARADA NAGAR twd Raithu Bazar
246,9Ezr2Jwk,Subhadra Nagar,Subhadra Nagar,17.32882958,78.5834187,SUBHADRA Nagar twd Raitu Bazar
247,tSGCiQav,Kamala Nagar-Vanasthalipuram,Kamala Nagar-Vanasthalipuram,17.32982564,78.579036,KAMALANAGAR twd Panama
248,IAGvk4V9,Raithu Bazar-Vsp,Raithu Bazar-Vsp,17.3304987,78.57515749,RAITHU Bazar twd Ganesh Temple Vanasthalipuram
249,kQF1TB5X,Vanasthalipuram Complex,Vanasthalipuram Complex,17.3307192,78.57296616,VANASTHALIPURAM Complex
250,3CpJuoZ6,Ganesh Temple-Vanastalipuram,Ganesh Temple-Vanastalipuram,17.33124156,78.56918693,GANESH Temple twd LB Nagar
251,JMhpzU6M,Panama Godowns,Panama Godowns,17.3379997,78.56924325,PANAMA Godown twd Dilshukanagar
252,MjEKXkAz,Chintalkunta Bus Stop,Chintalkunta Bus Stop,17.340501,78.563096,CHINTALKUNTA twd Dilshuknagar
253,lyF23GGb,Chintalkunta Checkpost,Chintalkunta Checkpost,17.34262771,78.55642761,CHINTALKUNTA CHECK POST twd Dilshuknagar
254,jNMgv2Al,Lb Nagar,Lb Nagar,17.34709759,78.55122149,LB NAGAR  X Road twd JBS
255,Ap1EukzU,Kamineni Hospetal-Lb Nagar,Kamineni Hospetal-Lb Nagar,17.35336563,78.55557384,KAMINENI Hospital twd JBS
256,buDaArKj,Rajeev Gandhi Nagar/Sai Nagar Bus Stop,Rajeev Gandhi Nagar/Sai Nagar Bus Stop,17.35991872,78.55758771,RAJEEV GANDHI NAGAR twd JBS
257,qPtExEEi,Alkapuri X Rds,Alkapuri X Rds,17.365287,78.556949,ALKAPURI X Roads twd JBS
258,BCMwFXGv,Snehapuri - Lb Nagar,Snehapuri - Lb Nagar,17.36910641,78.55721623,SNEHAPURI twd Secunderabad
259,AnLTMfwA,Nagole X Rds,Nagole X Rds,17.37678108,78.55775333,NAGOLE X Road twd Uppal
260,igXYuJJL,Nagole Metro Station,Nagole Metro Station,17.39052649,78.5587478,NAGOLE Metro Station twd Uppal
261,qbtDyPmY,Uppal X Roads,Uppal X Roads,17.40203986,78.55957624,UPPAL X ROAD  twd Jagathgirigutta
262,HRc9q9cv,Survey Of India,Survey Of India,17.405683,78.555518,SURVEY OF INDIA twd Secunderabad
263,h14pP8Q5,Ngri,Ngri,17.41540517,78.54538174,NGRI twd JBS
264,B9wleFxF,Railway Degree Collge,Railway Degree Collge,17.42862991,78.52731228,RAILWAY DEGREE COLLEGE twd Secunderabad rly station
265,fDQ48G2W,Mettuguda,Mettuguda,17.434189,78.520796,METTUGUDA twd JBS
266,gVRyRzSN,Jbs,Jbs,17.44761222,78.49757971,Jublee Bus Station
267,ajXH07Oj,Ngri,Ngri,17.41546626,78.54574552,NGRI twd Uppal
268,SbVE8Ev9,Survey Of India,Survey Of India,17.40601599,78.55561039,SURVEY OF INDIA  twd Uppal
269,bHfuhRVs,Uppal X Road,Uppal X Road,17.39993534,78.56028199,UPPAL X Roads twd RGIA
270,5YoLyTS1,Nagole Metro Station,Nagole Metro Station,17.3905572,78.55892481,NAGOLE Metro Station twd Lb Nagar
271,sJVjEk53,Nagole X Road,Nagole X Road,17.37622157,78.55804369,NAGOLE X Road twd RGIA
272,UsvPMDtj,Snehapuri Colony,Snehapuri Colony,17.36883637,78.55739058,SNEHAPURI COLONY twd LB Nagar
273,j5uk5YHU,Alkapuri X Road,Alkapuri X Road,17.36402244,78.5573128,ALKAPURI X Road twd LBNagar
274,C7MKjOpe,Rajeev Gandhi Nagar,Rajeev Gandhi Nagar,17.35965921,78.55781436,RAJEEV GANDHI NAGAR twd LB Nagar
275,KEmdPCGs,Kamineni Hospital,Kamineni Hospital,17.3524401,78.55567592,KAMINENI Hospital twd Lb Nagar
276,3GrSvtyq,Lb Nagar,Lb Nagar,17.34654207,78.55145888,LB NAGAR X Road  twd Hayathnagar
277,pXxlBybY,Chintalkunta Check Post,Chintalkunta Check Post,17.342,78.558,CHINTALKUNTA CHECK POST twd Choutuppal
278,HqApOlBt,Chintalkunta Bus Stop,Chintalkunta Bus Stop,17.34088382,78.56209785,CHINTALKUNTA twd Hayatnagar
279,nsLzkHjZ,Panama Godowns,Panama Godowns,17.33840295,78.56863976,PANAMA Godown twd Hayathnagar
280,2vgzCngU,Ganesh Temple-Vanasthalipuram,Ganesh Temple-Vanasthalipuram,17.3318023,78.56924862,GANESH TEMPLE twd Hayathnagar
281,AVqMsMvj,Vanasthalipuram,Vanasthalipuram,17.33136062,78.57289743,VANASTHALI Puram Complex twd Hayathnagar
282,2NKuNLpA,Raithu Bazar-Vsp,Raithu Bazar-Vsp,17.33060531,78.57562422,RAITU Bazar twd Kamalanagar
283,nkt9SkEX,Kamala Nagar-Vanasthalipuram,Kamala Nagar-Vanasthalipuram,17.32989344,78.57894078,KAMALANAGAR twd Hayathnagar
284,hnG4z3o9,Subhadra-Kamala Nagar,Subhadra-Kamala Nagar,17.32891292,78.58334101,SUBHADRA Nagar twd Shanthi Nagar
285,NiwiEx9q,Sharada Nagar-Hayathnagar,Sharada Nagar-Hayathnagar,17.32945565,78.58563155,SHARADHA Nagar twd Bhagyalatha
286,jhd9QeGO,Shanthi Nagar-Vanastalipuram,Shanthi Nagar-Vanastalipuram,17.32931867,78.58753592,SHANTHI Nagar twd Bagyalatha
287,DQGu7xHQ,Bhagyalatha,Bhagyalatha,17.33294023,78.58927178,BHAGYALATHA twd Haythnagar
288,CFHNbG2J,Chilkur Balaji Temple,Chilkur Balaji Temple,17.35710523,78.29990923,CHILKUR BALAJI Temple Bus Stop
289,L8kbKj1j,Residential School-Chilkur Balaji,Residential School-Chilkur Balaji,17.34778633,78.29998434,RESIDENTIAL School twd Mehdipatnam
290,fT0d50lx,Himayathnagar Village,Himayathnagar Village,17.34259827,78.30895033,HIMAYAT Nagar Village twd Mehdipatnam
291,hsnDsySD,Care Hospital-Banjara Hills,Care Hospital-Banjara Hills,17.41362673,78.45043346,CARE Hospital twd Secunderabad
292,DlkTzhBT,Indra Gandhi Statue-Secunderabad,Indra Gandhi Statue-Secunderabad,17.437418,78.504398,IG STATUE twd SEC BAD
293,hAc9AQA9,Mehdipatnam,Mehdipatnam,17.39391532,78.44241231,MEHDIPATNAM twd Tallagadda
294,HdUjSU7J,Nfc North Gate,Nfc North Gate,17.45707434,78.57894748,NFC NORTH GATE twd ECIL
295,PRepdcnz,Ecil X Road,Ecil X Road,17.47253342,78.57006316,ECIL Bus terminal
296,65IwqrLo,Mahaveer Hospital,Mahaveer Hospital,17.40286847,78.45855107,MAHAVIR Hospital twd Koti
297,SBmkG9NJ,Bjr College,Bjr College,17.40485709,78.46105635,BJR College twd NIMS
298,Gm0WIrE8,Lakdikapool,Lakdikapool,17.40642603,78.46275493,LAKDIKAPOOL twd Dilsukhnagar
299,Dg7VAzf3,Telephone Bhavan,Telephone Bhavan,17.40712214,78.46616059,TELEPHONE Bhavan
300,ZNUKsMix,Secretariat Lic Building,Secretariat Lic Building,17.408117,78.471823,SECRETARIAT twd JBS
301,NYWivGae,Tank Bund,Tank Bund,17.422315,78.485023,MIDDLE TANK BUND twd JBS
302,iSB14TRl,Boats Club,Boats Club,17.42643549,78.48663658,BOATS Club twd JBS
303,v8JMo7Nn,Bible House,Bible House,17.43064136,78.4922451,BIBLE House twd Secunderabad
304,noFGCQkJ,Bata,Bata,17.43600499,78.49370419,BATA twd Secunderabad
305,xgJ1CUA5,Patny Taj Tristar,Patny Taj Tristar,17.44052918,78.4950453,TAJ Tristar Patny twd JBS
306,iBWNwmWj,Clock Tower Secunderabad,Clock Tower Secunderabad,17.44151686,78.49839798,CLOCK Tower twd Secunderabad
307,AbZzpwXc,Sangeeth-Isckon,Sangeeth-Isckon,17.44112284,78.50336015,SANGEETH twd Secunderabad
308,UlSL8FAc,Clock Tower Secunderabad,Clock Tower Secunderabad,17.44059575,78.49705698,CLOCK Tower twd Patny
309,9zSxAeIG,Patny Taj Tristar,Patny Taj Tristar,17.43998422,78.49533767,TAJ Tristar Patny twd TankBund
310,HJTDI9P3,Bata,Bata,17.43611759,78.49385709,BATA twd Tank Bund
311,Ci8Yl6FR,Bible House,Bible House,17.43075902,78.49246498,BIBLE House twd CBS
312,rzCMv7kP,Boats Club,Boats Club,17.42641375,78.48674121,BOATS Club twd CBS
313,UnvVAGqJ,Tank Bund,Tank Bund,17.422205,78.48515,TANKBUND twd CBS
314,WPJcfJaq,Secretariat Lic Building,Secretariat Lic Building,17.40765263,78.47141471,SECRETARIAT twd RGIA
315,nV1IXc4T,Birla Mandir,Birla Mandir,17.40606774,78.46732736,RBI Birlamandir twd CBS
316,9MesXC3c,Mahaveer Hospital,Mahaveer Hospital,17.40274562,78.45831524,MAHAVIR HOSPITAL twd Mehdipatnam
317,zb4YFQB5,Himayathnagar X Road,Himayathnagar X Road,17.33931347,78.31119899,HIMAYATH Nagar X Road twd Chilkur
318,idtsF5sQ,Himayathnagar Village,Himayathnagar Village,17.34290142,78.30821635,HIMAYAT Nagar twd Balaji Temple
319,lFhBU2uw,Residential School-Chilkur Balaji,Residential School-Chilkur Balaji,17.34765832,78.29992533,RESIDENTIAL School twd Balaji temple
320,UBeedL9T,Gitam University,Gitam University,17.54987611,78.16419043,GITAM UNIVERSITY
321,eOVTjUWY,Rudhraram,Rudhraram,17.56380356,78.16671643,RUDRARAM twd Patancheruvu
322,VThbv9DF,Lakdaram,Lakdaram,17.55670952,78.18506375,LAKDARAM twd Hyderabad
323,eHbnVL9F,Isnapur,Isnapur,17.54717299,78.21250734,ISNAPUR twd MGBS
324,3McYaDDT,Muttangi,Muttangi,17.54271592,78.22666615,MUTHANGI twd Patancheruvu
325,F3aXWUAz,Navapan Industries,Navapan Industries,17.53226294,78.25435426,NAVAPAN Industries twd JBS
326,Xm2G887A,Patancheruvu,Patancheruvu,17.52954198,78.26410711,PATANCHERUVU twd Koti
327,FMXqLNtM,J.P Colony,J.P Colony,17.52867585,78.26720271,J P COLONY BUS STOP PATANCHERU  twd JBS
328,WV9IcDKE,Icrisat,Icrisat,17.51834417,78.27943873,ICRISAT twd Lingampally
329,HBEsChQJ,Rc Puram,Rc Puram,17.51380648,78.2883543,RC PURAM Bus Stop twd Koti
330,uszXY4af,Beeramguda Kaman,Beeramguda Kaman,17.508994,78.300791,BEERAMGUDA KAMAN twd Koti
331,88qmN6Io,Ashok Nagar - Bhel,Ashok Nagar - Bhel,17.504589,78.308468,ASHOK Nagar twd Koti
332,7GAFuon5,"Jyothi Nagar, (Lalaguda)","Jyothi Nagar, (Lalaguda)",17.50207,78.312112,JYOTHI Nagar Bus Stop twd Lingampally
333,NvZJ6Bq3,Lingampally,Lingampally,17.49484919,78.3168903,LINGAMPALLY BS
334,WnogEKf8,Lingampally,Lingampally,17.48004207,78.31533198,LINGAMPALLY Railway Station twd Mehdipatnam
335,4WOwv4iE,Alind,Alind,17.47667525,78.32473308,ALIND Doyene Colony twd Mehdipatnam
336,lohzZAZ2,Hcu Main Gate,Hcu Main Gate,17.468233,78.331306,HCU Depot Gate twd Mehdipatnam
337,Mzyf0mUV,Hcu Main Gate,Hcu Main Gate,17.46220192,78.33550219,HCU MAIN GATE twd Mehdipatnam
338,X2pdhYhb,Masjid Banda,Masjid Banda,17.45943084,78.33801672,MASJID Banda twd Mehdipatnam
339,fEiTwduh,Hcu Small Gate,Hcu Small Gate,17.456496,78.340242,HCU Small Gate twd Mehdipatnam
340,XvrhNaV0,Gachibowli Stadium,Gachibowli Stadium,17.45075,78.3468,GACHIBWOLI Stadium twd Mehdipatnam
341,n8YbCvTO,Iiit,Iiit,17.44444151,78.35368482,IIIT twd Mehdipatnam
342,CTLSoPoL,Indira Nagar- Gachibowli,Indira Nagar- Gachibowli,17.44060594,78.3609429,INDIRA Nagar twd Mehdipatnam
343,WcY4kntl,Gachibowli,Gachibowli,17.43832724,78.36456522,GACHIBOWLI X ROAD twd Mehdipatnam
344,b8EKh3kU,Telecom Nagar,Telecom Nagar,17.43559557,78.36775303,TELECOM NAGAR twd Mehdipatnam
345,RIQHN9r7,Bio Diversity,Bio Diversity,17.42915722,78.37504325,BIO DIVERSITY COMPLEX twd RGIA
346,5TZMCxdr,Khajaguda X Road,Khajaguda X Road,17.4223089,78.38296934,KHAJAGUDA X Road twd Mehdipatnam
347,PUvsyqi8,Darga,Darga,17.41217445,78.39587333,DARGA twd Mehdipatnam
348,c5vdOWvP,Narayanamma College,Narayanamma College,17.410228,78.398301,NARAYANAMMA COLLEGE twd Mehidipatnam
349,FWbv1Cmq,Shaikpet Nala,Shaikpet Nala,17.4072425,78.40242594,SHAIKPETNALA twd Mehdipatnam
350,Z9AN7eoD,Brindhavan Colony,Brindhavan Colony,17.40350801,78.40927195,BRINDAVAN Colony twd Mehdipatnam
351,5UVBX5dh,Toli Chowki,Toli Chowki,17.39924429,78.41551782,TOLICHOWKI twd Mp
352,22iIia8u,Nanal Nagar,Nanal Nagar,17.3962,78.427,NANAL Nagar twd Mehidipatnam
353,xWwI0DWq,Mile Stone,Mile Stone,17.34395847,78.29534814,CHILKUR QUARTERS twd Veeranna pet
354,aoPnUaKX,Chilkur Village,Chilkur Village,17.3479297,78.28888804,CHILKUR VILLAGE twd Reddy pally
355,iUuodAW7,Appojiguda X Road,Appojiguda X Road,17.3606562,78.27322388,APPOJIGUDA X ROAD twd Reddy Pally
356,5F8iepNn,Chandanagar-Moinabad,Chandanagar-Moinabad,17.36672955,78.25891163,CHANDANAGAR X ROAD twd Reddy Pally
357,xetyljvm,Chandanagar-Moinabad,Chandanagar-Moinabad,17.3738575,78.26132822,CHANDA NAGAR Village
358,1wiLVWe6,Reddipalle-Moinabad,Reddipalle-Moinabad,17.37310758,78.2462047,REDDY PALLY twd Veerannapet
359,H9uufHGx,Chinna Mangalaram,Chinna Mangalaram,17.39072102,78.2270173,CHINNAMANGALARAM Village
360,amXWe4hA,Reddipalle-Moinabad,Reddipalle-Moinabad,17.3731165,78.24623153,REDDY PALLY twd Chandanagar
361,NIHDGDPX,Chandanagar-Moinabad,Chandanagar-Moinabad,17.36671284,78.25906724,CHANDANAGAR X ROAD twd Chilkur
362,lkHmcJv1,Appojiguda,Appojiguda,17.3717329,78.27552662,APPOJIGUDA Village
363,OsSnpobb,Appojiguda X Road,Appojiguda X Road,17.36072529,78.27320779,APPOJIGUDA X ROAD twd Chilkur
364,KFvPMe35,Chilkur Balaji Temple Rd,Chilkur Balaji Temple Rd,17.34795536,78.28887865,CHILKUR VILLAGE twd Himayath nagar
365,LbLMZ7ql,Chilkur Quarters Twd Azizs Nagar,Chilkur Quarters Twd Azizs Nagar,17.34396387,78.29537228,CHILKUR QUARTERS twd Azizs nagar
366,9ahqTeb2,Koti Women College,Koti Women College,17.3849503,78.48847926,KOTI Womens College
367,tRKrXYoZ,Koti Women College,Koti Women College,17.38480826,78.48762096,WOMENS COLLEGE twd Koti
368,PdS5x1iC,Koti,Koti,17.38309842,78.48281984,KOTI Medical College
369,QjPFvUK8,Abids Gpo,Abids Gpo,17.38756755,78.47617328,ABIDS GPO twd Nampally
370,0JxeENcx,Kukatpally,Kukatpally,17.48385396,78.41241718,KUKATPALLY twd Patancheru
371,DFla4Krg,Kphb,Kphb,17.494062,78.400453,KPHB Metro Station twd Patancheru
372,5JNKM30n,Jntu,Jntu,17.496261,78.39441,JNTU X ROAD twd Patancheru
373,lXQ2Ri6E,Nizampet X Rds,Nizampet X Rds,17.498276,78.390314,NIZAMPET X ROAD twd Patancheru
374,SX8Vkcd2,Hydernagar,Hydernagar,17.499185,78.383519,HYDERNAGAR  twd Patancheru
375,QaDZj4Nl,Miyapur Metro Station,Miyapur Metro Station,17.496265,78.370945,MIYAPUR Metro Station twd Patancheru
376,YAi2DjcQ,Miyapur X Road,Miyapur X Road,17.49648097,78.36260928,MIYAPUR X Road twd Patancheru
377,VocKUPzH,Miyapur,Miyapur,17.495772,78.357949,MIYAPUR twd Patancheru
378,rmYfcZ5Z,Allwyn X Road,Allwyn X Road,17.49391804,78.35006654,ALLWYN X RD twd Patancheruvu
379,Y9F02Tzl,Madeenaguda,Madeenaguda,17.494912,78.340601,MADEENAGUDA twd Patancheru
380,rfBAovF9,Gangaram,Gangaram,17.49509217,78.33270712,GANGARAM twd Patancheru
381,n9wOSYw8,Chandanagar,Chandanagar,17.494893,78.323144,CHANDANAGAR twd Patancheru
382,fj8FVMOk,Jyothi Nagar-Bhel,Jyothi Nagar-Bhel,17.501464,78.312041,JYOTHI NGR  BHEL twd Patancheruvu
383,dRMDe5T6,Ashok Nagar - Bhel,Ashok Nagar - Bhel,17.504123,78.308781,ASHOK NAGAR BHEL twd Patancheruvu
384,Nw9MwrDH,Beeramguda Kaman,Beeramguda Kaman,17.50889,78.300277,BEERAMGUDA KAMAN twd Patancheru
385,1o698GP3,Rc Puram,Rc Puram,17.513617,78.287795,RC PURAM twd Patancheruvu
386,II7bciLP,Icrisat,Icrisat,17.51855383,78.27871453,ICRISAT
387,enXMW3fY,Patancheruvu,Patancheruvu,17.52902531,78.26428415,PATANCHERUVU
388,6PCwr68X,Allwyn,Allwyn,17.52489848,78.27172928,ALWYN twd Miyapur
389,kduNCBUS,Lingampally,Lingampally,17.49520733,78.3172601,LINGAMPALLY twd Uppal
390,p7cz7tF2,Chandanagar,Chandanagar,17.49516128,78.32297623,CHANDANAGAR twd  Uppal
391,Md3ixzA9,Gangaram,Gangaram,17.49517407,78.33089948,GANGARAM twd  Uppal
392,B4DT0HD4,Madeenaguda,Madeenaguda,17.49539,78.340708,MADINAGUDA Bus Stop twd Koti
393,THhHj4EN,Deepthi Sri Nagar,Deepthi Sri Nagar,17.495068,78.345604,DEEPTHISRINAGAR  twd Koti
394,hAUDjfku,Allwyn X Road,Allwyn X Road,17.49441142,78.35220996,ALLWYN X Road twd Koti
395,NZVBKXVQ,Miyapur,Miyapur,17.4966936,78.36077124,MIYAPUR twd Uppal
396,O2WcwZw9,Miyapur X Road,Miyapur X Road,17.49683765,78.36358365,MIYAPUR X Road twd RGIA
397,5tRdKNc0,Miyapur Metro Station,Miyapur Metro Station,17.496817,78.371098,MIYAPUR Metro Station twd Uppal
398,D0CKSBuN,Hydernagar,Hydernagar,17.49954,78.383844,HYDERNAGAR twd Uppal
399,BcrTembT,Nizampet X Rds,Nizampet X Rds,17.498657,78.390476,NIZAMPET X ROAD  twd JNTU
400,Yjlj2QcH,Jntu,Jntu,17.49672432,78.39444637,JNTU X RD twd Uppal
401,jKdphPgN,Kphb,Kphb,17.49455752,78.40080993,KPHB twd MGBS
402,6ieMkQHe,Kukatpally,Kukatpally,17.48371582,78.41292411,KUKATPALLY twd Koti
403,ag157Sbi,Moosapet,Moosapet,17.47270709,78.42565119,MOOSAPET twd Koti
404,P7COoExj,Bharath Nagar,Bharath Nagar,17.46712966,78.42903617,BHARATH Nagar twd Koti
405,LIzlAAM2,Erragadda,Erragadda,17.45278568,78.43578996,ERRAGADDA twd MGBS
406,UQN34MTt,Esi Hospital Erragadda,Esi Hospital Erragadda,17.446138,78.439221,ESI Hospital twd Koti
407,MTUln49h,Sr Nagar,Sr Nagar,17.440269,78.442599,SR NAGAR twd Uppal
408,4SATTACn,Maithrivanam,Maithrivanam,17.43784249,78.44349316,MAITRIVANAM twd Koti
409,E7s4NexM,Ameerpet,Ameerpet,17.431749,78.447983,AMEERPET twd Koti
410,UefVeqR5,Panjaguta Metro Station,Panjaguta Metro Station,17.429261,78.450954,PUNJAGUTA Metro Station twd Koti
411,ayYyCeX1,Nims Hospital,Nims Hospital,17.42316378,78.45452783,NIMS Hospital twd Koti
412,17u3Dlmo,Irram Manzil,Irram Manzil,17.42052789,78.45618564,IRRUM MANZIL twd Koti
413,kOM90j5y,Somajiguda,Somajiguda,17.41592625,78.45783232,SOMAJIGUDA twd Koti
414,F7NYzY8g,Khairatabad,Khairatabad,17.41283966,78.46056819,KHAIRATABAD twd Koti
415,1EVLfRYi,Chintal Basthi,Chintal Basthi,17.4089547,78.46058429,SHADAN COLLEGE twd Koti
416,LUl5q810,Assembly,Assembly,17.40224399,78.46856115,ASSEMBLY twd Koti
417,FQ28CymB,Abids Grammar School,Abids Grammar School,17.39333183,78.47624971,ABIDS Grammar School twd Koti
418,8VIiwiTV,Koti Bank Street,Koti Bank Street,17.38542736,78.48190785,KOTI BANK STRRET twd LB Nagar
419,1XFVrKv3,Bhagyalatha,Bhagyalatha,17.33266004,78.58879924,BHAGYALATHA twd Dilshuk nagar
420,PAAUi1nF,High Court Colony-Dsnr,High Court Colony-Dsnr,17.334888,78.5848,HIGH COURT COLONY twd DSNR
421,EqUJBGCm,Auto Nagar-Sushma,Auto Nagar-Sushma,17.336228,78.576683,AUTONAGAR twd Dilshuknagar
422,4hKYSm5a,Sushma-Autonagar,Sushma-Autonagar,17.336679,78.573089,SUSHMA TALKIES twd LB Nagar
423,ctHg6lcm,Lb Nagar,Lb Nagar,17.34698734,78.55012714,LB NAGAR X Road twd Dilsuknagar
424,fXQQH2MZ,Lb Nagar Metro Station,Lb Nagar Metro Station,17.35011495,78.54750923,LB Nagar Metro Station twd MGBS
425,H34GqhjL,Ntr Nagar Lb Nagar,Ntr Nagar Lb Nagar,17.35571819,78.54530412,NTR NAGAR twd Dilsuknagar
426,j03fTpZX,Ashtalakshmi Temple-Kothapet,Ashtalakshmi Temple-Kothapet,17.362788,78.543466,DWARAKA Nagar Ashtalakshmi Temple twd Dilshuknagar
427,URqOZwMM,Kothapet X Road,Kothapet X Road,17.3671302,78.54040414,KOTHAPET twd MGBS
428,85BLnSI1,Kothapet-Fruit Market,Kothapet-Fruit Market,17.36825145,78.53474736,FRUIT MARKET twd MGBS
429,nCGtoaLy,Chaithanyapuri,Chaithanyapuri,17.36831295,78.53134314,CHAITANYAPURI twd MGBS
430,4URl0L5Y,Dilsukhnagar Bus Depot,Dilsukhnagar Bus Depot,17.36844295,78.52318523,DILSUKHNAGAR twd MGBS
431,CWHLIfmF,Moosarambhagh,Moosarambhagh,17.36960309,78.51577877,MOOSARAMBAGH twd Koti
432,sZoLwKhA,Super Bazar Malakpet,Super Bazar Malakpet,17.371934,78.50992,SUPER BAZAR twd Koti
433,eZaYndv0,Chermas Malakpet,Chermas Malakpet,17.37300259,78.50529671,MALAKPET CHERMAS twd Koti
434,lvN5ZKax,Nalgonda X Roads,Nalgonda X Roads,17.37418027,78.49971242,NALGONDA X ROADS twd Koti
435,puLeqHhl,Chaderghat,Chaderghat,17.37721605,78.49302024,CHADARGHAT twd Koti
436,5lBRTe5B,Dilsukhnagar Bus Depot,Dilsukhnagar Bus Depot,17.36880438,78.5238387,DILSUKHNAGAR Bus Station
437,ygPilzwX,Ashtalakshmi Temple-Kothapet,Ashtalakshmi Temple-Kothapet,17.362645,78.543864,DWARAKA Nagar Ashtalakshmi Temple twd Lbnagar
438,VfWv1xKO,Laxmireddy Palem,Laxmireddy Palem,17.32076613,78.62663348,LAXMA REDDY PALEM twd RFC
439,qdyOuVOq,Pedda Amberpet,Pedda Amberpet,17.32143199,78.63932642,PEDDA AMBERPET twd RFC
440,5Jsa2cry,Outer Ring Road,Outer Ring Road,17.31759862,78.66184028,ORR twd RFC
441,vMvkw0ys,Abdullapurmet,Abdullapurmet,17.310007,78.686613,ABDULLAPURMET twd Nalgonda
442,OhviA7kV,Inamguda,Inamguda,17.306523,78.705618,INAMGUDA twd Nalgonda
443,0DezTsQi,Jafferguda X Road,Jafferguda X Road,17.30691332,78.71553094,JAFFERGUDA X ROAD twd CTPL
444,1DxNpC0z,Bata Singaram,Bata Singaram,17.30565754,78.7288367,BATASINGARAM twd Suryapet
445,mMoDIF8Z,Kothagudem,Kothagudem,17.300759,78.73938362,KOTHAGUDEM twd Choutuppal
446,iFO6HFif,Dandumailaram X Road,Dandumailaram X Road,17.29254167,78.75393212,DANDUMAILARAM X Road twd Choutuppal
447,Bx1F0lE0,Toopranpet,Toopranpet,17.29162738,78.76089245,TOOPRANPET twd Choutuppal
448,23CIGReG,Andol Maisamma,Andol Maisamma,17.28204897,78.78305012,ANDHOL MAISAMMA twd CTPL
449,IdFkmzvP,Malkapur,Malkapur,17.280343,78.796394,MALKAPUR twd Nalgonda
450,hEKGr0me,Kaithapur,Kaithapur,17.2675754,78.82716716,KAITHAPUR twd Choutuppal
451,6Y38y3x3,Koyyalagudem,Koyyalagudem,17.26091865,78.8439524,KOYYALAGUDEM twd Choutuppal
452,2pzMp4DB,Dharmojigudem,Dharmojigudem,17.25656416,78.87777776,DHARMOJIGUDEM twd CTPL
453,W3eaikE1,Choutuppal Bs,Choutuppal Bs,17.25441253,78.89447987,CHOUTUPPAL Bus Stand
454,iktEJq83,Dharmojigudem,Dharmojigudem,17.25642592,78.87770004,DHARMOJIGUDEM twd MGBS
455,dUQ79Lat,Koyyalagudem,Koyyalagudem,17.26042675,78.84399533,KOYYALAGUDEM twd Mgbs
456,nzBeb6JC,Kaithapur,Kaithapur,17.26763005,78.82662266,KAITHAPUR twd MGBS
457,TOFkPo9B,Malkapur,Malkapur,17.280127,78.7965,MALKAPUR twd Hyderabad
458,12pJETKr,Andol Maisamma,Andol Maisamma,17.28241272,78.78220796,ANDHOL MAISAMMA twd MGBS
459,GIbzlNRL,Toopranpet,Toopranpet,17.291326,78.76186,TOOPRANPET twd Hyderabad
460,hvR3himq,Dandumailaram X Road,Dandumailaram X Road,17.29228685,78.75417618,DANDUMAILARAM X ROAD twd Hayathnagar
461,vtACzCrV,Kothagudem,Kothagudem,17.300595,78.73924943,KOTHAGUDEM twd LB Nagar
462,EhPooyEv,Bata Singaram,Bata Singaram,17.30526702,78.72924004,BATASINGARAM twd L B Nagar
463,ANNOm3sh,Jafferguda X Road,Jafferguda X Road,17.30654249,78.71559247,JAFFERGUDA X ROAD twd MGBS
464,u5FObTEK,Inamguda,Inamguda,17.306185,78.705423,INAMGUDA twd Hyderabad
465,bYNoEFSN,Abdullapurmet,Abdullapurmet,17.30977,78.686607,ABDULLAPURMET twd Koti
466,UxlFgM6j,Outer Ring Road,Outer Ring Road,17.31728679,78.66210915,ORR twd JBS
467,giMY0XoZ,Pedda Amberpet,Pedda Amberpet,17.3205492,78.64124112,PEDDA Amberpet twd MGBS
468,lwT4qIh2,Laxmireddy Palem,Laxmireddy Palem,17.32055654,78.626572,LAXMA Reddy Palem twd Jbs
469,MhuyshjB,Dilsukhnagar Bus Depot,Dilsukhnagar Bus Depot,17.36862007,78.52366448,DILSUKHNAGAR twd Kothapet
470,lHmEewAT,Chaithanyapuri,Chaithanyapuri,17.36848178,78.53261233,CHAITANYAPURI  twd Hayatnagar
471,h9voTH7m,Kothapet-Fruit Market,Kothapet-Fruit Market,17.36851768,78.53502631,FRUIT MARKET twd Hayatnagar
472,AqZ2QeCT,Kothapet X Road,Kothapet X Road,17.36683421,78.54130168,KOTHAPET twd Hayatnagar
473,QHrSIczA,Ntr Nagar Lb Nagar,Ntr Nagar Lb Nagar,17.35596665,78.54560781,NTR NAGAR twd Hayatnagar
474,EULzHBDa,Lb Nagar Metro Station,Lb Nagar Metro Station,17.34971672,78.54816922,LB NAGAR METRO STN twd Hayatnagar
475,8LFMgL8w,Sushma-Autonagar,Sushma-Autonagar,17.336986,78.573452,SUSHMA Theatre Vanasthalipuram twd Hayath nagar
476,XdTavtD9,Auto Nagar-Sushma,Auto Nagar-Sushma,17.336495,78.576728,AUTONAGAR twd Hayath nagar
477,p8GTujGn,High Court Colony-Dsnr,High Court Colony-Dsnr,17.335042,78.585203,HIGH COURT COLONY twd Hayatnagar
478,bv5t1O6B,Chaderghat,Chaderghat,17.377081,78.49577,CHADARGHAT twd Dilshuknagar
479,fFjh9l4f,Super Bazar Malakpet,Super Bazar Malakpet,17.3724599,78.50911248,SUPER Bazar twd Dilsukhnagar
480,YUE38iid,Rajendra Nagar Depot,Rajendra Nagar Depot,17.3347442,78.40934336,RAJENDRA Nagar Bus Depot
481,vqEeoNzr,Nppti,Nppti,17.33702546,78.41178954,NPPTI twd Dairy Farm
482,D5gSvozj,Dairy Farm Upperpally,Dairy Farm Upperpally,17.345415,78.416081,DAIRY Farm Upperpally twd Uppal
483,ChmUll1G,Ws Colony,Ws Colony,17.33255698,78.42688534,WEAKER SECTION twd Uppal
484,ClOYL7ib,Shivarampally,Shivarampally,17.3266663,78.42571023,SHIVRAMPALLY twd Aramghar
485,BMX7A8jV,Aramghar,Aramghar,17.32124787,78.43160307,ARAMGHAR twd RGIA
486,D6y4m7A5,Ag College,Ag College,17.3137973,78.42476649,AG College twd Shamshabad
487,pWgyJcJa,Gagan Pahad,Gagan Pahad,17.2928909,78.41768638,GAGANPAHAD twd Shamshabad
488,WZDC0taq,Sathamrai,Sathamrai,17.27451857,78.401179,SATHAMRAI twd Shamshabad
489,g7ENJRdr,Shamshabad,Shamshabad,17.26446107,78.3913377,SHAMSHABAD Vegetable Market twd Raichur
490,ZdNjgXdW,Shamshabad,Shamshabad,17.26204565,78.38824242,SHAMSHABAD twd Shadnagar
491,U6BONCXR,Shamshabad,Shamshabad,17.262309,78.387974,SHAMSHABAD twd MGBS
492,feffDLXG,Rallaguda,Rallaguda,17.2650002,78.37410584,RALLAGUDA twd Chevella
493,IIBnyjHU,Doddi,Doddi,17.26397436,78.36868104,DODDI twd Chevella
494,S3eNNtFz,Oasis School Of Excellence,Oasis School Of Excellence,17.26214298,78.35270852,OASIS SCHOOL OF EXCELLENCE twd Chevella
495,g9pPRtYl,Narkhoda,Narkhoda,17.258,78.335,NARKHODA twd Chevella
496,3EYcsiTP,Sultanpally X Roads,Sultanpally X Roads,17.25624656,78.31944108,SULTANPALLY X ROADS twd Chevella
497,l9hdl9i4,Vardhaman Clg,Vardhaman Clg,17.254,78.308,VARDHAMAN COLLEGE twd Chevella
498,juFEYmlr,Kacharam,Kacharam,17.252,78.295,KACHARAM twd Chevella
499,E44j7zL3,Rayannaguda,Rayannaguda,17.252,78.29,RAYANNAGUDA twd Chevella
500,pixGJcLd,Malkaram,Malkaram,17.251,78.276,MALKARAM twd Chevella
501,Kn36fka6,Kavelliguda,Kavelliguda,17.24743487,78.25693488,KAVELIGUDA twd Hythabad
502,49GCBJ9p,Venkatapur-Moinabad,Venkatapur-Moinabad,17.24702496,78.25378612,VENKATAPUR X RAOD twd Chevella
503,tfVsWFTI,Ramanujapur-Shamshabad,Ramanujapur-Shamshabad,17.23346321,78.24696243,RAMANJAPUR twd Nagarguda
504,UXwEtF8z,Maddur,Maddur,17.217,78.226,MADDUR twd Chevella
505,FDhEB62C,Hayathabad,Hayathabad,17.225,78.199,HAYATHABAD twd Chevella
506,osgFW4WG,Chandanvelly,Chandanvelly,17.229,78.17,CHANDANVELLY twd Chevella
507,RTmvIZk6,Rudraram-Shabad,Rudraram-Shabad,17.23536434,78.15793991,RUDRARAM twd Chevella
508,kMPUBsmI,Nagarguda,Nagarguda,17.23400776,78.1362851,NAGARGUDA twd Chevella
509,xiDcOv0f,Allwada,Allwada,17.25471351,78.13643329,ALLWADA twd Chevella
510,mNC8BEe7,Kamena,Kamena,17.299,78.146,PAMENA twd Chevella
511,36OjrsAe,Malreddyguda,Malreddyguda,17.30405542,78.14609798,MALREDDYGUDA twd Chevella
512,SA2zPWiO,Moosarambhagh,Moosarambhagh,17.37112429,78.51475415,MOOSARAMBAGH twd Uppal
513,VG2Fqlqg,Sripuram Colony,Sripuram Colony,17.37663703,78.51466831,SRIPURAM Colony twd Amberpet
514,sefI86gV,Ali Cafe Amberpet,Ali Cafe Amberpet,17.38206551,78.51821155,ALI CAFE twd Amberpet
515,DkuF8ajC,Amberpet,Amberpet,17.39030635,78.5164547,AMBERPET twd Dilshuknagar
516,Wi1A6UP7,Gol Naka,Gol Naka,17.39053663,78.50637482,GOLNAKA twd MGBS
517,E0L28SCX,Kachiguda Kamela,Kachiguda Kamela,17.38798349,78.50304231,KACHIGUDA KAMELAtwd MGBS
518,PwlGD5EA,Chaderghat,Chaderghat,17.381472,78.492653,CHADARGHAT Kedia College twd Kachiguda
519,IR5YiCGc,Nimboliadda,Nimboliadda,17.38422366,78.49360194,NIMBOLIADDA twd Kachiguda railway station
520,AZ9WhQ64,Kachiguda Railway Station,Kachiguda Railway Station,17.38950008,78.49726416,KACHIGUDA Railway Station
521,JrvyFDPx,Tourist Hotel,Tourist Hotel,17.39102496,78.49644777,TOURIST HOTEL twd Koti
522,sp6IsDqi,Barkatpura,Barkatpura,17.39568785,78.4973453,BARKATPURA twd Uppal
523,2vJVGGV6,Fever Hospital,Fever Hospital,17.39548949,78.50220144,FEVER Hospital twd Shankar matt
524,nzupSGfm,Tilak Nagar,Tilak Nagar,17.39419276,78.50854084,TILAKNAGAR twd Uppal
525,OsSkD3vJ,6 Number,6 Number,17.39174101,78.51079389,6 NUMBER twd Secunderabad
526,eM0iCuBF,Syndicate Bank Shivam,Syndicate Bank Shivam,17.39873239,78.51256013,SYNDICATE BANK twd Secunderabad
527,YrwNfhtT,Prashanth Nagar-Shivam Road,Prashanth Nagar-Shivam Road,17.40073132,78.51343991,PRASHANTH NAGAR-SHIVAM twd Vidyanagar
528,hLdxxGbD,Shivam Ncc Gate,Shivam Ncc Gate,17.40523327,78.51533088,SHIVAM twd Secunderabad
529,wDqsOHCO,Vidyanagar,Vidyanagar,17.40500372,78.51072454,VIDYANAGAR twd Adikmet
530,EDD7CZaN,Ram Nagar Gundu,Ram Nagar Gundu,17.40751896,78.51237242,RAMNAGAR GUNDU twd Secunderabad
531,oMKMbf1F,Ramnagar Mee Seva,Ramnagar Mee Seva,17.40917705,78.50878961,RAMNAGAR Mee Seva twd Secunderbad
532,9WnLcplj,Ram Nagar,Ram Nagar,17.41086044,78.50725739,RAMNAGAR X RD twd Rtc x road
533,iCEipTv0,Ramnagar,Ramnagar,17.40953312,78.50663781,RAMNAGAR twd Secunderbad
534,X8BcAHUa,Vst Bus Stop,Vst Bus Stop,17.404081,78.50378864,VST X ROAD twd Secunderabad
535,GqTmKBDr,Tsrtc Bus Bhavan,Tsrtc Bus Bhavan,17.40566591,78.49942937,TSRTC Bus Bhavan twd RTC x road
536,kw1N8NkB,Rtc X Road,Rtc X Road,17.40802785,78.4971857,RTC X Roads twd Secunderabad
537,x3XgqbYV,Golconda X Road,Golconda X Road,17.411665,78.497731,GOLCONDA X Road twd Secunderabad
538,a6xZndzb,Raja Delux,Raja Delux,17.41565751,78.49825322,RAJA Deluxe twd Secunderabad
539,LDOgAU0x,Musheerabad Police Station,Musheerabad Police Station,17.42057889,78.50048751,MUSHEERABAD Police Station twd Secunderabad
540,ZiAbK1p0,Gandhi Hospital,Gandhi Hospital,17.42408477,78.50175888,GANDHI Hospital twd Secunderabad
541,jQvgQPeA,Bhoiguda Bus Stop,Bhoiguda Bus Stop,17.42794791,78.50203179,BHOIGUDA twd Secunderabad
542,DCaIPbe6,Chilkalguda,Chilkalguda,17.43299312,78.50597799,CHILKALGUDA twd Secunderabad
543,eNdxvjwG,Secunderabad,Secunderabad,17.43457052,78.50487894,RATHIFILE Bus Station
544,JmW0moXL,Chilkalguda,Chilkalguda,17.43249406,78.50602627,CHILKALGUDA twd Koti
545,DDgeQvKN,Bhoiguda Bus Stop,Bhoiguda Bus Stop,17.42807138,78.50220077,BHOIGUDA twd Koti
546,H3BCTb4F,Gandhi Hospital,Gandhi Hospital,17.42416715,78.5019711,GANDHI Hospital twd Musheerabad
547,rUaGsUWW,Musheerabad,Musheerabad,17.41875547,78.49985451,MUSHEERBAD Metro twd Koti
548,UQzoJQx1,Raja Delux,Raja Delux,17.41502029,78.49816203,RAJA DELUXE twd Koti
549,lwL1zY20,Golconda X Road,Golconda X Road,17.410802,78.498045,GOLCONDA X ROAD twd RTC X Road
550,RsudzIFL,Rtc X Road,Rtc X Road,17.40852729,78.49762291,RTC X ROADS twd Koti
551,YnGSuglF,Tsrtc Bus Bhavan,Tsrtc Bus Bhavan,17.4061266,78.49869847,TSRTC Bus Bhavan twd Vidyanagar
552,GdpLeJ1G,Vst Bus Stop,Vst Bus Stop,17.40416556,78.50440915,VST X ROAD twd Dilsuknagar
553,XmTP4oQr,Ramnagar,Ramnagar,17.40954718,78.50658282,RAMNAGAR twd Dilsukhnagar
554,qwiWay9U,Ram Nagar,Ram Nagar,17.41097146,78.50723863,RAMNAGAR X ROAD  twd Vidyanagar
555,AOavnxz9,Ramnagar Mee Seva,Ramnagar Mee Seva,17.40956444,78.50844294,RAMNAGAR Mee Seva twd Dilsukhnagar
556,tazuGjMO,Ram Nagar Gundu,Ram Nagar Gundu,17.40758545,78.51237774,RAMNAGAR GUNDU twd Vidyanagar
557,R7xKlH6Y,Vidyanagar,Vidyanagar,17.40492553,78.51226526,VIDYANAGAR twd Shivam
558,lVoiWMnm,Shivam Ncc Gate,Shivam Ncc Gate,17.40374252,78.51485073,SHIVAM ROAD twd 6 No X Road
559,x3beGYEW,Prashanth Nagar-Shivam Road,Prashanth Nagar-Shivam Road,17.4010052,78.51366513,PRASHANTH NAGAR-SHIVAM twd SaroorNagar
560,g5XKqJft,Syndicate Bank Shivam,Syndicate Bank Shivam,17.39715985,78.5121289,SYNDICATE BANK twd 6 No X Road
561,JYcbaciy,6 Number,6 Number,17.39136667,78.51098768,6 NUMBER twd Uppal
562,h3dUxOt7,Gol Naka,Gol Naka,17.39058026,78.50635081,GOLNAKA twd Uppal
563,aL1OO4GH,Ali Cafe Amberpet,Ali Cafe Amberpet,17.38225614,78.51830408,ALICAFE twd Dilshuknagar
564,t67QNigB,Sripuram Colony,Sripuram Colony,17.37619223,78.51477562,SRIPURAM COLONY twd Dilshuknagar
565,waBGSFEW,Moosarambhagh,Moosarambhagh,17.37072153,78.51500094,MUSARAMBAGH twd Dilshuknagar
566,z4qkq5ED,Kothapet X Road,Kothapet X Road,17.36835646,78.53832006,KOTHAPET twd Nagole
567,8ayey0mt,Kothapet X Road,Kothapet X Road,17.368062,78.53807866,KOTHAPET twd MGBS
568,qWSDfInu,Amberpet,Amberpet,17.392241,78.516642,AMBERPET twd Uppal
569,PkUgUQw2,Mile Stone,Mile Stone,17.371068,78.525539,DILSUKHNAGAR Bus Depot
570,syDcjL17,New Bridge,New Bridge,17.439378,78.525373,NEW BRIDGE twd Secunderabad Rly station
571,PFR4SNzv,Huda X Rd Saroornagar,Huda X Rd Saroornagar,17.36689464,78.53986502,HUDA Complex twd Saroor Nagar
572,XGeIy2l5,Huda Colony,Huda Colony,17.36238428,78.53953377,HUDA Colony twd Saroornagar
573,bS1MSLsx,Victoria Memorial School,Victoria Memorial School,17.36187908,78.53945199,VICTORIA School twd Saroor Nagar
574,JWDrcXYl,Muncipal Ofc Saroornagar,Muncipal Ofc Saroornagar,17.359,78.537,MCH OFFICE twd Saroornagar
575,jkbwqw4w,Saroornagar Mndl Office,Saroornagar Mndl Office,17.35727266,78.53620245,SAROORNAGAR MANDAL OFFICE twd Saroornagar
576,iR0NmrzZ,Saroor Nagar,Saroor Nagar,17.35255973,78.53546234,SAROOR NAGAR Post Office
577,PWediCrV,Saroornagar Mndl Office,Saroornagar Mndl Office,17.35730492,78.53618906,SAROORNAGAR MANDAL OFFICE twd Dilshuknagar
578,CkkOWKgr,Muncipal Ofc Saroornagar,Muncipal Ofc Saroornagar,17.359,78.537,MCH COMPLEX twd Secunderabad
579,Y91ljc8k,Victoria Memorial School,Victoria Memorial School,17.36193599,78.53933928,VICTORIA SCHOOL twd Secunderabad
580,NDZkQKd8,Huda Colony,Huda Colony,17.36238914,78.53943318,HUDA Colony twd Dilshuknagar
581,VhTXsCWH,Huda X Rd Saroornagar,Huda X Rd Saroornagar,17.36743507,78.53973629,HUDA Complex twd Secunderabad
582,WQ4ePWfA,Telangana High Court,Telangana High Court,17.370175,78.474051,TELANGANA HIGH COURT twd CBS
583,5Kopb4TD,Afzalgunj,Afzalgunj,17.373,78.477,AFZALGUNJ twd Charminar
584,P7gQUU8q,Cbs,Cbs,17.37785305,78.48192816,CBS twd Afzalgunj
585,FAh6nlSi,Punjagutta,Punjagutta,17.42710471,78.45211655,PUNJAGUTTA twd Miyapur
586,Q2roBGmK,Habib Nagar,Habib Nagar,17.47748242,78.42059523,HABIB NAGAR twd Miyapur
587,YkeBNOUj,Govt Degree College Kukatpally,Govt Degree College Kukatpally,17.48175519,78.41551512,GOVERNMENT Degree College twd Patancheruvu
588,yUx0geRd,Ramdev Rao Hospital,Ramdev Rao Hospital,17.48989403,78.40799689,RAMDEV RAO HOSPITAL twd Patancheruvu
589,8Fs7ywsy,Vasanth Nagar Bus Stop,Vasanth Nagar Bus Stop,17.498712,78.386862,VASANTH NGR BUS STOP twd Patancheruvu
590,Cp59Yb6X,Deepthi Sri Nagar,Deepthi Sri Nagar,17.494731,78.345525,DEEPTHI SRI NAGAR twd Patancheruvu
591,Fyjq1kdg,Allwyn,Allwyn,17.52476163,78.27171921,ALLWYN twd Patancheruvu
592,SQRaHPms,Patancheruvu,Patancheruvu,17.52954198,78.26410711,PATANCHERUVU twd Koti
593,5N6sI7Xj,Vivekananda Nagar Clny,Vivekananda Nagar Clny,17.486536,78.410808,VIVEKANANDNAGAR Colony  twd Koti
594,JMkWVQta,Punjagutta,Punjagutta,17.42642206,78.45273748,PUNJAGUTTA twd Koti
595,8ZLe57qP,Nampally Public Garden,Nampally Public Garden,17.39621607,78.47127423,PUBLIC GARDEN twd Gandhi Bavan
596,UzylZZpu,Gandhibavan,Gandhibavan,17.38777749,78.47198363,GANDHI Bhavan twd Afzalgunj
597,vgeabyCD,Osmangunj,Osmangunj,17.38055945,78.47526232,OSMANGUNJ twd Afzalgunj
598,7uS0TD0D,Afzalgunj,Afzalgunj,17.3738,78.478,AFZALGANJ CENTRAL LIBRARY twd CBS
599,OkZJgFnt,Cbs,Cbs,17.37822549,78.48167891,CBS
600,Q2gnLU7r,Cbcid Colony-Hydernagar,Cbcid Colony-Hydernagar,17.49892682,78.38025212,CBCID Colony twd Uppal
601,NwqcEy3z,Vasanth Nagar Bus Stop,Vasanth Nagar Bus Stop,17.49923794,78.3858737,VASANTH Nagar Bus Stop twd Koti
602,8F84QUv0,Remedy Hospital-Kuktplly,Remedy Hospital-Kuktplly,17.494976,78.398581,REMEDY HOSPITAL twd Miyapur
603,XmHNScZT,Habib Nagar,Habib Nagar,17.47799857,78.42047118,HABIB NAGAR twd JBS
604,27zhjgdJ,Nizam College,Nizam College,17.39745069,78.47545355,NIZAM College twd Afzal Gunj
605,JdUrmkif,Nalgonda X Roads,Nalgonda X Roads,17.375289,78.498622,NALGONDA X ROAD twd Dilshuknagar
606,JCZL3DCn,Old Malakpet,Old Malakpet,17.37334812,78.50423722,MALAKPET twd Dilsuknagar
607,UQ45gtbS,Moosarambhagh,Moosarambhagh,17.36951484,78.51676137,MOOSARAMBAGH twd Dilshuknagar
608,V75SK5uQ,Ngos Colony Bus Stop,Ngos Colony Bus Stop,17.32491205,78.56649399,NGOS Colony Bus Stop
609,HMwRapuL,Govt Hospital-Bn Reddy Nagar,Govt Hospital-Bn Reddy Nagar,17.32936219,78.5658516,GOVT HOSPITAL twd Panama
610,hMMnmHh4,Red Tank,Red Tank,17.32915998,78.56900453,RED TANK twd LB Nagar
611,vrnYxHIG,Banjara Hills Kaman,Banjara Hills Kaman,17.40828836,78.43872959,BANJARA Hills Kaman twd Kondapur
612,AGb9Nb0A,Vengal Rao Building Road No-12,Vengal Rao Building Road No-12,17.412,78.432,VENGALRAO Building twd Kondapur
613,f5ucfi9s,Mla Colony,Mla Colony,17.414103,78.424086,MLA COLONY twd Kondapur
614,EDUC3plA,Apollo Hospital-Jublie Hills,Apollo Hospital-Jublie Hills,17.41858264,78.41278199,APOLLO Hospital twd Kondapur
615,sHz79x1Y,Journalist Colony,Journalist Colony,17.42135706,78.41065226,JOURNALIST Colony twd Jublee Check Post
616,py4aHdMg,Road No 45,Road No 45,17.42470424,78.40919137,ROAD NO.45 twd Ambedkar university
617,zHKneATL,Peddamma Temple,Peddamma Temple,17.42757118,78.40541204,PEDDAMMA TEMPLE twd Ambedkar University
618,TJW89ejx,Ambedkar Open University,Ambedkar Open University,17.43422488,78.39637115,DR BR AMBEDKAR UNIVERSITY twd Madhapur
619,VpkEjYQG,Cable Bridge,Cable Bridge,17.4357491,78.39440346,CABLE Bridge twd Madhapur
620,YfdCrVG1,Madhapur Police Station,Madhapur Police Station,17.43945701,78.39601547,MADHAPUR PS twd Shilparamam
621,dfVfHiYS,Madhapur Petrol Pump,Madhapur Petrol Pump,17.44115764,78.38953257,MADHAPUR PETROL PUMP twd Image hospital
622,wvP3Epey,Image Hospital,Image Hospital,17.44635827,78.38500501,IMAGE HOSPITAL twd Kondapur
623,UqKAXjCm,Hitech City (Cyber Towers),Hitech City (Cyber Towers),17.4508,78.3817,HITECH CITY twd Kondapur
624,LRe7WRO9,Shilparamam,Shilparamam,17.45383622,78.37897941,SHILPARAMAM twd Kondapur
625,MfWzlWid,Hitex,Hitex,17.45546131,78.37754577,HITEX twd Kondapur
626,GTXNIgnf,Jayabheri,Jayabheri,17.45813871,78.37000608,JAYABHERI twd Kondapur
627,GGNgPrOC,Kothaguda X Roads,Kothaguda X Roads,17.45935664,78.36604172,KOTHAGUDA X RD twd Kondapur
628,5yqYXf1E,Kondapur,Kondapur,17.46516466,78.36369753,KONDAPUR Terminal
629,Iki5lvGg,Kondapur,Kondapur,17.46391613,78.36725414,KONDAPUR twd Koti
630,ICTzJR7V,Kothaguda-Kondapur,Kothaguda-Kondapur,17.45862998,78.36817682,KOTHAGUDA X ROAD  twd Koti
631,yIv2OeeO,Jayabheri,Jayabheri,17.45826026,78.37007884,JAYABHERI twd Koti
632,aXaG6whU,Hitex,Hitex,17.45511498,78.37811173,HITEX twd Koti
633,DeXR37jX,Hitech City (Cyber Towers),Hitech City (Cyber Towers),17.44995084,78.38257358,HITECH CITY twd Koti
634,NoZXEJpV,Image Hospital,Image Hospital,17.44395045,78.38722055,IMAGE HOSPITAL twd Koti
635,ZWRRdBlS,Madhapur Petrol Pump,Madhapur Petrol Pump,17.44141997,78.38989223,MADHAPUR Petrol Pump twd Koti
636,WAUCrxs7,Madhapur Police Station,Madhapur Police Station,17.43899387,78.3970374,MADHAPUR PS twd Koti
637,blCozfco,Cable Bridge,Cable Bridge,17.4356365,78.39453757,CABLE Bridge twd Ambedkar university
638,VWi0fX4e,Ambedkar Open University,Ambedkar Open University,17.43444908,78.39658146,DR BR AMBEDKAR UNIVERSITY twd Panjagutta
639,widmsCfp,Peddamma Temple,Peddamma Temple,17.4278066,78.4056159,PEDDAMMA TEMPLE twd Punjagutta
640,psb3CiV9,Road No 45,Road No 45,17.42487826,78.40943456,ROAD NO.45 twd Panjagutta
641,zZiA1d01,Journalist Colony,Journalist Colony,17.42099347,78.41128798,JOURNALIST Colony twd Film Nagar
642,smY2COrl,Apollo Hospital-Jublie Hills,Apollo Hospital-Jublie Hills,17.41827568,78.41346857,APOLLO Hospital twd Koti
643,zzgotOlz,Mla Colony,Mla Colony,17.414393,78.424366,MLA COLONY twd Punjagutta
644,zKZkeMs6,Vengal Rao Building Road No-12,Vengal Rao Building Road No-12,17.41209505,78.43205899,VENGALRAO Building twd Koti
645,Cbj5tbV5,Banjara Hills Kaman,Banjara Hills Kaman,17.40951706,78.43801617,BANJARA Hills Kaman twd Koti
646,RpKg4BxO,Clock Tower-Secbad,Clock Tower-Secbad,17.4432944,78.49858326,CLOCK Tower twd Lb Nagar
647,pBAvhULW,Engine Bowli,Engine Bowli,17.335,78.469,ENGINE BOWLI twd Falaknama
648,k2YQHYFX,Falaknuma Railway Bridge,Falaknuma Railway Bridge,17.32804743,78.47433597,FALAKNUMA RLY BRIDGE twd Chandrayangutta
649,EZfYLnK0,Chandrayangutta,Chandrayangutta,17.32696685,78.47596273,CHANDRAYANGUTTA
650,G1fOvABq,Aliabad,Aliabad,17.34758651,78.47061307,ALIABAD twd Afzalgunj
651,YbD0Y8F3,Syed Ali Chabutra,Syed Ali Chabutra,17.3478785,78.47091884,SAYADHALI CHEBUTRAn twd Secunderabad
652,ooQLRJfM,Laldarwaza,Laldarwaza,17.351185,78.472519,LALDARWAZA twd Afzalgunj
653,IBt2GB6e,Lb Stadium,Lb Stadium,17.39869208,78.47431552,LB STADIUM twd Tank bund
654,hWGPbcMs,Basheer Bagh,Basheer Bagh,17.40184214,78.47577363,BASHEER BAGH twd Tankbund
655,owb0V3v4,Liberty,Liberty,17.40733719,78.47665574,LIBERTY twd Secunderabad
656,ujD3cAVQ,Boats Club,Boats Club,17.42867342,78.48874748,BOATS Club twd Secunderabad
657,stmCFGt3,Liberty,Liberty,17.40602039,78.4770973,LIBERTY twd Afzalgunj
658,sb6fKoWH,Basheer Bagh,Basheer Bagh,17.40159893,78.47589165,BASHEER Bagh twd Charminar
659,74a7Y5zO,Abids Gpo,Abids Gpo,17.38730891,78.47624839,ABIDS GPO twd Afzalgunj
660,Ij8M0H6H,Afzalgunj,Afzalgunj,17.37330715,78.47693241,AFZALGUNJ twd Charminar
661,8ACyyVNb,Darul Shifa,Darul Shifa,17.37326864,78.48298609,DARUL Shifa twd Charminar
662,gERyNnm3,Purani Haveli,Purani Haveli,17.367562,78.481414,PURANI Haveli twd Charminar
663,mM9oPo3P,Mir Chowk Police Statiom,Mir Chowk Police Statiom,17.36393346,78.48045174,MIR CHOWK POLICE STATION twd Falaknama
664,RFmZiqQA,Bibi Bazar,Bibi Bazar,17.35860025,78.47933026,BIBI BAZAR twd Charminar
665,gSARuvgj,Shahalibanda,Shahalibanda,17.35468862,78.47328719,SHALIBANDA twd Chandrayangutta
666,kCfLiJWN,Laldarwaza,Laldarwaza,17.351204,78.472682,LALDARWAZA twd Chandryangutta
667,75cs74mw,Aliabad,Aliabad,17.34745369,78.47057285,ALIABAD twd Chandryangutta
668,5bo1bbrm,Rethibowli,Rethibowli,17.394408,78.43122,RETHIBOWLI twd Uppal
669,LeH2BEeI,Gudi Malkapur X Roads,Gudi Malkapur X Roads,17.38727328,78.42977378,GUDIMALKAPUR X Road twd Aramghar
670,N5qUm2ju,Jyothi Nagar,Jyothi Nagar,17.38269779,78.42958463,JYOTHI Nagar twd Upl
671,UnXhYFnH,Attapur,Attapur,17.370238,78.42947,ATTAPUR twd twd Uppal
672,DsuY79Ab,Hyderguda X Road,Hyderguda X Road,17.36385154,78.42830088,HYDERGUDA twd Aramghar
673,fZp54Q46,Upperpally,Upperpally,17.35567783,78.42234887,UPPERPALLY X Road twd Shamshabad
674,6xxROlUL,Aramghar X Roads,Aramghar X Roads,17.32153842,78.43245572,ARAMGHAR twd Chandrayangutta
675,EhWvEilH,Durga Nagar,Durga Nagar,17.31463256,78.44482094,DURGANAGAR X Road twd Uppal
676,IErfLDms,Mailardevpally,Mailardevpally,17.31629891,78.44968915,MAILARDEVPALLY twd Uppal
677,qCwK5b48,Palle Cheruvu,Palle Cheruvu,17.31577595,78.45598698,PALLE CHERUVU twd Lb Nagar
678,SA0QTWBz,Bandlaguda,Bandlaguda,17.31672851,78.46623303,BANDLAGUDA twd Lb Nagar
679,5VXNBKMa,Hashamaba,Hashamaba,17.3222417,78.46843304,HASHAMABAD twd LB Nagar
680,cu6mRmR3,Chandrayangutta,Chandrayangutta,17.32683784,78.4764712,CHANDRAYANGUTTA twd Uppal
681,TzhOElvd,Dlrl,Dlrl,17.32902907,78.48257079,DLRL twd Uppal
682,jMbdev6Y,Phool Bagh,Phool Bagh,17.33019682,78.48577023,PHOOLBAGH twd Koti
683,VeCqKQnI,Hafiz Baba Nagar Hyd Bus Stop,Hafiz Baba Nagar Hyd Bus Stop,17.33197865,78.49034608,HAFIZ Baba Nagar twd Upl
684,cJeCRNPE,Drdl Gate Bus Stop,Drdl Gate Bus Stop,17.336944,78.496292,DRDL Gate twd Karmanghat
685,f251qAmF,Pisal Banda,Pisal Banda,17.34087435,78.50250406,PISALBANDA twd Uppal
686,t6jFs2vZ,Owaisi Hospital,Owaisi Hospital,17.34353632,78.50671813,OWAISI Hospital twd Uppal
687,xgj1wjWO,Champapet,Champapet,17.34241751,78.51589344,CHAMPAPET X Road twd Uppal
688,N2jyRLqT,Manda Mallama X Road,Manda Mallama X Road,17.33973759,78.52422051,MANDA MALLAMMA twd Uppal
689,sdwKwL7H,Gayatri Nagar X Road,Gayatri Nagar X Road,17.337745,78.531394,GAYATRI Nagar X Road twd Uppal
690,rCbqbiB4,Tkr Kaman,Tkr Kaman,17.33770924,78.53618485,TKR Kaman twd Uppal
691,ixaQ8kQB,Sagar X Road,Sagar X Road,17.34296286,78.54714722,SAGAR RING ROAD twd Uppal
692,hRpx46aJ,Uppal X Road,Uppal X Road,17.40126116,78.56007411,UPPAL X ROAD twd Secunderabad
693,4veeZf8l,Lb Nagar,Lb Nagar,17.34593274,78.55058849,LB Nagar twd IBP Dist Bus Stop
694,bL2YDx7l,Sagar X Road,Sagar X Road,17.34152301,78.54617826,SAGAR Ring Road twd Mehdipatnam
695,Ec33x1z9,Tkr Kaman,Tkr Kaman,17.33746811,78.5361401,TKR Kaman twd Mehdipatnam
696,JSxAzCo9,Gayatri Nagar X Road,Gayatri Nagar X Road,17.337499,78.531372,GAYATRI NAGAR X ROAD twd Mehdipatnam
697,wITcyOuZ,Manda Mallama X Road,Manda Mallama X Road,17.3396787,78.52358482,MANDA Mallamma twd Mehdipatnam
698,vBctYwrb,Champapet,Champapet,17.34223358,78.51551842,CHAMPAPET X Road twd Mehdipatnam
699,DmBjyR5X,Owaisi Hospital,Owaisi Hospital,17.34336102,78.50688462,OWAISI HOSPITAL twd Midhani
700,wxwf67W2,Midhani Bus Stop,Midhani Bus Stop,17.33995387,78.50379251,PISAL BANDA
701,IW2PYgMJ,Drdl Gate Bus Stop,Drdl Gate Bus Stop,17.33687699,78.49671766,DRDL Gate twd Hyderabad
702,0JAlzxpT,Hafiz Baba Nagar Hyd Bus Stop,Hafiz Baba Nagar Hyd Bus Stop,17.33189684,78.49041582,HAFIZ Baba Nagar twd Mehdipatnam
703,z5xmnEt6,Phool Bagh,Phool Bagh,17.33012456,78.48596338,PHOOLBAGH twd Mehdipatnam
704,XCkw4Nyw,Dlrl,Dlrl,17.32871884,78.48272632,DLRL twd Mehdipatnam
705,XFtDDMjz,Chandrayangutta,Chandrayangutta,17.32659473,78.47650155,CHANDRAYANGUTTA twd Mehdipatnam
706,QQCGeB8G,Hashamaba,Hashamaba,17.32211811,78.4686765,HASHAMABAD twd Aramghar
707,CCbehcS7,Bandlaguda,Bandlaguda,17.31668876,78.46638858,BANDLAGUDA twd Aramghar
708,It0A5Z2C,Palle Cheruvu,Palle Cheruvu,17.31560183,78.45598698,PALLE CHERUVUtwd Aramghar
709,kD4VEJOZ,Mailardevpally,Mailardevpally,17.31609727,78.44940753,MAILARDEVPALLY twd Mehdipatnam
710,Pxmg1yJe,Durga Nagar,Durga Nagar,17.314699,78.443284,DURGANAGAR X Road twd Mehdipatnam
711,fsmqVQlp,Aramghar X Roads,Aramghar X Roads,17.32192394,78.43133614,ARAMGHAR twd Mehdipatnam
712,75l9xhCY,Shivarampally X Road,Shivarampally X Road,17.32705586,78.42534106,Aramghar twd mehadipatnam
713,GURjyKYg,Ws Colony,Ws Colony,17.33264884,78.42663623,WEAKER SECTION twd Mehdipatnam
714,3awNd1Nt,Dairy Farm,Dairy Farm,17.34595226,78.41573171,DAIRY Farm Upperpally twd Mehdipatnam
715,VRr55gta,Upperpally,Upperpally,17.35601177,78.42226496,UPPERPALLY X Road twd Mehdipatnam
716,N3JEm38W,Hyderguda X Road,Hyderguda X Road,17.36384064,78.42808931,HYDERGUDA twd Mehdipatnam
717,8M15jHYl,Attapur,Attapur,17.37022385,78.42919841,ATTAPUR twd Mehdipatnam
718,pDqOfr7l,Jyothi Nagar,Jyothi Nagar,17.38269042,78.42936405,JYOTHI Nagar twd Mp
719,mJ8ZuY6u,Gudi Malkapur X Roads,Gudi Malkapur X Roads,17.38815636,78.42959406,GUDIMALKAPUR X Road twd Mehdipatnam
720,I78eTakJ,Rethibowli,Rethibowli,17.39570594,78.43107463,RETHIBOWLI RING ROAD P&T COLONY twd Gachibowli
721,yH2yDVEE,Uppal X Road,Uppal X Road,17.40200861,78.55898384,UPPAL X Road twd Uppal
722,cmpj8N4O,Shivarampally X Road,Shivarampally X Road,17.328,78.435,SHIVARAMPALLY twd Hyderabad
723,9DCzryFF,Budvel,Budvel,17.33325917,78.40973496,BUDVEL twd RajendraNagar
724,eRLCw0uQ,Rajendranagar,Rajendranagar,17.32189575,78.40210139,RAJENDRA Nagar twd Himayatsagar
725,Swrd4aGR,Walanthari,Walanthari,17.32268952,78.38193118,WALANTHARI twd Appa
726,TTRoWOhD,Himayath Sagar,Himayath Sagar,17.325,78.374,HIMAYAT SAGAR twd Appa
727,YzXpLExW,Himayath Sagar,Himayath Sagar,17.3390661,78.36212041,HIMAYATH SAGAR twd Appa
728,lDJjvb06,"Police Academy, Tspa Junction","Police Academy, Tspa Junction",17.35068702,78.35812423,POLICE ACADEMY twd Chevella
729,TjsPFvGm,Ashramam-Machirevula,Ashramam-Machirevula,17.37296159,78.34965616,ASHRAM twd Manchirevula
730,1MNtzQta,Narsing X Road Twd Gachibowli,Narsing X Road Twd Gachibowli,17.4007083,78.35214258,NARSING X ROAD twd Gachibowli
731,dkc5ID9D,Nanakramguda,Nanakramguda,17.41949635,78.35486365,NANAKRAMGUDA twd Gachibowli
732,uQzCHgss,Gachibowli,Gachibowli,17.43821656,78.36350977,GACHIBOWLI ORR twd RGIA
733,g0u0kkLC,Engine Bowli,Engine Bowli,17.33661203,78.464908,ENGINEBOWLY twd vattepally
734,Zys2ENKp,Vattepally,Vattepally,17.32829192,78.45689356,VATTEPALLY
735,QoNYX8Sl,Nice Hotel,Nice Hotel,17.32945992,78.45893662,NICE HOTEL twd Vattepally
736,aRmSZ2LE,Engine Bowli,Engine Bowli,17.33663376,78.46480072,ENGINEBOWLY twd Charminar
737,pF5CouKp,Falaknuma Govt Junior College,Falaknuma Govt Junior College,17.33669922,78.47456229,FALAKNUMA Govt Jr College
738,lNAmUGoE,Rajanna Bavi,Rajanna Bavi,17.33961146,78.47308874,RAJANNA BAVI twd Secunderabad
739,vQVCpqNd,Pool Bagh,Pool Bagh,17.34223072,78.47412408,POOLBAGH CHAMAN twd Laldarwaza
740,4VYDN7mJ,Laldarwaza,Laldarwaza,17.34665472,78.47533107,LALDARWAZA Temple twd Secunderabad
741,A9GtbRA9,Laldarwaza,Laldarwaza,17.34696451,78.47512454,LALDARWAZA Temple twd Huppuguda
742,kB9s4Jmz,Badangpet,Badangpet,17.30712839,78.52540925,BADANGPET twd Nadergul
743,hZBKVjsb,Anjaneya Tower,Anjaneya Tower,17.29806176,78.53203833,ANJANEYA Tower twd Nadergul
744,0z8BG6dd,Rajivgruhakalpa Bus Stop,Rajivgruhakalpa Bus Stop,17.2976391,78.5388755,RAJIVGRUHAKALPA
745,M7DW5Tpp,Ysr Colony-Badangpet,Ysr Colony-Badangpet,17.30814783,78.53403698,YSR COLONY twd Almasguda
746,TslzbBQw,Almasguda,Almasguda,17.3090656,78.53316084,ALMASGUDA twd meerpet
747,ppL4QGQP,Almasguda,Almasguda,17.31058923,78.53144825,ALMASGUDA Pg College twd Koti
748,D9obVsYG,Prashanti Hills,Prashanti Hills,17.31664652,78.53282958,PRASHANTI Hills twd Koti
749,92KqGdsB,Meerpet Swimming Pool,Meerpet Swimming Pool,17.319,78.53,MEERPET Swimming Pool twd Koti
750,vwCf7rKq,Meerpet X Road,Meerpet X Road,17.32291997,78.52780581,MEERPET X Road twd Koti
751,B9APHEc9,Lalitha Nagar X Road,Lalitha Nagar X Road,17.328,78.526,LALITHA Nagar X Road twd Koti
752,V9ncTDpC,Jillelguda,Jillelguda,17.33097144,78.52613613,JILLELGUDA twd Koti
753,YZekmFx4,Vijaya Durga Colony,Vijaya Durga Colony,17.33498104,78.52612942,VIJAYA Durga Colony twd Koti
754,GHs498kd,Champapet Gandhi Statue,Champapet Gandhi Statue,17.34398181,78.51527461,CHAMPAPET Gandhi Statue twd Koti
755,TLBNahRH,Champapet,Champapet,17.348647,78.515104,CHAMPAPET twd IS Sadan
756,IpF2dQbE,Is Sadan,Is Sadan,17.35287276,78.50644268,IS SADAN twd Koti
757,OzFQNaP8,Saidabad,Saidabad,17.35947585,78.50470663,SAIDABAD twd MGBS
758,eY4zmGfJ,Government Press,Government Press,17.36742837,78.50163817,GOVERNMENT PRINTING PRESS twd Koti
759,MjoFz8zE,Malakpet Government Hospital Twd Koti,Malakpet Government Hospital Twd Koti,17.3721092,78.49954605,MALAKPET Government Hospital twd Koti
760,xtzkxEUT,Malakpet Sohail Hotel Twd Is Sadan,Malakpet Sohail Hotel Twd Is Sadan,17.37250598,78.49951386,MALAKPET Sohail Hotel twd Is Sadan
761,7oIAeAfF,Government Press,Government Press,17.367,78.502,GOVT PRESS  twd Is Sadan
762,WRsBNOCI,Saidabad,Saidabad,17.35933248,78.50482999,SAIDABAD twd Is Sadan
763,vGnPbg9e,Madannapet,Madannapet,17.35775037,78.50535034,MADANAPET twd IS Sadan
764,4A3CZW2t,Is Sadan,Is Sadan,17.35181603,78.50786353,IS SADAN twd Ibrahimpatnam
765,DSO5i9r7,Champapet,Champapet,17.34834446,78.51519406,CHAMPAPET twd Meerpet
766,X8rP02Ro,Champapet Gandhi Statue,Champapet Gandhi Statue,17.3440484,78.5153845,CHAMPAPET Gandhi Statue twd Almasguda
767,a3Ae6WDL,Manda Mallama X Rds,Manda Mallama X Rds,17.33951157,78.52383479,MANDAMALLAM twd Meerpet
768,VVuX0LgA,Vijaya Durga Colony,Vijaya Durga Colony,17.33503608,78.52611065,VIJAYA Durga Colony twd Almasguda
769,wLNmT0QU,Jillelguda,Jillelguda,17.3309804,78.5261187,JILLELGUDA twd Almasguda
770,iJmimelJ,Lalitha Nagar X Road,Lalitha Nagar X Road,17.328,78.526,LALITHA Nagar X Road twd Almasguda
771,TNvCkTcg,Meerpet X Road,Meerpet X Road,17.32293789,78.5278675,MEERPET X Road twd Almasguda
772,t1fX3E3u,Meerpet Swimming Pool,Meerpet Swimming Pool,17.3197551,78.52959216,MEERPET Swimming Pool twd Almasguda
773,Zb9gKbSu,Prashanti Hills,Prashanti Hills,17.3164852,78.53283226,PRASHANTI HILLS twd Almasguda
774,luW1T9nr,Almasguda,Almasguda,17.30995543,78.53149387,ALMASGUDA Pg College twd Almasguda
775,fft1QFpt,Almasguda,Almasguda,17.30905279,78.53320375,ALMASGUDA twd Rageevgruhakalpa
776,sdB2PJWH,Ysr Colony-Badangpet,Ysr Colony-Badangpet,17.30821441,78.53403429,YSR COLONY twd Rajivgruhakalpa
777,MkmJffCr,Sagar X Road,Sagar X Road,17.340736,78.548133,SAGAR Ring Road twd Devarkonda
778,MNGipNAN,Hastinapur,Hastinapur,17.32890508,78.55462656,HASTINAPUR twd Ibrahimpatnam
779,v7PTHC52,Bn Reddy Nagar,Bn Reddy Nagar,17.31995225,78.56061462,BN Reddy twd Ibrahimpatnam
780,GN2hoK0u,Gurram Guda X Road,Gurram Guda X Road,17.30458042,78.57089282,GURRAMGUDA X Road twd Ibrahimpatnam
781,LGG5JFs6,Injapur X Roads,Injapur X Roads,17.29875559,78.58295695,INJAPUR twd Ibrahimpatnam
782,Z6QHCsDT,Turkayamjal,Turkayamjal,17.27283661,78.5890916,TURKYAMJAL twd Ibrahimpatnam
783,jKR8nPF7,Ragannaguda,Ragannaguda,17.26204309,78.5861063,RAGANNAGUDA twd Ibrahimpatnam
784,KVmOms9E,Manneguda X Road,Manneguda X Road,17.25521636,78.58578595,MANNEGUDA X ROAD twd Ibrahimpatnam
785,cdasbxjl,Bongloor X Road,Bongloor X Road,17.231374,78.58928,BONGLOOR X ROAD twd Devarkonda
786,tb7RUzaa,Koheda X Road,Koheda X Road,17.21973683,78.60009683,KOHEDA X ROAD twd Ibrahimpatnam
787,A1q2izKE,Mangalpally X Road,Mangalpally X Road,17.21500138,78.60530069,MANGALPALLY X Road twd Ibrahimpatnam
788,DHA8B4mY,Sheriguda -Ibp,Sheriguda -Ibp,17.208482,78.61978,SHERIGUDA
789,Nm7fwnQL,Uppariguda X Road,Uppariguda X Road,17.20526107,78.61994533,UPPARIGUDA X Road twd Ibrahimpatnam
790,XwupUlwk,Ibrahimpatnam,Ibrahimpatnam,17.1914372,78.64766467,IBRAHIMPATNAM Bus Station
791,xOawOv0d,Khanapur X Road,Khanapur X Road,17.1752297,78.65458846,KANAPUR X Road twd Ibrahimpatnam
792,LGaCmjm6,Gnit,Gnit,17.16263164,78.66054028,GURUNANAK INSTITUE OF TECHNOLOGY twd Mall
793,Vy4phlJE,Gnit,Gnit,17.16195247,78.66083265,GURUNANAK INSTITUE OF TECHNOLOGY twd Ibrahimpatnam
794,t8yMVHEy,Uppariguda X Road,Uppariguda X Road,17.20524121,78.61968448,UPPARIGUDA X ROAD  twd MGBS
795,V5RBnbfT,Sheriguda -Ibp,Sheriguda -Ibp,17.208683,78.619542,SHERIGUDA twd Hyderabad
796,y1F1cZC3,Mangalpally X Road,Mangalpally X Road,17.21488955,78.60513927,MANGALPALLY X Road twd MGBS
797,b9waiyQ0,Koheda X Road,Koheda X Road,17.21984069,78.59943254,KOHEDA X Road twd Mgbs
798,X8CaE3i1,Bongloor X Road,Bongloor X Road,17.231567,78.588984,BONGLOOR X ROAD twd Hyderabad
799,1s7LOTOC,Manneguda X Road,Manneguda X Road,17.25525286,78.58564112,MANNEGUDA X Road twd Yamjal
800,lNLj4zN4,Ragannaguda,Ragannaguda,17.262394,78.58596683,RAGANNAGUDA twd JBS
801,ZGt2Dmoa,Brahmanapally X Roads,Brahmanapally X Roads,17.26684831,78.58890788,BRAHMANPALLY X ROAD twd Hyderabad
802,pxpLADcq,Turkayamjal,Turkayamjal,17.27358438,78.58874559,TURKYAMJAL twd MGBS
803,gt0N9y5A,Injapur X Roads,Injapur X Roads,17.29889234,78.5824224,INJAPUR  twd MGBS
804,A4Xl5Xo2,Gurram Guda X Road,Gurram Guda X Road,17.30452406,78.57042068,GURRAMGUDA X ROAD twd LB Nagar
805,0GqsyDdN,Sagar Complex,Sagar Complex,17.31210901,78.56371522,SAGAR COMPLEX twd Bn Reddy
806,MMOWOPw6,Bn Reddy Nagar,Bn Reddy Nagar,17.320458,78.56039,BN REDDY twd Hyderabad
807,GG8fV7fI,Hastinapur,Hastinapur,17.32947234,78.55371059,HASTINAPURAM twd MGBS
808,BCXkbzEn,Chadarghat Rose Bakery,Chadarghat Rose Bakery,17.37727237,78.49122584,CHADARGHAT Rose Bakery twd MGBS
809,XFG29jWC,Mgbs Exit,Mgbs Exit,17.37693171,78.4863871,MGBS EXIT twd Afzalgunj
810,ljBZ4Tf2,Darushifa,Darushifa,17.37367383,78.48325974,DARUL SHIFA twd Koti
811,mWeMEay9,Mgbs Exit,Mgbs Exit,17.37695218,78.48626639,MGBS EXIT twd Chadarghat
812,bf8FVrxy,Brahmanapally X Roads,Brahmanapally X Roads,17.26675861,78.58901918,BRAHMANPALLY X ROAD twd Ibrahimpatnam
813,vGbfDTyv,Pc Tanda,Pc Tanda,17.53711754,78.24303031,PC Tanda twd Koti
814,8NDo3n3K,Icrisat,Icrisat,17.51834417,78.27943873,ICRISAT twd Lingampally
815,KdJtfeXu,Lingampally,Lingampally,17.49408424,78.3158201,BHEL-LINGAMPALLY
816,mswkY15F,Lal Dhaba,Lal Dhaba,17.34223894,78.42247009,LAL DHABA twd Aramghar
817,qdFHvg0o,Lal Dhaba,Lal Dhaba,17.34178318,78.42285733,LAL DHABA twd Mehdipatnam
818,PdmKiXUy,Toli Chowki,Toli Chowki,17.39874255,78.415609,TOLICHOWKI twd Shaikepet
819,io15C5gx,Brindhavan Colony,Brindhavan Colony,17.40280129,78.41016345,BRINDAVAN COLONY twd Gachibowli
820,i4AV9TdE,Shaikpet Nala,Shaikpet Nala,17.407302,78.401751,SHAIKPETNALA twd Lingampally
821,R1CATqti,Darga,Darga,17.413264,78.394529,DARGA twd Lingampally
822,NEVC6NLz,Khajaguda X Rd,Khajaguda X Rd,17.42308311,78.3812365,KHAJAGUDA X Road twd Lingampally
823,yf59S2JP,Bio Diversity,Bio Diversity,17.429031,78.374323,BIODIVERSITY twd Lingampally
824,c2zOpk6c,Telecom Nagar Hyd,Telecom Nagar Hyd,17.435076,78.367627,TELECOM Nagar twd Lingampally
825,n7vlkWjQ,Gachibowli,Gachibowli,17.43903479,78.36295187,GACHIBOWLI X Road twd Lingampally
826,nghxlyD8,Iiit,Iiit,17.44550587,78.35206512,IIIT twd Lingampally
827,bdSrRqNp,Gachibowli Stadium,Gachibowli Stadium,17.450753,78.346141,GACHIBWOLI Stadium twd Lingampally
828,zRXwmnh5,Hcu Small Gate,Hcu Small Gate,17.45687,78.339608,HCU SMALL GATE twd Lingampally
829,AjpbhKZY,Masjid Banda,Masjid Banda,17.46019084,78.33719199,MASJID Banda twd Lingampally
830,RF3jCHQo,Hcu Main Gate,Hcu Main Gate,17.46153646,78.33590981,HCU MAIN GATE twd Lingampally
831,MJtIyjPz,Hcu Main Gate,Hcu Main Gate,17.468116,78.331202,HCU Depot Gate twd Lingampally
832,GwprEEDE,Alind,Alind,17.47668292,78.32460165,ALIND DOYENE COLONY twd Lingampally
833,pNXDxvVH,Lingampally Railway Station,Lingampally Railway Station,17.47973549,78.31521396,LINGAMPALLYRLY Station twd Lingampally
834,7MdXjeIa,Pc Tanda,Pc Tanda,17.53705169,78.24282766,PC Tanda twd Isnapur
835,0l2E0UAI,Muthangi,Muthangi,17.5424509,78.22663095,MUTHANGI twd Sangareddy
836,UpGoAMox,Isnapur,Isnapur,17.54736789,78.21183085,ISNAPUR  twd Sangareddy
837,QOgAri1N,Lakdaram-Patancheru,Lakdaram-Patancheru,17.55509268,78.18896804,LAKDARAM Road twd Zaheerabad
838,gpemP4F7,Rudraram,Rudraram,17.56365649,78.16660877,RUDRARAM twd Sangareddy
839,qIAhjJzi,Shivarampally X Road,Shivarampally X Road,17.327,78.435,SHIVARAMPALLY twd Aramgarh
840,16GQJz2H,Kachiguda Kamela,Kachiguda Kamela,17.38806796,78.5030061,KACHIGUDA KAMELA twd Uppal
841,HffUPsTS,Zinda Tilismath,Zinda Tilismath,17.38763154,78.51114258,ZINDA TILISMATH twd uppl
842,1PfDELSJ,Amberpet Gandhi Statue,Amberpet Gandhi Statue,17.39270214,78.51982357,AMBERPET Gandhi Statue twd Uppal
843,LNPGO1LK,Irani Hotel Amberpet,Irani Hotel Amberpet,17.39352101,78.5222,IRANI Hotel twd Uppal
844,B2PQUqws,Ramanthapur Tv Studio,Ramanthapur Tv Studio,17.396713,78.52988,RAMANTHAPUR TV STUDIO twd Uppal
845,rOjObtmd,Ramanthapur,Ramanthapur,17.397903,78.532729,RAMANTHAPUR Colony twd Uppal
846,ETS5vL8h,Ramanthapur Public School,Ramanthapur Public School,17.39919566,78.53623867,RAMANTHAPUR  PUBLIC SCHOOL twd Uppal
847,aJjYwWrD,Ramanthapur Church,Ramanthapur Church,17.401107,78.54349,RAMANTHAPUR CHURCH twd Uppal
848,GBqGFBMX,Modern Bakery,Modern Bakery,17.40132001,78.55001181,MODERN Bakery twd Uppal
849,qVTY9k3k,Uppal X Roads,Uppal X Roads,17.40158108,78.56194295,UPPAL X Road twd Ghatkesar
850,PjtVmWLt,Uppal Gandhi Statue,Uppal Gandhi Statue,17.40152285,78.56604606,UPPAL GANDHI STATUE twd Uppal
851,Mnr10S9i,Uppal Bus Stop,Uppal Bus Stop,17.40165529,78.56875908,UPPAL Bus Station
852,DARZcGbD,Peerzadiguda Kaman,Peerzadiguda Kaman,17.40136097,78.58157337,PEERZADIGUDA Khaman twd Uppal Depot
853,9mRire0L,Boduppal,Boduppal,17.40474581,78.58652037,BODUPPAL Kamman twd Indiranagar
854,0OVOfgxG,Sunny Bakery-Boduppl,Sunny Bakery-Boduppl,17.41503308,78.58509782,SUNNY BAKERY twd Boduppal colony
855,uGaH1vRM,Ambedkar Statue Boduppal,Ambedkar Statue Boduppal,17.41838816,78.58440577,AMBEDKAR STATUE twd Boduppal colony
856,pHQb1H0H,Water Tank Boduppal,Water Tank Boduppal,17.41924043,78.58172022,WATER Tank twd Chilkanagar
857,qJRR3arp,Indra Nagar-Boduppal,Indra Nagar-Boduppal,17.4219633,78.58040929,INDIRA NAGAR
858,Fr8xImCr,Water Tank Boduppal,Water Tank Boduppal,17.4192916,78.58165114,WATER Tank twd Boduppal Kamaan
859,Nc1cRlAD,Ambedkar Statue Boduppal,Ambedkar Statue Boduppal,17.41821695,78.58464439,AMBEDKAR STATUE twd Boduppal Kamman
860,xN8gSebA,Sunny Bakery-Boduppl,Sunny Bakery-Boduppl,17.41507657,78.58518901,SUNNY BAKERY twd Boduppal Kamman
861,bGRebiXX,Boduppal,Boduppal,17.404614,78.58667493,BODUPPAL twd JBS
862,G3Zpsr6s,Peerzadiguda Kaman,Peerzadiguda Kaman,17.40123875,78.58160153,PEERZADIGUDA Khaman twd JBS
863,UsLG96x8,Uppal Bus Stop,Uppal Bus Stop,17.4014659,78.5710001,UPPAL BUS STAND twd Uppal X Road
864,GshwIwZf,Uppal Gandhi Statue,Uppal Gandhi Statue,17.40141983,78.56580466,UPPAL GANDHI STATUE twd Mehdipatnam
865,KQKhMBSB,Uppal X Roads,Uppal X Roads,17.40143007,78.56090963,UPPAL X ROAD JUNCTION twd LB Nagar
866,qKfbvH4T,Modern Bakery,Modern Bakery,17.40122028,78.55002523,MODERN Bakery twd Koti
867,LOa6jsKp,Ramanthapur Church,Ramanthapur Church,17.401,78.544,RAMANTHAPUR Church twd Koti
868,qCYClJlG,Ramanthapur Public School,Ramanthapur Public School,17.3994644,78.53779435,RAMANTHAPUR Public School
869,nyqH0iWW,Polytechnic College-Ramanthapur,Polytechnic College-Ramanthapur,17.39534775,78.52690995,POLYTECHNIC College twd Koti
870,J37ZgGmj,Irani Hotel Amberpet,Irani Hotel Amberpet,17.39327558,78.52189421,IRANI Hotel twd Koti
871,8KEiSXjE,Amberpet,Amberpet,17.39213392,78.51677924,AMBERPET twd Kacheguda
872,GQwkEP8P,6 Number,6 Number,17.39117679,78.51077924,6 NUMBER twd Koti
873,4q7T16Er,Zinda Tilismath,Zinda Tilismath,17.3876,78.5111,ZINDA TILISMATH twd koti
874,eHfFJzFj,Chadarghat,Chadarghat,17.3814704,78.49291027,CHADARGHAT MCH Quarters twd Afzalgunj
875,AXnxhRKy,Hayath Nagar Bus Stand,Hayath Nagar Bus Stand,17.32707761,78.60373244,HAYATHNAGAR twd Koti
876,VgDlJTb0,Jbs,Jbs,17.44756592,78.49663586,JBS twd Secunderabad
877,LW55dkBm,Amberpet Gandhi Statue,Amberpet Gandhi Statue,17.39239242,78.51941049,AMBERPET Gandhi Statue twd Kacheguda
878,9KD6Qf8o,Word And Deed School,Word And Deed School,17.32139898,78.61346978,WORD AND DEED twd RFC
879,4eTcIx5j,Gandi Mysamma Temple-Abdullahpurmet,Gandi Mysamma Temple-Abdullahpurmet,17.31511536,78.6738334,GANDIMAISAMMA twd RFC
880,CAf4y5Mn,Ramoji Film City,Ramoji Film City,17.311516,78.683365,RAMOJIFILM CITY twd Nalgonda
881,CEX84LLR,Ramoji Film City,Ramoji Film City,17.31132,78.683128,RAMOJI FILM CITY twd JBS
882,p1z6WxxP,Gandi Mysamma Temple-Abdullahpurmet,Gandi Mysamma Temple-Abdullahpurmet,17.31500626,78.67375543,GANDIMAISAMMMA twd Hayath nagar
883,BMEY3ApO,Word And Deed School,Word And Deed School,17.32090915,78.61362202,WORD AND DEED twd JBS
884,w5wCAtvW,Cherlapally Phase 1,Cherlapally Phase 1,17.45946154,78.59055877,PHASE 1 twd Cherlapally
885,9WCdx88A,Ganesh Temple Kaman Cherlapally,Ganesh Temple Kaman Cherlapally,17.45903673,78.59512197,GANESH KAMAAN twd Cherlapally
886,PiEeyUSk,Ec Nagar,Ec Nagar,17.45919427,78.5990426,EC NAGAR twd Cherlapally
887,9T84PzhC,Ec Nagar,Ec Nagar,17.4591494,78.5990265,EC NAGAR twd Mallapur
888,2TAxnGhR,Ganesh Temple Kaman Cherlapally,Ganesh Temple Kaman Cherlapally,17.45896007,78.59519901,GANESH KAMAAN twd Mallapur
889,JsM4aJsN,Cherlapally Phase 1,Cherlapally Phase 1,17.45942316,78.59071434,PHASE 1 twd Mallapur
890,ypgflX0a,Hcl,Hcl,17.45524356,78.58147412,HCL X ROAD twd Mallapur
891,ZC9cuPhg,Ashoknagar-Mallapur,Ashoknagar-Mallapur,17.45,78.581,ASHOK NAGAR twd Uppal
892,bxqlmPtU,Nfc X Roads,Nfc X Roads,17.4482646,78.57538953,NFC X Road twd Mallapur
893,YAQJf9bd,Noma Function Hall,Noma Function Hall,17.44698519,78.5722822,NOMA twd Habsiguda
894,f6oeVXYR,Mallapur Village,Mallapur Village,17.44483322,78.56734961,MALLAPUR twd Tarnaka
895,vFTKha5O,Janapriya - Mallapur,Janapriya - Mallapur,17.44214897,78.5660883,JANAPRIYA twd Uppal
896,6R4ISSCd,Nacharam X Road,Nacharam X Road,17.43312488,78.55464408,NACHARAM X Rd twd Tarnaka
897,1tPdniFT,Nacharam,Nacharam,17.42783534,78.55093315,NACHARAM Village twd Secunderabad
898,Zlg504xr,Barkatpura,Barkatpura,17.39231371,78.50115202,BARKATPURA Bus Depot
899,zI0YQHC7,Barkatpura,Barkatpura,17.39400234,78.49834182,BARKATPURA twd Koti
900,WmzuokM6,Kachiguda X Roads,Kachiguda X Roads,17.39069285,78.48937511,KACHIGUDA X Road twd Koti
901,nQotD9EE,Goshamahal,Goshamahal,17.38383299,78.47415089,GOSHAMAHAL twd Mehdipatnam
902,bBZgUon7,Darusalam,Darusalam,17.38281423,78.46528888,DARUSALAM twd MP
903,lGyB3RaU,Bhoiguda Kaman,Bhoiguda Kaman,17.3828121,78.4604281,BHOIGUDA Kaman twd Mehdipatnam
904,X5rrIKse,Seethrambagh,Seethrambagh,17.38516701,78.45814783,SEETHARAMBAGH twd Mehdipatnam
905,EcYAl4Um,Mallepally,Mallepally,17.38919052,78.45457999,MALLEPALLY twd Mehdipatnam
906,8i0N6xJd,Asifnagar,Asifnagar,17.38987313,78.45160397,ASIFNAGAR twd Mehdipatnam
907,y2CUeob7,Nanal Nagar,Nanal Nagar,17.39607053,78.42676147,NANAL Nagar twd Shaikpet
908,cra7QW2M,Khajaguda X Road,Khajaguda X Road,17.42247013,78.38180646,KHAJAGUDA X ROAD twd Nanakramguda
909,YWIdVc49,Lanco Hills,Lanco Hills,17.418,78.3703,LANCO HILLS twd Goulidoddi
910,pGxe0Sf7,Khajaguda,Khajaguda,17.41787575,78.36730846,KHAJAGUDA twd Gowlidoddi
911,3wPoHTH2,Nanakramguda,Nanakramguda,17.41948116,78.35451599,NANAKRAMGUDA twd Wipro
912,CvwKMs0N,Wipro Circle,Wipro Circle,17.42762385,78.3417864,WIPRO Circle twd Gar Kokapet
913,W9CokUTo,Q City,Q City,17.42660948,78.33153114,Q CITY twd Gowlidoddy
914,Sm2dyUa2,Gowli Doddi,Gowli Doddi,17.42986209,78.32432002,GOWLIDODDY twd Gopanpally
915,hHMjjlFQ,Gopanpally,Gopanpally,17.45325336,78.30616928,GOPANPALLY twd Lingampally
916,kwLW4s15,Gopanpally X Roads,Gopanpally X Roads,17.4462399,78.30675892,GOPANPALLY X Roads twd Kollur
917,bAPeQYQ7,Mile Stone,Mile Stone,17.46206632,78.30813823,APARNA Apartments twd Lingapally
918,p3yCm2Vh,Mile Stone,Mile Stone,17.47017654,78.30986104,CITIZEN Hospital twd Lingampally
919,FGOQybzG,Nallagandla,Nallagandla,17.47752707,78.30663084,NALLAGANDLA twd Lingampally
920,tDEWS7qE,Nallagandla,Nallagandla,17.47749526,78.30721966,NALLAGANDLA twd Mehdipatnam
921,ABGhGnqx,Mile Stone,Mile Stone,17.47034734,78.30997954,CITIZEN Hospital twd Mehdipatnam
922,IEXcXmyz,Mile Stone,Mile Stone,17.46192809,78.30827239,APARNA Apartments twd Mehdipatnam
923,nqEYN6Uu,Mile Stone,Mile Stone,17.45336545,78.30631975,GOPANPALLY twd Mehdipatnam
924,1dFyOc5w,Gopanpally X Roads,Gopanpally X Roads,17.44589371,78.30749854,GOPANPALLY X Roads twd Mehdipatnam
925,spVMAJCg,Gowli Doddi,Gowli Doddi,17.4297373,78.32467541,GOWLIDODDY twd Mehidipatnam
926,MyeZootB,Q City,Q City,17.4267131,78.33156198,Q CITY twd Mp
927,xiDNKOoD,Wipro Circle,Wipro Circle,17.42619365,78.34065199,WIPRO Circle twd Gachibowli
928,7WZ1aaAI,Khajaguda,Khajaguda,17.41800952,78.36729839,KHAJAGUDA twd Mehidipatnam
929,3LZ21Nh6,Lanco Hills,Lanco Hills,17.41824758,78.3704728,LANCO HILLS twd Mehidipatnam
930,CuYaOmG2,Asifnagar,Asifnagar,17.39002198,78.45184812,ASIFNAGAR twd Masabtank
931,BzhlypU0,Seethrambagh,Seethrambagh,17.38521522,78.45825076,SEETHARAMBAGH twd Nampally
932,90Ixzm5e,Mallepally,Mallepally,17.38928061,78.4548889,MALLEPALLY twd Masabtank
933,SyAFFhpz,Bhoiguda Kaman,Bhoiguda Kaman,17.38290382,78.46051454,BHOIGUDA Kaman twd Nampally
934,Gs4zNvFT,Darusalam,Darusalam,17.38327255,78.4659326,DARUSALLAM twd Nampally
935,RZ6oSgtY,Secunderabad,Secunderabad,17.43692496,78.50524949,SECUNDERABAD twd ECIL
936,wkqXnQtG,Omkar Nagar,Omkar Nagar,17.337184,78.550306,OMKAR NAGAR twd Ibrahimpatnam
937,SR8fs7TH,Santhoshi Matha Temple-Hasthinapuram North,Santhoshi Matha Temple-Hasthinapuram North,17.33230158,78.55297029,SANTHOSH MATHA TEMPLE twd Ibrahimpatnam
938,wELAag5b,Hastinapur,Hastinapur,17.3269198,78.55642501,HASTINAPUR Naveena College twd Ibrahimpatnam
939,rIYonRH8,Sagar Complex,Sagar Complex,17.313,78.563557,SAGAR Complex twd Ibrahimpatnam
940,InPIS0f2,Katta Mysamma,Katta Mysamma,17.29182715,78.58711479,YAMJAL KATTA MAISAMMA twd Ibrahimpatnam
941,IBjfvmSP,Sathireddy Garden,Sathireddy Garden,17.27962623,78.58724354,ROKKAM SATHI REDDY GARDEN twd  Ibrahimpatnam
942,gw9FCBOl,Sri Indu College,Sri Indu College,17.21381852,78.61122241,SRI INDU COLLEGE twd Ibrahimpatnam
943,ysfhkpHS,Ibrahimpatnam Old Bus Station,Ibrahimpatnam Old Bus Station,17.1972156,78.65003408,IBP Old Bus Stand
944,hy9XDQtt,Khanapur X Roads,Khanapur X Roads,17.17536817,78.65471721,KANAPUR X Road twd Mall
945,12jVZctl,Sri Indu College,Sri Indu College,17.21367247,78.61050101,SRI INDU COLLEGE twd MGBS
946,A1WvIo0L,Sathireddy Garden,Sathireddy Garden,17.2795955,78.58696463,ROKKAM SATHI REDDY GARDEN twd  Hyderabad
947,fbXMzuz9,Katta Mysamma,Katta Mysamma,17.29177082,78.58688146,YAMJAL KATTA MAISAMMA twd Hyderabad
948,s1ciYFx5,Hastinapur,Hastinapur,17.326891,78.556174,HASTINAPUR Naveena college twd LB Nagar
949,YKUfHmfJ,Santhoshi Matha Temple-Hasthinapuram North,Santhoshi Matha Temple-Hasthinapuram North,17.332662,78.552672,SANTHOSH MATHA TEMPLE twd Hyderabad
950,XciC9kAE,Omkar Nagar,Omkar Nagar,17.336996,78.550159,OMKAR NAGAR twd LB Nagar
951,jnhepcwu,Is Sadan,Is Sadan,17.35186212,78.50698916,IS SADAN twd Kalwakurthy
952,R8wJZ3RA,Pisal Banda,Pisal Banda,17.34051268,78.50236974,PISALBANDA twd Mehdipatnam
953,IiG9DB77,Barkas,Barkas,17.31745821,78.47965613,BARKAS twd Maheshwaram
954,Rc9wdOaA,Sadat Nagar,Sadat Nagar,17.29241755,78.47377113,SADATH NAGAR twd Maheswaram
955,qgFCxsYj,Jalpally X Rd,Jalpally X Rd,17.28311835,78.47183082,JALPALLY X Road twd Maheswaram
956,W6rYwrFr,Pahadi Shareef,Pahadi Shareef,17.271089,78.474293,PAHADI SHARIF twd RGIA
957,7qLVXCAF,Sheep Farm,Sheep Farm,17.25720138,78.47552395,SHEEP FARM twd Maheswaram
958,4jPGnvmh,Sardar Nagar,Sardar Nagar,17.23230045,78.47327918,SARDAR NAGAR twd Chandrayangutta
959,EQHXghba,Tukkuguda,Tukkuguda,17.208974,78.476849,TUKKUGUDA twd Kalwakurthy
960,SsBJkUmh,Imamguda-Mhrm,Imamguda-Mhrm,17.19279045,78.47517818,IMAMGUDA twd Amangal
961,G2jz20fO,Maheshwaram Gate,Maheshwaram Gate,17.17893527,78.47382903,MAHESHWARAM GATE twd Amangal
962,O77FG903,Lemur X Roads,Lemur X Roads,17.16431298,78.47683311,LEMURGATE twd Amangal
963,qUrxHWWg,Thummaloor-Gate,Thummaloor-Gate,17.13243042,78.47786743,TUMMALUR GATE twd Kalwakurthy
964,ZkCeyQwu,Rachloor-Gate,Rachloor-Gate,17.12442252,78.47711138,RACHLOOR Gate twd Kalwakurthy
965,3fKRWT8s,Gudur Gate,Gudur Gate,17.09219301,78.47457468,GUDUR GATE twd Amangal
966,pgNHfS46,Kandukur X Roads,Kandukur X Roads,17.07285166,78.47401024,KANDUKUR X ROAD twd Kalwakurthy
967,kHBvCa7Q,Nedunur X Road Bus Stop,Nedunur X Road Bus Stop,17.0558961,78.47335126,NEDUNUR X ROAD twd Kalwakurthy
968,CnfehgBU,Debbdaguda X Road,Debbdaguda X Road,17.02504571,78.492289,DEBBADAGUDA X Road twd Kalwakurthy
969,ImX0Gt2G,Mucherla X Road,Mucherla X Road,17.00989941,78.49800646,MUCHERLA X ROAD twd Kalwakurthy
970,MBkeYmMB,Kadthal-Rr,Kadthal-Rr,16.98566224,78.50180176,KADTHAL TWD Kalwakurthy
971,oxSHflbW,Kadthal Toll,Kadthal Toll,16.97051428,78.50782871,KADTHAL TOLLPLAZA twd Maisigandi
972,YvvDOaQi,Maisigandi,Maisigandi,16.95444447,78.51728216,MAISIGANDI twd Kalwakurthy
973,nxxL7DNs,Karkalpahad,Karkalpahad,16.92558466,78.52734547,KARKALPAHAD twd Kalwakurthy
974,5jOivZ4z,Konapur-Amangal,Konapur-Amangal,16.90166651,78.53077233,KONAPUR twd Kalwakurthy
975,8SKCwoNx,Vithaipalle,Vithaipalle,16.88332743,78.52916703,VITHAIPALLY twd Kalwakurthy
976,HpaEdwHS,Amangal,Amangal,16.84942376,78.53036597,AMANGAL twd Kalwakurthy
977,ijDmBeoe,Amangal,Amangal,16.84922355,78.53005351,AMANGAL Bus Station
978,CdD8QCGq,Vithaipalle,Vithaipalle,16.87763366,78.52913618,VITHAIPALLY twd Chandrayangutta
979,Yl6zRmEP,Konapur-Amangal,Konapur-Amangal,16.90169798,78.53074686,KONAPUR twd MGBS
980,EDzzNI7j,Karkalpahad,Karkalpahad,16.92565491,78.52727842,KARKALPAHAD twd Mgbs
981,88shEE44,Maisigandi,Maisigandi,16.95396758,78.51762816,MAISIGANDI twd MGBS
982,NO4rl0HZ,Kadthal Toll,Kadthal Toll,16.970404,78.50755,KADTHAL TOLLPLAZA twd Kdthal
983,KN6TFMTZ,Kadthal-Rr,Kadthal-Rr,16.9776065,78.50422271,THALAKONDAPAL KADTHAL twd MGBS
984,P1E54cxx,Debbdaguda X Road,Debbdaguda X Road,17.02497005,78.49223971,DEBBADAGUDA X Road twd Hyderabad
985,6Js4QCW9,Nedunur X Road Bus Stop,Nedunur X Road Bus Stop,17.05620445,78.47319737,NEDUNUR X ROAD twd Mgbs
986,fr73RYnn,Kandukur X Roads,Kandukur X Roads,17.07300268,78.47385587,KANDUKUR X ROAD twd MGBS
987,OpC9MtAI,Gudur Gate,Gudur Gate,17.09228302,78.47447812,GUDUR GATE twd Issadan
988,BZ6CNUv4,Thummaloor-Gate,Thummaloor-Gate,17.13257332,78.47769108,THUMMALUR GATE twd Chandrayangutta
989,S4XsHZ3h,Lemur X Roads,Lemur X Roads,17.16393866,78.47704768,LEMURGATE twd Issadan
990,pMMcgfkk,Maheshwaram Gate,Maheshwaram Gate,17.17887762,78.47366642,MAHESHWARAM GATE twd Tukkuguda
991,vIHj5Y8w,Imamguda-Mhrm,Imamguda-Mhrm,17.192,78.475,IMAMGUDA twd Issadan
992,DyTjB39h,Tukkuguda,Tukkuguda,17.20945902,78.47668155,TUKKUGUDA twd MGBS
993,IU64dNs3,Sheep Farm,Sheep Farm,17.24716943,78.47361177,SHEEP FARM AIRPORT ROAD twd Chandrayangutta
994,xqxkzh7P,Pahadi Shareef,Pahadi Shareef,17.27096164,78.47414285,PAHADI SHARIF twd Mgbs
995,nFCvT7lL,Jalpally X Rd,Jalpally X Rd,17.28337062,78.47160083,JALPALLY X Road twd Koti
996,Hp2X7QHz,Sadat Nagar,Sadat Nagar,17.29242395,78.47367993,SADAT NAGAR twd koti
997,3sRrB5c5,Barkas,Barkas,17.31738078,78.47958773,BARKAS twd MGBS
998,e6qOPEPv,Chinthalapally,Chinthalapally,16.84517784,78.49590361,CHINTHALAPALLI twd Midjil
999,cHoFZ03g,Khanapur-Thalakondapally,Khanapur-Thalakondapally,16.85439855,78.46602917,KHANAPUR twd Midjil
1000,HJSMWYtj,Venkatraopeta-Thalakondapally,Venkatraopeta-Thalakondapally,16.82897858,78.4529829,VENKATRAOPETA
1001,Tm4DSGUh,Gattu Ippalapalle,Gattu Ippalapalle,16.79763901,78.44519107,GATTU IPPALAPALLY twd Urkonda Gate
1002,i0WglC8N,Bommarasipalle,Bommarasipalle,16.78204699,78.40229988,BOMMARASIPALLE twd Thalakondapalli
1003,2B2BaS3d,Ramreddipalle-Urkonda,Ramreddipalle-Urkonda,16.76341286,78.39157909,RAMREDDYPALLE twd Thalakondapalli
1004,NepBcvAq,Khanapur-Thalakondapally,Khanapur-Thalakondapally,16.855,78.464,KHANAPUR twd Issadan
1005,dCq8YCG2,Chinthalapally,Chinthalapally,16.84522933,78.49609096,CHINTHALAPALLY twd Amangal
1006,hQYYZWl5,Mgbs,Mgbs,17.37830099,78.4841655,MGBS BS
1007,ZGUfWDKx,Ashoka,Ashoka,17.28825457,78.77005489,ASHOKA COLLEGE twd Choutuppal
1008,EtHQ5KB7,Borollagudem,Borollagudem,17.27289701,78.81794807,BOROLLAGUDEM twd Choutuppal
1009,5o6U1JzN,Yellagiri,Yellagiri,17.2635002,78.83902788,YELLAGIRI twd Choutuppal
1010,ltdAGh7m,Lakkaram,Lakkaram,17.25620013,78.8885542,LAKKARAM GATE twd Suryapet
1011,UyS1mnyb,Lakkaram,Lakkaram,17.25615819,78.88650533,LAKKARAM GATE twd LB nagar
1012,KsWfGI4B,Yellagiri,Yellagiri,17.26323414,78.83861784,YELLAGIRI twd LB Nagar
1013,sj7vAEuA,Borollagudem,Borollagudem,17.27357061,78.815751,BORRALAGUDEM twd LB nagar
1014,uU1QWRWE,Ashoka,Ashoka,17.28819054,78.76999324,ASHOKA COLLEGE twd Hayathnagar
1015,CYcFRyW1,Patny,Patny,17.4431111,78.49888759,PATNY twd LB Nagar
1016,oGpujZ0X,Paryatak Bhavan,Paryatak Bhavan,17.43386555,78.45576704,PARYATAK Bhavan twd RGIA
1017,RhtakA8X,Putlibowli,Putlibowli,17.38194934,78.48180894,KOTI Putlibowli twd Ameerpet
1018,lDcRx4B5,Narayanamma College,Narayanamma College,17.40992225,78.39821488,NARAYANAMMA COLLEGE twd Gachibowli
1019,ehK6CGyE,Indira Nagar- Gachibowli,Indira Nagar- Gachibowli,17.44092329,78.36015969,INDIRA NAGAR twd Lingampally
1020,pFTI3DtD,Gulmohar Park Colony Bus Stop,Gulmohar Park Colony Bus Stop,17.47798674,78.31994098,GULMOHAR PARK twd Lingampally
1021,wb5eSLiO,Gulmohar Park Colony Bus Stop,Gulmohar Park Colony Bus Stop,17.47807053,78.3201636,GULMOHAR PARK twd Gachibowli
1022,vFMxoZue,Nampally Railway Station,Nampally Railway Station,17.39207631,78.47020536,NAMPALLY Railway Station twd Afzalgunj
1023,cMahUBUy,Kachiguda Railway Station,Kachiguda Railway Station,17.3900836,78.4990874,KACHIGUDA Station
1024,iLqH7CzM,Bandlaguda Bus Depot,Bandlaguda Bus Depot,17.365524,78.588888,BANDLAGUDA Bus Depot
1025,08b8x8vw,Indu Aranya Pallavi,Indu Aranya Pallavi,17.36652094,78.58266368,INDU ARANYA PALLAVI twd Nagole
1026,v3zhTesh,Mathuguda,Mathuguda,17.36722919,78.57949491,MATHUGUDA twd Uppal
1027,HD2fF5rU,Anand Nagar,Anand Nagar,17.36955636,78.57378256,ANAND Nagar twd Uppal
1028,KQKA2qfQ,Bandlaguda,Bandlaguda,17.37145045,78.56955914,BANDLAGUDA twd Uppal
1029,IWRD9yNc,Arunodaya Nagar Nagole,Arunodaya Nagar Nagole,17.37345151,78.5630849,ARUNODAYA NAGAR COLONY twd Nagole
1030,keq8UOJD,Sbi Colony,Sbi Colony,17.37215848,78.54343705,SBI Colony twd Nagole
1031,odJsjHRN,Commercial Tax Colony,Commercial Tax Colony,17.37307287,78.54762456,COMMERCIAL Tax Colony twd Nagol
1032,1SW9jqrD,Mohan Nagar,Mohan Nagar,17.37390856,78.55013108,MOHAN Nagar twd Nagol
1033,XcABgPn7,New Nagole,New Nagole,17.3750124,78.5534052,NEW Nagol twd Nagol
1034,lUAF2lZG,Nagole X Road,Nagole X Road,17.37648374,78.55879365,NAGOLE X Road twd Bandlaguda Depot
1035,b08KweJu,Arunodaya Nagar Nagole,Arunodaya Nagar Nagole,17.37346944,78.56309362,ARUNODAYA NAGAR COLONY twd Bandlaguda
1036,1dtzn5PT,Bandlaguda,Bandlaguda,17.37147347,78.56941338,BANDLAGUDA  twd  Bandlagida Depot
1037,qFwvd68S,Anand Nagar,Anand Nagar,17.36968565,78.57360806,ANAND NAGAR twd BandlagudaDepot
1038,F2TLE5hK,Mathuguda,Mathuguda,17.36746631,78.57917059,MATHUGUDA twd Depot
1039,aR45qptZ,Indu Aranya Pallavi,Indu Aranya Pallavi,17.36652093,78.58275019,INDU ARANYA PALLAVI twd Bandlaguda Depot
1040,LI0lmnt7,Tatianaram 1,Tatianaram 1,17.36697788,78.59792545,TATTIANNARAM twd R.K.Nagar
1041,wd4lb9jn,Kuntloor X Road,Kuntloor X Road,17.35418929,78.60818356,KUNTLOOR X ROAD twd Gowrelly X Road
1042,MVLFLC9u,Gowrelly X Road,Gowrelly X Road,17.35889729,78.61868307,GOURELLY X Road twd Gowrelly
1043,yEG6QfeW,Mile Stone,Mile Stone,17.37549074,78.63005161,SAIBABA Mandir twd Gowrelli
1044,qeAb3A4B,Quthubullapur,Quthubullapur,17.37634314,78.63980677,QUTHUBULLAPUR twd Timmaiguda
1045,yZ39Y49M,Thimmaiguda,Thimmaiguda,17.37454881,78.65299523,THIMMAGUDA twd Gowrelly
1046,iehFiKvC,Gowrelly X Road,Gowrelly X Road,17.37439524,78.67129326,GOWRELLY twd Tharamathipet
1047,ZAOvb4AP,Gowrelly X Road,Gowrelly X Road,17.37424169,78.67143277,GOWRELLY twd Bandlaguda
1048,E0jh4DAL,Thimmaiguda,Thimmaiguda,17.37440541,78.65301237,THIMMAIGUDA twd Bandlaguda
1049,g0AkPCCB,Quthubullapur,Quthubullapur,17.37628444,78.63979603,QUTUBULLAPUR twd Bandlaguda Depot
1050,fFGA0m6w,Saibaba Mandir,Saibaba Mandir,17.37520916,78.63011598,SAIBABA Mandir twd Qutbullahpur
1051,fDeLEGqd,Gowrelly X Road,Gowrelly X Road,17.35881274,78.61869246,GOURELLY X Road twd Bandlaguda depot
1052,CfyW9VGN,Kuntloor X Road,Kuntloor X Road,17.354,78.608,KUNTLOOR X ROAD twd Bandlaguda Depot
1053,dI3DavsK,Nagole X Road,Nagole X Road,17.37627432,78.55752837,NAGOLE X Road twd Dilsukhnagar
1054,aKvzfspC,Mohan Nagar,Mohan Nagar,17.37381144,78.54994603,MOHAN Nagar twd Dilsukhnagar
1055,bFryTLIT,Commercial Tax Colony,Commercial Tax Colony,17.37303319,78.54760846,COMMERCIAL Tax Colony twd Dilsukhnagar
1056,rhZ64HFF,Sbi Colony,Sbi Colony,17.37204264,78.54313463,SBI Colony twd Dilsukhnagar
1057,EEsrKphR,Rk Nagar-Marripalle,Rk Nagar-Marripalle,17.372,78.605,RK NAGAR twd Maaripally Village
1058,NUyS4TnK,Marripally,Marripally,17.382,78.607,MARRIPALLE Village
1059,ndWxoXmZ,Rk Nagar-Marripalle,Rk Nagar-Marripalle,17.38123232,78.60660441,RK NAGAR twd Bandlaguda Depot
1060,9FCp4dE3,Tatianaram 1,Tatianaram 1,17.367,78.598,THATTIANNARAM twd Bandlaguda Depot
1061,Ft61OdNw,New Nagole,New Nagole,17.37494492,78.55344219,NEW Nagol twd Dilsukhnagar
1062,5NY0wRTG,Kamineni Hospital,Kamineni Hospital,17.35308214,78.55591534,KAMINENI Hospital twd Mansoorabad
1063,HTWMhDFf,Mansoorabad,Mansoorabad,17.35270953,78.56267385,MANSOORABAD twd Bandlaguda
1064,Lv5arNUP,South End Park,South End Park,17.35691067,78.56649399,SOUTH END PARK twd GSI
1065,Ro4bP6Vw,Gsi Gate,Gsi Gate,17.36439105,78.56999159,G S I GATE
1066,dehrKCON,Gsi Gate,Gsi Gate,17.36615738,78.58379402,GSI Gate twd Bandlaguda
1067,VvpdOUmy,Mansoorabad,Mansoorabad,17.35267369,78.56267989,MANSOORABAD twd LB nagar
1068,hNm7YqLW,Mile Stone,Mile Stone,17.3248711,78.57187986,GOUTHAMINAGAR twd Vaidehi nagar
1069,TKLSocy1,Saheb Nagar Kalan,Saheb Nagar Kalan,17.32167298,78.57598901,SAHAB Nagar twd Injapur
1070,qWEcaCzN,Saheb Nagar Kalan,Saheb Nagar Kalan,17.32162112,78.57596755,SAHAB Nagar twd Raithubazar
1071,rGAllECF,Mile Stone,Mile Stone,17.32493246,78.57177459,GOUTHAMINAGAR twd Raithu Bazar
1072,iyA3ln0x,Birla Mandir,Birla Mandir,17.40603191,78.46715033,RBI Birlamandir twd JBS
1073,ByEltUQz,Secretariat Lic Building,Secretariat Lic Building,17.407964,78.473153,SECRETARIAT twd CBS
1074,PxxoVa2x,Ganesh Temple-Vanastalipuram,Ganesh Temple-Vanastalipuram,17.331417,78.569354,GANESH Temple twd BN Reddy
1075,Kg68JpZO,Red Tank,Red Tank,17.32904981,78.56902399,RED TANK twd BN reddy
1076,BNkntuC7,Govt Hospital-Bn Reddy Nagar,Govt Hospital-Bn Reddy Nagar,17.32932637,78.56588513,GOVT HOSPITAL twd BN Reddy
1077,JbHRqkel,Vaidehi Nagar,Vaidehi Nagar,17.32107885,78.56955171,VAIDEHI NAGAR twd Raithu Bazar
1078,v1fw17gY,Shiva Sindhu Public School,Shiva Sindhu Public School,17.32124534,78.57219636,SHIVASINDU twd Raithu bazar
1079,TI54pJ8G,Ig Mint,Ig Mint,17.47164288,78.6038407,IG MINT
1080,ufGWHO1K,Sp Nagar Ecil,Sp Nagar Ecil,17.46535803,78.56242199,SP NAGAR twd Lalapet
1081,XyqpxbUi,Moulali,Moulali,17.46238604,78.56166601,MOULALI twd Lalapet
1082,skkYyEjj,Indiranagar Moulali,Indiranagar Moulali,17.45772422,78.56499732,INDIRANGR twd Lalapet
1083,FLd8TACZ,Vasundara - Hb Colony,Vasundara - Hb Colony,17.4557463,78.56583684,VASUNDHARA Degree College twd MGBS
1084,zYZLtVcP,Play Ground-Hb Clny,Play Ground-Hb Clny,17.45229871,78.56551666,HB PLAYGROUND twd Lalapet
1085,2bepCN5S,Carbide Bus Stop,Carbide Bus Stop,17.45395687,78.56046472,CARBIDE twd Lalapet
1086,BJd97raA,Zts-Moulali,Zts-Moulali,17.45551864,78.5554567,ZTS TWS Tarnaka
1087,oeQatcpC,Industrial Estate,Industrial Estate,17.44814012,78.55092062,INDUSTRIAL ESTATE twd Lalapet
1088,13Iy1vCU,Lalapet,Lalapet,17.43735708,78.54413576,LALAPET twd Tarnaka
1089,xPL0SL5V,St.Anns-Tarnaka,St.Anns-Tarnaka,17.43046699,78.53494819,ST ANNS twd Tarnaka
1090,FJlBAIGJ,Tarnaka,Tarnaka,17.42754052,78.53203777,TARNAKA Temple twd MGBS
1091,HKswdTR3,Tarnaka,Tarnaka,17.4259403,78.53019029,TARNAKA RTC Hospital twd MGBS
1092,NRUyhunT,Manikeshwari Nagar,Manikeshwari Nagar,17.420442,78.524697,MANIKESHWARI NAGAR twd Koti
1093,vUCvIngb,Ladies Hostel-Osmania University,Ladies Hostel-Osmania University,17.41373294,78.52157336,LADIES HOSTEL OSMANIA UNIVERSITY twd Mgbs
1094,G9s1FKXK,Adikmet,Adikmet,17.40783627,78.51360619,ADIKMET twd Mgbs
1095,pZwR5xOb,Vidyanagar,Vidyanagar,17.4045714,78.51052884,VIDYANAGAR twd Cbs
1096,qlx7W2Rm,Nallakunta,Nallakunta,17.39884685,78.50595551,NALLAKUNTA Bus Stop twd Kachiguda
1097,5XYVRO5k,Fever Hospital,Fever Hospital,17.39542547,78.502475,FEVER Hospital twd Koti
1098,S4ZgJ4j0,Koti Maternity Hospital,Koti Maternity Hospital,17.38550191,78.48705098,KOTI MATERNITY HOSPITAL twd CBS
1099,QkB6ZBXo,Chaderghat,Chaderghat,17.38087829,78.49124187,CHADARGHAT twd Koti
1100,IFUW9ATI,Koti Maternity Hospital,Koti Maternity Hospital,17.38535101,78.48707117,KOTI MATERNITY HOSPITAL twd Ramkoti
1101,g7J1aoV9,Ramkoti,Ramkoti,17.39048552,78.48614707,RAMKOTI twd Tourist
1102,DxR2G5xI,Tourist Hotel,Tourist Hotel,17.38976435,78.49583114,TOURIST HOTEL twd Kachiguda
1103,lmNrF1fn,Barkatpura Pf Office,Barkatpura Pf Office,17.393438,78.49768057,BARKATPURA PF Office
1104,oqXwvTAD,Shankar Mutt,Shankar Mutt,17.40078772,78.50797242,SHANKAR MATT twd Bus Bhavan
1105,cnb9sj7L,Adikmet,Adikmet,17.40765711,78.51339698,ADIKMET twd Tarnaka
1106,F63cpsvc,Ladies Hostel-Osmania University,Ladies Hostel-Osmania University,17.4140858,78.52156531,LADIES HOSTAL OSMANIYA UNIVERSITY twd Tarnaka
1107,wU2QZX66,Manikeshwari Nagar,Manikeshwari Nagar,17.42071388,78.52467969,MANIKESHWARI NAGAR twd Tarnaka
1108,JhfnnEoI,Tarnaka,Tarnaka,17.42769648,78.53189483,TARNAKA Temple twd Lalapet
1109,RV7q8Yg5,St.Anns-Tarnaka,St.Anns-Tarnaka,17.43108915,78.53529721,ST.ANNS TARNAKA twd ECIL
1110,tOmVVbFa,Lalapet,Lalapet,17.43753365,78.54404893,LALAPET twd Moula Ali
1111,CaaGDLgb,Industrial Estate,Industrial Estate,17.4482244,78.55075867,INDUSTRIAL Estate twd Kushaiguda
1112,ra9Z5fxL,Zts,Zts,17.45586918,78.55626136,ZTS X Road twd Ecil
1113,ghqjvuBW,Carbide Bus Stop,Carbide Bus Stop,17.45422137,78.56029809,CARBIDE twd Ecil
1114,RWwq3iDL,Play Ground-Hb Clny,Play Ground-Hb Clny,17.45316655,78.56579157,HB Colony Play Ground twd Ecil
1115,wTYjikjv,Vasundara - Hb Colony,Vasundara - Hb Colony,17.45553406,78.56581272,VASUNDHARA Degree College twd ECIL
1116,URF7Laox,Indiranagar Moulali,Indiranagar Moulali,17.45797497,78.56483102,INDIRANGR Moulali twd Ecil
1117,BqTPfSLk,Moulali,Moulali,17.46235278,78.561607,MOULALI Unani twd Ecil
1118,DcECcLiz,Sp Nagar,Sp Nagar,17.46569264,78.56232328,SP NAGAR twd ECIL
1119,XBpOVMiR,Tarnaka,Tarnaka,17.426442,78.530393,TARNAKA twd ECIL
1120,ifmdrWo8,Ecil X Road,Ecil X Road,17.47289,78.56992,ECIL twd Nagaram
1121,CcmOHg1S,Koti Medical College,Koti Medical College,17.38272995,78.48243355,KOTI Medical College twd Cbs
1122,8NJ7K0hT,Hayathnagar Bus Depot,Hayathnagar Bus Depot,17.32593581,78.59334811,HAYATNAGAR-2 Bus Depot
1123,mc3dL5Ff,Panama Godowns,Panama Godowns,17.33723288,78.56981725,PANAMA twd Ngos Colony
1124,e5MGu6Vh,Ymca Narayanaguda,Ymca Narayanaguda,17.394294,78.489862,NARAYANGUDA Metro Station(YMCA) twd Secunderabad
1125,zTPiNLvK,Narayanaguda,Narayanaguda,17.39821025,78.49310338,NARAYANGUDA twd Secunderabad
1126,HLIWxCVj,Chikkadpally,Chikkadpally,17.40357228,78.49525184,CHIKKADAPALLY twd Secunderabad
1127,gAiZU7VX,Chikkadpally,Chikkadpally,17.40230127,78.49521916,CHIKKADAPALLY twd Koti
1128,54FDshBp,Narayanaguda,Narayanaguda,17.39882325,78.4939523,NARAYANGUDA twd Koti
1129,75lZ77rU,Ymca Narayanaguda,Ymca Narayanaguda,17.39560472,78.49060084,YMCA twd Afzalgunj
1130,jyxaxJvF,Kachiguda X Roads,Kachiguda X Roads,17.3926204,78.48956024,KACHEGUDA X ROAD twd Koti
1131,CC8E84Vl,Badi Chowdi,Badi Chowdi,17.38850118,78.4875492,BADI Chowdi twd Koti
1132,D148CtdH,Farooqnagar,Farooqnagar,17.32855307,78.46979499,FAROOQNAGAR Bus Depot
1133,TdN7ab6j,Uppuguda,Uppuguda,17.33379514,78.48107664,NALLAVAGU twd Huppuguda
1134,lobxtiF5,Chatrinaka,Chatrinaka,17.34333201,78.47802958,CHATRINAKA twd Charminar
1135,ZV1Idm6T,Vst Bus Stop,Vst Bus Stop,17.40391656,78.50480452,VST X ROAD twd Kacheguda
1136,MDESrJm0,Shankar Mutt,Shankar Mutt,17.400595,78.507909,SHANKARMUTT twd Nallakunta
1137,SSKECBaa,Nimboliadda,Nimboliadda,17.38446684,78.49381652,NIMBOLIADDA twd CBS
1138,5ujaHZM4,Chatrinaka,Chatrinaka,17.34364301,78.47801713,CHATRINAKA twd Huppuguda
1139,343azeNk,Nallavagu,Nallavagu,17.3338073,78.48111486,NALLAVAGU twd Chandrayanagutta
1140,aseDOeAP,Chandrayangutta,Chandrayangutta,17.32603613,78.47725689,CHANDRAYANGUTTA twd Pahadishareef
1141,BS1DyocP,Shiva Sindhu Public School,Shiva Sindhu Public School,17.3212774,78.57226075,SHIVASINDU twd Ngos colony
1142,0Kx7ALo3,Nalgonda X Road,Nalgonda X Road,17.375414,78.49787772,NALGONDA X ROAD twd MGBS
1143,Yrao0IpL,Mile Stone,Mile Stone,17.21178398,78.5286963,WONDER La X Rds twd Rr Collectorate
1144,fTruv54u,Kongara Kalan Village,Kongara Kalan Village,17.1999111,78.5505107,KONGARA Kalan twd Charminar
1145,thblSwIe,Adibatla,Adibatla,17.2328613,78.54245333,ADIBATLA Village
1146,vPo1HP02,Chanakyapuri Adibatla,Chanakyapuri Adibatla,17.24296126,78.53996079,CHANAKYAPURI twd Nadargul
1147,bFgvI4h5,Nadergul,Nadergul,17.2736464,78.53931785,NADARGUL twd Koti
1148,Oz2boA70,Mvsr College,Mvsr College,17.28208498,78.53733294,MVSR ENGINEERING COLLEGE twd Koti
1149,milwCOqR,Sri Nilaya Township,Sri Nilaya Township,17.29000373,78.53580956,SRI NILAYA TOWNSHIP twd Koti
1150,YOeJq9L5,Gandhi Nagar,Gandhi Nagar,17.294,78.535,GANDHI Nagar Hyderabad twd Koti
1151,Xj0UYlIJ,Anjaneya Tower,Anjaneya Tower,17.29799902,78.53198469,ANJANEYA Tower twd Koti
1152,csIUD03w,Badangpet,Badangpet,17.3072385,78.52517188,BADANGPET twd Koti
1153,pSVUx50D,Udyog Nagar,Udyog Nagar,17.31271831,78.52294832,UDYOG Nagar twd Koti
1154,9xY1MiNf,Lenin Nagar,Lenin Nagar,17.31564768,78.5226385,LENIN Nagar twd Koti
1155,yAkFlxiY,Balapur X Road,Balapur X Road,17.31913287,78.51918385,BALAPUR X Road twd Koti
1156,W7eLvazM,Midhani Township,Midhani Township,17.32383184,78.51524258,MIDHANI Township twd Koti
1157,VmOlNzOp,Dhatunagar Kanchanbagh,Dhatunagar Kanchanbagh,17.32509642,78.51409972,DHATU NAGAR twd Bdl
1158,0RAWghM1,Drdo Township,Drdo Township,17.32672059,78.51269971,BDL FACTORY twd Secunderabad
1159,i0fZc9zq,Mall-Yacharam,Mall-Yacharam,16.96731099,78.72964002,MALL Bus Station
1160,KKCB9GoD,Marriguda X Road Twd Mall Bus Station,Marriguda X Road Twd Mall Bus Station,16.97352603,78.73019993,MARRIGUDA X Road twd Mall Bus station
1161,pO6sAU61,Thammaloniguda X Road,Thammaloniguda X Road,16.98682316,78.71102482,THAMMALONIGUDA X ROAD twd Ibrahimpatnam
1162,nZ0VE6bp,Thakkellapalle,Thakkellapalle,17.0020508,78.68999362,THAKKELLAPALLY X ROAD twd Ibrahimpatnam
1163,F0gMYThS,Chintapatla,Chintapatla,17.00930698,78.6865738,CHINTHAPATLA X Road twd Yacharam
1164,wMh8I3aC,Chinthapatla Thanda,Chinthapatla Thanda,17.01202318,78.68532657,CHINTHAPATLA Thanda twd Yacharam
1165,Mept7Ecz,Balagram,Balagram,17.01823896,78.68151113,BALAGRAM twd Yacharam
1166,6KHzkpgL,Yacharam-Yacharam,Yacharam-Yacharam,17.04231228,78.66428196,YACHARAM twd MGBS
1167,abgokAaJ,Chowderpalle-Yacharam,Chowderpalle-Yacharam,17.06998993,78.66562843,CHOWDERPALLE X Road twd Ibrahimpatnam
1168,WmF8pdo0,Gungal,Gungal,17.10619336,78.66675764,GUNGAL twd Ibrahimpatnam
1169,yHuojUCF,Agapally-Ibrahimpatnam,Agapally-Ibrahimpatnam,17.13449538,78.67148906,AGAPALLY twd Ibrahimpatnam
1170,eMqegQbs,Sagar Ring Road,Sagar Ring Road,17.34226774,78.54629159,SAGAR RING ROAD twd MGBS
1171,mS29TVPi,Agapally-Ibrahimpatnam,Agapally-Ibrahimpatnam,17.13424419,78.67170095,AGAPALLY twd Mall
1172,cVyeXWiM,Gungal,Gungal,17.10551914,78.66675496,GUNGAL twd Mall
1173,KfYhafYQ,Chowderpalle-Yacharam,Chowderpalle-Yacharam,17.07,78.666,CHOWDERPALLE X Road twd Mall
1174,MnSdosEx,Yacharam-Yacharam,Yacharam-Yacharam,17.04245574,78.66444826,YACHARAM twd Mall
1175,UzsUL4t2,Balagram,Balagram,17.01819921,78.68170023,BALAGRAM twd Mall
1176,AlXmWDAl,Chinthapatla Thanda,Chinthapatla Thanda,17.01216176,78.68546602,CHINTHAPATLA Thanda twd Mall
1177,Lqw6dwzy,Chintapatla,Chintapatla,17.00934417,78.68668109,CHINTHAPATLA twd Mall
1178,BI2ZZCvd,Thakkellapalle,Thakkellapalle,17.00195716,78.69012773,THAKKELLAPALLY X RAOD twd Mall
1179,PgRBiaoC,Marriguda X Road Twd Hyderabad,Marriguda X Road Twd Hyderabad,16.97358246,78.72994781,MARRIGUDA X Road twd Hyderabad
1180,nrauyNia,Bairammalguda,Bairammalguda,17.34302942,78.54275108,BAIRAMMALGUDA twd MGBS
1181,gq6BW6qd,Karmanghat,Karmanghat,17.344272,78.532326,KARMANGHAT twd Hyderabad
1182,AZOuxq4o,Green Park Conoly,Green Park Conoly,17.34523194,78.52562847,GREEN PARK CLY twd MGBS
1183,GPNW7g0E,Chadarghat Rose Bakery,Chadarghat Rose Bakery,17.37754626,78.49131167,CHADARGHAT Niagara Hotel
1184,KnDqL1iX,Champapet,Champapet,17.34856207,78.51571307,CHAMPAPET twd LB Nagar
1185,ZhoDJQSH,Green Park Conoly,Green Park Conoly,17.34524739,78.52611685,GREEN PARK CLY twd IBP
1186,aLUM8fck,Karmanghat,Karmanghat,17.344441,78.532242,KARMANGHAT twd Devarkonda
1187,yvB2IyVr,Bairammalguda,Bairammalguda,17.34316081,78.54312351,BAIRAMMALGUDA twd Ibrahimpatnam
1188,tbrwca0O,Kachiguda Depot,Kachiguda Depot,17.38640676,78.49822478,KACHIGUDA BUS DEPOT
1189,vI7Y9Kh7,Post Office-Nacharam,Post Office-Nacharam,17.42801034,78.56070041,POST OFFICE twd Uppal
1190,hEZNkuQw,Ts Food X Rd Chilukanagar,Ts Food X Rd Chilukanagar,17.425,78.562,TS FOOD X Road twd Uppal
1191,XQbDOfeo,Chilkanagar,Chilkanagar,17.41905104,78.56528699,CHILKANAGAR twd Uppal
1192,GCC2DDnV,Chilkanagar,Chilkanagar,17.41919692,78.56505632,CHILKANAGAR twd Kushaiguda
1193,QIlZodWA,Ts Food X Rd Chilukanagar,Ts Food X Rd Chilukanagar,17.425,78.562,TS FOOD X Road twd ECIL
1194,o8SEMKee,Post Office-Nacharam,Post Office-Nacharam,17.42779047,78.56065214,POST OFFICE twd ECIL
1195,AMDPVwrq,Chadarghat,Chadarghat,17.38224338,78.49324957,CHADARGHAT twd Kachiguda
1196,UtaLk5UH,Begum Bazar,Begum Bazar,17.3714052,78.46866457,BEGUM Bazar twd Jumeraat Bazaar
1197,QM7IWsHM,Jummerath Bazar,Jummerath Bazar,17.370926,78.463016,JUMERAAT Bazaar twd Begum Bazar
1198,koni6KO4,Puranapool,Puranapool,17.36911162,78.45862628,PURANA Pool twd Jiyaguda
1199,IsryoAuN,Jiyaguda Hyd Bus Stop,Jiyaguda Hyd Bus Stop,17.36986162,78.44848316,JIYAGUDA Bus Stop
1200,9LrqeKqV,Jiyaguda Hanuman Temple,Jiyaguda Hanuman Temple,17.37,78.442,JIAGUDA Kht
1201,c0rnBfWY,Toli Masjid,Toli Masjid,17.37505941,78.43775064,TOLI MASJID twd Langer House
1202,VImjXTHb,Langar House Ring Road,Langar House Ring Road,17.37672073,78.42921317,MOGHAL KA NALA twd Mehdipatnam
1203,4A7ZUuQV,Langar House Ring Road,Langar House Ring Road,17.37681096,78.42951693,MOGHAL KA NALA twd Aramghar
1204,0rdcWYsq,Toli Masjid,Toli Masjid,17.3750799,78.43776807,TOLI MASJID twd Jiyaguda
1205,TtImbfkg,Puranapool,Puranapool,17.369,78.459,PURANA Pool twd Jumerat Bazar
1206,bzEedbkc,New Maruti Nagar,New Maruti Nagar,17.37702151,78.54367912,NEW MARUTHI NAGAR twd Satya nagar
1207,5acrFhXn,Satya Nagar,Satya Nagar,17.38101487,78.54505777,SATYA Nagar
1208,jsxZiMqX,Extension,Extension,17.32992007,78.40938089,BUDWEL EXTENSION twd Rajendra Nagar
1209,7b3LoXHr,Budwel,Budwel,17.33083189,78.40673625,BUDVEL VILLAGE twd Kismatpur
1210,X01g1Ytq,Kismatpur-Gandipet,Kismatpur-Gandipet,17.3344343,78.39130261,KISMATPUR twd Bandlaguda Jagir
1211,UHYBnKwn,Abhiyudaya Nagar,Abhiyudaya Nagar,17.34724417,78.38084472,ABHYUDAYA Nagar Colony
1212,tMN6yDNC,Langar House,Langar House,17.374278,78.417719,LANGAR HOUSE(Bapur Nagar) twd Hyderabad
1213,ASEPtNq8,Telephone Bhavan,Telephone Bhavan,17.40712214,78.46616059,TELEPHONE Bhavan
1214,Q4LKayLd,Bible House,Bible House,17.43000156,78.49251327,BIBLE House twd Secunderabad
1215,CoiZasYw,Kismatpur-Gandipet,Kismatpur-Gandipet,17.33434477,78.39138869,KISMATPUR twd Budvel
1216,xWvdaTS4,Nayapul,Nayapul,17.371368,78.477861,NAYAPOOL SALARJUNG Museum twd CBS
1217,E6bWGv3K,Mother Dairy,Mother Dairy,17.33597317,78.61418903,MOTHERDAIRY twd Kuntloor
1218,jp2suXs4,Kuntloor,Kuntloor,17.341,78.626,KUNTLOOR VILLAGE twd Taramathipet
1219,bAX3mHHp,Kuntloor,Kuntloor,17.34,78.626,KUNTLOOR twd Hayathnagar
1220,EfxH0lPA,Mother Dairy,Mother Dairy,17.33586561,78.61415416,MOTHERDAIRY twd Hayathnagar
1221,DXPzJ9AH,Yadagiri Theater,Yadagiri Theater,17.34634261,78.50822563,YADAGIRI THEATER twd Midhani
1222,SShmjMxs,Drdo Township,Drdo Township,17.32689981,78.51278015,BDL FACTORY twd Badangpet
1223,9sENfyoW,Dhatunagar Kanchanbagh,Dhatunagar Kanchanbagh,17.32513808,78.51431457,DHATU Nagar Twd BDG
1224,wwgHNAcs,Midhani Township,Midhani Township,17.32382672,78.51541423,MIDHANI Township twd Bandlaguda
1225,qlPqIO3z,Balapur X Rds,Balapur X Rds,17.31913284,78.51961967,BALAPUR X ROAD twd Badangpet
1226,zilTX2l3,Lenin Nagar,Lenin Nagar,17.31598202,78.52264655,LENIN Nagar twd Bandlaguda
1227,FrTvHO6q,Udyog Nagar,Udyog Nagar,17.313,78.523,UDYOG Nagar twd Bandlaguda
1228,z8abhQJs,Gandhi Nagar Badangpet,Gandhi Nagar Badangpet,17.2939886,78.53485468,GANDHI NAGAR Hyd twd Naderguel
1229,Y5gq5Ixd,Sri Nilaya Township,Sri Nilaya Township,17.28903056,78.53620644,SRI NILAYA TOWNSHIP twd Nadergul
1230,TkExXTEm,Mvsr College,Mvsr College,17.28191583,78.5373973,MVSR Engineering College twd Nadergul
1231,NoyXYOn6,Nadargul,Nadargul,17.274,78.539,NADARGUL twd Adibatla
1232,rPqtY9CN,Rice Mill,Rice Mill,17.26706592,78.53929637,RICEMILL twd Adibatla
1233,KtkSAtp5,Chanakyapuri Adibatla,Chanakyapuri Adibatla,17.24283167,78.54000718,CHANAKYAPURI twd Adibatla
1234,qKBkRTkh,New Maruti Nagar,New Maruti Nagar,17.37708037,78.54368985,NEW MARUTHI NAGAR twd Kothapet
1235,eTWU0Ild,Maruti Nagar,Maruti Nagar,17.37345312,78.54139386,MARUTI NAGAR twd Dilshuknagar
1236,fGL8ebtH,Saroor Nagar,Saroor Nagar,17.35470387,78.53200883,SAROORNAGAR twd Dilsukhnagar
1237,HUwlpCwk,Kuntloor Harijanawad,Kuntloor Harijanawad,17.35,78.625,KUNTLOOR HARIZANAWADA twd Rajeev Gruha Kalpa
1238,DXeL91de,Kuntlur Rajiv Gruhakalpa,Kuntlur Rajiv Gruhakalpa,17.356,78.636,KUNTLOOR Rajiv Gruhakalpa
1239,DshMjCFN,Indukuri Apartments,Indukuri Apartments,17.34852012,78.64465171,INDUKURI APARTMENTS TWD KUNTLOOR
1240,hsziFiVC,Double Bedroom X Road,Double Bedroom X Road,17.362313,78.65162,DOUBLE BEDROOM X ROADTWD GOWRELLY
1241,Pi5PJHIH,Thimmaiguda Double Bedroom,Thimmaiguda Double Bedroom,17.36518439,78.65056362,THIMMAIGUDA DOUBLE BEDRROM
1242,VVz06oGJ,Kuntloor Harijanawad,Kuntloor Harijanawad,17.35,78.625,KUNTLOOR Harizanawada
1243,p8PmSOxR,Kuntloor Y Junction,Kuntloor Y Junction,17.34526195,78.63187283,Y JUNCTION twd Taramathipet
1244,q0X5Nnt4,Pasumamula,Pasumamula,17.35079711,78.64895851,PASUMAMULA twd Taramathipet
1245,sm0nu3zr,Pasumamula,Pasumamula,17.35067413,78.64891292,PASUMAMULA twd Hayathnagar
1246,755DZcV8,Kuntloor Y Junction,Kuntloor Y Junction,17.34519544,78.63185138,Y JUNCTION twd Haytnagar
1247,5xMsGFxM,Indukuri Apartments,Indukuri Apartments,17.34861549,78.64460477,INDUKURI APARTMENTS TWD ORR
1248,6D8DLdWh,Maruti Nagar,Maruti Nagar,17.3737731,78.54133217,MARUTI NAGAR twd Satyanagar
1249,uLJtzHRB,Amul Diary,Amul Diary,17.3525026,78.66086584,AMUL DIARY TWD THARMASPET
1250,Jkdxeeuh,Tharamathipet X Roads,Tharamathipet X Roads,17.3550674,78.67190748,TARAMATHIPET X Road twd Taramathipet Village
1251,tG7YXq2Q,Tharamathipet,Tharamathipet,17.35644489,78.6774087,TARAMATHIPET twd Bacharam
1252,gBq5jhiv,Gowrelly,Gowrelly,17.366,78.673,GOWERELLY X ROAD twd Bacharam
1253,qBKH9CNv,Bacharam X Rds,Bacharam X Rds,17.372,78.687,BACHARAM X Road twd Bacharam Village
1254,myzjFCj3,Bacharam,Bacharam,17.395,78.69,BACHARAM Village
1255,C1G51OCr,Bacharam X Rds,Bacharam X Rds,17.372,78.687,BACHARAM X ROAD twd Hayathnagar
1256,P9Yge8Ha,Gowrelly,Gowrelly,17.367,78.673,GOWRELLY X ROAD twd Tarmathipet
1257,Sy8pzSx4,Tharamathipet,Tharamathipet,17.35636668,78.67728263,TARAMATHIPET twd Hayatnagar
1258,VCtYCOEc,Amul Diary,Amul Diary,17.35255004,78.66069601,AMUL DIARY TWD PASUMAMULA
1259,ubcOUm5H,Mile Stone,Mile Stone,17.35508788,78.67206574,TARAMATHIPET X Road twd Hayatnagar
1260,eqAssT0D,Kachiguda Depot,Kachiguda Depot,17.38681039,78.49883625,KACHEGUDA Bus Depot twd koti
1261,BPKTUW3L,Khairatabad Metro Station,Khairatabad Metro Station,17.41416544,78.45863971,KHAIRATABAD twd Patancheruvu
1262,FasnykLX,Mythrivanam,Mythrivanam,17.44004554,78.44236414,MAITRIVANAM twd Patancheruvu
1263,iRgXa7Ff,Kukatpally Village,Kukatpally Village,17.48385396,78.41241718,KUKATPALLY twd Patancheruvu
1264,UJBloCiO,Nizampet X Road,Nizampet X Road,17.498276,78.390314,NIZAMPET X ROAD twd Patancheruvu
1265,UGAn2AmQ,Chanda Nagar,Chanda Nagar,17.494893,78.323144,CHANDANAGAR twd Patancheruvu
1266,bvEEiOTS,James Street,James Street,17.43550102,78.48843192,JAMES STREET twd Secunderabad
1267,Q2vgPe0x,Paradise,Paradise,17.44166021,78.48756194,PARADISE twd Secunderabad
1268,gyZqpCtW,Minerva,Minerva,17.44102552,78.49307925,MINERVA twd Secunderabad
1269,7EnIzbEJ,Laskarguda,Laskarguda,17.298,78.691,LASHKARGUDA VILLAGE twd Anajpur
1270,DSUFpHmT,Surmaiguda,Surmaiguda,17.29276953,78.69027257,SURMAIGUDA VILLAGE twd Anajpur
1271,JBTKsF6k,Majeedpur,Majeedpur,17.28769885,78.69373793,MAJEEDPUR X ROAD twd Majeedpur
1272,HsxwV66P,Anajpur,Anajpur,17.27014974,78.69371651,ANAJPUR VILLAGE twd Sanghinagar
1273,EmrlCE2d,Majeedpur,Majeedpur,17.28767832,78.69345897,MAJEEDPUR X ROAD twd Abdullapur mettu
1274,q2fHi9dQ,Surmaiguda,Surmaiguda,17.29273906,78.69021892,SURMAIGUDA VILLAGE twd Abdullapurmet
1275,HUK4iP4B,Laskarguda,Laskarguda,17.29693877,78.69102895,LASHKARGUDA VILLAGE twd Abdullapurmet
1276,V7kdAGRo,Anajpur Pati,Anajpur Pati,17.26698556,78.69741864,ANAJPUR Pati
1277,pikZsh6P,Anajpur,Anajpur,17.27030891,78.69376752,ANAJPUR VILLAGE twd Abdullapurmet
1278,vQnkI4J9,Bheem Nagar Jiyaguda,Bheem Nagar Jiyaguda,17.369221,78.45413758,BHEEM NAGAR twd Jiyaguda
1279,0GcTrXVc,Bheem Nagar Jiyaguda,Bheem Nagar Jiyaguda,17.36926677,78.45402729,BHEEM NAGAR twd CBS
1280,8qLR1FdN,Minerva,Minerva,17.44091556,78.49297731,MINERVA twd Ranigunj
1281,lZgDC84S,Paradise,Paradise,17.44113574,78.48784894,PARADISE twd Tankbund
1282,FS12Sz4G,James Street,James Street,17.43562634,78.48857313,JAMES STREET twd Afzalgunj
1283,BBYVBsOP,Thorrur X Road,Thorrur X Road,17.32908054,78.59617397,THORRUR X ROAD twd Munaganoor
1284,BEFZVUD1,Hayath Nagar Village,Hayath Nagar Village,17.323,78.603,HAYATHNAGAR OLD VILLAGE twd Munuganoor
1285,xkyaFzF8,Munaganur X Roads,Munaganur X Roads,17.31609854,78.6019367,MUNUGANOOR X ROAD twd Thorrour
1286,JBNfwDAo,Munaganoor Hayathnagar,Munaganoor Hayathnagar,17.3011028,78.60900164,MUNUGANOOR twd Koheda
1287,5DonNAuD,Thorrur-Hyd,Thorrur-Hyd,17.289,78.613,THORRUR VILLAGE twd Brahmanpally
1288,6kp3k1EM,Brahmanapally,Brahmanapally,17.2682374,78.61722227,BRAHMANAPALLY twd Hayathnagar
1289,B2Eivg0A,Thorrur-Hyd,Thorrur-Hyd,17.289,78.613,THORRUR VILLAGE twd Hayatnagar
1290,Se2I2oa3,Munaganoor Hayathnagar,Munaganoor Hayathnagar,17.301,78.609,MUNUGANOOR twd Dilsukhnagar
1291,Wrvb9ZtD,Munaganur X Roads,Munaganur X Roads,17.31638533,78.60159338,MUNAGANOOR X Road twd Dilshuknagar
1292,PFCx8DCM,Hayath Nagar Village,Hayath Nagar Village,17.323,78.602,HAYATHNAGAR OLD VILLAGE twd Dilshuknagar
1293,AttYFWn7,Dommari Pochampally,Dommari Pochampally,17.59146155,78.41813897,DOMMARI Pochampally twd Gandimaisamma
1294,9WKRY32C,Dundigal,Dundigal,17.60706823,78.41629464,DUNDIGAL Bus Station
1295,UBnpQRqJ,Gandimaisamma,Gandimaisamma,17.57506286,78.42333907,GANDIMAISAMMA twd Jeedimetla
1296,GAstXCkZ,Bahadur Pally X Road,Bahadur Pally X Road,17.55997035,78.43108804,BAHADURPALLY X Road twd Jeedimetla
1297,CM04iqbe,Suraram X Road,Suraram X Road,17.541284,78.433879,SURARAM X Road twd Secunderabad
1298,12LvRz4y,Sai Baba Nagar,Sai Baba Nagar,17.535778,78.434947,SAI BABA Nagar twd Secunderabad
1299,P3E8zTnC,Jeedimetla,Jeedimetla,17.52668,78.440339,JEEDEMETLA twd Secunderabad
1300,QCerdw5u,Sub Station-Jeedimetla,Sub Station-Jeedimetla,17.522705,78.443744,JEEDIMETLA Sub Station twd Secunderabad
1301,8i4V23bl,Rythu Bazar,Rythu Bazar,17.51763312,78.44675481,RAITH BAZAR twd Secunderabad
1302,IhCYXkvc,Shapur Nagar,Shapur Nagar,17.51331291,78.44747633,SHAHPUR Nagar twd Secunderabad
1303,CBCRWwzJ,Gajularam X Road,Gajularam X Road,17.509412,78.448168,GAJULARAMARAM X Road twd Secunderabad
1304,o5ofBU5W,Quthubullapur X Road,Quthubullapur X Road,17.49909562,78.45181346,QUTHBULLAPUR X RD twd  secundrabad
1305,n6IjCqPi,Hmt,Hmt,17.5028406,78.45047493,HMT twd Kachiguda
1306,ICyggC8Y,Chintal,Chintal,17.495457,78.452336,CHINTAL twd Balnagar
1307,P4ygyI2C,Ganesh Nagar Chintal,Ganesh Nagar Chintal,17.491376,78.45136,GANESH NAGAR twd Secunderabad
1308,1dbVPVSh,Idpl Colony,Idpl Colony,17.487433,78.45032752,IDPL Colony twd Secundrabad
1309,fsopSgWz,Idpl Water Tank,Idpl Water Tank,17.48115737,78.44912856,IDPL Water Tank twd Balanagar
1310,pA8QrbqG,Balnagar,Balnagar,17.46697099,78.44626129,BALANAGAR twd Secunderabad
1311,doMjm67z,Balnagar,Balnagar,17.467078,78.445087,BALANAGAR twd Patancheru
1312,wzqS7LeU,Prashanth Nagar Bus Station,Prashanth Nagar Bus Station,17.47378188,78.4269762,PRASHANTH NAGAR  twd Patancheru
1313,sJOTK4tF,Telangana High Court,Telangana High Court,17.36853816,78.47386658,HIGHCOURT Madina twd Aramghar
1314,z9SyjOpM,Jahangir Nagar Colony,Jahangir Nagar Colony,17.33978297,78.55693997,JAHANGIR Nagar twd Ganesh temple
1315,SrbjUK71,Mile Stone,Mile Stone,17.33760669,78.55836958,RTC COLONY twd Ganesh temple
1316,EE1sEjHz,Venkataramana Colony,Venkataramana Colony,17.3334836,78.55804562,VENKATARAMANA COLONY twd ChintalKunta Check Post
1317,yD4zET2h,Fci Colony,Fci Colony,17.33254994,78.56157481,FCI Colony twd Ganesh temple
1318,kp2atLnL,Lb Nagar,Lb Nagar,17.34370533,78.55552912,LB Nagar (District stop) twd Vijayawada
1319,WPvHzcUP,Saroor Nagar,Saroor Nagar,17.35469939,78.53205241,SAROORNAGAR twd Karmanghat
1320,lysFc3vc,Mile Stone,Mile Stone,18.31318979,79.47100064,SAIDABAD X ROAD
1321,j5XvbmcP,Jail Saidabad,Jail Saidabad,17.3661,78.4973,JAIL SAIDABAD
1322,XL6Fir58,Dabirpura Daewaza,Dabirpura Daewaza,17.3679,78.4856,DABIRPURA DAEWAZA
1323,2taLh1Y1,Saraswathi Nagar,Saraswathi Nagar,17.3583,78.5192,SARASWATHI NAGAR
1324,E2cvPdYo,Mile Stone,Mile Stone,17.35934636,78.51992758,SHANKESHWAR BAZAR
1325,stX5GY7u,Bairagiguda,Bairagiguda,17.37029937,78.37494135,BAIRAGIGUDA
1326,NzjS8nRO,Mettuguda,Mettuguda,17.43659867,78.51987954,METTUGUDA twd Malkajgiri
1327,NhDTN8qE,New Bridge,New Bridge,17.439543,78.525307,NEW BRIDGE twd Malkajgiri
1328,AbClhnuJ,Mirjalguda,Mirjalguda,17.44225932,78.53248224,MIRJALGUDA twd Malkajgiri
1329,tXWC6LQl,Sairam Theatre Malkajgiri,Sairam Theatre Malkajgiri,17.44617406,78.535548,SAI RAM Theatre twd ECIL
1330,gpJuB97d,Malkajgiri,Malkajgiri,17.45001225,78.5357143,MALKAJGIRI twd ECIL
1331,wyBRy0MM,Anutex,Anutex,17.45029627,78.53239238,ANUTEX twd ECIL
1332,hBswGvlT,Vani Nagar Malkajgiri,Vani Nagar Malkajgiri,17.452,78.533,VANI NAGAR twd ECIL
1333,ZVuLmrGb,Rk Nagar,Rk Nagar,17.45533455,78.5354769,RK Nagar twd ECIL
1334,2LxQkU4U,Anand Bagh X Roads,Anand Bagh X Roads,17.45884993,78.53639959,ANANDBAGH twd ECIL
1335,Q2jWEkmH,Safilguda,Safilguda,17.46107348,78.53560556,SAFILGUDA twd ECIL
1336,Hy5djRkO,Krupa Complex Bus Stop Hyd_D,Krupa Complex Bus Stop Hyd_D,17.46512564,78.53857554,KRUPA COMPLEX twd Ecil
1337,w2XsDVM9,Vinayak Nagar X Rd Safilguda,Vinayak Nagar X Rd Safilguda,17.46927879,78.53903353,VINAYAK NAGAR twd Secunderabad
1338,T4ybBfzI,Neredmet,Neredmet,17.474,78.538,NEREDMET OLD PS BUS STOP twd Chennapur NTR Statue
1339,dVYcUk3V,Vajpayee Nagar,Vajpayee Nagar,17.47787006,78.53738129,VAJPAI NAGAR twd ECIL
1340,vNMI3dhZ,Neredmet X Road,Neredmet X Road,17.48219394,78.53728909,NEREDMET X ROAD twd ECIL
1341,o1qcYgnv,Vayupuri Sainikpuri,Vayupuri Sainikpuri,17.483529,78.544791,VAYUPURI twd ECIL
1342,Yqp7S1zK,Sainikpuri,Sainikpuri,17.48371422,78.55002422,SAINIKPURI X ROAD twd ECIL
1343,WutKAu9W,Sharada Theater,Sharada Theater,17.48160906,78.55461718,SHARADA twd Ecil
1344,5FCbpmQ6,As Rao Nagar,As Rao Nagar,17.479608,78.558052,AS RAO Nagar twd ECIL
1345,joS2DGW3,Radhika,Radhika,17.47750414,78.56307022,RADHIKA twd ECIL
1346,ePjbJqHk,"Kamla Nagar, As Rao Nagar","Kamla Nagar, As Rao Nagar",17.47636821,78.56751591,KAMLA Nagar twd ECIL
1347,GSJmBdtr,City College,City College,17.36789,78.467936,CITY COLLEGE twd Aramghar
1348,TFm5YU6p,Police Quarters Puranapool,Police Quarters Puranapool,17.36724956,78.46295502,POLICE QUARTERS twd Aramghar
1349,WcoWHTHU,Puranapool,Puranapool,17.36491904,78.45708534,PURANAPOOL twd Nagarkurnool
1350,hdo2SrbW,Bahadurpura,Bahadurpura,17.356,78.455,BAHADURPURA twd Aramghar
1351,QqO1GKhR,Zoo Park,Zoo Park,17.35073566,78.45249742,NEHRU Zoological Park twd Shamshabad
1352,BiJHmH83,Tadbund,Tadbund,17.34519987,78.45080764,TADBUND twd Raichur
1353,L8f2vJsl,Miralam Tank,Miralam Tank,17.34087499,78.45054088,MIR Alam Tank Filter Beds twd Aaramghar
1354,WskMuZOg,Danamma Jhopdi,Danamma Jhopdi,17.33674801,78.44937768,DANAMMA JHOPDI twd Aramgarh
1355,0gWdIFBx,Hasan Nagar,Hasan Nagar,17.33476408,78.44178468,HASAN NAGAR twd Aramgarh
1356,FmUchy2Z,Lb Nagar,Lb Nagar,17.34370533,78.55552912,LB Nagar (District stop) twd Narketpally
1357,0UU4xkjZ,Brilliant Engg College,Brilliant Engg College,17.30832443,78.70123209,BRILLIANT ENGG COLLEGE twd Choutuppal
1358,aYQr0kfY,Batasingaram Village,Batasingaram Village,17.30168705,78.7264019,BATASINGARAM VILLAGE twd Kothagudem
1359,Sg6jvF4D,Netaji Institute Of Engineering And Technology,Netaji Institute Of Engineering And Technology,17.307,78.767,NETAJI Institute Of Engineering And Technology twd PCPL
1360,wogU2xCY,Narayanagiri  X Road,Narayanagiri  X Road,17.328,78.785,NARAYANAGIRI X Rd
1361,mgMNI6Rp,Jalalpur,Jalalpur,17.332,78.801,JALALPUR twd PCPL
1362,Lklu3I5q,Pochampally,Pochampally,17.34851364,78.82081295,BHOODHAN Pochampally twd Bibinagar
1363,1VmCu0MF,Jalalpur-Narayanpet,Jalalpur-Narayanpet,16.722989,77.436724,JALALPUR VILLAGE
1364,RB9msflD,Pochampally Model School,Pochampally Model School,17.331,78.781,TS Model School Pochampally
1365,2Go7spYf,Nfc X Roads,Nfc X Roads,17.44849446,78.57533866,NFC X Roads twd ECIL
1366,DQIWkyuz,Mile Stone,Mile Stone,18.117315,78.035147,JALALPUR Village
1367,iFFYZAEz,Play Ground-Hb Clny,Play Ground-Hb Clny,17.45224607,78.56628015,HB Playground twd Mallapur
1368,KBNcnnNc,Amberpet,Amberpet,17.39120989,78.51627231,AMBERPET twd Secunderabad
1369,GRtmMlIG,Gayatri Nagar,Gayatri Nagar,17.33380198,78.53206515,GAYATRI NAGAR Bus Stop
1370,fYXtw8ZZ,Karmanghat,Karmanghat,17.34516979,78.53189349,KARMANGHAT twd Dilsukhnagar
1371,ELFLyHem,Mgbs,Mgbs,17.366,78.476,MGBS
1372,k2jPxrLa,Revan Palle,Revan Palle,17.357,78.831,REVAN Palle
1373,1bLFQ7uG,Gouse Konda,Gouse Konda,17.375,78.834,GOUSEKOND
1374,LntxNwkd,Rajendranagar,Rajendranagar,17.32201353,78.4016937,RAJENDRA Nagar twd Dairy Farm
1375,LTnmMvR6,Rajendranagar,Rajendranagar,17.32984325,78.40913414,RAJENDRA NAGAR EXTENSION twd Dairy Farm
1376,d8khXuWv,Budvel,Budvel,17.33311067,78.40949357,BUDVEL twd DairyFarm
1377,EkOkaGwm,Chintalmet,Chintalmet,17.35219033,78.42212078,CHINTALMET twd Mehdipatnam
1378,wobPN83B,Mm Pahadi,Mm Pahadi,17.351,78.429,MM Pahadi
1379,Gj4rlykl,Pahadi 9 Number,Pahadi 9 Number,17.35594296,78.43426108,9 No
1380,W6uQBiPD,Ram Bagh,Ram Bagh,17.36158516,78.43550552,NANDIMUSLAYGUDA twd Koti
1381,vM9MLKp4,Kishanbagh,Kishanbagh,17.35927874,78.44402432,KISHANBAGH twd Koti
1382,bE0Ql4Xj,Jalwa Hotel,Jalwa Hotel,17.35825344,78.4482944,JALWA HOTEL twd Koti
1383,GkAA1KAn,Bahadurpura,Bahadurpura,17.35641337,78.45452282,BAHADURPURA twd CBS
1384,O1snihtt,Puranapool,Puranapool,17.36662429,78.4582169,PURANA Pool twd Hyderabad
1385,VaCQ6ogT,Police Quarters Puranapool,Police Quarters Puranapool,17.36735047,78.46306801,POLICE QUARTERS twd Afzalgunj
1386,MZBRlGER,City College,City College,17.36805561,78.46814543,CITY COLLEGE twd CBS
1387,5FN1VMfK,Jalwa Hotel,Jalwa Hotel,17.35819593,78.44830511,JALWA HOTEL twd Kishan Bagh
1388,w6O0ksoC,Kishanbagh,Kishanbagh,17.35907651,78.44310164,KISHANBAGH twd Rajendranagar
1389,YM8Ly8sq,Ram Bagh,Ram Bagh,17.3615545,78.43581143,NANDIMUSLAY twd Rajendranagar
1390,tQHAYvr2,Chintalmet,Chintalmet,17.35206961,78.42208862,CHINTALMET twd Aramghar
1391,VDiNAleU,Dairy Farm Upperpally,Dairy Farm Upperpally,17.34501874,78.41561235,DAIRY Farm twd Rajendranagar
1392,AbVRxLMd,Gouse Konda,Gouse Konda,17.375,78.834,GOUSEKOND twd Dsnr
1393,E1DNBWtD,Revan Palle,Revan Palle,17.357,78.831,REVAN PALLE twd Dilsukhnagar
1394,9afmQNBK,Jalalpur,Jalalpur,17.33199433,78.80100858,JALALPUR twd MGBS
1395,y1H3hSwq,Narayanagiri  X Road,Narayanagiri  X Road,17.327863,78.78502295,NARAYANAGIRI X Rd twd Dilsukhnagar
1396,syOADYRI,Netaji Institute Of Engineering And Technology,Netaji Institute Of Engineering And Technology,17.30672114,78.76707898,NETAJI Institute Of Engineering And Technology twd MGBS
1397,7bRgaCv2,Bata Singaram,Bata Singaram,17.30158969,78.72656282,BATASINGARAM VILLAGE twd Abdullapur Met
1398,pEO8eLRF,Brilliant Engg College,Brilliant Engg College,17.308,78.701,BRILLIANT COLLEGE twd L B nagar
1399,GZbBPEBn,Sahara Estate,Sahara Estate,17.34784316,78.56923959,SAHARA ESTATES
1400,mCiQo8le,Ramanthapur Tv Studio,Ramanthapur Tv Studio,17.39656449,78.52994621,RAMANTHAPUR TV STUDIO twd MGBS
1401,RYYPWK86,Police Line-Amberpet,Police Line-Amberpet,17.38641187,78.51667329,AMBERPET POLICE LINE twd Dilshuknagar
1402,HVbtuFZX,Raithu Bazar-Vsp,Raithu Bazar-Vsp,17.3303,78.5755,RAITHU BAZAR twd Vaidehi Nagar
1403,7YQlmEbH,Moghal College,Moghal College,17.31442381,78.46194028,MOGHAL COLLEGE twd Mehdipatnam
1404,E0bcVhMF,Jayashankar Agriculture University,Jayashankar Agriculture University,17.31981404,78.41827244,AGRICULTURE University
1405,n3iH03S5,Budwel,Budwel,17.33075764,78.40723526,BUDVELVILLAGE twd Dairy Farm
1406,RdmJtWwI,Moghal College,Moghal College,17.31457241,78.46201927,MOGHAL COLLEGE twd Uppal
1407,al3vmX3N,Nppti,Nppti,17.3368078,78.41185927,NPPTI
1408,vfnAXqAg,Ag College,Ag College,17.31456034,78.42469833,AG College twd Mehdipatnam
1409,lLDmBejQ,Police Line-Amberpet,Police Line-Amberpet,17.38664349,78.5165593,AMBERPET POLICE LINE twd Sec-bad
1410,SPObbJBG,Mamatha Nagar,Mamatha Nagar,17.38039016,78.55801687,MAMATHA NAGAR twd JBS
1411,nEUX8RWh,Sujata Hotel,Sujata Hotel,17.3743591,78.5605029,SUJATHA Hotel twd Sainagar
1412,k36xJbzo,Sai Nagar,Sai Nagar,17.36703452,78.56199726,SAI Nagar twd Alkapuri
1413,BcGPQmhM,Ramkrishnapuram,Ramkrishnapuram,17.36800403,78.54993504,RAMKRISHNAPURAM
1414,i8TLfl8s,Vivekananda Nagar,Vivekananda Nagar,17.36318534,78.53058726,V.V NAGAR Bus Station
1415,3y1ViY7J,Koti,Koti,17.38467001,78.48439474,KOTI Bus Terminal
1416,65xHYVX2,Nagarjuna Circle,Nagarjuna Circle,17.42710469,78.44481289,SULTHAN COLLEGE twd Jublee hills check post
1417,fgg0IQHr,Tv9 Office,Tv9 Office,17.42685389,78.4397167,TV9 Headoffice twd RGIA
1418,2mWGJyjR,Lv Prasad Eye Hospital,Lv Prasad Eye Hospital,17.4235,78.4274,LV Prasad twd Kbr Park
1419,YjH8S4NX,Annapurna Studio,Annapurna Studio,17.42347815,78.4249565,ANNAPURNA STUDIO twd Jublee hills check post
1420,KUmRnItI,Jubilee Hills Checkpost,Jubilee Hills Checkpost,17.42761122,78.4141981,JUBILEE HILLS CHECKPOST twd Madhapur
1421,55C1Tg1j,Ushakiran Movies,Ushakiran Movies,17.4299656,78.4108776,USHA KIRAN MOVIES twd Peddamma temple
1422,XhtuWNK7,Peddamma Temple,Peddamma Temple,17.43178261,78.406865,PEDDAMMA Temple twd Madhapur
1423,7MFTYaN6,Kondapur,Kondapur,17.464,78.367,KONDAPUR twd Hafizpet
1424,UZLVMJZP,Cr Foundation Rd,Cr Foundation Rd,17.473514,78.364022,CR Foundation twd Hafizpet
1425,KygDhDqC,Hafeezpet,Hafeezpet,17.47829446,78.36174511,HAFEEZPET twd Allwin x road
1426,TW2rdSwj,Allwyn X Road,Allwyn X Road,17.49196355,78.35304111,ALLWYN X RD twd Hafeezpet
1427,j99JCHUS,Hafeezpet,Hafeezpet,17.47951248,78.36128353,HAFEEZPET twd Kondapur
1428,5LwOZkFg,Cr Foundation Rd,Cr Foundation Rd,17.473431,78.364314,CR FOUNDATION twd Gachibowli
1429,Zwyl6fdB,Peddamma Temple,Peddamma Temple,17.43159835,78.40720026,PEDDAMMA TEMPLE twd Koti
1430,RmEz87YD,Ushakiran Movies,Ushakiran Movies,17.43016546,78.41104924,USHAKIRAN Movies twd Koti
1431,h2hMOYiv,Jubilee Hills Checkpost,Jubilee Hills Checkpost,17.42771378,78.41647799,JUBLEE HILLS CHECK POST twd Secunderabad
1432,q4cCb1IV,Jubilee Hills Checkpost,Jubilee Hills Checkpost,17.42613545,78.41828141,JUBLIE Hills Check Post twd Lv prasad
1433,tquaarUN,Annapurna Studio,Annapurna Studio,17.42368171,78.42489614,ANNAPURNA STUDIO twd Koti
1434,dXemqBWm,Lv Prasad Eye Hospital,Lv Prasad Eye Hospital,17.424,78.428,LV Prasad EYE Hospital twd Punjagutta
1435,1mxfl1ME,Tv9 Office,Tv9 Office,17.42656733,78.43837021,TV9 twd Punjagutta
1436,y6Kh51iI,Nagarjuna Circle,Nagarjuna Circle,17.42725313,78.44500623,SULTHAN COLLEGE twd Koti
1437,oS9Z79lQ,Suraram Clny,Suraram Clny,17.54025678,78.43840113,SURARAM Colony Jeedimetla
1438,qO4U0Drr,Jambagh,Jambagh,17.383115,78.478306,JAMBAGH twd Mehdipatnam
1439,p8REFkwK,Maithrivanam,Maithrivanam,17.43704545,78.44278514,MAITHRIVANAM twd Yousufguda
1440,FkZHuszf,State Home,State Home,17.43644515,78.43953699,STATE Home twd Kondapur
1441,ZhXCxXmg,Yousufguda Basti,Yousufguda Basti,17.43648866,78.43367367,YOUSUFGUDA Basthi twd Kondapur
1442,Gn0cvdob,Yousufguda Check Post,Yousufguda Check Post,17.43645972,78.42808905,YOUSUFGUDA CHECK POST twd Kondapur
1443,qOUl2tGQ,Rahamath Nagar Yusufgudda,Rahamath Nagar Yusufgudda,17.43998191,78.42403248,RAHAMATH NAGAR twd Borabanda
1444,xooQRzAc,Karmika-Nagar,Karmika-Nagar,17.44450697,78.42415586,KARMIKA NAGAR twd Yusufguda
1445,WlMQCvLz,Sri Ram Nagar Yusufguda,Sri Ram Nagar Yusufguda,17.44926892,78.42294484,SRI RAM NAGAR twd Borabanda
1446,raxOJ94x,Kalyan Nagar,Kalyan Nagar,17.45079811,78.42282079,KALYAN Nagar twd Mothi nagar
1447,Uzl4lfDY,Mothinagar X Road,Mothinagar X Road,17.45409536,78.42225954,MOTINAGAR X ROAD twd Borabanda
1448,Km6BXdHU,Borabanda,Borabanda,17.45417276,78.41627687,BORABANDA Bus Station
1449,AIKHLZLb,Mothinagar X Road,Mothinagar X Road,17.45428918,78.42231687,MOTHINAGAR X ROAD twd Erragadda
1450,3Nct5xT3,Sri Ram Nagar Yusufguda,Sri Ram Nagar Yusufguda,17.4492677,78.42296366,SRI RAM NAGAR twd Yusufguda
1451,GPyxthaT,Rahamath Nagar Yusufgudda,Rahamath Nagar Yusufgudda,17.43989714,78.4241116,RAHAMATH Nagar twd Yusufguda
1452,Vy7sJKvK,Yousufguda Check Post,Yousufguda Check Post,17.43740634,78.42825729,YOUSUFGUDA Check Post twd Panjagutta
1453,D9QGYrqD,Yousufguda Basti,Yousufguda Basti,17.43678,78.432168,YOUSUFGUDA Basti  twd Secunderabad
1454,VdNXwVYT,Bright School,Bright School,17.4339399,78.43664255,BRIGHT SCHOOL twd Punjagutta
1455,FOye99Qm,Srinagar Colony,Srinagar Colony,17.43023175,78.43897372,SRINAGAR Colony twd Punjagutta
1456,Cq1NAPG5,Shanti Nagar-Pedda Amberpet,Shanti Nagar-Pedda Amberpet,17.32463809,78.65205914,SHANTHI Nagar P Amberpet
1457,AFuELweC,Mile Stone,Mile Stone,17.43939323,78.31485994,GOPANPALLE Milestone
1458,Tx3Uycgr,Tellapur,Tellapur,17.46267772,78.28747988,TELLAPUR X Roads twd Kollur
1459,3Wth2CAI,Osman Nagar,Osman Nagar,17.44185474,78.272084,OSMAN NAGAR twd Kollur
1460,Dd51Cr9K,Kollur Double Bed Room,Kollur Double Bed Room,17.43432886,78.25696036,KOLLUR Double Bedroom twd Kollur
1461,qogLRr9i,Darga,Darga,17.41549151,78.39420498,DARGA twd Filmnagar
1462,BwA3VoUm,Almas Hotel,Almas Hotel,17.4328984,78.32119631,JOURNALIST COLONY TWD GOPANPALLY
1463,cv7asuHO,City Civil Court,City Civil Court,17.36806393,78.47981304,CITY CIVIL COURT
1464,YXiLVcxv,Upparpally,Upparpally,17.35904509,78.42081929,UPPARPALLY VILLAGE
1465,ZPqwNLNm,Hyderguda,Hyderguda,17.36347971,78.42355011,HYDERGUDA TWD KOTI
1466,ScnQYjip,Huda Colony,Huda Colony,17.36240047,78.43328894,HUDA COLONY TWD KOTI
1467,uIE7mDMT,Gowlipura,Gowlipura,17.3488925,78.47876129,GOWLIPURA twd Lalitabagh
1468,9VtkSrB1,Railway Bridge Twd Lalitabagh,Railway Bridge Twd Lalitabagh,17.34534146,78.48695512,RAILWAY BRIDGE twd Lalitabagh
1469,QUMWwuD6,Care Hospital-Gachibowli,Care Hospital-Gachibowli,17.43092017,78.3723289,"CARE HOSPITAL, GACHIBOWLI twd RGIA"
1470,6DU6OUtP,Aramghar,Aramghar,17.32219789,78.43161371,ARAMGHAR X ROADS twd LB Nagar
1471,ZCUbEEKX,Sathamrai,Sathamrai,17.27480234,78.40089024,SATHAMRAI twd Mehdipatnam
1472,uDEafHkm,Gagan Pahad,Gagan Pahad,17.2929198,78.41715912,GAGANPAHAD twd Mehdipatnam
1473,c4GSrwrY,Saidabad Police Station,Saidabad Police Station,17.36377663,78.50250721,SAIDABAD PS twd SaidabadColony
1474,016SpKiY,Sbi Colony Twd Saidabadcolony,Sbi Colony Twd Saidabadcolony,17.361258,78.513002,SBI COLONY twd SaidabadColony
1475,OxxSW7Ka,Saidabad Colony,Saidabad Colony,17.358963,78.509521,SAIDABAD COLONY
1476,FdzfzCbn,Medipally,Medipally,17.41003475,78.60356212,MEDIPALLY twd JBS
1477,hCkrCbOE,Uppal Depot,Uppal Depot,17.40539205,78.58949527,UPPAL DEPOT twd Secunderabad
1478,wzVG2qnT,Ramanthapur,Ramanthapur,17.39721716,78.53158236,RAMANTHAPUR Colony  twd Koti
1479,NtsTwkjS,Tilak Nagar,Tilak Nagar,17.39411245,78.50860927,TILAKNAGAR twd Mehdipatnam
1480,u7Fc9ErH,Barkatpura,Barkatpura,17.395,78.498,BARKATPURA twd Narayanguda
1481,BZjon0sG,Narayanaguda,Narayanaguda,17.40025784,78.49007115,NARAYANGUDA twd Mehdipatnam
1482,7n1855W7,Himayath Nagar,Himayath Nagar,17.4024756,78.4832798,HIMAYATHNAGAR twd Mehdipatnam
1483,wuszFLRB,In Bar,In Bar,17.4052257,78.48002493,INBAR twd Lakdikapul
1484,QwXoY0uV,Liberty,Liberty,17.40641195,78.47793146,LIBERTY twd Uppal
1485,pQXuSRxs,In Bar,In Bar,17.40534631,78.48002762,INBAR twd Fever Hospital
1486,R2f0UX4v,Himayath Nagar,Himayath Nagar,17.40338295,78.48251937,HIMAYAT NAGAR twd Uppal
1487,Yq3JPEYJ,Narayanaguda,Narayanaguda,17.40017465,78.49059686,NARAYANA Guda twd Uppal
1488,NIknWgGq,Ali Cafe,Ali Cafe,17.38251985,78.51804794,ALI CAFE twd Uppal
1489,Fuvttp0V,Boduppal Kaman,Boduppal Kaman,17.404896,78.587278,BODUPPAL twd Yadagirigutta
1490,hwwH4jUc,Uppal Depot,Uppal Depot,17.40545704,78.58914996,UPPAL DEPOT twd Medipally
1491,Q7014tR9,Medipally,Medipally,17.41,78.603,MEDIPALLY twd Ghatkesar
1492,Y2GiAmHw,Sriram Colony,Sriram Colony,17.29309494,78.4418115,SRI Ram Colony
1493,RVsmh9HH,Madhuban Colony Laxmiguda,Madhuban Colony Laxmiguda,17.30100554,78.43725984,MADHUBAN
1494,459G0WxM,Kedia Biscuit Factory,Kedia Biscuit Factory,17.30785306,78.43231916,KEDIA Biscuit Factory
1495,IOGs7PmE,Katedan,Katedan,17.31212018,78.43849892,KATEDHAN twd Aramghar
1496,Ncgu6OoP,Aramghar,Aramghar,17.32265368,78.43287438,ARAMGHAR twd MGBS
1497,LtgvwYh2,National Police Academy,National Police Academy,17.33250641,78.4391132,NATIONAL Police Academy twd Hyderabad
1498,TYww7xzS,Hasan Nagar,Hasan Nagar,17.3348703,78.44177931,HASAN Nagar twd Bahadurpura
1499,DL2nBeP5,Danamma Jhopdi,Danamma Jhopdi,17.33688596,78.44939075,DANAMA JHOPDI twd Bahadurpura
1500,we1t6UcD,Miralam Tank,Miralam Tank,17.3409684,78.45040806,MIR Alam Tank Filter Beds twd Hyderabad
1501,sLmnrMSX,Tadbund,Tadbund,17.34529812,78.45073521,TADBUND twd Bahadurpura
1502,A5AwwQHd,Zoo Park,Zoo Park,17.352375,78.45267,NEHRU ZOOLOGICAL PARK KISHAN BAGH twd Hyderabad
1503,gbj1Dn5Q,Durga Nagar-Aramghar,Durga Nagar-Aramghar,17.31401416,78.44341546,DURGANAGAR X Road twd Srinagar Colony
1504,PBbH3tM0,Katedan,Katedan,17.31190412,78.43841318,KATEDHAN twd Sriram Nagar
1505,X4MYo5qT,Ambedkar Nagar,Ambedkar Nagar,17.269147,78.544883,AMBEDKARNAGAR
1506,xVZAdWOQ,Yadagiri Theater,Yadagiri Theater,17.34678259,78.50819345,YADAGIRI THEATER twd Koti
1507,vBc58vIY,Rice Mill,Rice Mill,17.26709153,78.53919981,RICEMILL twd Nadargul
1508,kCIp0eHf,Mile Stone,Mile Stone,17.23983842,78.57222169,MODEL HIGHSCHOOL
1509,RZ6zEeHB,Kaman Twd Sai Balaji Homes,Kaman Twd Sai Balaji Homes,17.30598458,78.51607755,KAMAN twd Sai balaji homes
1510,9elEuxzw,Srisai Balaji Homes,Srisai Balaji Homes,17.29985,78.51558,SAI Balaji Home B Pet
1511,ZCWAa3mM,Kaman Twd Badangpet,Kaman Twd Badangpet,17.30611176,78.51615428,KAMAN twd Badangpet
1512,nPhhXd2I,Ramdev Guda,Ramdev Guda,17.37543495,78.39647448,RAMDEVGUDA twd Golconda Fort
1513,X65S57TD,Golconda Fort Bus Station,Golconda Fort Bus Station,17.38525366,78.40313673,GOLCONDA FORT Bus Station
1514,pcfz4AiZ,Kongara Kalan Village,Kongara Kalan Village,17.19993927,78.55056441,KONGARA Kalan twd Yeliminedu
1515,72nVMcAa,Wonderla,Wonderla,17.21253235,78.52659347,WONDER LA X ROD twd Bongloor
1516,9Wj6lb1G,Wonderla,Wonderla,17.21685092,78.52769767,WONDERLA
1517,12saOR5x,Rr Collectorate,Rr Collectorate,17.18935934,78.53086987,RR COLLECTORATE-K.Kalan
1518,7giWF6ge,Kurmalguda-Nadargul,Kurmalguda-Nadargul,17.26719405,78.51905912,KURMALGUDA twd Indra Nagar
1519,XxKLTyzD,Mile Stone,Mile Stone,17.272,78.508,INDRANAGAR
1520,7qtgR7Vl,Kurmalguda-Nadargul,Kurmalguda-Nadargul,17.26720423,78.51915032,KURMALGUDA twd Midhani
1521,qpsOb8NT,Sardar Nagar,Sardar Nagar,17.2318726,78.47358227,SARDARNAGAR twd Amangal
1522,A079uMEB,Bjp Quarters,Bjp Quarters,17.32577368,78.51969615,BJP QUARTERS twd Mandamallamma x road
1523,xs5HfbWq,Bjp Quarters,Bjp Quarters,17.32578483,78.51986913,BJP QUARTERS twd Balapur x road
1524,7JQGY8aq,Pahadi Shareef,Pahadi Shareef,17.2717018,78.47342939,PAHADI Sharif
1525,6WMZmtOZ,Sachivalaya Nagar,Sachivalaya Nagar,17.32890131,78.57178532,SACHIVALAYA NAGAR Vanastalipuram
1526,i1O0CrCB,Kendriya Vidyalaya-Odf,Kendriya Vidyalaya-Odf,17.49482615,78.13433111,CENTRAL SCHOOL twd Ordinance Factory
1527,jjTOf7Dn,Ordinance Factory,Ordinance Factory,17.50680292,78.13607991,ORDINENS FACTORY
1528,fNpAaT7s,Ordinance Factory,Ordinance Factory,17.50702942,78.1363602,ORDINANCE FACTORY twd Mehdipatnam
1529,DdWch2Wn,Kendriya Vidyalaya-Odf,Kendriya Vidyalaya-Odf,17.49440164,78.13440621,CENTRAL SCHOOL twd Shankarpally
1530,4lZ1ReBK,Hyder Nagar,Hyder Nagar,17.49954,78.383844,HYDERNAGAR twd Koti
1531,SBpjAyzx,Mangalpalle-Ibrahimpatnam,Mangalpalle-Ibrahimpatnam,17.20893515,78.59507024,MANGALPALLE twd Ibrahimpatnam
1532,fP96Ktrp,Mile Stone,Mile Stone,17.18676113,78.64904165,IBRAHIMPATNAM Bus Depot
1533,04mJO1AJ,Times School Twd Sharadadhamam,Times School Twd Sharadadhamam,17.34149923,78.39221233,TIMES SCHOOL twd Sharadadhamam
1534,tG4J8i6l,Sharadadamam,Sharadadamam,17.34540789,78.39179367,SHARADHAMAM twd Bandlagudajaghir
1535,W6QGjO6t,Bandlaguda Jagir,Bandlaguda Jagir,17.35122461,78.38988122,BANDLAGUDA JAGIR twd Kali Mandir
1536,HVacVN7k,Shanthi Nagar Bandlaguda Jagir,Shanthi Nagar Bandlaguda Jagir,17.36326852,78.39085624,SHANTHI NAGAR twd Mehidipatnam
1537,pogVY7SA,Hydershakoti,Hydershakoti,17.36868661,78.39505792,HYDERSHAKOTE twd Mehdipatnam
1538,a5xAO1LB,Hydershakoti,Hydershakoti,17.36872779,78.39324211,HYDERSHAKOTE twd Shamshabad
1539,dNa6vhrJ,Shanthi Nagar Bandlaguda Jagir,Shanthi Nagar Bandlaguda Jagir,17.36323402,78.39087367,SHANTHI NAGAR twd Shamshabad
1540,8EkWG3EM,Bandlaguda Jagir,Bandlaguda Jagir,17.351,78.39,BANDLAGUDA JAGIR twd Kismatpur
1541,ZvWd5zt7,Sharadadamam,Sharadadamam,17.34543605,78.39183391,SHARADHAMAM twd Kismathpur
1542,UafXCKBH,Mile Stone,Mile Stone,17.34149389,78.39223757,TIMES SCHOOL twd Kismathpur
1543,IEmm4huz,Boats Club,Boats Club,17.428567,78.488812,BOATS Club twd Koti
1544,ZFQrPSa1,Karmika-Nagar,Karmika-Nagar,17.44425993,78.42411296,KARMIKA NAGAR twd Borabanda
1545,top0S40G,Kalyan Nagar,Kalyan Nagar,17.4510559,78.42287511,KALYAN NAGAR twd Yusufguda
1546,MHRfZoa4,Gunthapalle,Gunthapalle,17.282,78.705,GUNTAPALLE VILLAGE twd Majedpur
1547,x28d7cJf,Avanthi Engg Clg,Avanthi Engg Clg,17.28233601,78.70823001,AVANTHI ENG COLLEGE twd Majedpur
1548,GbGvYUab,Mazidpur Village,Mazidpur Village,17.28155748,78.7128353,MAJEEDPUR VILLAGE twd Dandumailaram
1549,XKFmr7fi,Mile Stone,Mile Stone,17.26840805,78.72178315,KUBERAPURI twd Dandu mailaram
1550,dlQbuusO,Narrepalle,Narrepalle,17.25999149,78.73468995,NARREEPALLE twd Dandumailaram
1551,WvMFuY0p,Dandumailaram,Dandumailaram,17.23092463,78.76094207,DANDUMAILARAM twd Ibrahimpatnam
1552,xTxCnGuv,Dandumailaram,Dandumailaram,17.23100148,78.76091393,DANDUMAILARAM twd Choutupal
1553,9FFAPE8x,Narrepalle,Narrepalle,17.25978173,78.73451824,NARREEPALLE twd Polkampally
1554,41HAB087,Kuberapuri Twd Abdullapur Mettu,Kuberapuri Twd Abdullapur Mettu,17.26833633,78.72156858,KUBERAPURI twd Abdullapur mettu
1555,smIcb0dP,Mazidpur Hayathnagar,Mazidpur Hayathnagar,17.28149083,78.71279775,MAJEEDPUR VILLAGE twd Abdullapurmet
1556,lyrOFxGC,Avanthi Engg Clg,Avanthi Engg Clg,17.28243004,78.70812735,AVANTHI ENG COLLEGE twd Abdullapurmet
1557,EChYUfJl,Gunthapalle,Gunthapalle,17.282,78.705,GUNTAPALLE VILLAGE twd Abdullapurmet
1558,nrGl5G18,Errakunta Hyd Bus Stop,Errakunta Hyd Bus Stop,17.30363354,78.47462497,ERRAKUNTA twd Maheshwaram
1559,0481ggli,Pahadi Shareef,Pahadi Shareef,17.27241222,78.47312726,PAHADI Shareef twd Mamidipalli
1560,EfDqrG4w,Omer Colony,Omer Colony,17.26913802,78.46621424,OMER Colony
1561,SAwLUJiF,Mamidipally,Mamidipally,17.24935075,78.45098735,MAMIDIPALLY twd Shamshabad
1562,lOzqzi2E,Sri Sai Dharmagiri Kshetram,Sri Sai Dharmagiri Kshetram,17.25924602,78.41821343,SRI SAI TEMPLE Dharmagiri twd Shamshabad
1563,3IjVrdPo,Rgi Airport,Rgi Airport,17.24078484,78.42925069,RGI AIRPORT
1564,fKjLfk9G,Chintapatla,Chintapatla,17.00951217,78.68664891,CHINTHAPATLA X Road twd Chinthapatla
1565,ULoD3Z9g,Thammaloniguda X Road,Thammaloniguda X Road,16.98679494,78.711171,THAMMALONIGUDA X RAOD twd Mall
1566,46ERbs1N,Mall Bs,Mall Bs,16.96738443,78.72971714,MALL twd Devanakonda
1567,VLMgYPNs,Mile Stone,Mile Stone,17.18077,78.6518687,KAPAD X Road
1568,LOnsDDDd,Cherlapatelguda X Road,Cherlapatelguda X Road,17.1804832,78.63693953,CHERLAPATELGUDA X ROAD twd Veliminedu
1569,BoJqNEvb,Rajamahendra College,Rajamahendra College,17.17495816,78.63586663,RAJAMAHENDRA COLLEGE twd Cherlapatelguda
1570,H5g5Piv2,Cherlapatelguda,Cherlapatelguda,17.16795186,78.6338228,CHERLAPATELGUDA VILLAGE twd Kappad
1571,xkwklHr9,Karnamguda,Karnamguda,17.17527591,78.62324939,KARNAMGUDA twd Eliminedu
1572,RsTHf5RR,Pocharam-Ibrahimpatnam,Pocharam-Ibrahimpatnam,17.17801276,78.60051513,POCHARAM twd Mangalpally
1573,Vdyu1nge,Metilla,Metilla,17.164,78.594,METILLA twd Enedu
1574,9UirTnPr,Yeliminedu,Yeliminedu,17.14404032,78.59487174,YELIMINEDU twd Madapuram
1575,Ea0iAjDN,Timmapur X Roads,Timmapur X Roads,17.143,78.589,THIMMAPUR X ROAD twd Madapuram
1576,IobWZ0kF,Madhapur-Kandukur,Madhapur-Kandukur,17.12817964,78.58152509,MADHAPUR twd Gumadavely
1577,4C1MiLTY,Middle Tank Band,Middle Tank Band,17.42345795,78.48591775,MIDDLE TANK BUND twd Mehdipatnam
1578,AUw1gaTJ,Shamshabad,Shamshabad,17.26204565,78.38824242,SHAMSHABAD twd RGIA
1579,MIDq6s3m,Sri Sai Dharmagiri Kshetram,Sri Sai Dharmagiri Kshetram,17.25931006,78.41830194,SRI SAI TEMPLE Dharmagiri twd Charminar
1580,7jisLozx,Mamidipally,Mamidipally,17.25,78.451,MAMIDIPALLY twd Charminar
1581,w6P4lO4H,Pahadi Shareef,Pahadi Shareef,17.27239468,78.47308739,PAHADI Shareef twd Charminar
1582,Z2OYHC3k,Middle Tank Band,Middle Tank Band,17.42226794,78.48501921,MIDDLE TANK BAND twd Secundrabad
1583,GwiituYe,Shamshabad,Shamshabad,17.26165632,78.38798761,SHAMSHABAD twd Shubanpur
1584,syF0D7NE,Kishanguda,Kishanguda,17.25431025,78.38055784,KISHANGUDA SHM twd Jp Dargha
1585,lRdPmDfL,Gandiguda,Gandiguda,17.23030731,78.35262261,GANDIGUDA twd Shubanpur
1586,Tgi2Jcer,Gansimiya-Guda,Gansimiya-Guda,17.22581374,78.34732537,GHASMIYAGUDA twd Jp darga
1587,6qUxhHmn,Peddashapur,Peddashapur,17.217,78.341,PEDDA SHAPOOR twd Shubanpur
1588,0XDEo12B,Madanpally,Madanpally,17.19884808,78.322419,MADANAPALLY twd Ameerpet
1589,CwAfl9ku,Palmakole,Palmakole,17.18551835,78.30608233,PALMAKULA twd JP Darga
1590,WQwkzTAa,Thimmapur-Kothur,Thimmapur-Kothur,17.1678494,78.29838582,TIMMAPUR twd Amangal
1591,eSljGJzV,Kothur-Shadnagar,Kothur-Shadnagar,17.14739276,78.28882635,KOTHUR twd Shadnagar
1592,eC6sMKtp,Natco,Natco,17.13598713,78.28579272,NATCO twd Amangal
1593,Si6JPxQ0,Rangapur-Kothur,Rangapur-Kothur,17.12093577,78.29180087,RANGAPUR twd Amangal
1594,EZbW0mKJ,Mekaguda-Kothur,Mekaguda-Kothur,17.10782758,78.29502251,MEKAGUDA twd Jp darga
1595,gH7XUuZ7,Satyahousing-Kothur,Satyahousing-Kothur,17.10287356,78.29603076,SATYAHOUSING twd Amangal
1596,EM18BaQX,Inmul Narwa,Inmul Narwa,17.08408652,78.29927897,INMUL NARVA twd Amangal
1597,nOrdZDm6,Jp Dargha,Jp Dargha,17.0683233,78.30250022,JP DARGHA twd Amangal
1598,7jgUzTnU,Madhapur-Kandukur,Madhapur-Kandukur,17.12833343,78.5814017,MADHAPUR twd Ibrahimpatnam
1599,9bEpBrTN,Timmapur X Roads,Timmapur X Roads,17.14288954,78.58937323,THIMMAPUR X ROAD twd Ibrahimpatnam
1600,w240eneK,Yeliminedu,Yeliminedu,17.14406083,78.59475373,YELIMINEDU twd Ibrahimpatnam
1601,AxOUXrVN,Metilla,Metilla,17.16403602,78.59383107,METILLA twd Pocharam
1602,MrAWiiWF,Uppariguda-Ibrahimpatnam,Uppariguda-Ibrahimpatnam,17.19038438,78.61372769,UPPARI GUDA VILLAGE twd Ibrahimpatnam
1603,CtGQLF1l,Pocharam-Ibrahimpatnam,Pocharam-Ibrahimpatnam,17.17814601,78.60064387,POCHARAM twd Enedu
1604,uOPqZmGk,Mile Stone,Mile Stone,17.14668024,78.59807431,METTILA twd Yeliminedu
1605,on2zzKik,Jabbarguda,Jabbarguda,17.14799762,78.58390687,JABBARGUDA Village Ibrahimpatnam
1606,B2Uj4w8J,Timmapur-Kandukur,Timmapur-Kandukur,17.13047124,78.55772853,TIMMAPUR VILLAGE twd Rachloor
1607,PnphYJMt,Begumpet-Kandukur,Begumpet-Kandukur,17.10805192,78.55358183,BEGUMPET twd Gummadavelly
1608,9yAdOeBH,Timmapur-Kandukur,Timmapur-Kandukur,17.13007668,78.55670393,THIMMAPUR Bus Stop
1609,n2x8pfPj,Jp Dargha,Jp Dargha,17.0676464,78.30214351,JP DARGHA twd Afzalgunj
1610,s23jTZo2,Inmul Narwa,Inmul Narwa,17.08429414,78.29920922,INMUL NARVA twd Afzalgunj
1611,hZ8RpBFl,Satyahousing-Kothur,Satyahousing-Kothur,17.10298377,78.29595298,SATYAHOUSING twd Afzalgunj
1612,51i3b5Ai,Mekaguda-Kothur,Mekaguda-Kothur,17.10773406,78.29480772,MEKAGUDA twd Afzalgunj
1613,9DAeaCCH,Rangapur-Kothur,Rangapur-Kothur,17.12100761,78.29173396,RANGAPUR twd Afzalgunj
1614,VHv8XPql,Natco,Natco,17.13601532,78.28570151,NATCO twd Afzalgunj
1615,WCJaqJRx,Kothur-Shadnagar,Kothur-Shadnagar,17.15,78.29,KOTHUR twd Hyderabad
1616,bBLbIL6H,Thimmapur-Kothur,Thimmapur-Kothur,17.16800056,78.29830131,TIMMAPUR twd Afzalgunj
1617,EYOccjEX,Palmakole,Palmakole,17.18557345,78.30595756,PALMAKULA twd Afzalgunj
1618,qdx4cCDM,Madanpally,Madanpally,17.19896062,78.32239419,MADANAPALLY twd Afzalgunj
1619,0S8B6btL,Peddashapur,Peddashapur,17.219,78.342,PEDDA SHAPOOR twd Shamshabad
1620,Sf8dZ8yk,Gansimiya-Guda,Gansimiya-Guda,17.22592645,78.34713223,GHASMIYAGUDA twd Afzalgunj
1621,rWIOODFe,Gandiguda,Gandiguda,17.23,78.352,GANDIGUDA twd Shamshabad
1622,wnb2jyRf,Kishanguda,Kishanguda,17.25307542,78.3790344,KISHANGUDA SHM twd Afzalgunj
1623,TqbzRh9L,Afzalgunj,Afzalgunj,17.374,78.476,AFZALGUNJ twd Koti
1624,CGjX4zn8,Abdullahpur Village,Abdullahpur Village,17.32044605,78.69236447,ABDHULLAPUR VILLAGE twd Kawadipalle
1625,87o01oN5,Kawadipalle,Kawadipalle,17.33459559,78.69735896,KAWADIPALLY twd Pillaipally
1626,YvubqMGE,Taramathi X Road,Taramathi X Road,17.34376682,78.69695668,TARAMATHIPETA X Road twd Pillaipally
1627,XiitdPhl,Saddu Pally Village,Saddu Pally Village,17.37012533,78.69874299,SADDUPALLAY X RD twd Bandaravirala
1628,zxX03N3Q,Bandaraviryal,Bandaraviryal,17.38886655,78.71834323,BANDARAVIRALA twd Pillaipally
1629,X4KVUm75,Chinna Ravirala,Chinna Ravirala,17.38317069,78.72472018,CHINNA RAVIRALA twd Abdullapurpet
1630,v69ltsCr,Guvvaleti X Roads,Guvvaleti X Roads,17.3773594,78.73352587,GUVVALETI X Road twd Pillaipally
1631,m35QCVzJ,Pillai Palle,Pillai Palle,17.37517593,78.73866499,PILLAIPALLY VILLAGE twd Juloor
1632,HxhFC5MV,Jagathpally X Roads,Jagathpally X Roads,17.36957748,78.75455975,JAGATHPALLY X Road twd JAGATHPALLY
1633,qWLixMnC,Jagatthpalle,Jagatthpalle,17.35791935,78.7652457,JAGATHPALLY twd Juloor
1634,Pj9X3SdL,Peddagudem-Pochampally,Peddagudem-Pochampally,17.38043113,78.76934409,PEDDAGUDEM twd Juloor
1635,t3pIlfPs,Julur Temple,Julur Temple,17.38900351,78.78408283,JULUR Temple
1636,EK3WdY8x,Alinagar Juloor,Alinagar Juloor,17.38354889,78.78027675,ALINAGAR twd PILLAPALLI
1637,B9ZQPyhF,Peddagudem-Pochampally,Peddagudem-Pochampally,17.380528,78.76944071,PEDDAGUDEM twd Pillaypally
1638,hEZRInZL,Jagatthpalle,Jagatthpalle,17.35810616,78.76537433,JAGATHPALLY twd Pochampally
1639,vhyCcbVB,Jagathpally X Roads,Jagathpally X Roads,17.36967507,78.75441894,JAGATHPALLY X Road twd pillaipally
1640,32IJWuDb,Pillai Palle,Pillai Palle,17.3751298,78.73859793,PILLAIPALLY twd Abdullapurpet
1641,SmVeYMsB,Guvvaleti X Roads,Guvvaleti X Roads,17.3773594,78.73335958,GUVVALETI X Road twd Abdullapurpet
1642,IVChBGlL,Bandaraviryal,Bandaraviryal,17.38885766,78.71840358,BANDARAVIRALA twd Abdullapurpet
1643,2kbydhqx,Saddu Pally Village,Saddu Pally Village,17.37015601,78.69888782,SADDUPALLAY X RD twd Abdullapur mettu
1644,UVufBafQ,Taramathi X Road,Taramathi X Road,17.34381802,78.69721416,TARAMATHIPETA twd Abdullapurmet
1645,cX94IdDb,Kawadipalle,Kawadipalle,17.33458558,78.69728118,KAVADPALLY twd Abdullapurmet
1646,amWgvBxX,Abdullapurmet,Abdullapurmet,17.32039503,78.69253646,ABDHULLAPUR VILLAGE twd Mettu
1647,WqrBuvb5,Jnnurm Colony,Jnnurm Colony,17.31875391,78.67620036,JUNURM Colony twd Junurm Colony
1648,RMiuR7Lj,Jnnurm Colony,Jnnurm Colony,17.322,78.678,JNNURUM Colony Hyd
1649,52RJK0Px,Tarnaka,Tarnaka,17.424928,78.535651,TARNAKA-IICT twd Uppal
1650,sz0LT1cL,Koheda Village,Koheda Village,17.28180832,78.63586664,KOEDA VILLAGE twd Sanghinagar
1651,FXfDNZkp,Koheda Village,Koheda Village,17.28178271,78.63578081,KOHEDA VILLAGE twd Hayathnagar
1652,4TZp4GDN,Thorrur X Road,Thorrur X Road,17.3283841,78.59663129,THORRUR X ROAD twd Dilshuknagar
1653,CHr4jZcC,Langar House,Langar House,17.374015,78.417593,LANGAR HOUSE (Bapu Nagar) twd Sedam
1654,11LODEPw,Mangalpalle-Ibrahimpatnam,Mangalpalle-Ibrahimpatnam,17.209,78.595,MANGALPALLE twd Kongara
1655,t3K4SmA3,Saheb Guda X Roads,Saheb Guda X Roads,17.20640375,78.57445478,SAHEBGUDA X ROAD twd Kongara
1656,itxD28XB,Saheb Guda X Roads,Saheb Guda X Roads,17.20650624,78.57449232,SAHEBGUDA X ROAD twd Mangalpally
1657,UMQil1uC,Turkaguda-Ibrahimpatnam,Turkaguda-Ibrahimpatnam,17.153,78.619,TURKAGUDA twd Kappad
1658,jhXFqJE3,Kappapahad,Kappapahad,17.142,78.616,KAPPAD twd Veliminedu
1659,7E1D5fCY,Kappapahad,Kappapahad,17.142,78.616,KAPPAD twd Ibrahimpatnam
1660,utsKX4NJ,Turkaguda-Ibrahimpatnam,Turkaguda-Ibrahimpatnam,17.15288259,78.61898482,TURKAGUDA twd Ibrahimpatnam
1661,IBwewgdL,Rajamahendra College,Rajamahendra College,17.17507091,78.63560916,RAJAMAHENDRA COLLEGE twd Ibrahimpatnam
1662,XWbwz8Vw,Cherlapatelguda X Road,Cherlapatelguda X Road,17.18056761,78.63688588,CHERLAPATELGUDA X ROAD twd Ibrahimpatnam
1663,qlTSaV3B,Y M Thanda Twd Kothapet,Y M Thanda Twd Kothapet,17.05362543,78.30508594,Y M THANDA twd Kothapet
1664,bp8vT84M,Enugu Tanda,Enugu Tanda,17.04561668,78.3164009,ENUGU Thanda twd Siddapur
1665,GLxAdPmt,Siddapur-Kothur,Siddapur-Kothur,17.05603106,78.351928,SIDDAPUR
1666,BGcnTqoy,Enugu Tanda,Enugu Tanda,17.04529634,78.31639946,ENUGU Thanda twd Afzalgunj
1667,RD54nTRA,Y M Thanda Twd Afzalgunj,Y M Thanda Twd Afzalgunj,17.05348442,78.30502951,Y M THANDA twd Afzalgunj
1668,ipjaohcC,Shaheen Nagar,Shaheen Nagar,17.29593044,78.47764079,SHAHEEN Nagar twd Maheshwaram
1669,Lx7phFec,Shaheen Nagar,Shaheen Nagar,17.29589459,78.47784564,SHAHEEN Nagar twd Koti
1670,F6B2fKav,Errakunta Hyd Bus Stop,Errakunta Hyd Bus Stop,17.30364282,78.47455326,ERRAKUNTA twd Koti
1671,cdagWtGq,Pigilipur,Pigilipur,17.31549436,78.74361635,PIGLIPURAM VILLAGE Hayathnagar
1672,uNu0mjqJ,Pedda Amberpet Checkpost,Pedda Amberpet Checkpost,17.32004189,78.64167363,PEDDA Amberpet Check Post twd Koheda
1673,CZt2LyDL,Gandicheruvu X Rds,Gandicheruvu X Rds,17.30956125,78.64757449,GANDICHERUVU X ROAD twd Koheda
1674,7yoeTHnc,Upparguda,Upparguda,17.29461364,78.64834427,UPPARIGUDA VILLAGE twd Koheda
1675,andgnWFq,Koheda Fruit Market,Koheda Fruit Market,17.28019138,78.65167652,KOHEADA MARKET twd Sanghi
1676,J3GtTWZn,Umar Khan Guda,Umar Khan Guda,17.27214782,78.66941572,UMARKHANGUDA twd Sanghinagar
1677,k4usl2b1,Sanghi Temple (Sanghi Nagar),Sanghi Temple (Sanghi Nagar),17.27070297,78.67703051,SANGHI TEMPLE twd Anajpur
1678,jvNB2ZHB,Anajpur X Road,Anajpur X Road,17.27149184,78.68693591,ANAJIPUR X Road twd Anajipur village
1679,G9p12EnX,Anajpur X Road,Anajpur X Road,17.27127669,78.68703246,ANAJIPUR X Road twd Sanghi temple
1680,wWvVC1op,Sanghi Temple (Sanghi Nagar),Sanghi Temple (Sanghi Nagar),17.27067734,78.67718339,SANGHI TEMPLE twd Hayathnagar
1681,xJUzI5GQ,Umar Khan Guda,Umar Khan Guda,17.27203483,78.66927087,UMARKHANGUDA twd Koheda
1682,5JKBpzAO,Koheda Fruit Market,Koheda Fruit Market,17.27983112,78.65154148,KOHEADA MARKET twd Koheada
1683,QyVTtWDp,Upparguda,Upparguda,17.29462645,78.64826381,UPPARIGUDA VILLAGE twd Hayatnagar
1684,RWq9HrJD,Gandicheruvu X Rds,Gandicheruvu X Rds,17.309551,78.64753694,GANDICHERUVU X ROAD twd Hayathnagar
1685,w5hCYfCS,Pedda Amberpet,Pedda Amberpet,17.32,78.638,PEDDAAMBERPET VILLAGE twd Hayathnagar
1686,ajCJ16t8,Koheda X Road-Thorrur,Koheda X Road-Thorrur,17.28293267,78.64219112,KOHEDA X ROAD twd Sanghinagar
1687,7w7c80aF,Vinobha Nagar,Vinobha Nagar,17.20651136,78.66754353,VINOBA NAGAR twd Choutupal
1688,73D9ySDd,National Security Guard (Nsg),National Security Guard (Nsg),17.21197126,78.67485791,NSG twd Choutupal
1689,f2PHZLVq,Naganpalle-Ibrahimpatnam,Naganpalle-Ibrahimpatnam,17.21677767,78.68929356,NAGANPALLE twd Choutupal
1690,93zfZniC,Zphs Nagan Pally,Zphs Nagan Pally,17.216,78.694,ZPHS NAGAN PALLY twd Choutupal
1691,Yp0IpBwm,Polkampally-Ibrahimpatnam,Polkampally-Ibrahimpatnam,17.223,78.708,POLKAMPALLY twd Choutupal
1692,t0KcL4ix,Manyaguda-Ibrahimpatnam,Manyaguda-Ibrahimpatnam,17.22417409,78.71634364,MANYAGUDA twd Polkampally
1693,WGLjFpFq,Polkampally-Ibrahimpatnam,Polkampally-Ibrahimpatnam,17.22298279,78.70811731,POLKAMPALLY twd Ibrahimpatnam
1694,r4hWhDPZ,National Security Guard (Nsg),National Security Guard (Nsg),17.21210192,78.67506981,NSG twd Ibrahimpatnam
1695,aCoVNffK,Vinobha Nagar,Vinobha Nagar,17.206373,78.66740942,VINOBA NAGAR twd Ibrahimpatnam
1696,iQCk21iO,Raipole-Ibp,Raipole-Ibp,17.204,78.715,RAIPOL twd Choutupal
1697,qDJ90uoH,Thallapalliguda-Manchal,Thallapalliguda-Manchal,17.187,78.737,TALLAPALLYGUDA twd Choutupal
1698,ZTY0YgPN,Muknoor-Ibrahimpatnam,Muknoor-Ibrahimpatnam,17.2060143,78.75105545,MUKKUNUR twd Choutupal
1699,fyqTulQZ,Gold Coast,Gold Coast,17.26308045,78.76202701,GOLD COAST twd Thupranpet
1700,pF8cqHn0,Mukthapur,Mukthapur,17.35866312,78.80922318,MUKTHAPUR twd Yadagirigutta
1701,9ZldPtBV,Juloor,Juloor,17.38607274,78.78483656,JULUR twd Yadagirigutta
1702,03v6NIT1,Rudra Velly Bibinagar,Rudra Velly Bibinagar,17.409,78.786,RUDRAVELLY twd Pcpm
1703,IC6Vg6Pc,Raghavapur-Bibinagar,Raghavapur-Bibinagar,17.42231401,78.7907213,RAGHAVAPUR twd Yadagirigutta
1704,a19GCunM,Raheem Khan Guda,Raheem Khan Guda,17.45080546,78.7946266,RAHEMKHANGUDA twd Yadagirigutta
1705,G2aK61Ng,Bibinagar X Road,Bibinagar X Road,17.47241547,78.79086882,BIBI NAGAR X Road Yadagirigutta
1706,3ap1EB6x,Gudur Toll,Gudur Toll,17.4855961,78.82136823,GUDUR TOLLPLAZA twd Bibinagar
1707,evg3jp1l,Pagidipally,Pagidipally,17.49398901,78.83590713,PAGIDIPALLY twd yadagirigutta
1708,FCCLKhIM,Anantharam (Bngr),Anantharam (Bngr),17.49826668,78.84167258,ANANTHARAM twd Yadagirigutta
1709,BuHycseK,Bhuvanagiri Bs,Bhuvanagiri Bs,17.5162314,78.88670419,BHUVANAGIRI Bus Station
1710,v7DDL8uA,Raigiri X Road,Raigiri X Road,17.53940909,78.94088745,RAIGIRI X ROAD Yadagirigutta
1711,hXZELEFX,Raigiri Railway Station,Raigiri Railway Station,17.548,78.938,RAYAGIRI Railway Station twd Yadagirigutta
1712,vSNbccCW,Yadagirigutta Bs,Yadagirigutta Bs,17.583,78.946,YADAGIRIGUTTA Bus Station
1713,LMfwOs9H,Yadagirigutta New Bs,Yadagirigutta New Bs,17.59718431,78.9426738,YADAGIRIGUTTA New Bus Station
1714,GcJT3puP,Gadda Mallaiguda,Gadda Mallaiguda,17.098,78.686,GADDAMALLAIH GUDA twd Rangapur
1715,OTgdnMIz,Rangapur-Manchal,Rangapur-Manchal,17.09070374,78.71402889,RANGPUR twd Loyapally
1716,dm06utsy,Bugga Tanda X Road,Bugga Tanda X Road,17.07759473,78.74257559,BUGGA Thanda X Road twd Shivannaguda
1717,YZl4ujwL,Yellamma Thanda-Manchal,Yellamma Thanda-Manchal,17.06954379,78.75257492,YELLAMMA THANDA twd Loyapally
1718,j6p1ZYqH,Bodakonda Penikarla,Bodakonda Penikarla,17.06130795,78.77688649,BODA KONDA twd Loyapally
1719,5hCo5QQn,Kurravni Thanda,Kurravni Thanda,17.06028219,78.79199268,KURRAVNI Thanda twd Loyapally
1720,XmD6R3d7,Sathi Thanda-Manchal,Sathi Thanda-Manchal,17.05596149,78.80198658,SATHI THANDA twd Loyapally
1721,zMP4NMAh,Amboth Thanda,Amboth Thanda,17.05022507,78.8161808,AMBOTH THANDA twd Loyapally
1722,fNnJvJNJ,Loyapalle-Manchal,Loyapalle-Manchal,17.04085493,78.83094907,LOYAPALLE twd Shivannaguda
1723,4jFccJHE,Khudabaksh Palle,Khudabaksh Palle,17.031,78.838,KHUDABAKSH PALLE twd Shivannaguda
1724,3wFfualT,Elgapally X Roads,Elgapally X Roads,17.02489315,78.83717194,ELGAPELLY X Road twd Shivannaguda
1725,TC3LmBAK,Shivanaguda-Marriguda,Shivanaguda-Marriguda,17.00346688,78.88718689,SHIVANNAGUDEM twd Chandur
1726,sWSe8EcZ,Elgapally X Roads,Elgapally X Roads,17.02477517,78.83709668,ELGAPELLY X ROAD twd Ibrahimpatnam
1727,sGBMLQB1,Khudabaksh Palle,Khudabaksh Palle,17.031,78.838,KHUDABAKSH PALLE twd Ibrahimpatnam
1728,4HFgT37f,Loyapalle-Manchal,Loyapalle-Manchal,17.04066003,78.83097053,LOYAPALLE twd Ibrahimpatnam
1729,vy8KCtkp,Amboth Thanda,Amboth Thanda,17.05026608,78.81598771,AMBOTH THANDA twd Ibrahimpatnam
1730,XrgG5fYh,Sathi Thanda-Manchal,Sathi Thanda-Manchal,17.05591277,78.80221188,SATHI THANDA twd Ibrahimpatnam
1731,h7lurzZY,Kurravni Thanda,Kurravni Thanda,17.06006167,78.79215359,KURRAVNI Thanda
1732,uffb44Y9,Bodakonda Penikarla,Bodakonda Penikarla,17.06124377,78.77688912,BODA KONDA twd Ibrahimpatnam
1733,Jpmcts0o,Yellamma Thanda-Manchal,Yellamma Thanda-Manchal,17.06933866,78.75262856,YELLAMMA TAHNDA twd Ibrahimpatnam
1734,DOeT9peb,Bugga Tanda X Road,Bugga Tanda X Road,17.07751272,78.74244687,BUGGA Thanda X Road twd Ibrahimpatnam
1735,60cLoiWz,Rangapur-Manchal,Rangapur-Manchal,17.09077809,78.7139833,RANGAPUR twd Ibrahimpatnam
1736,HdKAbWMf,Gadda Mallaiguda,Gadda Mallaiguda,17.098,78.686,GADDAMALLAIH GUDA twd Ibrahimpatnam
1737,oAapfc7N,Sarampet-Marriguda,Sarampet-Marriguda,16.99332452,78.89858902,SARAMPET twd Mall
1738,V2tgp1fS,Indurthi-Marriguda,Indurthi-Marriguda,17.00510486,78.90577857,INDURTHI twd Namapur
1739,WBT1Bupd,Kottala-Marriguda,Kottala-Marriguda,17.01491577,78.91901683,KOTTALA twd Namapur
1740,S3qQDbiR,Namapur-Marriguda,Namapur-Marriguda,17.024496,78.927929,NAMAPUR Village
1741,fGhUJMWp,Kottala-Marriguda,Kottala-Marriguda,17.01531925,78.91992949,KOTTALA twd Shivannaguda
1742,9P7lGg2N,Indurthi-Marriguda,Indurthi-Marriguda,17.00509027,78.90587391,INDURTHI twd Ibrahimpatnam
1743,EDcNBIE4,Sarampet-Marriguda,Sarampet-Marriguda,16.98998468,78.89451202,SARAMPET twd  Chandur
1744,gmNTvWQ0,Ibp Manchal Road,Ibp Manchal Road,17.19313255,78.64666656,MANCHAL ROAD  twd IBP Busstop
1745,Zokb8dFc,Arkedia,Arkedia,17.17681342,78.66606296,ARKEDEYA twd Manchal
1746,rlJCFxP3,Seetharampet-Ibrahimpatnam,Seetharampet-Ibrahimpatnam,17.17119622,78.67718339,SEETHARAMPET twd Manchal
1747,90wJNQZr,Nomula-Manchal,Nomula-Manchal,17.16725994,78.68915141,NOMULA twd Manchal
1748,Ss1ggtCA,Lingampalle-Manchal,Lingampalle-Manchal,17.1656198,78.70117844,LINGAMPALLE X Road twd Manchal
1749,QJIBU4qv,Manchal,Manchal,17.16094532,78.72066737,MANCHAL twd Arutla
1750,Y3XukUlp,Mro Office Manchal,Mro Office Manchal,17.16,78.727,MRO OFFICE MANCHAL twd Arutla
1751,qq7GPd1J,Chandkhanguda,Chandkhanguda,17.13331129,78.72980297,CHANDAKHANGUDA
1752,2AgQ9uJf,Arutla-Manchal,Arutla-Manchal,17.134,78.759,ARUTLA
1753,WkGjYCm0,Mro Office Manchal,Mro Office Manchal,17.15991251,78.7270537,MRO OFFICE MANCHAL twd Ibrahimpatnam
1754,SnX61p1h,Manchal,Manchal,17.16078642,78.72062445,MANCHAL twd Ibrahimpatnam
1755,77la21Se,Lingampalle-Manchal,Lingampalle-Manchal,17.16544041,78.70147884,LINGAMPALLE X Road twd Ibrahimpatnam
1756,61SiIPKX,Nomula-Manchal,Nomula-Manchal,17.16724969,78.6890763,NOMULA twd Ibrahimpatnam
1757,SUJdlKyM,Seetharampet-Ibrahimpatnam,Seetharampet-Ibrahimpatnam,17.171,78.677,SEETHARAMPET twd Ibrahimpatnam
1758,UsHMiDcz,Arkedia,Arkedia,17.17677241,78.66589663,ARKEDEYA twd Ibrahimpatnam
1759,ejDNLk11,Mile Stone,Mile Stone,17.18891869,78.59758615,CVR COLLEGE twd Pocharam
1760,Sw6tVFCR,Jabbarguda,Jabbarguda,17.15192406,78.59256507,JABBARGUDA X Road twd Enedu
1761,hl1UjhTi,Jabbarguda,Jabbarguda,17.15173952,78.59267235,JABBARGUDA X Road twd Pocharam
1762,3WjAaTzS,Mile Stone,Mile Stone,17.18889837,78.5974999,CVR COLLEGE twd Mangalpally
1763,m1ZAzqwf,Pethulla,Pethulla,17.101,78.627,PETHULLA twd Gumadavelli
1764,G0wOKYla,Darmannaguda-Yacharam,Darmannaguda-Yacharam,17.08641964,78.62611413,DARMANNAGUDA twd Chinthulla
1765,lSmDNNno,Tulekhurd/Chinthulla-Yacharam,Tulekhurd/Chinthulla-Yacharam,17.0834507,78.61334681,CHINTHULLA twd Gumadavely
1766,XUlTbtmb,Konala Gudem-Kandukur,Konala Gudem-Kandukur,17.09988948,78.59621286,KOLANGUDA X Road twd Gumadavely
1767,enUwCZuF,Konala Gudem-Kandukur,Konala Gudem-Kandukur,17.10401177,78.59059108,KONALA Gudem twd Gumadavely
1768,LYXErHB8,Gummadavalle-Kandukur,Gummadavalle-Kandukur,17.09422894,78.57980843,GUMMADAVELLE twd A Mailaram
1769,J2q4HvlA,Akulamailavaram,Akulamailavaram,17.066,78.574,AKULAMAILAVARAM twd Gumadavely
1770,HUyyHGrT,Akulamailavaram,Akulamailavaram,17.06613492,78.57397601,AKULAMAILARAM twd Ibrahimpatnam
1771,487YYUdv,Gummadavalle-Kandukur,Gummadavalle-Kandukur,17.09429044,78.58010084,GUMADAVELY twd Ibrahimpatnam
1772,HCLsiHyJ,Konala Gudem-Kandukur,Konala Gudem-Kandukur,17.09988179,78.59591782,KOLANGUDA X Road twd Ibrahimpatnam
1773,HPTnXeJS,Tulekhurd/Chinthulla-Yacharam,Tulekhurd/Chinthulla-Yacharam,17.08345583,78.61323416,CHINTHULLA twd Ibrahimpatnam
1774,c7YoIDuq,Pethulla,Pethulla,17.10123795,78.62703681,PETHULLA twd Agapalli
1775,pf8O1IfF,Nfc North Gate,Nfc North Gate,17.45714985,78.57893407,NFC NORTH GATE twd Uppal
1776,d4kCC1cy,Esi Hospital Nacharam,Esi Hospital Nacharam,17.43082557,78.55339944,NACHARAM ESI HOSPITAL twd Habsiguda
1777,3QY7CEMd,Palgutta-Chevella,Palgutta-Chevella,17.288,78.174,PALGUTTA twd Chevella
1778,y0rXNe2Q,Kandawada,Kandawada,17.27697542,78.17609846,KANDUWADA twd Narayandasguda
1779,xfOpGZRU,Deshmukhi,Deshmukhi,17.33423261,78.73105287,DESHMUKHI twd Sai Brundavanam
1780,W0b38qFV,Deshmukhi,Deshmukhi,17.33404818,78.73090267,DESHMUKHI VILLAGE twd Batasingaram
1781,A7mHKDWW,Yenkepalle X Roads,Yenkepalle X Roads,17.33737627,78.31339538,YENKEPALLY X Roads twd Bakaram
1782,zwC0rUKn,Yenkepalle-Moinabad,Yenkepalle-Moinabad,17.324,78.312,YENKEPALLY twd Bakaram
1783,RzlS06Kp,Bakaram Jagir-Moinabad,Bakaram Jagir-Moinabad,17.2897911,78.31309365,BAKARAM twd Nagireddygudem
1784,x8vJO7ga,Bakaram Jagir-Moinabad,Bakaram Jagir-Moinabad,17.28976293,78.31295817,BAKARAM twd Amdapur
1785,ra3FyDtJ,Yenkepalle-Moinabad,Yenkepalle-Moinabad,17.32408248,78.31170022,YENKEPALLY twd Aziz Nagar
1786,BzZhwFv0,Shamagadda,Shamagadda,17.13767367,78.52007568,SHAMAGADDA
1787,XP9jAAWk,Lemoor,Lemoor,17.13828561,78.51529665,LEMOOR twd Anojiguda
1788,KIsykcCB,Agarmiyaguda,Agarmiyaguda,17.14673663,78.52731228,AGARMIYAGUDA Village
1789,YZzYZ7AL,Karnamguda,Karnamguda,17.17533742,78.62307788,KARNAMGUDA twd Patelguda
1790,yYNZOcB8,Cherlapatelguda,Cherlapatelguda,17.16797236,78.63368332,CHERLAPATELGUDA VILLAGE twd Ibrahimpatnam
1791,DHKVZvkC,Malkeezguda-Yacharam,Malkeezguda-Yacharam,17.01604608,78.6569944,MALKIZGUDA twd Medipally
1792,cmX18nAD,Nakkarta Medipally,Nakkarta Medipally,17.00094793,78.64761467,NAKKARTA Medipally twd TADIPARTHY
1793,r8Rwe2px,Nanaknagar-Yacharam,Nanaknagar-Yacharam,16.992,78.626,NANAKNAGAR twd Tadiparthy
1794,PYqeFtWX,Pilli Pally-Yacharam,Pilli Pally-Yacharam,17.0051903,78.6041522,PILLIPALLY twd TADIPARTHY
1795,t1FQ1DD1,Thatiparthy-Yacharam,Thatiparthy-Yacharam,17.003,78.597,THATIPARTHY twd Kurmidda
1796,Kva030p2,Pilli Pally-Yacharam,Pilli Pally-Yacharam,17.005,78.604,PILLI PALLY twd Yscharam
1797,DJLPPPHy,Nanaknagar-Yacharam,Nanaknagar-Yacharam,16.99211379,78.6262536,NANAKNAGAR twd Yacharam
1798,3fA9oRrj,Nakkarta Medipally,Nakkarta Medipally,17.00149289,78.64751869,NAKKARTA Medipally twd Yacharam
1799,LAceO9z3,Malkeezguda-Yacharam,Malkeezguda-Yacharam,17.01610638,78.65702123,MALKIZGUDA twd Yacharam
1800,V0E8Dph8,Nandiwanaparthy-Yacharam,Nandiwanaparthy-Yacharam,17.04598376,78.63464355,NANDIWANAPARTHY twd Kandukur
1801,7qlQgUbt,Ayyavariguda-Yacharam,Ayyavariguda-Yacharam,17.04924569,78.61525639,AYYAVARIGUDA twd Singaram
1802,7z70m6Gv,Nazdik Singaram-Yacharam,Nazdik Singaram-Yacharam,17.04007533,78.60774636,SINGARAM twd N Wanaparthy
1803,GuAJS3jR,Meerkhanpet,Meerkhanpet,17.046,78.573,MEERKHANPET twd Kandukur
1804,oWSFtcB0,Peddamma Gudi-Kandukur,Peddamma Gudi-Kandukur,17.05004056,78.54878336,PEDDAMMAGUDI twd Kandukur
1805,lt1Hgn9S,Begarikancha X Roads,Begarikancha X Roads,17.05069979,78.54100764,BEGARIKANCHA X Road twd Kandukur
1806,uMqSJ0RD,Sarvaravulapalle X Road-Kandukur,Sarvaravulapalle X Road-Kandukur,17.05092012,78.53900135,SARVARAVULAPALLY X RAOD twd Kandukur
1807,mR7WvDbr,Ntr Thanda-Kandukur,Ntr Thanda-Kandukur,17.053,78.517,NTR Thanda twd Kandukur
1808,CI8ecHST,Debbadaguda,Debbadaguda,17.04691463,78.49540487,DEBBADAGUDA Village
1809,aKb89bR7,Kandukur (Klky),Kandukur (Klky),17.06363632,78.48701416,KANDUKUR twd Charminar
1810,ljpad21X,Kandukur X Roads,Kandukur X Roads,17.073,78.474,KANDUKUR X ROAD twd Kandukur
1811,XojHQjhI,Kandukur (Klky),Kandukur (Klky),17.06392322,78.48704697,KANDUKUR VILLAGE twd Merkhanpet
1812,KA3qI2hh,Ntr Thanda-Kandukur,Ntr Thanda-Kandukur,17.0531126,78.5171628,NTR Thanda twd Merkhanpet
1813,KVyeeiLe,Thimmaipally,Thimmaipally,17.06533864,78.51792309,Annojiguda twd kandukur
1814,eao0JkGK,Begarikancha X Roads,Begarikancha X Roads,17.051,78.541,BEGARIKANCHA X ROAD twd Merkhanpet
1815,uzDo9kWB,Peddamma Gudi-Kandukur,Peddamma Gudi-Kandukur,17.05,78.549,PEDDAMMAGUDI twd Merkhanpet
1816,r4XVddU3,Meerkhanpet,Meerkhanpet,17.04627097,78.57309222,MEERKHANPET twd Yacharam
1817,xM00bmMy,Nazdik Singaram-Yacharam,Nazdik Singaram-Yacharam,17.03994198,78.60768735,SINGARAM twd Nandivanaparthy
1818,ulNCdY0b,Ayyavariguda-Yacharam,Ayyavariguda-Yacharam,17.04936625,78.61517591,AYYAVARIGUDA twd N Vanaparthy
1819,X8Ki3Rzb,Nandiwanaparthy-Yacharam,Nandiwanaparthy-Yacharam,17.046,78.635,NANDIWANAPARTHY twd Yacharam
1820,exlk9pwF,Chennareddyguda,Chennareddyguda,17.10345888,78.77543632,CHENNREDDY X ROAD twd Bandalemur
1821,YNHFpANL,Chennareddyguda,Chennareddyguda,17.09341343,78.77676845,CHENNAAREDDY Guda
1822,cZTKylUy,Bandalemoor,Bandalemoor,17.09130622,78.79529986,BANDALEMUR twd Aj THANDA
1823,KUnjtcUK,Ajjina Thanda,Ajjina Thanda,17.08088419,78.79865797,AJJINA Thanda
1824,hpXOjVuR,Bandalemoor,Bandalemoor,17.09127553,78.79516843,BANDALEMUR twd Ibrahimpatnam
1825,FwtNhTvF,Chennareddyguda,Chennareddyguda,17.10335292,78.7753576,CHENNAREDDY X ROAD twd Arutla
1826,aCup6gPA,Bugga Tanda,Bugga Tanda,17.10327354,78.7430048,BUGGA Tanda
1827,A6dVgMVY,Asmatpur-Manchal,Asmatpur-Manchal,17.12510403,78.72614983,ASMATHPUR
1828,A7VkA2jM,Japala,Japala,17.121,78.719,JAPAL
1829,nkv82Fpm,Mile Stone,Mile Stone,17.13365466,78.72033478,CHANDKHANGUDA X ROAD twd Manchal
1830,HvOERZUO,Narsimhathota,Narsimhathota,17.24807016,78.38194996,NARASIMATHOTA twd Shankarapur
1831,haNpfbTi,Kothaguda,Kothaguda,17.22199632,78.38916242,RASHEEDGUDA twd Pulmakthal
1832,WAAUVzbQ,Chinna Golconda,Chinna Golconda,17.20902995,78.38987053,CHINNA GOLCONDA twd Shamshabad
1833,3EG5qQbR,Shankarapur,Shankarapur,17.20733638,78.37739825,SHANKARAPURAM
1834,4kbcBSGz,Kothaguda,Kothaguda,17.222,78.389,RASHHEDGUDA twd Shamshabad
1835,ye5JCF3a,Konala Gudem-Kandukur,Konala Gudem-Kandukur,17.10428358,78.59049986,KONALA Gudem twd Chinthulla
1836,853HrvJ3,Darmannaguda-Yacharam,Darmannaguda-Yacharam,17.086,78.626,DARMANNAGUDA twd Pethulla
1837,g2jAKmbb,Darmannaguda-Yacharam,Darmannaguda-Yacharam,17.08374555,78.6178422,DARMANNAGUDA X Road twd Chinthulla
1838,22TevQJN,Kothur Thanda,Kothur Thanda,17.13880651,78.29589129,KOTHUR THANDA twd Kodicherla
1839,rgPI7VS2,Company Twd Penjarla,Company Twd Penjarla,17.12809888,78.30522542,COMPANY twd Penjarla
1840,ojHrt7XP,Kodicherla,Kodicherla,17.09321636,78.3311433,KODICHERLA VILLAGE
1841,Qjm62ezL,Penjerla,Penjerla,17.10982715,78.32148895,PENJERLA twd Shmbad
1842,KcBzY81u,Mile Stone,Mile Stone,17.0774922,78.30714553,KHAJIGUDA TANDA
1843,41TkXkuT,Kodicherla,Kodicherla,17.09428402,78.33203429,KODICHERLA
1844,02VFviui,Kothur Thanda,Kothur Thanda,17.13882189,78.29579473,KOTHUR THANDA twd Shambad
1845,M8BJLGV2,Pedda Mangalaram,Pedda Mangalaram,17.33719197,78.26080263,PEDDAMANGALARAM twd Yelkaguda
1846,cA5xJ5Nw,Veerannapet-Moinabad,Veerannapet-Moinabad,17.37414688,78.23004708,VEERANNAPET twd Yelkaguda
1847,q7VdSbzT,Yelkaguda Village,Yelkaguda Village,17.35120545,78.22737627,YELKAGUDA Village
1848,vy1MJlZg,Seetarampur Twd Shadnagar,Seetarampur Twd Shadnagar,17.2117586,78.13341647,SEETARAMPUR twd Shadnagar
1849,sw4UsNFu,Malreddyguda,Malreddyguda,17.190615,78.1348595,MALLAREDDYGUDA twd Shadnagar
1850,XSAAbruj,Sankepallyguda,Sankepallyguda,17.1751124,78.1355228,SANKEPALLYGUDA twd Shadnagar
1851,q8qPhdab,Shabad Bus Stop,Shabad Bus Stop,17.16012522,78.13313484,SHABAD Bus Station
1852,5AjOFdDk,Sankepallyguda,Sankepallyguda,17.1749007,78.1353653,SANKEPALLYGUDA twd Chvella
1853,7IpyDIbx,Malreddyguda,Malreddyguda,17.19044204,78.13474819,MALLAREDDYGUDA twd Chvella
1854,1umBr1hG,Seetarampur Twd Chvella,Seetarampur Twd Chvella,17.21160616,78.13331455,SEETARAMPUR twd Chvella
1855,qSr0oLvw,Nagarguda,Nagarguda,17.23401032,78.13640848,NAGARGUDA twd Shadnagar
1856,rqX5pO6g,Rudraram-Shabad,Rudraram-Shabad,17.23547165,78.15806866,RUDRARAM twd Shamshabad
1857,kYQOcQVN,Chandanvelly,Chandanvelly,17.229,78.17,CHANDANVELLY twd Shamshabad
1858,cP6NDCvr,Hayathabad,Hayathabad,17.225,78.2,HAYATHABAD twd Shamshabad
1859,jX1MR3gH,Maddur,Maddur,17.217,78.226,MADDUR twd Shamshabad
1860,aX5EIDv9,Ramanujapur-Shamshabad,Ramanujapur-Shamshabad,17.2326893,78.2465601,RAMANUJPUR twd Shamshabad
1861,okUglOS0,Venkatapur-Moinabad,Venkatapur-Moinabad,17.24707629,78.25371633,VENKATAPUR X ROAD twd Shamshabad
1862,QNKaBZhr,Kavelliguda,Kavelliguda,17.24767229,78.25685642,KAVELIGUDA twd Shamsabad
1863,9KTtOvnq,Malkaram,Malkaram,17.251,78.276,MALKARAM twd Shamshabad
1864,0CoylYVT,Rayannaguda,Rayannaguda,17.25271169,78.29020499,RAYANNAGUDA twd Shamsabad
1865,JBHdhNQf,Kacharam,Kacharam,17.252,78.295,KACHARAM twd Shamshabad
1866,FwfWRI9r,Vardhaman Clg,Vardhaman Clg,17.25441254,78.30789686,VARDHAMAN COLLEGE twd Shamshabad
1867,COKkNjjB,Sultanpally X Roads,Sultanpally X Roads,17.25649246,78.31943031,SULTHANPALLY X ROAD twd Shamsabad
1868,Jcjf5DRZ,Narkhoda,Narkhoda,17.258,78.335,NARKHODA twd Shamshabad
1869,EFhNpLSu,Oasis School Of Excellence,Oasis School Of Excellence,17.26218909,78.35264683,OASIS SCHOOL OF EXCELLENCE twd Shamshabad
1870,Sh0tGTWz,Doddi,Doddi,17.26368476,78.3680749,DODDI twd Shamshabad
1871,IAXEDiiE,Rallaguda,Rallaguda,17.26503477,78.3742091,RALLAGUDA twd Shamshabad
1872,J0Bz8QBv,Quthbuddinguda,Quthbuddinguda,17.36314183,78.23972583,QUTHBUDDINGUDA twd Reddy Pally
1873,DCoDciwT,Chandanagar-Moinabad,Chandanagar-Moinabad,17.36647232,78.25909405,CHANDANAGER X ROAD twd Peddamangalaram
1874,rD7jYCLO,Pedda Mangalaram,Pedda Mangalaram,17.33727649,78.26081872,PEDDAMANGALARAM twd Moinabad
1875,T7SsKEOk,Quthbuddinguda,Quthbuddinguda,17.36318792,78.23977143,QUTHBUDDINGUDA twd Yelkaguda
1876,BDHQHrHI,Mile Stone,Mile Stone,17.4390242,78.12619267,MS CHANDIPPA twd Mehdipatnam
1877,sbgKtHOS,Chandippa,Chandippa,17.44266075,78.12245696,CHANDIPPA twd Mehdipatnam
1878,CIgfwKsj,Yelwarthy,Yelwarthy,17.42745784,78.14431429,YELVARTHY twd Mehdipatnam
1879,T3VFOxqK,Kojjagudem-Shankarpally,Kojjagudem-Shankarpally,17.42692043,78.15066576,KOJJAGUDEM twd Mehdipatnam
1880,a6fdgNj7,Tangutoor-Shankarpally,Tangutoor-Shankarpally,17.41231769,78.17895021,TANGUTOOR
1881,EzyQZKnJ,Proddutur-Shankarpally,Proddutur-Shankarpally,17.40242313,78.20124417,PRODDUTUR twd Mehdipatnam
1882,Is5wp4cO,Bhongirpalle,Bhongirpalle,17.17895575,78.14993084,BHONGIRPALLE twd Shamsabad
1883,d4zOtHCE,Nagarkunta,Nagarkunta,17.1879693,78.16599995,NAGAR KUNTA twd Shamsabad
1884,iPc72CzQ,Machanpalle-Shabad,Machanpalle-Shabad,17.2039389,78.17407072,MACHANPALLY twd Shamsabad
1885,kAebY0Y0,Anthireddyguda,Anthireddyguda,17.20390814,78.17489684,ANTHIREDDYGUDA twd Shamsabad
1886,CRkw98DC,Lingareddy Guda-Shabad,Lingareddy Guda-Shabad,17.18973854,78.19360257,LiINGAREDDYGUDA twd Shamsabad
1887,sWIkfs9B,Nandar Khan Pet,Nandar Khan Pet,17.19498637,78.19405585,NANDHARKHANPET twd Shamsabad
1888,ETVsXEmi,Peddaved-Shabad,Peddaved-Shabad,17.20790513,78.1955713,PEDDAVEDU twd Shamsabad
1889,5VquR2JE,Peddaved-Shabad,Peddaved-Shabad,17.208,78.195,PEDDAVEDU twd shabad
1890,i05WPoCd,Nandar Khan Pet,Nandar Khan Pet,17.195,78.194,NANDHARKHANPET twd shabad
1891,rUvyxRW1,Lingareddy Guda-Shabad,Lingareddy Guda-Shabad,17.19,78.194,LINGAREDDY GUDA twd shabad
1892,8v1DzHhK,Anthireddyguda,Anthireddyguda,17.204,78.175,ANTHIREDDYGUDA twd Shabad
1893,7PjWwx5a,Machanpalle-Shabad,Machanpalle-Shabad,17.204,78.174,MACHANPALLY twd shabad
1894,oHtrNmK6,Nagarkunta,Nagarkunta,17.188,78.166,NAGAR KUNTA twd Shabad
1895,Cy3h1Chs,Daivaguda,Daivaguda,17.186,78.164,DHALWALAGUDA twd Shabad
1896,xjjuJ6xH,Bhongirpalle,Bhongirpalle,17.179,78.15,BHONGIRPALLE twd Shabad
1897,YeqQgUc9,Jaibheem Colony Shabad Twd Shabad,Jaibheem Colony Shabad Twd Shabad,17.164,78.136,JAIBHEEM COLONY Shabad twd Shabad
1898,ux0CkZxn,Malkapur,Malkapur,17.313,78.172,MALKAPUR X Road twd Malkapur
1899,t2yCvzlo,Malkapur,Malkapur,17.323,78.173,MALKAPUR
1900,sLZSJiDE,Nanal Nagar,Nanal Nagar,17.39281106,78.42686861,NANALNAGAR twd Mandi
1901,fWwVoTHW,Gudi Malkapur Market,Gudi Malkapur Market,17.38456762,78.43395263,GUDDIMALKAPUR Market twd Mehdipatnam
1902,GfBjWol4,Proddutur-Shankarpally,Proddutur-Shankarpally,17.40233611,78.20112884,PRODDUTUR twd Tangutoor
1903,gXC7Lp7I,Kojjagudem-Shankarpally,Kojjagudem-Shankarpally,17.4268411,78.1505692,KOJJAGUDEM twd Shankarpally
1904,MFpBWbUv,Yelwarthy,Yelwarthy,17.42733501,78.1442821,YELVARTHY twd Shankarpally
1905,SETxQTpx,Mile Stone,Mile Stone,17.43890079,78.12607755,MS CHANDIPPA twd Shanarpally
1906,EjL17025,Chandippa,Chandippa,17.44261213,78.12227727,CHANDIPPA twd Shankarpally
1907,EpqKIh3K,Bolligutta Thanda,Bolligutta Thanda,17.0404332,78.63024473,BOLLIGUTTA Thanda
1908,kaGzuHjn,Chintapallyguda,Chintapallyguda,17.22246776,78.60847056,CHINATHAPALLY GUDA twd Koheda
1909,seHVmyhK,Malisettiguda-Ibrahimpatnam,Malisettiguda-Ibrahimpatnam,17.22416512,78.61869514,MALISETTIGUDA twd Koheda
1910,eANGIC25,Ramdaspalle-Ibrahimpatnam,Ramdaspalle-Ibrahimpatnam,17.2350075,78.62999193,RAMDASPALLY twd Koheda
1911,VgywNaCv,Mile Stone,Mile Stone,17.24878666,78.62663208,STAR City twd Koheda
1912,rAOEoeVH,Mile Stone,Mile Stone,17.25832093,78.62287875,BRAMANAPALLY X ROAD twd Koheda
1913,JNOHyOua,Mile Stone,Mile Stone,17.25825219,78.62291693,BRAMANAPALLY X ROAD twd Star City
1914,PfRE7ujw,Mile Stone,Mile Stone,17.24887192,78.62662375,STAR City twd Ramdaspally
1915,Ti2rQjiI,Ramdaspalle-Ibrahimpatnam,Ramdaspalle-Ibrahimpatnam,17.23498188,78.63000669,RAMDASPALLE twd Ibrahimpatnam
1916,Hwo3Q7c6,Malisettiguda-Ibrahimpatnam,Malisettiguda-Ibrahimpatnam,17.22398963,78.61877025,MALISETTIGUDA twd Ibrahimpatnam
1917,CUkNa1nA,Chintapallyguda,Chintapallyguda,17.22243211,78.6084947,CHINATHAPALLY GUDA twd Ibrahimpatnam
1918,GdP1jC0V,Damergidda,Damergidda,17.3224337,78.10583002,DAMERGIDDA twd Vikarabad
1919,963DLKmm,Mirjaguda-Chevella,Mirjaguda-Chevella,17.30363034,78.08298892,MIRJAGUDA twd Alur
1920,YCOW0bey,Khanapur Chevella,Khanapur Chevella,17.30296453,78.0622226,KHANAPUR twd Vikarabad
1921,mwM0N8Xe,Alur X Road,Alur X Road,17.30940107,78.05457495,ALUR X ROAD twd Duddagu
1922,mdjazRsU,Aloor-1-Chevella,Aloor-1-Chevella,17.32934938,78.06731075,ALUR VILLAGE twd Duddagu
1923,xuC3oD5L,Tallaram X Roads,Tallaram X Roads,17.36043341,78.07546467,TALLARAM X ROAD twd Tallaram Village
1924,OpIYDZwm,Tallaram,Tallaram,17.35935863,78.06116549,TALLARAM VILLAGE
1925,7re44xqE,Tallaram X Roads,Tallaram X Roads,17.36052018,78.07568461,TALLARAM X ROAD twd Duddagu
1926,77Q9q8Wi,Duddagu,Duddagu,17.36140096,78.08329136,DUDDAGU
1927,OUTj8RsM,Tallaram X Roads,Tallaram X Roads,17.36046594,78.07570338,TALLARAM X ROAD twd Alur Village
1928,aKF7TDpf,Aloor-1-Chevella,Aloor-1-Chevella,17.32918306,78.0673483,ALUR VILLAGE twd Khanapur
1929,IDSF5u6F,Alur X Road,Alur X Road,17.30926665,78.05464263,ALUR X ROAD twd Chevella
1930,Hr53tn7m,Khanapur Chevella,Khanapur Chevella,17.30306974,78.06216894,KHANAPUR twd Hyderabad
1931,KcrdpZok,Mirjaguda-Chevella,Mirjaguda-Chevella,17.30367769,78.08293462,MIRJAGUDA  twd Chevella
1932,GQICipbM,Damergidda,Damergidda,17.32335033,78.10658612,DAMARAGIDDA X ROAD twd Chevella
1933,qSVOAjAq,Mehdipatnam,Mehdipatnam,17.39523254,78.43918787,MEHDIPATNAM twd Koti
1934,YWI4SVfO,Jail Garden,Jail Garden,17.37731076,78.49377126,JAIL GARDEN twd Dilshuknagar
1935,eQcewEgF,Chukkapur,Chukkapur,16.88053407,78.46419184,CHUKKAPUR twd Midjil
1936,gi392TiR,Talakondapalle,Talakondapalle,16.88692737,78.41794791,TALAKONDAPALLY twd Midzil
1937,vDBDdEeI,Chandradana,Chandradana,16.8541471,78.38835709,CHANDRADANA twd Veljal
1938,SJUDQ5D5,Veljala,Veljala,16.81999589,78.36293377,VELJAL twd Midjil
1939,6TWoiCaJ,Vemula,Vemula,16.78404997,78.33962203,VEMULA twd Midjil
1940,mwa4TCpq,Midjil,Midjil,16.74509601,78.32311573,MIDJIL twd Kalwakurthy
1941,mBGjzJH2,Lingam Pally X Roads,Lingam Pally X Roads,17.19196281,78.67513421,LINGAMPALLY X ROAD twd Raipole
1942,x3UJeCcu,Mile Stone,Mile Stone,17.19665873,78.68611703,ANDIKONDA twd Raipole
1943,32rhonmc,Tallapalli Guda X Road,Tallapalli Guda X Road,17.20297041,78.73411596,TALLAPALLIGUDA X ROAD twd Choutupal
1944,rSBAM78H,Muknoor-Ibrahimpatnam,Muknoor-Ibrahimpatnam,17.20607067,78.7510246,MUKKUNUR twd Ibrahimpatnam
1945,BhmJTM7y,Tallapalli Guda X Road,Tallapalli Guda X Road,17.203,78.734,TALLAPALLYGUDS X ROAD twd Ibrahimpatnam
1946,9vTA0C4W,Raipole-Ibp,Raipole-Ibp,17.204,78.715,RAIPOL twd Ibrahimpatnam
1947,V46coXFp,Mile Stone,Mile Stone,17.19650839,78.68618488,ANDIKONDA twd Ibrahimpatnam
1948,1kw2u1Vy,Lingam Pally X Roads,Lingam Pally X Roads,17.19173732,78.67522532,LINGAMPALLY X ROAD Ibrahimpatnam
1949,WORVM9rx,Patelguda-Ibrahimpatnam,Patelguda-Ibrahimpatnam,17.21536599,78.58591855,PATELGUDA twd Kongara
1950,40wi6bRr,Thakkellapalle,Thakkellapalle,16.99459423,78.67902875,THAKKALLAPALLY twd Medipally
1951,5JeKlYF4,Kothapalle-Yacharam,Kothapalle-Yacharam,16.97290517,78.68012844,KOTHAPALLY twd Dodlapad
1952,gH9Hi2gn,Kothapalle-Yacharam,Kothapalle-Yacharam,16.97306556,78.68009491,KOTHAPALLY twd Yacharam
1953,YeOj2EhT,Thakkellapalle,Thakkellapalle,16.99459809,78.67903814,THAKKALLAPALLY twd Ibrahimpatnam
1954,GekHyW2k,Bashamoniguda,Bashamoniguda,17.07188216,78.59418515,BASHAMONI GUDA twd Mirkhanpet
1955,H9iWWkRE,Malagudem,Malagudem,17.0667592,78.58587563,MALAGUDEM MIRKHANPET
1956,ohLVF6WS,Kurmidda-Yacharam,Kurmidda-Yacharam,17.03206886,78.57425898,KURMIDDA twd Mucherla
1957,jtWIrcjg,Kurmidda-Yacharam,Kurmidda-Yacharam,17.03200225,78.57420131,KURMIDDA twd Mirkhanpet
1958,PxZD4acQ,Bashamoniguda,Bashamoniguda,17.072,78.594,BASHAMONI GUDA twd Chinthulla
1959,SkOsz65j,Mile Stone,Mile Stone,17.06548068,78.29887309,RICE MILL
1960,dgP0Dpws,Kongaguda Tanda,Kongaguda Tanda,17.04548097,78.30237682,KONGAGUDA Tanda twd Amangal
1961,dmF28Dge,Sangam-Keshampeta,Sangam-Keshampeta,17.02787323,78.30209254,SANGAM twd Amangal
1962,biH7piYe,Puttoniguda,Puttoniguda,17.01427266,78.30239162,PUTTONIGUDA Village
1963,CDOUgIkD,Dattaipalle-Keshampeta,Dattaipalle-Keshampeta,17.00433211,78.3033998,DATHAYAPALLY Village
1964,bzt6LlfM,Vemulanarva-Keshampet,Vemulanarva-Keshampet,16.97947244,78.31276775,VEMULNARVA twd Pedda Revalle
1965,Ag1quWbo,Chintakuntapalle-Keshampeta,Chintakuntapalle-Keshampeta,16.95907732,78.30903143,CHINTAKUNTAPALLE twd Pedda Revalle
1966,SmD97DTD,Mile Stone,Mile Stone,16.943,78.314,POULTRY FARM  twd Pedda Revalle
1967,Xq6S6og1,Kondareddipally-Keshampeta,Kondareddipally-Keshampeta,16.93148258,78.29020768,KONDAPREDDYPALLY
1968,s8829Mzu,Mile Stone,Mile Stone,16.91325579,78.2830596,POCHAMMA Gadda Thanda  twd Pedda Ravalle
1969,kM5JCgDp,Pedda Revalle,Pedda Revalle,16.91,78.263,PEDDA REVALLE
1970,E3IpZo4j,Modampalle,Modampalle,16.90050667,78.26209545,MODAMPALLE twd Pedda Revalle
1971,U7rLYewr,Chinna Revalli,Chinna Revalli,16.89367977,78.2740581,CHINNA REVALLI twd Pedda Revalle
1972,OnFhOXup,Sangam-Keshampeta,Sangam-Keshampeta,17.02786817,78.30192627,SANGAM twd Afzalgunj
1973,g032PRzS,Nallavelly-Yacharam,Nallavelly-Yacharam,16.99951913,78.73191925,NALLAVELLY twd Dathupally
1974,MrPkvDtF,Mile Stone,Mile Stone,17.03191505,78.74157786,NALLAVELLY THANDA twd Vt thanda
1975,9A9ZLmKO,Venkateshwara Tanda,Venkateshwara Tanda,17.04078451,78.73799446,V T TANDA
1976,PjJpve1U,Dadpalle,Dadpalle,17.054,78.724,DADPALLE
1977,DSV5fuj6,Mandigowrelly-Yacharam,Mandigowrelly-Yacharam,17.03725443,78.70221108,MANDIGOWRELLY twd Yacharam
1978,BtAY9xqQ,Kgbv School-Yacharam,Kgbv School-Yacharam,17.038,78.682,KGBV School twd Mondigowrelly
1979,HnJHEV6n,Tirugundla Pally-Marriguda,Tirugundla Pally-Marriguda,16.96444963,78.77377903,TIRUGANDLAPALLY twd Mall
1980,VKaxG5Ls,Yergandla Palle-Marriguda,Yergandla Palle-Marriguda,16.95877958,78.82008612,YARAGANDLAPALLY twd Marriguda
1981,7jWzVD7Q,Konduru-Veepanagandla,Konduru-Veepanagandla,16.09897426,78.22096109,KONDURU twd Chandur
1982,udP7STzh,Marriguda-Mall,Marriguda-Mall,16.9409962,78.8584355,MARRIGUDEM twd Marrigudem
1983,LZtPTCJ9,Vattipalle,Vattipalle,16.94284681,78.87439012,VATTIPALLE  twd Namapally
1984,OHLshug4,Damera Bhemanapally-Marriguda,Damera Bhemanapally-Marriguda,16.95210395,78.92927889,DAMERA BHEMANAPALLY twd Chandur
1985,vqwkOKBw,Neralla Palli-Nampally,Neralla Palli-Nampally,16.94200523,78.99210691,NERULAPALLI X ROAD twd Bangaru Gada
1986,b0gCHgiU,Thummalapalle-Chandur,Thummalapalle-Chandur,16.95015404,79.00764227,THUMMALAPALLY twd Bagarigadda
1987,kcTGe6kE,Bangarigadda-Chandur,Bangarigadda-Chandur,16.98494927,79.01903363,BANGARIGADDA twd Nampally
1988,IcIalP86,Angadipeta,Angadipeta,16.98364871,79.03501958,ANGADIPETA
1989,O2Vx1eID,Chandur-Nalgonda,Chandur-Nalgonda,16.9806076,79.06269327,CHANDUR
1990,6ytRRaAZ,Polkangutta Thanda,Polkangutta Thanda,17.03640045,78.32238615,POLKANGUTTA THANDA
1991,eTMqolP3,Eklaskhampeta,Eklaskhampeta,17.01767609,78.33545388,EKLASKAMPET twd Amangal
1992,HECALep7,Alwal X Roads-Keshampeta,Alwal X Roads-Keshampeta,16.99995004,78.34556043,ALWAL X Roads twd Chowlapally
1993,IV7vOsyE,Kothapeta,Kothapeta,16.98555401,78.36735539,KOTHAPETA twd Keshampet
1994,LtpsJ4B6,Patigadda-Keshampeta,Patigadda-Keshampeta,16.97386462,78.36117625,PATIGADDA twd Chowlapalle
1995,3CzKyWYb,Keshampeta-Keshampet,Keshampeta-Keshampet,16.95296604,78.34731714,KESHAMPET twd Amangal
1996,WFkAWLL5,Ms Twd Chowlapalle,Ms Twd Chowlapalle,16.951,78.367,MS twd Chowlapalle
1997,JgKGD4fB,Chowlapalle East,Chowlapalle East,16.9512393,78.3896267,CHOWLAPALLE East
1998,hUToG52y,Keshampeta,Keshampeta,16.95289421,78.34810348,KESHAMPET twd JP Dargha
1999,OgTXNiN8,Kothapeta,Kothapeta,16.98551875,78.3673132,KOTHAPETA twd Shamshabad
2000,cWlLjtI1,Alwal-Keshampeta,Alwal-Keshampeta,16.99135193,78.34424346,ALWAL VILLAGE twd Jp Dargha
2001,QBFkp8eG,Alwal X Roads-Keshampeta,Alwal X Roads-Keshampeta,16.99991416,78.34550677,ALWAL X ROADS twd Afzalgunj
2002,t8D9jfpk,Eklaskhampeta,Eklaskhampeta,17.01756327,78.33536,EKLASKAMPET twd Afzalgunj
2003,NOb4CSHo,Kothapeta-Keshampeta,Kothapeta-Keshampeta,16.98606501,78.36649221,KOTHAPETA Village
2004,l2dwAGUn,Ms Twd Afzalgunj,Ms Twd Afzalgunj,16.95096863,78.36707845,MS twd Afzalgunj
2005,aH46nSIY,Patigadda-Keshampeta,Patigadda-Keshampeta,16.97480037,78.3475969,PATIGADDA X twd Keshampet
2006,Bahd4mjR,Janwada X Road,Janwada X Road,17.4126205,78.26683414,JANWADA X ROAD TWDS JANWADA VILLAGE
2007,QFs8CtHB,Janwada-Shankarpally,Janwada-Shankarpally,17.40180629,78.25837519,JANWADA twd Maharajpet
2008,M1PoUsVY,Maharajpet Village,Maharajpet Village,17.40596023,78.22514266,MAHARAJPET twd Gopularam
2009,xeEdy9b5,Gopularam,Gopularam,17.40224148,78.22109254,GOPULARAM twd Chinnamangalaram
2010,nLkAEuLq,Jalalmiyapally,Jalalmiyapally,17.075,78.709,JALALMIYAPALLY
2011,lYl60i4O,Cheeded,Cheeded,17.06990529,78.71521175,CHEDEED twd Dadpally
2012,DF4tsnzd,Gopularam,Gopularam,17.40220564,78.22101474,GOPULARAM twd Shankarpalle
2013,7S445MIJ,Maharajpet Village,Maharajpet Village,17.40598071,78.22508633,MAHARAJPET twd Dhonthanpally
2014,Vl2nJewk,Cheeded,Cheeded,17.06977993,78.71516883,CHEDEED twd Ibrahimpatnam
2015,CHfZ5bIV,Bongloor Village,Bongloor Village,17.2307481,78.57889116,BONGLOOR VILLAGE twd Adibatla
2016,MYr98CJd,Bongloor Model School,Bongloor Model School,17.23540534,78.57179403,BONGLOOR Model School
2017,oc1K8v9W,Janwada-Shankarpally,Janwada-Shankarpally,17.40193682,78.25836713,JANWADA twd Mehdipatnam
2018,PycjrSgc,Kanakamamidi,Kanakamamidi,17.30495942,78.24740758,KANAKAMAMIDI twd Venkatapur
2019,HuA2C1ek,Kanchemanguda,Kanchemanguda,17.28473814,78.24148536,KANCHEMANGUDA twd Chakaligu
2020,3KQJdg9n,Chakaliguda X Road,Chakaliguda X Road,17.26899651,78.24098915,CHAKALIGUDA X ROAD twd Venkatapur
2021,UFgNsD6I,Venkatapur-Moinabad,Venkatapur-Moinabad,17.25094935,78.24662447,VENKATAPUR Village
2022,YmIfOiYD,Chakaliguda-Moinabad,Chakaliguda-Moinabad,17.266615,78.23548257,CHAKALIGUDA Village
2023,pFjF5Ugo,Chakaliguda X Road,Chakaliguda X Road,17.26907401,78.24099183,CHAKALIGUDA X ROAD twd Kanakamamidi
2024,E61jZXKi,Kanchemanguda,Kanchemanguda,17.28479586,78.24145988,KANCHEMANGUDA twd Kanakamamidi
2025,DTvkaeHc,Kanakamamidi,Kanakamamidi,17.30505164,78.24732185,KANAKAMAMIDI VILLAGE twd Moinabad
2026,pE53XDF9,Polepalle Ramnagar,Polepalle Ramnagar,16.95348428,78.72608542,POLEPALLI Ramnagar twd Devarakonda
2027,L0EqDish,Madnapur-Chintapally,Madnapur-Chintapally,16.92638011,78.73161882,MADANAPUR twd Devanakonda
2028,WGGhl1dN,Kurmed Gate,Kurmed Gate,16.89113,78.753828,KURMEDU Gate twd Devarkonda
2029,AtBJoyjs,Kurmed,Kurmed,16.88071861,78.74765307,KURMED twd Brahamana Pally
2030,zD7YXdVw,New Bhramanapalle-Madgul,New Bhramanapalle-Madgul,16.83475821,78.73048425,NEW BRAMANAPALLE X ROAD twd Mall
2031,bvtTiEQP,Old Brahmanapalle-Madgul,Old Brahmanapalle-Madgul,16.83232125,78.72615245,OLD BRAHMANAPALLY twd Madgul
2032,0Csy8Qbj,Irvin,Irvin,16.79055959,78.70550212,IRVIN twd Amangal
2033,6ruXPQev,Girikothapalle,Girikothapalle,16.76729081,78.70951473,GIRIKOTHAPALLE X Road twd Charakonda
2034,dHrOralV,Agraharam Thanda,Agraharam Thanda,16.749544,78.70984735,AGRAHARAM THANDA twd Charakonda
2035,IAJyrilE,Ramadugula Madgul,Ramadugula Madgul,16.76008183,78.70659104,DUGYALA X RAOD twd Charakonda
2036,10nN26Bs,Sirsinagandla Gutta-Vangoor,Sirsinagandla Gutta-Vangoor,16.73400437,78.71430246,SIRSANAGANDLA GUTTA twd Charakonda
2037,dC0Xizln,Sirsangandla-Vangoor,Sirsangandla-Vangoor,16.73021825,78.74705495,SIRSANAGANDLA twd Charakonda
2038,YOPWLSTL,Charakonda,Charakonda,16.691725,78.707016,CHARAKONDA twd Kalwakurthi
2039,VSYQ8Ifd,Charakonda,Charakonda,16.691765,78.706886,CHARAKONDA twd Devarkonda
2040,96QJvC6f,Sirsangandla-Vangoor,Sirsangandla-Vangoor,16.73018485,78.74710592,SIRSANAGANDLA VILLAGE twd Ibrahimpatnam
2041,qsEsYkND,Sirsinagandla Gutta-Vangoor,Sirsinagandla Gutta-Vangoor,16.73415849,78.71421397,SIRSANAGANDLA GUTTA twd Mall
2042,RiJpTGjZ,Agraharam Thanda,Agraharam Thanda,16.74948253,78.70988489,AGRARAM THANDA twd Mall
2043,DVTAhbf6,Ramadugula Madgul,Ramadugula Madgul,16.7601229,78.70658442,RAMADUGAYALA twd Mall
2044,H3rMx6xk,Girikothapalle,Girikothapalle,16.7671624,78.70938062,GIRIKOTHAPALLE X Road twd Mall
2045,8vnXyjCl,Irvin,Irvin,16.79059041,78.70563493,IRVIN twd Girikothapally
2046,7RgTHvdL,Old Brahmanapalle-Madgul,Old Brahmanapalle-Madgul,16.83227943,78.72637424,OLD BRAHMANAPALLE twd Ibrahimpatnam
2047,uVNtV6bX,New Bhramanapalle-Madgul,New Bhramanapalle-Madgul,16.83402081,78.73485896,NEW BRAHMANAPALLE twd Old Brahmanapally
2048,mB0pLOR7,Kurmaidu,Kurmaidu,16.88073425,78.74740363,KURMED twd Ibrahimpatnam
2049,HARJ54XB,Kurmed Gate,Kurmed Gate,16.89072326,78.75344933,KURMEDU Gate twd Mall
2050,2zvzsTMQ,Madnapur-Chintapally,Madnapur-Chintapally,16.92631178,78.7315895,MADANAPUR twd Mall
2051,wC0vSOra,Polepalle Ramnagar,Polepalle Ramnagar,16.95349197,78.72605324,POLEPALLI Ramnagar twd Hyderabad
2052,ugZvICEG,Anthampet,Anthampet,16.76789049,78.78198811,ANTHAMPET VILLAGE
2053,2NIcykq7,Andugula-Madgul,Andugula-Madgul,16.75889255,78.76914561,ANDUGULA
2054,Saovemcm,Kubya Tanda,Kubya Tanda,16.78110451,78.7696928,KUBYA TANDA twd Narsampally
2055,Zk19ZcPJ,Mile Stone,Mile Stone,16.78377006,78.75071616,NARAMPALLY twd Chetla Tanda
2056,QYaS8zf1,Chetla Tanda,Chetla Tanda,16.79033028,78.75053582,CHETLA TANDA twd Palugu Tanda
2057,SjyYWS55,Mile Stone,Mile Stone,16.79991073,78.75356134,PALUGU Tanda twd Arekapally
2058,2ETTOvUn,Arkapalle-Madgul,Arkapalle-Madgul,16.81963827,78.76389424,ARKAPALLE twd Brahmanapally
2059,9FQbswOY,Nallacheruvu,Nallacheruvu,16.83206451,78.70017511,NALLACHERVU twd Madugula
2060,p7EXA9NY,Madgul,Madgul,16.8508151,78.68856669,MADGUL twd Pedda Madgula
2061,f7hQA23D,Pedda Madgul,Pedda Madgul,16.86490761,78.69518906,PEDDA Madgul twd Narsaipally
2062,dykcL9MT,Narsaiahpally-Madgul,Narsaiahpally-Madgul,16.89100688,78.71458211,NARSAIPALLY twd Mall
2063,kysPDu6s,Kolkulapally-Madgul,Kolkulapally-Madgul,16.91230378,78.72335516,KOLUKULAPALLY twd MALL
2064,tNYuTf2O,Kandawada,Kandawada,17.2770036,78.1761387,KANDUWADA twd Chevella
2065,U4bEECYd,Palgutta-Chevella,Palgutta-Chevella,17.28794467,78.17383468,PALGUTTA twd Narayandasguda
2066,Zhg02EBp,Elgapally,Elgapally,17.00943063,78.82784023,ELGAPALLY VILLAGE twd Mall
2067,bUBYic4L,Mile Stone,Mile Stone,17.00948258,78.81905987,ELGAPALLY TANDA twd Mall
2068,wtjG0kFR,Manthangowrelly,Manthangowrelly,16.99793651,78.77911806,MANTHANGOWRELLY
2069,U5iiXULc,Ajilapur-Marriguda,Ajilapur-Marriguda,16.98296122,78.80368708,AJILAPUR
2070,83AKSJ3a,Mile Stone,Mile Stone,17.00961733,78.81906152,ELGAPALLY TANDA twd Kudaspally
2071,gZQaHta7,Mile Stone,Mile Stone,17.00952499,78.82783771,ELGAPALLY VILLAGE twd Kudaspally
2072,DnDhnJGQ,Alwal X Roads-Keshampeta,Alwal X Roads-Keshampeta,16.99973976,78.34553628,ALWAL X ROADS twd Amangal
2073,bvblypGf,Alwal-Keshampeta,Alwal-Keshampeta,16.9913263,78.34428635,ALWAL VILLAGE twd keshampet
2074,zgQLJXAN,Patigadda,Patigadda,16.97383645,78.36123392,PATIGADDA twd Keshampet
2075,dCkY8CQP,Keshampeta-Keshampet,Keshampeta-Keshampet,16.95305835,78.34669768,KESHAMPET twd Chinaadirala
2076,pU7YfmET,Sundarapuram X Road,Sundarapuram X Road,16.92894995,78.33777138,SUNDARAPURAM X Road twd Chinaadirala
2077,ojdbEyOC,Kakunoor,Kakunoor,16.91526262,78.33434351,KAKUNUR twd Chinaadirala
2078,2zQb59h8,Thommidi Rekula ( 9 Rekula ),Thommidi Rekula ( 9 Rekula ),16.87911463,78.3241497,THOMMIDIREKULA
2079,elytaeVX,Lingamdana,Lingamdana,16.86982114,78.32566379,LINGAMDANA twd Urkondagate
2080,XB73aLXz,Kakunoor,Kakunoor,16.91520615,78.3343757,KAKUNUR twd Jp Dargha
2081,8fClp1rt,Kolkulapally-Madgul,Kolkulapally-Madgul,16.91227552,78.72319938,KOLUKULAPALLY twd Madgul
2082,8ChpJZCA,Narsaiahpally-Madgul,Narsaiahpally-Madgul,16.89097475,78.7146002,NARSAIPALLY twd Madugula
2083,5Hjz0dVV,Old Brahmanapalle-Madgul,Old Brahmanapalle-Madgul,16.83181387,78.7293148,BRAHMANAPALLY twd Arkapally
2084,p94JHNZO,Arkapalle-Madgul,Arkapalle-Madgul,16.81975611,78.76388316,ARKAPALLE twd Andugula
2085,dWYBCqbF,Asireddypally-Madgul,Asireddypally-Madgul,16.80588659,78.78849511,ASIREDDYPALLI twd Ramanthapur
2086,1iJmW9cH,Palle Thanda-Madgul,Palle Thanda-Madgul,16.795,78.782,PALLE Thanda twd Andugula
2087,8tNDGKFy,Palugu Tanda,Palugu Tanda,16.79984191,78.75359091,PALUGU Tanda twd Chetlapally
2088,REwwNrv8,Jugu Tanda,Jugu Tanda,16.79345725,78.77002068,JUGU Tanda twd Kubya tanda
2089,2YBJBz0u,Kubya Tanda,Kubya Tanda,16.78108855,78.76976553,KUBYA TANDA twd Andugulla
2090,FI7sGrCR,Kakunoor,Kakunoor,16.91466734,78.33643063,KAKUNUR VILLAGE
2091,UEetBaIP,Jugu Tanda,Jugu Tanda,16.79361968,78.76993089,JUGU Tanda twd Palle tanda
2092,0FLn5e5S,Palle Thanda-Madgul,Palle Thanda-Madgul,16.79478368,78.78225624,PALLE Thanda twd Ashireddypally
2093,LYHFwV8Q,Mile Stone,Mile Stone,16.79624475,78.79172981,PALLE Tanda X Road twd Asireddypally
2094,voOrLd0m,Asireddypally-Madgul,Asireddypally-Madgul,16.80602513,78.78843337,ASIREDDYPALLI twd Hyderabad
2095,CKEJ8inW,Sundarapuram X Road,Sundarapuram X Road,16.92906291,78.33768022,SUNDARAPURAM X Road twd Jp Dargha
2096,gDAwYqts,Gandipet,Gandipet,17.38447305,78.32007141,GANDIPET twd Shankarpalle
2097,vi4Ts33Y,Osman Sagar,Osman Sagar,17.38656164,78.31659794,OSMAN SAGAR
2098,cLf6phnu,Gandipet,Gandipet,17.38453678,78.32003922,GANDIPET twd Mehdipatnam
2099,H3j9Ef9N,Veerannapet-Moinabad,Veerannapet-Moinabad,17.37423139,78.22996259,VEERANNAPET twd Medipally
2100,9DTXZ39e,Medipalle-Moinabad,Medipalle-Moinabad,17.37160734,78.20135415,MEDIPALLY twd Mudimyal
2101,bVojScSI,Veerannapet-Moinabad,Veerannapet-Moinabad,17.37426211,78.23009133,VEERANNAPET twd ReddyPally
2102,wfYKOUqD,Manchirevula,Manchirevula,17.37792257,78.35434721,MANCHIREVULA twd Vyas Nagar
2103,oxNGfT8u,Ashramam-Machirevula,Ashramam-Machirevula,17.37291542,78.34970696,ASHRAM twd Vyas Nagar
2104,iuRP2pua,Vyasa Nagar,Vyasa Nagar,17.36771921,78.35073173,VYASA Nagar
2105,TELGI97z,Manchirevula,Manchirevula,17.37779968,78.35431919,MANCHIREVULA twd Narsinghi
2106,U6GekXF4,Proddutur X Roads,Proddutur X Roads,17.38052824,78.20032954,PRODUTUR X ROAD twd Yenkepally
2107,QqiJYLgX,Pragathi Resort,Pragathi Resort,17.38052856,78.18111956,PRAGATHI RESORTS twd Yenkepally
2108,f0ACGGGv,Gollaguda X Road,Gollaguda X Road,17.38333768,78.16528246,GOLLAGUDA X ROAD twd Kothapally
2109,JBBB7rjj,Kammeta X Roads,Kammeta X Roads,17.38324684,78.14929249,KAMETA X ROAD twd Yenkeppally
2110,4pXdGMA5,Yenkepalle-Chevella,Yenkepalle-Chevella,17.385,78.136,YENKEPALLE VILLAGE
2111,F8wSTHD4,Kammeta X Roads,Kammeta X Roads,17.38341305,78.14957391,KAMETA X ROAD twd Chilkur
2112,infYYbmj,Kammeta,Kammeta,17.37704583,78.16282959,KAMETA VILLAGE twd Pragathi Resorts
2113,4ioIRwUW,Gollaguda X Road,Gollaguda X Road,17.38333642,78.16538036,GOLLAGUDA X ROAD twd Chilkur
2114,uJChGgyE,Pragathi Resort,Pragathi Resort,17.38061035,78.18096936,PRAGATHI RESORT twd Chilkur
2115,udRB0vvi,Proddutur X Roads,Proddutur X Roads,17.38053592,78.20023835,PRODUTUR X ROAD twd Chilkur
2116,9NaaZczG,Kollur-Shankarpally,Kollur-Shankarpally,17.44268113,78.25294911,KOLLUR twd Edunagulapally
2117,Xkhx33Xf,Kollur-Shankarpally,Kollur-Shankarpally,17.4427336,78.25300142,KOLLUR twd Gandipet
2118,Z3wWUt49,Ibp Manchal Road,Ibp Manchal Road,17.19314598,78.64666086,MANCHAL RAOD twd Manchal
2119,Ca5n0cb2,Chittapur-Manchal,Chittapur-Manchal,17.17208541,78.74206869,CHITHAPUR twd Tippaiguda
2120,3OsRv5dS,Chittapur-Manchal,Chittapur-Manchal,17.17197528,78.74213037,CHITHAPUR twd Manchal
2121,OrYFMhoV,Kondannaguda,Kondannaguda,17.04695053,78.28041228,KONDANNAGUDA
2122,LdSSsaRW,Veljerla,Veljerla,17.03963679,78.27287525,VELJERLA twd Papireddiguda
2123,c9HvMR3X,Papireddyguda-Keshampet,Papireddyguda-Keshampet,17.00796746,78.2709179,PAPIREDDIGUDA
2124,Du6ZJk8m,Guttalagadda Twd Kondareddypally,Guttalagadda Twd Kondareddypally,16.99349379,78.27260976,GUTTALAGADDA twd Kondareddypally
2125,Jr7GNwCK,Seriguda Madhurapur,Seriguda Madhurapur,16.98839946,78.27595702,SHERIGUDA  twd Kondareddypally
2126,GKE1z7eZ,Ippalapalle-Keshampeta,Ippalapalle-Keshampeta,16.98188379,78.2839474,IPPALAPALLY
2127,0TVAAZBc,Ragya Thanda,Ragya Thanda,16.96197764,78.28180965,RAGYA THANDA
2128,r7vMxh92,Pomalpalle,Pomalpalle,16.95197438,78.28636147,POMALPALLE
2129,jdsX27vZ,Seriguda Madhurapur,Seriguda Madhurapur,16.98833791,78.27573175,SHERIGUDA  twd Afzalgunj
2130,s8Vwthaz,Guttalagadda Twd Afzalgunj,Guttalagadda Twd Afzalgunj,16.99341388,78.2723952,GUTTALAGADDA twd Afzalgunj
2131,ishem9ke,Tholkatta X Roads,Tholkatta X Roads,17.3130283,78.21676545,THOLKATTA X Roads twd Nakkalapally
2132,XZVs9yeb,Tolkatta,Tolkatta,17.29797346,78.20841908,TOLKATTA Village twd Nakkalapally
2133,vuShMO3B,Sv College,Sv College,17.28399038,78.20964754,SV COLLEGE twd Nakkalapally
2134,D4TnnYHl,Yethbarpalle,Yethbarpalle,17.27201946,78.20650388,ETHBARPALLY twd Nakkalapally
2135,8Yp5SpUj,Nakkalapalle-Moinabad,Nakkalapalle-Moinabad,17.25887201,78.20664346,NAKKALAPALLY twd Venkatapur
2136,MI2OjPv8,Nakkalapalle-Moinabad,Nakkalapalle-Moinabad,17.2588592,78.20647717,NAKKALAPALLY twd Mehdipatnam
2137,zcd71wbs,Yethbarpalle,Yethbarpalle,17.27192468,78.20645853,ETHBARPALLY twd Tolkatta
2138,TcEri4kX,Sv College,Sv College,17.28404674,78.20962474,SV COLLEGE twd Tolkatta
2139,Wn9bdl4O,Tolkatta,Tolkatta,17.29799133,78.2083708,TOLKATTA Village twd Appareddy guda
2140,ZhuVwTBP,Brahmanapally,Brahmanapally,17.26822876,78.61726285,BRAMANAPALLY twd Torror
2141,8ZtgECne,Nampally Public Garden,Nampally Public Garden,17.396278,78.470819,NAMPALLY PUBLIC GARDEN twd Ameerpet
2142,cqFGb3ND,Kagazghat,Kagazghat,17.12972747,78.68788043,KHAGAJGHAT twd Japal
2143,X7FzzwOx,Kagazghat,Kagazghat,17.12968645,78.68774093,KHAGAJGHAT twd Ibrahimpatnam
2144,rFapZFee,Potugadda Thanda,Potugadda Thanda,17.02755009,78.54692191,POTUGADDA Thanda twd Kurmidda
2145,NeIVfhZp,Utlapally-Kandukur,Utlapally-Kandukur,17.014,78.528,UTLAPALLY twd Mucherla
2146,06KZXNee,Mucherla-Kandukur,Mucherla-Kandukur,17.01425457,78.5171628,MUCHERLA twd Kadthal
2147,q4l40TiU,Mile Stone,Mile Stone,17.01419301,78.51075768,SAIREDDYGUDA X ROAD twd Kadthal
2148,EPnoHxmM,Mucherla X Road,Mucherla X Road,17.00988408,78.49797629,MUCHERLA X ROAD twd Mgbs
2149,UsnrEA5a,Kadthal-Rr,Kadthal-Rr,16.98568933,78.50169718,KADTHAL twd MGBS
2150,YdHCsSr5,Rajkhanguda-Amangal,Rajkhanguda-Amangal,16.96667636,78.47601768,RAJKHANGUDA twd Kadthal
2151,JWkL1mNV,Takrajguda,Takrajguda,16.96558877,78.47376461,TAKRAJGUDA twd Shamshabad
2152,4p3x4PXv,Madharam,Madharam,16.9583615,78.44868602,MADARAM GATE twd Midjil
2153,CgxNzI0W,Madharam,Madharam,16.9680104,78.44978571,MADHARAM
2154,QXRzGrTT,Natkhanpalli,Natkhanpalli,16.978,78.439,NYAMATHAPUR twd Shamshabad
2155,RVjfiBwU,Ravichedu,Ravichedu,16.982,78.424,RAVICHEDU twd Shamshabad
2156,WjtcTy3R,Santhapur,Santhapur,16.989,78.381,SANTHAPUR twd Shamshabad
2157,9Z5UAcSc,Takrajguda,Takrajguda,16.96566812,78.4736681,TAKRAJGUDA twd Kadthal
2158,HtidYNDr,Gollamada,Gollamada,17.014,78.51,SAIREDDYGUDDA X RAOD twd Mucherla
2159,ItJmcckn,Mucherla-Kandukur,Mucherla-Kandukur,17.01421866,78.51705551,MUCHERLA twd Kurmidda
2160,17V50XXp,Gollamada,Gollamada,17.01391088,78.52775216,UTLAPALLY twd Kurmidda
2161,9LLVxVFS,Mangalgadda Thanda,Mangalgadda Thanda,17.02724234,78.55290592,MANGALGADDA Thanda twd Kurmidda
2162,31SySMfW,Lingampalle-Manchal,Lingampalle-Manchal,17.181,78.707,LINGAMPALLY Village
2163,deMMUwQs,Thallapalliguda-Manchal,Thallapalliguda-Manchal,17.18709168,78.73690009,TALLAPALLIGUDA twd Chithapur
2164,19EyrKx8,Tippaiguda,Tippaiguda,17.17720298,78.7759155,TIPPAIGUDA twd Narayana Pur
2165,fu48NvkW,Rachakonda Tanda,Rachakonda Tanda,17.18194624,78.7918894,RACHAKONDA Tanda
2166,gLSi4e4H,Tippaiguda,Tippaiguda,17.17710048,78.77610326,TIPPAIGUDA twd Ibrahimpatnam
2167,7ULzpej4,Gurramguda Village,Gurramguda Village,17.294,78.566,GURRAMGUDA twd Bn Reddy
2168,kWBQadw4,Dondaguda,Dondaguda,17.20724638,78.71976178,DONDAGUDA twd Choutupal
2169,CGiGD1ZR,Begumpet-Kandukur,Begumpet-Kandukur,17.10803654,78.55346918,BEGUMPET twd Lemoor
2170,unZFDH1M,Rachloor-Gate,Rachloor-Gate,17.11474004,78.53707014,RACHLOOR twd Begampeta
2171,Ld8EXdVq,Gudoor Gate,Gudoor Gate,17.11846211,78.50503653,GUDOOR Gate twd Charminar
2172,9K4U2vil,Lemoor,Lemoor,17.13834584,78.51530202,LEMOOR twd Afzalgunj
2173,b04CDqLZ,Saraswathiguda,Saraswathiguda,17.17135777,78.49844644,SARASWATIGUDA VILLAGE twd Charminar
2174,VIEDVvSc,Saraswathiguda X Road-Kandukur,Saraswathiguda X Road-Kandukur,17.18540566,78.47459611,SARASWATIGUDA X ROAD twd Charminar
2175,YAOyV8VW,Cherikonda Patti Padkal,Cherikonda Patti Padkal,16.94920736,78.64140012,CHERIKONDA PATTI PADKAL twd Sarikonda
2176,omv3o75s,Cherikonda Palakurthy,Cherikonda Palakurthy,16.91917852,78.64237368,SARIKONDA PALAKURTHY
2177,w4GPe1x8,Mudwin-Amangal,Mudwin-Amangal,16.90426363,78.6031276,MUDVIN twd Akuthotapally
2178,Kgx5iGf5,T Gowraram Village,T Gowraram Village,16.89126744,78.60894799,GAURARAM twd Amangal
2179,JSCX94jF,Akuthotapalle,Akuthotapalle,16.87096585,78.60108375,AKUTHOTA PALLY twd Nallorpally
2180,EIwqtWnu,T Gowraram Village,T Gowraram Village,16.89103142,78.60910184,GAURARAM twd Mall
2181,vTWj27WS,Mudwin-Amangal,Mudwin-Amangal,16.90767808,78.60488177,MUDWIN twd Mall
2182,Bm66gatf,Pallecheluku Thanda,Pallecheluku Thanda,16.97617335,78.64227705,PALLECHELUKU Tanda twd MGBS
2183,dtGFrCA2,Jbs,Jbs,17.44925709,78.49638406,JBS twd Hakimpet
2184,mZSyd8DJ,Pallecheluku Thanda,Pallecheluku Thanda,16.97609394,78.64238713,PALLECHELUKU Tanda twd Singampally
2185,bgBYgZvF,Akuthotapalle,Akuthotapalle,16.87089796,78.60122322,AKUTHOTAPALLY twd Amangal
2186,7HRSex5C,Saree Thanda,Saree Thanda,16.95592162,78.67795585,SAREE THANDA twd Kothapally thanda
2187,B7NlpykA,Korram Thanda,Korram Thanda,16.92337859,78.67816399,KORRA TANDA twd Katram tanda
2188,lcKKI2FY,Katramtanda,Katramtanda,16.91800832,78.67614541,KATRAMTANDA twd Nagilla
2189,2wquMFqp,Nagilla-Madgul,Nagilla-Madgul,16.898,78.659,NAGILLA twd Mudvin
2190,ub51en1S,Appareddypally-Madgul,Appareddypally-Madgul,16.88231779,78.67579668,APPAREDDY PALLY twd Dodlapadu
2191,ab2RUcwP,Dodlapahad,Dodlapahad,16.87336779,78.63471864,DODLAPAHAD twd Amangal
2192,GyTqCJht,Avuru Pally X Road,Avuru Pally X Road,16.8723926,78.62753207,AVURU PALLY X ROAD twd Akuthotrapally
2193,KnU14VX3,Shetti Pally-Amangal,Shetti Pally-Amangal,16.88797513,78.61958697,SHETTIPALLY twd Amangal
2194,94f1rfWx,Murthuja Palli,Murthuja Palli,16.85644199,78.56973422,MURTHUJA PALLI twd Amangal
2195,6K6jNx5E,Jangareddy Pally-Amangal,Jangareddy Pally-Amangal,16.84891803,78.55699092,JANGAREDDY PALLY twd Amangal
2196,vi5C0Wba,Jangareddy Pally-Amangal,Jangareddy Pally-Amangal,16.84896637,78.55690202,JANGAREDDY PALLY twd Nalloripally
2197,KHKxtkJt,Murthuja Palli,Murthuja Palli,16.85650363,78.56913336,MURTUZPALLI twd Mall
2198,Sewsaww6,Avuru Pally X Road,Avuru Pally X Road,16.87247968,78.62751424,AVURUPALLY X ROAD twd Dodlapahad
2199,yaHPV6p4,Dodlapahad,Dodlapahad,16.8736142,78.63415003,DODLAPAHAD twd Nagilla
2200,LDjpcysL,Appareddypally-Madgul,Appareddypally-Madgul,16.88226389,78.67589591,APPAREDDY PALLY twd Nagilla
2201,beB1Lsef,Nagilla-Madgul,Nagilla-Madgul,16.89807358,78.65905702,NAGILLA twd Mall
2202,nrIg8Rmp,Katramtanda,Katramtanda,16.91800576,78.67611587,KATRAMTANDA twd Kothapally
2203,PNNJPQ4A,Korra Thanda,Korra Thanda,16.92334066,78.67824018,KORRA TANDA twd Kothapally
2204,rz5WhEos,Yamjal X Roads,Yamjal X Roads,17.5551626,78.53773537,YAMJAL X ROAD twd Secundrabad
2205,OZoMaGP7,Vintege Home-Yjl,Vintege Home-Yjl,17.27579404,78.56486491,VINTEGE HOME-YAMJAL
2206,DWX9z7jZ,Turkayamjal Village,Turkayamjal Village,17.26989925,78.57408872,TURKAYAMJAL Village
2207,87qvwt2o,Kadilabavi Thanda,Kadilabavi Thanda,17.15773688,78.78888128,KADILABAVITHANDA twd Darga
2208,18ixsmgI,Kadilabavi Thanda,Kadilabavi Thanda,17.15764972,78.78862352,KADILABAVITHANDA twd Arutla
2209,1UxREbt6,Timmapur-Kandukur,Timmapur-Kandukur,17.13114532,78.55626673,THIMMAPUR twd Koti
2210,J1P6yT5i,Pavurala Gutta Twd Choutuppal,Pavurala Gutta Twd Choutuppal,17.25029359,78.76213427,PAVURALA GUTTA twd Choutuppal
2211,tZwTfy0R,Malkapur-Choutppal,Malkapur-Choutppal,17.27618402,78.79801153,MALKAPUR twd Choutuppal
2212,r6Oldi3M,Malkpur Darga Twd Choutuppal,Malkpur Darga Twd Choutuppal,17.27576398,78.8085258,MALKPUR DARGA twd Choutuppal
2213,sOA4V5Rf,Malkapur,Malkapur,17.27597912,78.79793644,MALKAPUR twd Ibrahimpatanam
2214,zAXxwkiL,Mandollagudem Choutuppal,Mandollagudem Choutuppal,17.27912585,78.7896521,MANDOLLAGUDEM twd Mgbs
2215,50QFuG3S,Gold Coast,Gold Coast,17.26307021,78.76218795,GOLD COAST twd Dandumailaram
2216,FaFHa97v,Pavurala Gutta Twd Ibrahimpatnam,Pavurala Gutta Twd Ibrahimpatnam,17.25032433,78.76237034,PAVURALA GUTTA twd Ibrahimpatnam
2217,kOaEGNSX,Dondaguda,Dondaguda,17.20722608,78.71982251,DONDAGUDA twd Ibrahimpatnam
2218,cIdVEBO2,Naganpalle-Ibrahimpatnam,Naganpalle-Ibrahimpatnam,17.21677095,78.68929624,NAGNPALLY twds Ibrahimpatnam
2219,4pyaeckd,Shivanaguda-Marriguda,Shivanaguda-Marriguda,17.00332347,78.8871766,SHIVANNAGUDEM
2220,lniyfmIT,Kurmed Gate,Kurmed Gate,16.89065397,78.75353248,KURMEDU Gate twd Kurmedu
2221,vmPo3SyG,Kurmapalli-Chinthapally,Kurmapalli-Chinthapally,16.88197643,78.76021921,KURMA PALLY X Road twd Kurmapally
2222,9hBGLPdT,Saireddy Gudem,Saireddy Gudem,16.88644757,78.78474534,SAIREDDYGUDA X Road twd Narsimapur
2223,Ka5FNdG2,Kurmapalli-Chinthapally,Kurmapalli-Chinthapally,16.884,78.793,KURMAPALLY Village
2224,2nVev2ct,Saireddy Gudem,Saireddy Gudem,16.898,78.79,SAI REDDY Gudem twd Kurmapally
2225,WKJo7L7O,Pk Mallepally-Chinthapally,Pk Mallepally-Chinthapally,16.90335175,78.81582857,P K MALLEPALLY twd Devarakonda
2226,TeC4Rb0n,Kistarampally-Marriguda,Kistarampally-Marriguda,16.89726752,78.82620697,KISTARAM PALLY twd Narsampur
2227,lD3fXD81,Narasimhapuram-Marriguda,Narasimhapuram-Marriguda,16.88918336,78.83910298,NARASIMAPURAM twd Krishnarampally
2228,b6mu7aQg,Chintapalle-Chennur,Chintapalle-Chennur,16.87992247,78.84710837,CHINTAPALLY X ROAD twd Idlapur
2229,0Wv8cimh,Hydelapur,Hydelapur,16.87751559,78.85511577,HYDELAPUR twd Tungapad
2230,6CCGYsd6,Thunga Pahad-Miryalaguda,Thunga Pahad-Miryalaguda,16.87028301,78.87017073,THUNGAPHAD twd Gouraram
2231,lDtdDogc,Tungapathi Gouraram (Tp Gouraram),Tungapathi Gouraram (Tp Gouraram),16.87913259,78.88736129,TP GOURARAM
2232,55KoGOY6,Mallapurajupally-Nampally,Mallapurajupally-Nampally,16.87014908,78.90897989,MALLAPURAJUPALLY Village
2233,i6jPiraW,Hydelapur,Hydelapur,16.87746426,78.85512113,HYDELAPUR twd Chithaplly x Road
2234,WA4GMtEl,Chintapalle-Chennur,Chintapalle-Chennur,16.87968699,78.84681703,CHINTAPALLY X ROAD twd Narsipally
2235,IyuIKFj5,Pk Mallepally-Chinthapally,Pk Mallepally-Chinthapally,16.9030472,78.81610036,P K MALLEPALLI twd Kurampally
2236,PGNTikKq,Saireddy Gudem,Saireddy Gudem,16.89941658,78.79029916,SAIREDDYGUDEM twd Mall
2237,zYkKAvpe,Arkapally X Road,Arkapally X Road,16.83828,78.789462,ARKAPALLY GATE twd Devarakonda
2238,DSXMPkmq,Vinjamooru Bs,Vinjamooru Bs,16.83085786,78.80180151,VINJAMUR Gate twd Devanakonda
2239,kJW8Od1C,Chinthapally X Road,Chinthapally X Road,16.81793357,78.82844924,CHINTHAPALLY X Road twd Chinthapally
2240,rqRSUe7e,Chinthapalli-Devarakonda,Chinthapalli-Devarakonda,16.80283608,78.82064939,CHINTHAPALLY VILLAGE twd IDDAMPALLY
2241,g6yQy7kW,Humanthula Palli,Humanthula Palli,16.7790989,78.80598306,PALLE TANDA twd Chintapally
2242,JAo2AwvQ,Humanthula Palli,Humanthula Palli,16.77899105,78.80589724,HUMANTHULAPALLI twd Iddampally
2243,p88t5mxQ,Mallareddi Palli-Chinthapally,Mallareddi Palli-Chinthapally,16.77161043,78.83074236,MALLAREDDI PALLI twd Gotimukkula
2244,SGbZDM01,Korrabhagya Tanda,Korrabhagya Tanda,16.74758163,78.84809376,KORRABHAGYA Tanda twd Mudigonda
2245,XE5W831D,Mudigonda-Devarakonda,Mudigonda-Devarakonda,16.73969122,78.8614136,MUDIGONDA twd Gotimukkula
2246,3tVd69oO,Kamalpur-Devarakonda,Kamalpur-Devarakonda,16.72943731,78.85964871,KAMALPUR twd Gotimukkula
2247,YttVLpvU,Gottimukkala-Devarakonda,Gottimukkala-Devarakonda,16.734,78.831,GOTTIMUKULA twd Jillapally
2248,5GGTnajL,Iddam Palli,Iddam Palli,16.732,78.781,IDDAMPALLY twd Gillapally
2249,y2aWDKqT,Jillepaly-Devarakonda,Jillepaly-Devarakonda,16.71333023,78.80621448,JILLEPALLY twd Devarakonda
2250,vIoDEWBC,Jillepaly-Devarakonda,Jillepaly-Devarakonda,16.71342047,78.80619373,JILLEPALLY twd Iddampally
2251,jK9HCbNP,Iddam Palli,Iddam Palli,16.73200084,78.78109758,IDDAMPALLY twd Chinthapally
2252,7WVhdoV2,Gottimukkala-Devarakonda,Gottimukkala-Devarakonda,16.73421506,78.83025154,GOTTIMUKULA twd Kamalapur
2253,82DC7DYy,Kamalpur-Devarakonda,Kamalpur-Devarakonda,16.72940163,78.85955756,KAMALAPUR twd Mudigonda
2254,q8yZDXU4,Mudigonda-Devarakonda,Mudigonda-Devarakonda,16.73992239,78.86142969,MUDIGONDA twd Mallareddypally
2255,AuSdJAyY,Korrabhagya Tanda,Korrabhagya Tanda,16.74742238,78.84822785,KORRABHAGYA Tanda twd Mallareddypally
2256,CLsN3MeY,Mallareddi Palli-Chinthapally,Mallareddi Palli-Chinthapally,16.77149229,78.83075576,MALLAREDDI PALLI twd Chinthapally
2257,6bZOYtTo,Humanthula Palli,Humanthula Palli,16.761,78.802,HUMANTHAPALLY twd Chinthapally
2258,MxMQHHtB,Chinthapalli-Devarakonda,Chinthapalli-Devarakonda,16.802908,78.82055283,CHINTHAPALLY twd Chinthapally X Raod
2259,uCYPU0tf,Chinthapally X Road,Chinthapally X Road,16.817874,78.828705,CHINTHAPALLY twd MGBS
2260,YzLCzJ9N,Vinjamooru Bs,Vinjamooru Bs,16.830782,78.801827,VINJAMOOR GATE twd MGBS
2261,csXOAP0H,Arkapally X Road,Arkapally X Road,16.838101,78.789544,ARKAPALLY GATE twd MGBS
2262,Lhz62Kvb,Tirugundla Pally-Marriguda,Tirugundla Pally-Marriguda,16.96486,78.77364367,TIRUGUNDLAPALLY twd Chandr
2263,jY4kAr8B,Tammad Palle-Marriguda,Tammad Palle-Marriguda,16.97186494,78.77501294,TAMMADAPALLE Village
2264,RoS6Hg7y,Patelguda-Ibrahimpatnam,Patelguda-Ibrahimpatnam,17.21554534,78.585881,PATELGUDA twd Ibrahimpatnam
2265,PqQHzM5n,Manorabad-Manchal,Manorabad-Manchal,17.18931843,78.69881809,MANORABAD
2266,c4UMfEER,Maheswaram Bus Stop,Maheswaram Bus Stop,17.13413397,78.43345106,MAHESWARAM Bus Stop
2267,l1KUK0fV,Maheswaram Depot,Maheswaram Depot,17.13402888,78.41508865,MAHESWARAM Bus Depot
2268,jJxd5fDe,Mansanpalle-Maheswaram,Mansanpalle-Maheswaram,17.137161,78.39389384,MANSANPALLY twd Afzalgunj
2269,b9ILuxNu,Mansanpally X Road,Mansanpally X Road,17.13784278,78.37958157,MANSANPALLY X Road twd Afzalgunj
2270,PspGT9rg,Ameerpet-Maheswaram,Ameerpet-Maheswaram,17.15,78.344,AMEERPET twd Shamshabad
2271,sG8fMDLx,Muchintal,Muchintal,17.173,78.332,MUKCHINTAL VILLG twd Shamshabad
2272,E1O2eWKd,Jims Hospital,Jims Hospital,17.186,78.328,JIMS HOSPITAL twd Shamshabad
2273,q80XzorP,Jims Hospital,Jims Hospital,17.187,78.327,JIMS HOSPITAL
2274,IOWuAbum,Muchintal,Muchintal,17.174,78.332,MUKCHINTAL Village
2275,x3KvB5F0,Ameerpet-Maheswaram,Ameerpet-Maheswaram,17.14971521,78.34321681,AMREERPET twd Maheshwaram
2276,IQAoamK7,Mansanpally X Road,Mansanpally X Road,17.13800175,78.37986589,MANSANPALLY X Road twd Kadthal
2277,98AVJiGU,Mansanpalle-Maheswaram,Mansanpalle-Maheswaram,17.13762241,78.39193583,MANSANPALLY twd Charminar
2278,AGZnGriC,Mukchintal Model High School,Mukchintal Model High School,17.18466863,78.31238623,MUKCHINTAL MODEL HIGH SCHOOL
2279,lqodsopG,Maheswaram Bavi,Maheswaram Bavi,17.13655766,78.43520508,MAHESWARAM BAVI twd Koti
2280,l2njxQu6,Sirigiripur,Sirigiripur,17.15350793,78.44765604,SIRIGIRIPUR X ROAD twd Koti
2281,GJ1RHuBr,Tukkuguda,Tukkuguda,17.21189952,78.47652734,THUKKUGUDA Bus Station
2282,goe3NEDG,Rci Gate,Rci Gate,17.26273212,78.47553492,RCI GATE twd Charminar
2283,WjUDdql4,Ragaipally,Ragaipally,16.81223087,78.5331166,RAGAIPALLY twd Bairapur
2284,RWnZwBOR,Peddapur-Veldanda,Peddapur-Veldanda,16.78197506,78.53734913,PEDDAPUR twd Kalwakurthy
2285,5glG8Z8x,Veldanda,Veldanda,16.745,78.536,VELDANDA twd Bairapur
2286,CGIS7oFE,Bollampally-Veldanda,Bollampally-Veldanda,16.758,78.593,BOLLAMPALLY twd Bairapur
2287,yeKveqE2,Challapally,Challapally,16.75389593,78.59747656,SALLAPALLY twd Charakonda
2288,67XCJ0Hb,Chedurvalli,Chedurvalli,16.74450475,78.62398735,CHEDURVALLI twd Bairapur
2289,w6B22jRz,Bhairpur,Bhairpur,16.76,78.657,BAIRAPUR Stop
2290,IMPnpCOu,Appareddypally Thanda,Appareddypally Thanda,16.75525606,78.67087745,APPAREDDYPALLY THANDA twd Charakonda
2291,9hAaTKXS,Appareddypally Thanda,Appareddypally Thanda,16.755179,78.67087475,APPAREDDYPALLY THANDA twd Kalwakurthy
2292,QMlYAODD,Bhairpur,Bhairpur,16.76006385,78.65697295,BAIRAPUR twd Issadan
2293,GBFhm1Wc,Chedurvalli,Chedurvalli,16.74439932,78.62392965,CHEDURVALLI twd Issadan
2294,1HJ3lqRK,Challapally,Challapally,16.75376355,78.59735335,SHALLAPALLY twd Kalwakurthy
2295,bl0UMfot,Bollampally-Veldanda,Bollampally-Veldanda,16.75799919,78.59260799,BOLLAMPALLY twd Issadan
2296,aWCVAXmx,Veldanda,Veldanda,16.74450333,78.53578104,VELDANDA twd MGBS
2297,9YS3eZq0,Peddapur,Peddapur,16.78213688,78.53724992,PEDDAPUR twd MGBS
2298,uhO8e6lu,Ragaipally,Ragaipally,16.81220034,78.53307368,RAGAYAPALLY twd Issadan
2299,4bg7VwHh,Mucherla X Road,Mucherla X Road,17.00998667,78.49791258,MUCHERLA X ROAD twd Hyderabad
2300,FTAPIWhr,Rachloor,Rachloor,17.12449333,78.47691424,RACHLOOR Gate twd MGBS
2301,k4eetXU2,Mohabatnagar,Mohabatnagar,17.16388226,78.47696721,MOHABBATNAGAR twd Mgbs
2302,gz0YIXz0,Bairapur-Birkoor,Bairapur-Birkoor,18.49348809,77.81974553,BHAIRAPUR Village
2303,ZGyGkiCF,Appreddypally,Appreddypally,16.57517,78.07616,APPAREDDY PALLY twds Salkelapur
2304,KzZMbkV1,Appreddypally,Appreddypally,16.57517,78.07609,APPAREDDY PALLY twds Ghanpur
2305,9FzwsXuT,Bollampally-Veldanda,Bollampally-Veldanda,16.75707299,78.59464997,BOLLAMPALLY twd Kalwakurthy
2306,kzhaSRXU,Peddapur,Peddapur,16.48724236,78.54283154,PEDDAPUR twd Achampet
2307,uHTwV43T,Rci Gate,Rci Gate,17.26270121,78.47594261,RCI GATE twd Amangal
2308,IPFoOfMA,Sirigiripur,Sirigiripur,17.1535787,78.44787029,SIRIGIRIPUR X ROAD twd Maheshwaram
2309,m6Hd23Ff,Maheswaram Bavi,Maheswaram Bavi,17.13659418,78.43547531,MAHESWARAM BAVI twd Maheshwaram
2310,6kQ0QYUg,Bhatlapalle,Bhatlapalle,16.93512875,78.86244897,BHATLAPALLY twd Nampally
2311,CHqJi4Pr,Swamulavari Lingotam-Nampally,Swamulavari Lingotam-Nampally,16.90554679,78.89833687,LINGOTAM twd Nampally
2312,vqtiZDWH,Vaddepally,Vaddepally,16.8967673,78.92010744,VADDEPALLY twd Nampalli
2313,LIVK02Ku,Chittam Pahad,Chittam Pahad,16.88993792,78.93753469,CHITTAM PAHD twd Koppole
2314,afsUAoTL,Nampalli-Devarakonda,Nampalli-Devarakonda,16.88490749,78.96298302,NAMPALLY twd Bagarigdda
2315,O1XmMoIw,Peddapur-Nampally,Peddapur-Nampally,16.90013695,78.97195816,PEDDAPURAM twd Bangarugadda
2316,nkB8pG4a,Ramdas Thanda-Nampally,Ramdas Thanda-Nampally,16.91822388,78.98374379,RAMDAS THANDA twd Bangarugadda
2317,d4mEhT4d,Narasimhula Gudem-Tripuraram,Narasimhula Gudem-Tripuraram,16.93398949,78.9922893,NARASIMHULAGUDEM twd Nampally
2318,A6biG90f,Papireddigudem-Chandur,Papireddigudem-Chandur,16.97202271,79.01348948,PAPAREDDYGUDEM twd Bangaru
2319,SO8Pn2UK,Mile Stone,Mile Stone,16.97198167,79.01343584,PAPIREDDIGUDEM- twd Nampally
2320,hhZ4ew4P,Thummalapalle-Chandur,Thummalapalle-Chandur,16.9502618,79.00776565,THUMMALAPALLY twd Nampally
2321,D9dG5CXU,Neralla Palli-Nampally,Neralla Palli-Nampally,16.94202576,78.99218201,NERULAPALLI X ROAD twd Narsimlagudem
2322,SnEcSKLD,Peddapur-Nampally,Peddapur-Nampally,16.90014722,78.97200644,PEDDAPURAM twd Nampally
2323,1NM0kR2T,Nampalli-Devarakonda,Nampalli-Devarakonda,16.88515901,78.96073586,NAMLLPALLI twd Chitampad
2324,7Hxds3LU,Chittam Pahad,Chittam Pahad,16.88978029,78.93747126,CHITTAM PAHD twd Mall
2325,lHGyezIl,Swamulavari Lingotam-Nampally,Swamulavari Lingotam-Nampally,16.90563427,78.89806508,LINGOTAM twd Mall
2326,S2k6Asiv,Bhatlapalle,Bhatlapalle,16.93499509,78.86280299,BHATLAPALLE twd Mall
2327,l6g6YcWe,Marriguda-Mall,Marriguda-Mall,16.941,78.858,MARRIGUDA Bus Stop
2328,MwA3bmKK,Yergandla Palle-Marriguda,Yergandla Palle-Marriguda,16.95875147,78.82022291,YARAGANDLAPALLY twd Mall
2329,yfqU3mX9,Banjar Tanda-Kandukur,Banjar Tanda-Kandukur,17.10306838,78.42874373,BANJARATANDA twd Keshampet
2330,kDN32Fyt,Bokkal Tanda,Bokkal Tanda,17.092,78.425,BOKALTANDA twd Keshampet
2331,2sNgEWBK,Kkbasthi Twd Keshampet,Kkbasthi Twd Keshampet,17.082,78.42,KKBASTHI twd Keshampet
2332,TCy8JBe7,Pulumamidi-Kandukur,Pulumamidi-Kandukur,17.06574383,78.41915891,PULIMAMDI twd Keshampet
2333,PpFyAeM0,Dhannaram,Dhannaram,17.04715315,78.40901056,DHANARAM twd Keshampet
2334,OaufLS5p,Chippalpalle,Chippalpalle,17.04774295,78.3970347,CHIPPALPALY twd Keshampet
2335,OyIAKfDs,Murlinagar,Murlinagar,17.028,78.395,MURLINGAR twd Keshampet
2336,RyTYQcYV,Konaiapally-Keshampeta,Konaiapally-Keshampeta,17.010038,78.38722855,KONAYPALLY twd Keshampet
2337,p12nDVit,Santhapur,Santhapur,16.98826864,78.38009655,SANTHAPUR twd Kadthal
2338,f7V0mjD2,Patigadda,Patigadda,16.97486259,78.34749155,PATTIGADA VILLAGE twd Jp darga
2339,Duo2nOGX,Santhapur,Santhapur,16.98812239,78.37998927,SANTHAPUR twd Charminar
2340,d3CLFiFP,Konaiapally-Keshampeta,Konaiapally-Keshampeta,17.01015591,78.38719368,KONAYPALLY twd Charminar
2341,Sb8GJvmX,Murlinagar,Murlinagar,17.027,78.395,MURLINGAR twd Charminar
2342,mhmYlSs0,Chippalpalle,Chippalpalle,17.04772464,78.39708567,CHIPPALPALY twd Charminar
2343,m5afZOrL,Dhannaram,Dhannaram,17.04720441,78.40895175,DHANARAM twd Charminar
2344,kRt2BCJS,Pulumamidi-Kandukur,Pulumamidi-Kandukur,17.066,78.424,PULIMAMIDI twd Charminar
2345,3Cv7qohH,Mile Stone,Mile Stone,17.082,78.42,KKBASTHI twd Charminar
2346,L1WHCcmA,Bokkal Tanda,Bokkal Tanda,17.091,78.424,BOKALTANDA twd Charminar
2347,RDHDZEJJ,Banjar Tanda-Kandukur,Banjar Tanda-Kandukur,17.10312993,78.42870348,BANJARATANDA twd Charminar
2348,8UdcQVgL,Spoorthy Engg Clg,Spoorthy Engg Clg,17.28210418,78.55371135,SPOORTHY ENGG CLG twd BN Reddy
2349,EDd6KLvC,Bn Reddy Nagar,Bn Reddy Nagar,17.32077355,78.56081441,BN Reddy Nagar twd Vijayapuri colony
2350,QAKi2qu0,Vijayanagar Colony-Lb.Nagar,Vijayanagar Colony-Lb.Nagar,17.32250004,78.57228213,VIJAYAPURI COLONY twd B N REDDY
2351,KCSELWVH,Bn Reddy Nagar,Bn Reddy Nagar,17.32068975,78.56077418,B N REDDY NAGAR twd Sagar ring road
2352,BvSkUoKY,Rtc Colony Champapet,Rtc Colony Champapet,17.34673667,78.52003822,RTC COLONY twd Mgbs
2353,OHJEkJmu,Mile Stone,Mile Stone,17.33994171,78.50432843,MIDHANI Bus Depot
2354,xPQxFVSo,Anneboina Pally-Madgul,Anneboina Pally-Madgul,16.86503725,78.77175805,ANNEBOINA PALLY twd Devarakonda
2355,6GYS2wVi,Suddapalle,Suddapalle,16.81890923,78.79494313,SUDDAPALLE twd Ramanthapur
2356,yL6C5utp,Andugula X Road,Andugula X Road,16.78630974,78.79252915,ANDUGULA X Road twd Ramanthapur
2357,OywuQ1Ip,Yella Reddy Bawi,Yella Reddy Bawi,16.689204,78.785698,YELLAREDDYBAWI/IDAMPALLI X Road twd Devarkonda
2358,qznmXdgy,Padamati Palli-Devarakonda,Padamati Palli-Devarakonda,16.69008487,78.80245462,PADAMATI PALLY twd Kandukur
2359,E2Lrm9UA,Kandukur-Gundla Palle,Kandukur-Gundla Palle,16.65533677,78.78112436,KANDUKUR twd Rahmantapur
2360,l8euVII4,Rahamanthapur-Gundlapally-Dindi,Rahamanthapur-Gundlapally-Dindi,16.64612186,78.74864817,RAHAMANTHAPUR VILLEGE
2361,RAqKOxRn,Padamati Palli-D,Padamati Palli-D,16.6906411,78.80244792,PADAMAT PALLY twd IDDAMPALLY
2362,ZbLhfSZb,Andugula X Road,Andugula X Road,16.78627891,78.79231454,ANDUGULA X RAOD twd Mall
2363,hPcddwhZ,Sudanpalle,Sudanpalle,16.81892461,78.79480896,SUDDAPALLE twd Hyderabad
2364,6Kg8KQ28,Anneboina Pally-Madgul,Anneboina Pally-Madgul,16.86496411,78.77190828,ANNEBOINA PALLY twd Mall
2365,EqPaSpyP,Mandigowrelly-Yacharam,Mandigowrelly-Yacharam,17.03737237,78.70220304,MANDIGOWRELLY twd Dadpally
2366,sNN8oLaV,Mile Stone,Mile Stone,17.03192274,78.74160737,NALLAVELLY THANDA twd Nallavelly
2367,WDAEfO7T,Humanthula Palli,Humanthula Palli,16.7619524,78.80221678,HUMANTHULAPALLI twd Devarakonda
2368,Cnnu3mFb,Anajpur-Chinthapally,Anajpur-Chinthapally,16.75290336,78.79442275,ANAZIPUR twd Devarakonda
2369,7f4uqY36,Nandi Gadda,Nandi Gadda,16.75229465,78.79401237,ANAZIPUR twd Chintapally
2370,mxOVYk4n,Kurmed Gate,Kurmed Gate,16.89085159,78.75385702,KURMEDU Gate twd MGBS
2371,97d1qxqz,Pendyal,Pendyal,17.1305223,78.37613761,PENDYAL twd Jandaguda
2372,CY7H5roQ,Dubbacherla,Dubbacherla,17.1079109,78.37165557,DUBACHERLA twd Kadthal
2373,HzZ2Hgw1,Kollapadkal,Kollapadkal,17.08072554,78.36537123,KOLLAPADKAL twd Kadthal
2374,wFM8Cgwe,Janda Guda,Janda Guda,17.08661954,78.36707175,KOLAPADAKAL twd Jandaguda
2375,tEkD9bP6,Janda Guda,Janda Guda,17.09068088,78.35436339,JANDAGUDA
2376,5MuCwLhy,Janda Guda,Janda Guda,17.086676,78.36718976,KOLAPADAKAL twd Charimnar
2377,ROYUyb8R,Dubbacherla,Dubbacherla,17.10646253,78.37101459,DUBACHERLA twd Shamshabad
2378,AcyWSAZA,Pendyal,Pendyal,17.1306928,78.37605713,PENDYAL twd Charminar
2379,jEu8ygkt,Durga Nagar,Durga Nagar,17.31799415,78.43725585,DURGA Nagar twd Aramghar
2380,Hoi5Yye9,Madgul,Madgul,16.85076376,78.68879468,MADGULA twd Amangal
2381,SUZ2MNa8,Jayaram Thanda,Jayaram Thanda,16.8615861,78.67188871,JAYARAM THANDA twd Appareddypally
2382,2609SyIx,Mile Stone,Mile Stone,16.86466379,78.66765348,BALUNAYAK THANDA twd Appareddypally
2383,CYBisIac,Mile Stone,Mile Stone,16.86469716,78.6676079,BALUNAYAK THANDA twd Madgula
2384,7BJbnfKF,Jayaram Thanda,Jayaram Thanda,16.86160279,78.67191687,JAYARAM THANDA twd Madugula
2385,jTkN4c8x,Chinna Tupra,Chinna Tupra,17.158,78.322,CHINATUPRA twd Afzalgunj
2386,3he8cDyf,Peddatopra,Peddatopra,17.16374394,78.30789685,PEDDATOPRA twd Afzalgunj
2387,qWO9LCy2,Vemula,Vemula,16.78412701,78.33944499,VEMULA twd Issadan
2388,vpqXeGat,Veljala,Veljala,16.82003409,78.36288755,VELJAL twd Issadan
2389,eGl1KRjv,Chandradana,Chandradana,16.85415221,78.388284,CHANDRADANA twd Issadan
2390,TBq5LuRX,Talakondapalle,Talakondapalle,16.88701208,78.41799615,TALAKONDAPALE twd issadan
2391,lBadZuhS,Sheep Farm,Sheep Farm,17.25710238,78.47532459,SHEEP FARM twd Koti
2392,7ii0suqV,Ravichedu,Ravichedu,16.98316666,78.41646194,RAVICHEDU twd Kadthal
2393,LjNNZuSF,Padkal,Padkal,16.93631626,78.4008281,PADKAL twd Veljal
2394,BHaV7Xbk,Lingaraopally,Lingaraopally,16.92407199,78.38111847,LINGARAPALLE twd Midjil
2395,AWcubAJH,Turkapally X Road,Turkapally X Road,16.91022766,78.37065518,TURKALAPALLY GATE twd Amangal
2396,xM5HpvgF,Padkal,Padkal,16.93648071,78.40073213,PADKAL twd Kadthal
2397,BDGtESHm,Premavathipet,Premavathipet,17.32639485,78.41503269,PREMAVATHIPET TWD SHIVARAMPALLY
2398,NScYw2z8,Bhavani Colony,Bhavani Colony,17.32713869,78.41980699,BHAVANI COLONY TWD SHIVARAMPALLY
2399,fRhU5EIy,Vinjamooru Bs,Vinjamooru Bs,16.85427673,78.81257996,VINJAMOOR  twd Devarakonda
2400,Rl5ka8KP,Yella Reddy Bawi,Yella Reddy Bawi,16.689034,78.785653,YELLAREDDYBAWI/IDAMPALLI X Road twd Kalwakurthi
2401,g8uvns75,Yeraguntapaly,Yeraguntapaly,16.695039,78.757782,ERAGUNTAPALLY twd Kalwakurthi
2402,WEjMRMQm,Vavilkol,Vavilkol,16.66936918,78.75185071,vavilkol twd ramnathapur
2403,YXv4zwcn,Rudraiguda,Rudraiguda,16.66155718,78.74947662,rudraiguda twds Ramanthapu
2404,yKFpChbt,Yeraguntapaly,Yeraguntapaly,16.695204,78.757739,ERAGUNTAPALLY twd Devarkonda
2405,IeENb9qy,Lankalapalle Bs,Lankalapalle Bs,16.98768121,78.94818306,LANKALAPALLE twd Chandur
2406,gwJnLyK1,Donipamula,Donipamula,16.98146055,78.98094622,DONIPAMULA twd Chandur
2407,RlnKr0mq,Angadipet,Angadipet,16.98364871,79.03519392,ANGADIPETA twd Chandur
2408,eIfJSgJH,Kasthala,Kasthala,16.9511136,79.0756309,KASTHALA VILLEGE
2409,DwCgzed5,Donipamula,Donipamula,16.98140925,78.98085773,DONIPAMULA twd Mall
2410,0juVWDA3,Lankalapalle Bs,Lankalapalle Bs,16.98725583,78.94817972,LANKALAPALLE twd Marrigudem
2411,KHBl9AUi,Penjerla,Penjerla,17.10980532,78.32162975,PENJERLA twd Siddapur
2412,sSImz0uf,Kodicherla,Kodicherla,17.09385454,78.33242843,KODICHERLA twd Siddapur
2413,XG2F5qBw,Jandaguda,Jandaguda,17.0911255,78.3510831,JANDAGUDA X Road twd Siddapur
2414,fzdMCFzZ,Palguda Twd Sheriguda,Palguda Twd Sheriguda,17.08656321,78.35131645,PALGUDA twd Sheriguda
2415,5VZFG8Ny,Ricemill Twd Amangal,Ricemill Twd Amangal,17.06314385,78.30080527,RICEMILL twd Amangal
2416,nn5oYAqg,Kalone Thanda,Kalone Thanda,17.05823596,78.30304205,KALONE Thanda twd Amangal
2417,IZgu9JaP,Kalone Thanda,Kalone Thanda,17.05856418,78.30289185,KAVALONI Thanda twd Afzalgunj
2418,uMQvW70D,Ricemill Twd Jpdarga,Ricemill Twd Jpdarga,17.06314385,78.30050487,RICEMILL twd Jpdarga
2419,XmTp04pG,Peddatopra,Peddatopra,17.16272903,78.30902338,PEDDATOPRA twd Maheshwaram
2420,51GsgQ5d,Chinna Tupra,Chinna Tupra,17.15774678,78.32244497,CHINATUPRA twd Maheshwaram
2421,Ib6UbyGT,Ramanujapur-Shamshabad,Ramanujapur-Shamshabad,17.23460093,78.24745059,RAMANUJPUR twd Chevella
2422,pk5yOJ5m,Chegur Ricemill Twd Chegur,Chegur Ricemill Twd Chegur,17.221,78.233,CHEGUR RICEMILL twd Chegur
2423,454hn8hu,Maddur-Shabad,Maddur-Shabad,17.21092338,78.22881459,MADUR VILL twd Chegur
2424,p5jgveIy,Bandoni Guda,Bandoni Guda,17.19161176,78.22956831,BANDONIGUDA twd Chegur
2425,EEeNaWyp,Chegur-Kothur,Chegur-Kothur,17.17387161,78.22894335,CHEGUR
2426,CxFLldSS,Kanha Shanthi Vanam,Kanha Shanthi Vanam,17.18514936,78.22412074,CHEGUR KANHA Shanti Vanam
2427,jhW5Mi0s,Chegur-Keshavaram,Chegur-Keshavaram,17.17491459,78.22805822,CHEGUR twd Shamshabad
2428,cPB4IeCu,Bandoni Guda,Bandoni Guda,17.19144841,78.22956629,BANDONIGUDA twd Shamshabad
2429,m5ZLFbaN,Maddur-Shabad,Maddur-Shabad,17.21105657,78.22868585,MADUR VILL twd Shamshabad
2430,MzdYMdsL,Mile Stone,Mile Stone,17.22089483,78.23304176,CHEGUR RICEMILL twd Shamsabad
2431,BufwK0HY,Gollapally,Gollapally,17.238,78.398,GOLLAPALLY twd Kadthal
2432,sHgd3S48,Kothaguda X Road,Kothaguda X Road,17.22704086,78.39892566,KOTHAGUDA X ROAD twd Kadthal
2433,FFR0BJl4,Pedda Golconda,Pedda Golconda,17.19695365,78.39667809,PEDDA GOLCONDA twd Kadthal
2434,IzuXwXnU,Nagaram,Nagaram,17.18307116,78.3916837,NAGARAM twd Kadthal
2435,hiEqDymH,Ntr X Roads,Ntr X Roads,17.162,78.388,NTR X ROADS twd Kadthal
2436,lm6TNu9e,Ekwaipally,Ekwaipally,16.927,78.565,EKWIPALLY twd Koti
2437,PJ7vL1Ca,Mudwin-Amangal,Mudwin-Amangal,16.90767552,78.60484421,MUDWIN twd Amangal
2438,ALembDPy,Mansanpally X Road,Mansanpally X Road,17.13785821,78.37974787,MANSANPALLY X Road twd Maheswaram
2439,6nKTNTo9,Thummaloor,Thummaloor,17.12876406,78.46011758,THUMMALUR twd Debadaguda
2440,KGD1ANA3,Bairaguda-Kandukur,Bairaguda-Kandukur,17.12036669,78.49748345,BAIRAGUDA twd Gummadavelly
2441,Jzk2g2oD,Gudoor Gate,Gudoor Gate,17.11851338,78.50504995,GUDUR GATE twd Rachloor
2442,SkDpWW64,Rachloor-Kandukur,Rachloor-Kandukur,17.11483008,78.53706485,RACHLOOR twd Gummadavelly
2443,1KIe5Ttx,Gudoor Gate,Gudoor Gate,17.11838532,78.50525653,GUDOOR Gate twd Model School
2444,fQSQcKDI,Bairaguda,Bairaguda,17.12027449,78.49762551,BAIRAGUDA twd Charminar
2445,R3OB3zKw,Aurpally,Aurpally,16.86448655,78.61642063,AURPALLY twd Mall
2446,iS62Clr2,Bangarugadda-Amangal,Bangarugadda-Amangal,16.856,78.647,BANGARGADA twd Mall
2447,23L3KTYb,Appareddypally-Madgul,Appareddypally-Madgul,16.848,78.663,APPAREDDYPALLY twd Mall
2448,dZIQvxxm,Madnapur,Madnapur,16.92638011,78.73161882,MADANAPUR twd Devarakonda
2449,aK1wy8iu,Appareddypally-Madgul,Appareddypally-Madgul,16.848,78.663,APPAREDDYPALLY twd Amangal
2450,fb2yNYGa,Bangarugadda-Amangal,Bangarugadda-Amangal,16.856,78.646,BANGARGADA twd Amangal
2451,mbRZlgab,Aurpally,Aurpally,16.86494333,78.6162007,AURPALLY twd Nallorpally
2452,FANuDVgC,Mile Stone,Mile Stone,16.85318704,78.42993737,JANGAREDDYPALLY twd Amangal
2453,xkOHgS7d,Gandicheruvu,Gandicheruvu,17.29303209,78.67250025,GANDICHERUVU Village
2454,vostU4pa,Talakondapalle,Talakondapalle,16.88795142,78.41372744,TALAKONDAPALLY twd Kadthal
2455,AZd8lXjT,Cheepunuthala,Cheepunuthala,16.90203864,78.44383389,CHEPUNUTHALA twd Issadan
2456,oAJ6mgH6,Mile Stone,Mile Stone,16.93953178,78.43289852,VENKATAPUR TANDA twd Kadthal
2457,QywATMHs,Chukkapur,Chukkapur,16.88058035,78.46417848,CHUKAPUR twd Amangal
2458,TZj0DT2m,Cheepunuthala,Cheepunuthala,16.9020335,78.44396263,CHEPUNUTHALA twd Midjil
2459,CUM9gYdA,Ntr X Roads,Ntr X Roads,17.161,78.388,NTR X ROADS twd Afzalgunj
2460,rv3XN9C2,Nagaram,Nagaram,17.18319413,78.39163006,NAGARAM twd Afzalgunj
2461,EJJN4Dpf,Pedda Golconda,Pedda Golconda,17.19707727,78.396662,PEDDA GOLCONDA twd Afzalgunj
2462,oJZ4jBrG,Kothaguda X Road,Kothaguda X Road,17.22705368,78.39884517,KOTHAGUDA X ROAD twd Afzalgunj
2463,aFs4Tfj8,Gollapally,Gollapally,17.237,78.4,GOLLAPALLY twd Afzalgunj
2464,r8b66nAC,Kalvakol X Roads,Kalvakol X Roads,17.1248884,78.37424398,KALVAKOL X ROADS twd Kadthal
2465,RUPntX0E,Gandhi Nagar Thanda,Gandhi Nagar Thanda,17.09257782,78.36799981,GANDHI Nagar Thanda twd Kadthal
2466,7HiqD7u0,Siddapur,Siddapur,17.05601278,78.3556697,SIDDAPUR twd Kadthal
2467,yEtnZFRm,Bhairkhanpally,Bhairkhanpally,17.03351007,78.35260392,BHAIRKHANPALLE twd Kadthal
2468,smsQXPaA,Mangalguda,Mangalguda,17.01915321,78.35282651,MANGALGUDA twd Kadthal
2469,J6xndt86,Poultry Farm,Poultry Farm,17.01204369,78.35605859,POLYETRYFARM twd Kadthal
2470,ANFplcaZ,Keshampet,Keshampet,16.95320075,78.34674664,KESHAMPET twd Shamshabad
2471,rKexnP93,Mile Stone,Mile Stone,16.93291951,78.34959179,BODUNAMPALLY X ROAD twd Amangal
2472,DeE0WZOH,Lemamidi,Lemamidi,16.91517263,78.35791735,LEMAMIDI twd Amangal
2473,BXbNX7cr,Nirdavally,Nirdavally,16.90036402,78.34913851,NIRDAVALLY twd Urkonda Gate
2474,N7sTBsx9,Lemamidi,Lemamidi,16.91506367,78.35805684,LEMAMIDI twd Afzalgunj
2475,PeeLFCA0,Bodunampally X Road Twd Keshampet,Bodunampally X Road Twd Keshampet,16.93288615,78.3494979,BODUNAMPALLY X ROAD twd Keshampet
2476,nZdsOFnt,Kongaguda Tanda,Kongaguda Tanda,17.04555279,78.30236086,KONGAGUDA TANDA twd Afzalgunj
2477,dsy3n9f2,Julapalle,Julapalle,16.85895757,78.35846774,JULAPALLE twd Urkonda Gate
2478,v8dnOgzT,Venkatapuram-Thalakondapally,Venkatapuram-Thalakondapally,16.79694961,78.35546851,VENKATAPURAM twd Midzil
2479,rFDbVylO,Venkatapuram-Thalakondapally,Venkatapuram-Thalakondapally,16.79695603,78.3554256,VENKATAPURAM twd Issadan
2480,vqjP8gSV,Julapalle,Julapalle,16.85690019,78.36401269,JULAPALLY twd Afzalgunj
2481,PGtGkMUq,Sankatonipally,Sankatonipally,16.8239079,78.51116005,SANKATONIPALLY twd Urukonda
2482,kDtXUFCN,Sankatonipally,Sankatonipally,16.82356153,78.5103929,SANKATONIPALLY twd Issadan
2483,GNLtuenT,Gattu Ippalapalle,Gattu Ippalapalle,16.7988356,78.44142796,GATTU IPPALAPALLE twd Afzalgunj
2484,hXk8Hnow,Veernapally-Veernapalli,Veernapally-Veernapalli,16.78397034,78.46692233,VEERANNAPALLI Village
2485,XVdoJGgY,Gattu Ippalapalle,Gattu Ippalapalle,16.79763392,78.44515085,GATTU IPPALAPALLY twd Issadan
2486,z6IBGIRY,Chowdarpally-Amangal,Chowdarpally-Amangal,16.81507082,78.51592897,CHOUDARPALLY twd Urukonda
2487,JDA15yy2,Gollonipally,Gollonipally,16.80155216,78.50098371,GOLLONIPALLY twd Urukonda
2488,WXhWZl9X,Kuppagandla,Kuppagandla,16.77399041,78.49800579,KUPPAGANDLA twd Urukonda
2489,dMbrXGqa,Ippapahad,Ippapahad,16.75992707,78.47138486,IPPAPAHAD twd Urukonda
2490,VP2CviyB,Jakanalapalle,Jakanalapalle,16.75549996,78.45576703,JAKINALAPALLY twd Urukonda
2491,lM07aFdP,Urkondapeta,Urkondapeta,16.74300205,78.43329547,URKONDAPETA twd Urukonda
2492,FYKIizfk,Urukonda Temple,Urukonda Temple,16.739,78.424,URUKONDA Temple twd Urukonda
2493,UftWtF8I,Urkonda Gate,Urkonda Gate,16.72712572,78.40644087,URKONDA Gate
2494,EwhSWblv,Urkonda Gate,Urkonda Gate,16.72385291,78.41105459,URKONDA Gate twd Amangal
2495,DIPWj3X1,Urukonda Temple,Urukonda Temple,16.73881277,78.42404723,URUKONDA Temple twd Issadan
2496,bCaZIBQE,Urkondapeta,Urkondapeta,16.74306628,78.43334921,URKONDAPETA twd Issadan
2497,pgMuQMAK,Jakanalapalle,Jakanalapalle,16.7555538,78.45568655,JAKINALAPALLY twd Issadan
2498,Yj7OXko9,Ippapahad,Ippapahad,16.75997137,78.47152265,IPPAPAHAD twd Issadan
2499,jiG7FukS,Kuppagandla,Kuppagandla,16.774045,78.49798634,KUPPAGANDLA twd Issadan
2500,HLNCQ9Kc,Gollonipally,Gollonipally,16.80151648,78.50087908,GOLLONIPALLY twd Issadan
2501,MbCkex5B,Chowdarpally-Amangal,Chowdarpally-Amangal,16.8150965,78.51590549,CHOUDARPALLY twd Issadan
2502,xjCowLBK,Mallareddy Farm,Mallareddy Farm,17.044,78.462,MALLAREDDY FARM twd Maheshwaram
2503,0edJqsBl,Nednur,Nednur,17.03459228,78.44918489,NEDNUR Village
2504,rNFI3VmK,Bachupalle-Kandukur,Bachupalle-Kandukur,17.05441792,78.43836754,BACHUPALLY twd Maheshwaram
2505,s69ENI2X,Pulumamidi-Kandukur,Pulumamidi-Kandukur,17.06595151,78.42394799,PULIMAMIDI twd Maheshwaram
2506,FvRZAEyj,Polyetryfarm Twd Shamsabad,Polyetryfarm Twd Shamsabad,17.012,78.356,POLYETRYFARM twd Shamsabad
2507,mJ4zjUBz,Mangalguda-Keshampet,Mangalguda-Keshampet,17.0190148,78.35274071,MANGALGUDA twd Shamshabad
2508,8LYh6TQQ,Bhairkhanpalle-Keshampet,Bhairkhanpalle-Keshampet,17.0334539,78.35251809,BHAIRKHANPALLE twd Shamshabad
2509,CFJTZCEE,Seriguda,Seriguda,17.08079965,78.35586548,SERIGUDA twd Shamshabad
2510,sF2qNlKZ,Palguda Twd Jandlaguda,Palguda Twd Jandlaguda,17.08652219,78.3512789,PALGUDA twd Jandlaguda
2511,fFMG3HWR,Subhanpur,Subhanpur,17.1011123,78.35005581,SHUBANPUR
2512,kgfAHv9n,Bachupalle-Kandukur,Bachupalle-Kandukur,17.05436662,78.43815833,BACHUPALLY twd Charminar
2513,YfYRXw9I,K K Basti,K K Basti,17.032,78.447,KK BASTHI twd Charminar
2514,lwlvat8e,Manyamguda-Kandukur,Manyamguda-Kandukur,17.02871956,78.45422744,MANYAMGUDA
2515,KsWFMBiQ,Mile Stone,Mile Stone,16.99088925,78.45524189,MADARAM TANDA twd Manyamguda
2516,RE3sSCIA,Madharam,Madharam,16.97094552,78.44904005,MAKTHAMADHARAM twd Kadthal
2517,VR9tQRwO,Mile Stone,Mile Stone,17.01388011,78.51013541,SAIREDDYGUDA X ROAD twd Mucherla
2518,CD3SlBxY,Dasarlapalle-Kandukur,Dasarlapalle-Kandukur,17.01097162,78.48095834,DASARLAPALLE
2519,vkXzN9R1,Mile Stone,Mile Stone,17.00915048,78.48214935,DASARLAPALLE Tanda
2520,C5y6XUG4,Mile Stone,Mile Stone,17.02000026,78.46632876,TANDA twd Dasarlapalli
2521,TgGy5MVr,Nednur Model School,Nednur Model School,17.04590683,78.4453869,NEDNUR Model School twd Charminar
2522,iMDuuZ9w,Mallareddy Farm,Mallareddy Farm,17.044,78.462,MALLAREDDY FARM twd Charminar
2523,Hhp4c9AV,Kandukur (Klky),Kandukur (Klky),17.06464115,78.48881697,KANDUKUR Village
2524,Zioi20jg,Thatiparthy-Yacharam,Thatiparthy-Yacharam,17.00253843,78.59663143,THATIPARTHY Village
2525,7FTBFQBL,Debbadaguda,Debbadaguda,17.04705568,78.49535651,DEBBADAGUDA VILLG twd Kandukur
2526,n7ahIYIa,Annojiguda-Kandukur,Annojiguda-Kandukur,17.07165787,78.51471573,ANOJIGUDA Village
2527,kvoBhezp,Charminar,Charminar,17.35961888,78.47432893,CHARMINAR Gate twd Falaknama
2528,pZpgfSnu,Hanuman Temple Twd Akanpally,Hanuman Temple Twd Akanpally,17.118,78.395,HANUMAN TEMPLE twd Akanpally
2529,veZaPAs3,Ghatpalle-Maheswaram,Ghatpalle-Maheswaram,17.10214292,78.39367122,GATTUPALLE twd Ankanpally
2530,loEpLwTd,Akanpalle,Akanpalle,17.088,78.39,ANKANPALLY
2531,rOjOwBnY,Janapriya -Uprly,Janapriya -Uprly,17.3653,78.4203,JANAPRIYA -UPPERPALLY
2532,qd2lUqdp,Nalanda-Upperpally,Nalanda-Upperpally,17.3645,78.4143,NALANDA-UPPERPALLY
2533,z0gyBLF2,Apurupa Colony,Apurupa Colony,17.52934058,78.44923519,APURUPA Colony
2534,n2I5kwhd,Apurupa Colony,Apurupa Colony,17.531826,78.449515,APURUPA Colony Cross
2535,yvHHpklM,Sr Nayak Nagar Bus Stop,Sr Nayak Nagar Bus Stop,17.53191318,78.44460871,SR NAYAK NAGAR twd Jeedimetla
2536,QDXhde9h,Ida-Jeedemetla,Ida-Jeedemetla,17.529337,78.444307,IDA Jeedemetla twd Secunderabad
2537,LPApXaE0,Gandhamguda,Gandhamguda,17.36943924,78.38026017,GANDHAMGUDA twd Bairagiguda
2538,PCUSxZud,Gandhamguda,Gandhamguda,17.36932149,78.38027358,GANDHAMGUDA twd Mehdipatnam
2539,bqBTM9TU,Mile Stone,Mile Stone,17.06788996,78.47359568,KOTHAGUDA X ROAD twd Maheshwaram
2540,yqdP7MwT,Jaithwaram Maqta,Jaithwaram Maqta,17.06996942,78.44213605,JAITHWARAM twd Maheswaram
2541,oPHZiP4q,Sardar Nagar Village,Sardar Nagar Village,17.22359254,78.48261325,SARDARNAGAR VILLAGE twd Tibriwala
2542,Xgea0YZW,Tibrewala,Tibrewala,17.2401287,78.4801711,TIBRIWALA VILLAGE
2543,OUtSbLTC,Tibrewala,Tibrewala,17.2401491,78.4795788,TIBREWALA twd Thukkuguda
2544,oRed9y3b,Shaikpet Nala,Shaikpet Nala,17.40600951,78.4034026,SHAIKPET NALA twd Gachibowli
2545,f2CckLsh,Mile Stone,Mile Stone,17.45644744,78.29664767,VASUDEVA Bloom Field twd Kollur
2546,bwFZ9X6G,Cyber Colony,Cyber Colony,17.44819635,78.26926232,CYBER Colony
2547,fJcafzTD,Kollur Doublebedroom Township,Kollur Doublebedroom Township,17.432,78.2551,KOLLUR DOUBLEBEDROOM TOWNSHIP
2548,hajYhed3,Nalluripally,Nalluripally,16.85039391,78.62463355,NALLURIPALLY
2549,sGfCy0wx,Nalluripally,Nalluripally,16.847,78.626,NALLURIPALLY Terminal
2550,qteZnLNB,Chennampalle-Amangal,Chennampalle-Amangal,16.83472171,78.58242096,CHENNAMPALLE twd Charakonda
2551,cl1ClHSE,Polepally-Amangal,Polepally-Amangal,16.82455917,78.60772055,POLEPALLY twd Charakonda
2552,dumc76LM,Kalakonda,Kalakonda,16.80391464,78.65701318,KALAKOND twd Charakonda
2553,idHM5N30,Ajilapur,Ajilapur,16.79618611,78.68391333,AJILAPUR Gate twd Girikothapally
2554,8yU1Cqj9,Ajilapur,Ajilapur,16.79614203,78.68389964,AJILAPUR Gate twd Amangal
2555,H8XgqtEx,Kalakonda,Kalakonda,16.80385295,78.65697295,KALAKONDA twd Amangal
2556,YJoclTFf,Polepally-Amangal,Polepally-Amangal,16.82455565,78.6076907,POLEPALLY twd Amangal
2557,FcuAeNNF,Chennampalle-Amangal,Chennampalle-Amangal,16.83469092,78.58234047,CHENNAMPALLE twd Amangal
2558,Jrt5laOV,Jangareddy Pally-Amangal,Jangareddy Pally-Amangal,16.84698239,78.55694582,JANGAREDDYPALLY twd Amangal
2559,oQu3OMfW,Mohammadnagar-Kandukur,Mohammadnagar-Kandukur,17.05856418,78.48824859,MAKHAN twd Debadaguda
2560,HxjRH9dy,Mohammadnagar-Kandukur,Mohammadnagar-Kandukur,17.05868249,78.48807687,MAKHAN twd Charminar
2561,IsuWvFLb,K K Basti,K K Basti,17.03198685,78.44719474,KK BASTHI twd Maheshwaram
2562,Vj4zJ2kU,Jaithwaram Maqta,Jaithwaram Maqta,17.07000275,78.44216153,JAITHWARAM twd Kandukur
2563,jGGoLu7U,Kothaguda X Road Twd Mgbs,Kothaguda X Road Twd Mgbs,17.06807137,78.47356014,KOTHAGUDA X ROAD twd Mgbs
2564,YvBDEE3K,Mankhal,Mankhal,17.201,78.466,MANKHAL twd Uppal
2565,WfkSwyiJ,Harshaguda,Harshaguda,17.18725313,78.43871623,HARSHAGUDA VIL twd Uppal
2566,2yk1B5xE,Sirigiripur,Sirigiripur,17.15424598,78.43695939,SIRIGIRIPUR VILL twd Uppal
2567,rIqWwbVR,Gangaram-Maheswaram,Gangaram-Maheswaram,17.15715751,78.42869812,GANGARAM VILL twd Uppal
2568,qXx6yBxF,Thondupally-Shamshabad,Thondupally-Shamshabad,17.25449963,78.38029497,THONDUPALLY twd Shamsabad
2569,aE5jioBe,Mile Stone,Mile Stone,17.25657952,78.38184269,ORR EXIT twd Shamsabad
2570,XYVeCDw3,Thondupally-Shamshabad,Thondupally-Shamshabad,17.25,78.376,THONDUPALLY Orr Toll
2571,GWICLvYn,Thondupally-Shamshabad,Thondupally-Shamshabad,17.24962759,78.37513447,THONDUPALLY twd Gachibowli
2572,gL2ujOWF,Peddashapur,Peddashapur,17.21934988,78.33623439,SHAPOOR VILLAGE
2573,3mk5w24c,Alikol Tanda X Roads,Alikol Tanda X Roads,17.22136363,78.32038723,ALIKOL TANDA X Road twd Alikol Tanda
2574,QCVLGCj4,Alikol Tanda,Alikol Tanda,17.21363661,78.3175206,ALIKOL TANDA
2575,u5zGQEmY,Alikol Tanda X Roads,Alikol Tanda X Roads,17.22139023,78.3203946,ALIKOL TANDA X Road twd Shamshabad
2576,EDida7yX,Bell Company,Bell Company,17.43847755,78.5793668,BELL COMPANY
2577,rDaGdKSV,Manikchand Company,Manikchand Company,17.43620622,78.57493354,MANIKCHAND twd Mallapur
2578,IcdGIqBc,Ida Mallapur,Ida Mallapur,17.43536,78.5729,NACHARAM IDA twd Bel
2579,pAFHHHY0,Habsiguda,Habsiguda,17.419199,78.541818,HABSIGUDA X ROAD
2580,VpPiRzRM,Manikchand Company,Manikchand Company,17.43615551,78.57501379,MANIKCHAND twd Postoffice
2581,EXoBSAY7,Medipalle X Road,Medipalle X Road,17.38117353,78.20667405,MEDIPALLY X ROAD TWDS KOTHAOALLY
2582,ktw9b7Ye,Podagutta Thanda Twd Afzalgunj,Podagutta Thanda Twd Afzalgunj,17.01942003,78.32279116,PODAGUTTA THANDA twd Afzalgunj
2583,ykLuR7mS,Antharam-Thalakondapally,Antharam-Thalakondapally,16.83572478,78.34886222,ANTHARAM twd Kadthal
2584,Afu8RqeZ,Masigundlapally,Masigundlapally,16.80867428,78.32473998,MASIGUNDLAPALLY twd Midjil
2585,zRbYhYha,Wadiyal,Wadiyal,16.74692456,78.31501819,WADIYAL Gate twd Jadcherla
2586,X5EZgQJA,Vemula-Midjil,Vemula-Midjil,16.78409105,78.3175394,VEMULA twd Veljala
2587,U9FJEoIO,Masigundlapally,Masigundlapally,16.80847565,78.32580271,MASIGUNDLAPALLY twd Veljal
2588,kRy5Huqc,Venkatapuram Patti-Thalakondapally,Venkatapuram Patti-Thalakondapally,16.81366637,78.33814412,VENKATAPUR twd Kadthal
2589,8Lyb3ERq,Porandla-Maheswaram,Porandla-Maheswaram,17.06092836,78.37799907,PORANDLA twd Chippalapally
2590,KeJp2j8m,Porandla-Maheswaram,Porandla-Maheswaram,17.06080528,78.37799907,PORANDLA twd Kalvakole
2591,VJOQkCyt,Kollapadkal,Kollapadkal,17.08088671,78.36531221,KOLLAPADKAL twd Shamshabad
2592,TojwzPW6,Gandhi Nagar Thanda-Maheswaram,Gandhi Nagar Thanda-Maheswaram,17.09257782,78.36781743,GANDHI Nagar Thanda twd Afzalgunj
2593,BDBapLdj,Kalvakol X Roads,Kalvakol X Roads,17.12492941,78.37413669,KALVAKOL X ROADS twd Afjalgunj
2594,hbk56m2I,Uppagada Thanda,Uppagada Thanda,17.14916121,78.40869427,UPPAGADA Thanda twd Maheshwaram
2595,al59SndQ,Kotha Thanda-Maheswaram,Kotha Thanda-Maheswaram,17.15807906,78.39741182,KOTHA Thanda twd Shamshabad
2596,0wVT2KfQ,Kollur Double Bed Room,Kollur Double Bed Room,17.43446248,78.25706456,KOLLUR Double Bedroom twd Osman Nagar
2597,tkoNn5fz,Osman Nagar,Osman Nagar,17.44213596,78.27197669,OSMAN NAGAR twd Lingampally
2598,8PZW6YGq,Tellapur,Tellapur,17.46296428,78.28737259,TELLAPUR X Roads twd Mehdipatnam
2599,o6pyezoG,Mile Stone,Mile Stone,17.45622228,78.29703391,VASUDEVA Bloom Field twd Mehdipatnam
2600,jFSbgryA,Nandi Nagar,Nandi Nagar,17.41986229,78.43086943,NANDI Nagar
2601,BVhrJEvM,Pedda Amberpet Checkpost,Pedda Amberpet Checkpost,17.3202621,78.64162803,PEDDA Amberpet Checkpost twd Hayathnagar
2602,uQhvJ8ZS,Vanka Mamidi,Vanka Mamidi,17.36267708,78.86023545,VANKAMAMIDI X ROADS twd Indriyala
2603,f1FoOK2X,Shivareddy Gudem,Shivareddy Gudem,17.367,78.871,SHIVAREDDY Gudem
2604,MCNqrCy0,Indriyala,Indriyala,17.38665545,78.87046919,INDRIYALA
2605,4VNGHoFL,Shivareddy Gudem,Shivareddy Gudem,17.368,78.87,SHIVAREDDY Gudem twd Dsnr
2606,sytRG4cv,Vanka Mamidi,Vanka Mamidi,17.36266626,78.86023108,VANKAMAMIDI X ROADS twd Dsnr
2607,Zh8SVJqa,Mukthapur,Mukthapur,17.35883075,78.80910504,MUKTHAPUR Twd Pochampally
2608,YxSJpa63,Mudimyal,Mudimyal,17.33327973,78.20119858,MUDIMYAL twd Ravulapally
2609,iysRvruU,Ravulapalle Khurd,Ravulapalle Khurd,17.352,78.198,RAVULAPALLE Khurd
2610,Mm2ufUgm,Mudimyal,Mudimyal,17.33318748,78.20144534,MUDIMYAL twd Kethireddypally
2611,ZD7MtANj,Appareddyguda X Road,Appareddyguda X Road,17.31805994,78.22654009,APPAREDDYGUDA Village
2612,hACbaiKT,Jana Priya Apartment-Erragadda,Jana Priya Apartment-Erragadda,17.45702314,78.42867438,JANAPRIYA APARTMENTS twd Mothinagar
2613,2mEo8KpE,Panduranga Nagar,Panduranga Nagar,17.45570296,78.42537765,PR Nagar twd Borabanda
2614,ArWsmYQb,Kabeer Nagar Hyd Bus Stop,Kabeer Nagar Hyd Bus Stop,17.4567145,78.42251234,KABEER Nagar twd Yusufguda
2615,8fEfdoN9,Mothinagar,Mothinagar,17.45423922,78.42269271,MOTI Nagar twd Borabanda
2616,Dwmsugb0,Kabeer-Mothinagar,Kabeer-Mothinagar,17.45436719,78.4226954,MOTI NAGAR twd ERRAGADA
2617,IZj7iRiz,Panduranga Nagar,Panduranga Nagar,17.45585643,78.42525953,PR Nagar TWD ERRAGADA
2618,DTSVqwwq,Jana Priya Apartment-Erragadda,Jana Priya Apartment-Erragadda,17.45714083,78.42864856,JANAPRIYA APPARTMENTS twd Moosapet
2619,D5t5DPWl,Rtc Colony Champapet,Rtc Colony Champapet,17.34683913,78.52020453,RTC COLONY twd Karmanghat
2620,B8HuFlPz,Bhupesh Guptha Nagar,Bhupesh Guptha Nagar,17.33284503,78.53775512,BHUPESH Guptha Nagar twd Tkr
2621,7qcrTV2J,Nandanavanam,Nandanavanam,17.327,78.538,NANDANAVANAM twd Tkr
2622,CAqkLrLk,R N Reddy,R N Reddy,17.32287382,78.53844881,R N REDDY
2623,npqjGB3M,Nandanavanam,Nandanavanam,17.327,78.538,NANDANAVANAM twd Kaman
2624,OWdCHWEz,Bhupesh Guptha Nagar,Bhupesh Guptha Nagar,17.33256512,78.5377273,BHUPESH Guptha Nagar twd Kaman
2625,7ohLPWpm,Working Womens Hostel,Working Womens Hostel,17.42139257,78.41074889,WORKING Womens Hostel twd Kondapur
2626,ggaFNK1b,Working Womens Hostel,Working Womens Hostel,17.42092626,78.41124232,WORKING Womens Hostel twd Koti
2627,FTyCG1Cc,Chetla Tanda,Chetla Tanda,16.79025829,78.75059465,CHETLA TANDA twd Narampally
2628,sKRZ1CEH,Mile Stone,Mile Stone,16.78378262,78.75077086,NARAMPALLY twd Kubyatanda
2629,U4cC9A1u,Sai Balaji Town Ship-Grmd,Sai Balaji Town Ship-Grmd,17.29381876,78.5649542,SAI BALAJI TOWN SHIP
2630,Bcuj7AJQ,Mile Stone,Mile Stone,17.05710001,78.9647913,KAMMAGUDEM twd Chandur
2631,7V8wGNuv,Theretpalle,Theretpalle,17.05595893,78.93627942,THERETPALLE twd Chandur
2632,L3xC7oPI,Ghattuppal,Ghattuppal,17.07092324,78.91915619,GHATTUPPAL
2633,h9l010If,Lachammagudem,Lachammagudem,17.06636305,78.89540591,LACHAMMA GUDEM twd Choutuppal
2634,h3J4gQav,Goleti X Road,Goleti X Road,17.06764993,78.8883187,LACHAMMA GUDEM X Road twd Anthampet
2635,f3vtvoaf,Anthampet,Anthampet,17.03405081,78.88836573,ANTHAMPET twd Shivannaguda
2636,S8Q7EHuI,Anthampet,Anthampet,17.03403337,78.88819815,ANTHAMPET twd Gattuppal
2637,2NAZ6AcC,Mile Stone,Mile Stone,17.06755146,78.88838589,LACHAMMA GUDEM X Road twd Gattupall
2638,yj9gDNBd,Medipalle X Road,Medipalle X Road,17.38122217,78.2068189,MEDIPALLY X ROAD TWDS MEHDIPATNAM
2639,bPjuVTzr,Chegur-Gate,Chegur-Gate,17.17368202,78.30036519,CHEGUR X ROAD MALLAPUR
2640,K7SiDg8B,Kummariguda-Shabad,Kummariguda-Shabad,17.17244679,78.2829899,KUMMARIGUDA twd Shamshabad
2641,jlZal2Qq,Akkiwariguda Twd Mallapur Thanda,Akkiwariguda Twd Mallapur Thanda,17.18148941,78.28589727,AKKIWARIGUDA twd Mallapur Thanda
2642,I3RRpxng,Mallapur-Kothur,Mallapur-Kothur,17.18550825,78.27304437,MALLAPUR twd Mallapur thanda
2643,rT9uoKW5,Reddy Palem-Kothur,Reddy Palem-Kothur,17.19651353,78.26522834,REDDYPALEM twd Mallpur
2644,olkq7TTG,Mallapur Tanda,Mallapur Tanda,17.19843,78.26426,MALLAPUR THANDA
2645,nX6gM8Cn,Yerrakunta,Yerrakunta,17.22190934,78.31447363,ERRAKUNTA twd Jukal
2646,RYNssLnI,Jukal Shamshabad,Jukal Shamshabad,17.2252091,78.30348729,JUKAL twd Pilloniguda
2647,E4w0JCjJ,Piloniguda,Piloniguda,17.2099805,78.29317689,PILLONIGUDA twd Kothur
2648,VLezbEXZ,Piloniguda,Piloniguda,17.21012398,78.29311252,PILLONIGUDA twd Shamsabad
2649,uVU1KGHz,Jukal Shamshabad,Jukal Shamshabad,17.22532695,78.30346584,JUKAL twd Shamsabad
2650,G6ph8qkk,Yerrakunta,Yerrakunta,17.22210917,78.31441999,ERRAKUNTA twd Shamsabad
2651,jODdHLEg,Ghatpalle-Maheswaram,Ghatpalle-Maheswaram,17.1022968,78.39363359,GATTUPALLE twd Afzalgunj
2652,IFJbpzMS,Daudguda Twd Maheshwaram,Daudguda Twd Maheshwaram,17.10514999,78.41581824,DAUDGUDA twd Maheshwaram
2653,wY04hnR3,Nddc Twd Maheshwaram,Nddc Twd Maheshwaram,17.11902349,78.42610717,NDDC twd Maheshwaram
2654,ofd4Bk3D,Model School Twd Maheshwaram,Model School Twd Maheshwaram,17.12882558,78.43253911,MODEL SCHOOL twd Maheshwaram
2655,Xb75aiza,Model School Twd Akanpally,Model School Twd Akanpally,17.12879482,78.43266247,MODEL SCHOOL twd Akanpally
2656,z7nbbIIN,Nddc Twd Akanpally,Nddc Twd Akanpally,17.11894148,78.42618215,NDDC twd Akanpally
2657,UoNle25F,Daudguda Twd Akanpally,Daudguda Twd Akanpally,17.10496541,78.41607569,DAUDGUDA twd Akanpally
2658,CBGMShgE,Hanuman Temple Twd Chmr,Hanuman Temple Twd Chmr,17.118,78.395,HANUMAN TEMPLE twd Chmr
2659,V5B5Jytw,National Police Academy,National Police Academy,17.33222989,78.43927413,NATIONAL Police Academy twd Aramghar
2660,oOzDdDTc,Jalpally X Rd,Jalpally X Rd,17.28447945,78.4511523,JALPALLY
2661,6Elyk116,Wambay Clny-Udamgadda,Wambay Clny-Udamgadda,17.29830379,78.44989308,WAMBAY COLONY twd Aramgarh
2662,BcVuMTVY,Laxmiguda-Jalpally,Laxmiguda-Jalpally,17.30699784,78.45043221,LAKSHMIGUDA twd Aramgarh
2663,DlPFHeAU,Uddam Gadda,Uddam Gadda,17.31564142,78.44884962,MILARDEVPALLY(UDAMGADDA) twd Aramgarh
2664,agzfDDih,Rajendra Nagar Depot,Rajendra Nagar Depot,17.33397096,78.40961158,RAJENDRANagar Depot twd Mehdipatnam
2665,Uv8aJaet,Gudoor Gate,Gudoor Gate,17.11849031,78.50560781,GUDUR Gate twd Gummadavelly
2666,S2L0eHS3,Turkaguda Twd Rachloor,Turkaguda Twd Rachloor,17.11269692,78.54289054,TURKAGUDA twd Rachloor
2667,msIpXtQ1,Katikapally,Katikapally,17.10083289,78.50156308,KATIKAPALLY X Road twd Gudoor
2668,4jKkPNMB,Katikapally,Katikapally,17.09275723,78.51656726,KATIKEPALLY twd Charminar
2669,6iuL2ui7,Malagudur,Malagudur,17.08420459,78.50282369,MALAGUDUR twd Charminar
2670,0erFpeic,Gudur Village,Gudur Village,17.09539539,78.49881918,GUDUR VILLAGE twd Charminar
2671,Fd4gyBPr,Gudur Village,Gudur Village,17.09543125,78.49879367,GUDUR Village twd Lemoor
2672,Zf63Eqks,Malagudur,Malagudur,17.08486476,78.50134877,MALAGUDUR twd Anojiguda
2673,E0Q8spQL,Katikapally,Katikapally,17.09315216,78.51676042,KATIKAPALLY twd Rachloor
2674,mDFEttJ5,Gudoor Gate,Gudoor Gate,17.11460441,78.50442775,GUDURX ROD twd Anojiguda
2675,T4BdT75P,Mile Stone,Mile Stone,17.11249465,78.54278038,TURKAGUDA twd Gummadivelly
2676,Q1jTNsBv,Peddamma Thanda-Maheswaram,Peddamma Thanda-Maheswaram,17.09026014,78.4140654,PEDDAMMA Thanda
2677,ldnxlDRC,Damera Bhemanapally-Marriguda,Damera Bhemanapally-Marriguda,16.952,78.93,DAMERA BHEMANAPALLY twd Damara
2678,PTEshPNV,Vattipalle,Vattipalle,16.94271339,78.87436867,VATTIPALLE twd Marriguda
2679,N7ynZR63,Kondur-Marriguda,Kondur-Marriguda,16.93542127,78.83531569,KONDUR twd Mall
2680,O9mB0AxI,Goleti X Road,Goleti X Road,16.90173579,78.67193431,KORRA THANDA X ROAD twd Ibrahimpatnam
2681,uBRC6E1v,Abids Gpo,Abids Gpo,17.38878348,78.47640393,ABIDS twd Nampally
2682,UGerjEku,Saraswathiguda X Road-Kandukur,Saraswathiguda X Road-Kandukur,17.18503916,78.475492,SARASWATIGUDA X ROAD twd Anojiguda
2683,Rls97wnG,Saraswathiguda,Saraswathiguda,17.17091174,78.49886206,SARASWATIGUDA VILLAGE twd LEMOOR
2684,OUJWA36u,Nandigama,Nandigama,17.12021674,78.25350232,NANDIGAMA twd Shadnagar
2685,bLc25NIc,Nandigama,Nandigama,17.1203558,78.25348053,NANDIGAMA twd Kothur
2686,bhpEb5hI,Musheerabad-2 Depot,Musheerabad-2 Depot,17.4081831,78.50384436,MUSHEERABAD-2 Bus Depot
2687,QFP7D7M1,Ashoknagar Rtc X Rd,Ashoknagar Rtc X Rd,17.40937567,78.4894985,ASHOK Nagar twd Secunderabad
2688,T2ndhAnx,Canara Bank Gandhi Nagar,Canara Bank Gandhi Nagar,17.41188641,78.4886402,CANARA Bank twd Secunderabad
2689,CwIAwcWK,Gandhi Nagar-Kavadiguda,Gandhi Nagar-Kavadiguda,17.41583917,78.48914847,GANDHI Nagar twd Secunderabad
2690,rpJghdtI,P T Colony Bus Stop,P T Colony Bus Stop,17.41860305,78.49116141,P&T COLONY BUS STOP twd Secunderabad
2691,Eo7vF4IS,Padmashali Colony,Padmashali Colony,17.42214254,78.49360093,PADMASHALI Colony twd Secunderabad
2692,a9d3hszX,Praga Tools,Praga Tools,17.42357056,78.49405823,PRAGA Tools twd Bata
2693,Dd74sCDi,Kavadiguda,Kavadiguda,17.42478934,78.48968357,KAVADIGUDA tws Secunderabad
2694,P2df2uL5,Bible House,Bible House,17.42984795,78.49253473,BIBLE House twd Koti
2695,aSPBFXgw,Kavadiguda,Kavadiguda,17.42483733,78.48970772,KAVADIGUDA twd Koti
2696,Tf9ynlAk,Praga Tools,Praga Tools,17.42363583,78.4942272,PRAGA Tools twd Koti
2697,HphK3ZyB,Padmashali Colony,Padmashali Colony,17.42280023,78.4941045,PADMASHALI COLONY twd Koti
2698,9fI5Bs5Z,P&T Colony Ashoknagar,P&T Colony Ashoknagar,17.41852,78.4911789,P&T COLNY twd Nampally
2699,9NfCcZgY,Gandhi Nagar-Kavadiguda,Gandhi Nagar-Kavadiguda,17.41559592,78.48914176,GANDHI Nagar twd Koti
2700,xxUFl7hc,Canara Bank Gandhi Nagar,Canara Bank Gandhi Nagar,17.4120259,78.48868572,CANARA Bank twd Koti
2701,lFQnF9fq,Ashoknagar Rtc X Rd,Ashoknagar Rtc X Rd,17.40892143,78.48959774,ASHOK Nagar twd Koti
2702,n7zPCFep,Ashok Nagar Park,Ashok Nagar Park,17.40608312,78.48964334,ASHOK Nagar Park twd Koti
2703,kYbuC6Ax,Himayath Nagar,Himayath Nagar,17.40097705,78.48886549,HIMAYAT NAGAR twd Koti
2704,syP9JAVJ,Telugu Academy Himayat Nagar,Telugu Academy Himayat Nagar,17.3995591,78.48680556,TELUGU Academy twd Koti
2705,LGLeCMzr,Old M.L.A. Quarters,Old M.L.A. Quarters,17.39706743,78.48415285,OLD M L A Quarters twd Kachiguda
2706,RD7GKep7,King Koti,King Koti,17.39359285,78.4816101,KING KOTI Bus Stop  twd Koti
2707,cTgAiTXN,Abids Tajmahal Hotel,Abids Tajmahal Hotel,17.39213646,78.47690082,ABIDS Taj Mahal Hotel twd Koti
2708,N48bRkoG,National Darbar,National Darbar,17.3947241,78.48541608,KING KOTI NATIONAL DARBAR twd  sec bad
2709,guzvnARO,Old M.L.A. Quarters,Old M.L.A. Quarters,17.39669507,78.48439155,OLD M L A Quarters twd Gdm
2710,giot3mvI,Telugu Academy Himayat Nagar,Telugu Academy Himayat Nagar,17.39964356,78.48661512,TELUGU Academy twd Secunderabad
2711,fbXZ7D3o,Himayath Nagar,Himayath Nagar,17.40143519,78.48890036,HIMAYAT NAGAR twd Secunderabad
2712,qI9uEjie,Ashok Nagar Park,Ashok Nagar Park,17.40653223,78.48966613,ASHOK Nagar Park twd Secunderabad
2713,WkOftPtv,King Koti,King Koti,17.39404074,78.48386034,KING Koti Twd Secunderabad
2714,9xryvLAq,Sudharshan Theatre,Sudharshan Theatre,17.40743189,78.49499971,SUDARSHAN THEATRE twd RTC X road
2715,fHFqHYcV,Vst Bus Stop,Vst Bus Stop,17.4049928,78.5018437,VST twd Musheerabad Depot
2716,GNKmoUi8,Budwel Station Twd Aramghar,Budwel Station Twd Aramghar,17.3027878,78.41989521,BUDWEL STATION twd Aramghar
2717,xw8rYt7c,Lb Nagar,Lb Nagar,17.34938841,78.55304927,LB NAGAR PUSHPAK BUS STOP  twd Secunderabad
2718,D6LZci1h,Mile Stone,Mile Stone,17.24454793,78.38843018,AIRPORT Checkpost twd Airpot
2719,sLD8PSvk,Mile Stone,Mile Stone,17.24512769,78.45957257,BHARATH PETROL BUNK TWD TUKKUGUDA
2720,gcGkI4Ga,Mile Stone,Mile Stone,17.24501671,78.45983538,BHARATH PETROL BUNK TWD SHAMSHABAD
2721,K0WE1by8,Mile Stone,Mile Stone,17.24432763,78.38847712,AIRPORT Checkpost twd Shamshabad
2722,phUflm90,B C Colony-Amet,B C Colony-Amet,17.316,78.6839,BC COLONY-AMET
2723,CIwk8sty,Shiva Narayana Puram,Shiva Narayana Puram,17.30395813,78.5297665,SHIVANARAYANAPURAM Bus Stand
2724,oiv20uFL,Nandi Hills,Nandi Hills,17.31537803,78.54180684,NANDI HILLS
2725,MSDP0RdI,Uddam Gadda,Uddam Gadda,17.31565939,78.44895288,MILARDEVPALLY(UDDAMGADA) twd Jalpally
2726,aRmQuqpU,Laxmiguda-Jalpally,Laxmiguda-Jalpally,17.30712839,78.4507406,LAKSHMIGUDA twd Jalpally
2727,OKoxscHu,Wambay Clny-Udamgadda,Wambay Clny-Udamgadda,17.29836393,78.45019208,WAMBAY Colony twd Jalpally
2728,jfvYGuob,Panama Godowns,Panama Godowns,17.33796894,78.56988162,VANASTHALIPURAM twd Sushma Theatre
2729,CRi46Z1q,Ravirala,Ravirala,17.21608849,78.51041436,RAVIRYAL twd Kongarakal
2730,bo3kio9a,Kongara Tanda,Kongara Tanda,17.19236764,78.55049198,KONGARA Thanda
2731,ADE8ktGe,Timmapur-Kandukur,Timmapur-Kandukur,17.13042004,78.55778754,TIMMAPUR Village
2732,q9UwsNFs,Srisri Homes,Srisri Homes,17.297052,78.548187,SRI Sri Homes
2733,cxPq42aP,Balapur X Rds,Balapur X Rds,17.31791149,78.51837515,BALAPUR X Road twd RGIA
2734,ru8VIPMz,Shivaji Chowk,Shivaji Chowk,17.31360957,78.50564008,SHIVAJI CHOWK twd Balapur vlg
2735,Qj99Hvl1,Balapur,Balapur,17.31057255,78.49954072,BALAPUR Village
2736,oY2lIre6,Shivaji Chowk,Shivaji Chowk,17.31370432,78.50613375,SHIVAJI CHOWK twd Balapur x road
2737,DL8tFlyr,Shivaji Chowk,Shivaji Chowk,17.31344309,78.50601286,SHIVAJI CHOWK twd Rci
2738,wiSG9gBB,Balapur Twd Rci,Balapur Twd Rci,17.30886202,78.50624083,BALAPUR twd Rci
2739,vPf8LxDb,Mallapur,Mallapur,17.28997783,78.49772476,MALLAPUR twd Rci
2740,EOgnvqYS,Sultanpur-Mallapur,Sultanpur-Mallapur,17.27828805,78.49823311,SULTAN PUR twd RCI
2741,nXYt1GCb,Rci Main Gate,Rci Main Gate,17.26348227,78.49369749,RCI Main Gate
2742,5qJQmOHB,Rci,Rci,17.26401532,78.4859097,RCI Bus Stop
2743,AiNCQhNw,Sultanpur-Mallapur,Sultanpur-Mallapur,17.27822017,78.49814862,SULTAN PUR twd Balapur X Road
2744,stYLQAzN,Mallapur,Mallapur,17.29023677,78.49758535,MALLAPUR twd Midhani
2745,d5AxlXvb,Balapur Twd Midhani,Balapur Twd Midhani,17.30891323,78.50596191,BALAPUR twd Midhani
2746,WRWow6QC,Walanthari,Walanthari,17.3231,78.3819,WALANTHARI twd RajendraNagar
2747,v4ypzUjb,Gaddiannaram,Gaddiannaram,17.36659763,78.521,GADDIANNARAM twd Koti
2748,CnoCVNCi,Shankeshwar Mutt,Shankeshwar Mutt,17.35888105,78.525,SHANKESHWAR Mutt
2749,9AfcylJA,Mandha Mallamma,Mandha Mallamma,17.338,78.523,MANDHA Mallamma twd Almasguda
2750,Vzryxt5b,Mammarajiguda Village,Mammarajiguda Village,17.23448041,78.52714598,MAMMARAJIGUDA Village
2751,h7u8NzwT,Bandlaguda,Bandlaguda,17.31674375,78.46645284,BANDLAGUDA twd Ghouse Nagar
2752,RvkRvson,Noori Shah Darga,Noori Shah Darga,17.311,78.468,NOORISHAH DARGAH twd Ghouse Nagar
2753,MMTXzleL,Ismail Nagar,Ismail Nagar,17.308,78.471,ISMAIL NAGAR twd Ghouse Nagar
2754,pQHaWNI7,Ghouse Nagar,Ghouse Nagar,17.3,78.465,GHOUSE NAGAR Bus Stop
2755,MmZrR7jP,Narsimharao Nagar Twd Sainagar,Narsimharao Nagar Twd Sainagar,17.32510762,78.58722076,NARSIMHARAO NAGAR twd Sainagar
2756,SqLg9p8b,Sama Nagar X Road Twd Sainagar,Sama Nagar X Road Twd Sainagar,17.32219801,78.5893786,SAMA NAGAR X ROAD twd Sainagar
2757,yRYN8dRk,Sai Baba Temple-Rk Nagar,Sai Baba Temple-Rk Nagar,17.3219315,78.59290838,R K NAGAR SAIBABA TEMPLE twd Mudhiraj colony
2758,tyAoBpfy,Sai Nagar Colony-Hayathnagar,Sai Nagar Colony-Hayathnagar,17.3180089,78.59275818,SAI NAGAR Colony twd Mudhiraj colony
2759,DjLQSMMD,Sai Nagar Colony-Hayathnagar,Sai Nagar Colony-Hayathnagar,17.31773734,78.59286815,SAI NAGAR Colony twd  Hayathnagar
2760,oddA9W59,Sai Baba Temple-Rk Nagar,Sai Baba Temple-Rk Nagar,17.32203146,78.59287083,R K NAGAR SAIBABA TEMPLE twd Shanthi Nagar
2761,WR0PpBm8,Sama Nagar X Road Twd Shanthi Nagar,Sama Nagar X Road Twd Shanthi Nagar,17.32231441,78.58918011,SAMA NAGAR X ROAD twd Shanthi Nagar
2762,zjKMukrF,Narsimharao Nagar Twd Raithubazar,Narsimharao Nagar Twd Raithubazar,17.32516427,78.5871993,NARSIMHARAO NAGAR twd Raithubazar
2763,sFbFqnn1,Mudhiraj Colony Twd Hayat Nagar,Mudhiraj Colony Twd Hayat Nagar,17.31651084,78.59291631,MUDHIRAJ COLONY twd Hayat Nagar
2764,zbc0ON6r,Vaidehi Nagar,Vaidehi Nagar,17.32117865,78.5651958,VAIDEHINAGAR KAMAN twd Raithubazar
2765,6khzBV3o,Vaidehi Nagar,Vaidehi Nagar,17.32103795,78.56955171,VALDEHI NAGAR twd Ngos Colony
2766,NnwqgXKd,Vaidehi Nagar,Vaidehi Nagar,17.32126574,78.5652709,VAIDEHINAGAR KAMAN twd Ngos Colony
2767,8Z7GErO0,Paradise,Paradise,17.44504816,78.48706305,PARADISE Water Tank twd Patancheru
2768,GIe8C9hg,Cto,Cto,17.4503954,78.48666074,CTO twd Medchal
2769,87ngmWcl,Tadbund,Tadbund,17.45646278,78.48426283,TADBUND twd Patancheru
2770,BzrsSycc,Ashish Garden Bus Stop,Ashish Garden Bus Stop,17.45755917,78.47801731,ASHISH Garden twd Patancheru
2771,6WVFTmsv,Bowenpally,Bowenpally,17.4651902,78.47266227,BOWENPALLY Police Station twd Medchal
2772,NdEU2LSO,Bowenpally Checkpost,Bowenpally Checkpost,17.47587702,78.473711,BOWENPALLY CHECK POST twd Medchal
2773,KDc0jQfn,Nandamuri Nagar,Nandamuri Nagar,17.48013161,78.47297072,NANDAMURI Nagar twd Nirmal
2774,XNEqxypB,Dairy Farm-Bowinpally,Dairy Farm-Bowinpally,17.487331,78.47337221,DAIRY FARM twd Medchal
2775,M2FzfisB,Suchitra X Road,Suchitra X Road,17.50038364,78.47722068,SUCHITRA Circle twd Nirmal
2776,SRDhnXIq,Jeedimetla Village,Jeedimetla Village,17.508909,78.479253,JEEDIMETLA VILLAGE twd Medak
2777,y1muWDXW,Angadipet,Angadipet,17.51393607,78.47959343,ANGADIPETA twd Kompally
2778,XMelem9c,Balaji Hospital Kompalli,Balaji Hospital Kompalli,17.51858015,78.48162688,BALAJI HospitalKompally twd Medchal
2779,jBlNbTvB,Ncl North Avenue,Ncl North Avenue,17.52563124,78.48420113,NCL NORTH twd Medchal
2780,bvCB1f2T,Poultry Farm (Cineplanet Kompally),Poultry Farm (Cineplanet Kompally),17.52894598,78.48626107,POULTRY FARM twd Medchal
2781,zMJBryNH,Prajaya Aprts - Kompally,Prajaya Aprts - Kompally,17.531881,78.488056,PRAJAY Apartment twd Medchal
2782,Dma306Us,Doolapally X Road,Doolapally X Road,17.54101264,78.49078327,DOOLAPALLY X Road twd Medchal
2783,6KuJg9Zb,Kompally,Kompally,17.544708,78.491754,KOMPALLY twd Medchal
2784,4Wi8zMH6,Kompally Bridge,Kompally Bridge,17.56440829,78.49336947,KOMPALLY BRIDGE twd Medchal
2785,nRZq5yDb,Gundla Pochampally,Gundla Pochampally,17.569052,78.49356,GUNDAPOCHAMPALLY twd Medchal
2786,GpbQUD6j,Prestige Park Gundlapochampally,Prestige Park Gundlapochampally,17.57650968,78.49168718,PRESTIGE PARK twd Medchal
2787,1eqxqeHO,Damber Factory,Damber Factory,17.57919962,78.49079134,DAMBER FACTORY twd Medchal
2788,ez2XDrI6,Kandlakoya,Kandlakoya,17.59133194,78.4927718,KANDLAKOYA twd Nirmal
2789,RRTZl43p,Kirloskar,Kirloskar,17.60083013,78.49203588,KIRLOSKAR twd Medchal
2790,RI2R5nuN,Cmr College,Cmr College,17.60385525,78.49075075,CMR COLLEGE twd Medchal
2791,cfjBvkFA,Ida Medchal,Ida Medchal,17.61149869,78.4872565,IDA twd Medchal
2792,Gi9qTPby,Medchal Checkpost,Medchal Checkpost,17.61739962,78.48575614,MEDCHAL CHECK POST twd Medchal
2793,AAUzdTTg,Medchal,Medchal,17.6342067,78.48574896,MEDCHAL Bus Station
2794,akyDpNkg,Medchal Checkpost,Medchal Checkpost,17.61794346,78.48582928,MEDCHAL CHECKPOST twd kompally
2795,rVqgqGNI,Ida Medchal,Ida Medchal,17.61189015,78.48740503,IDA twd Kompally
2796,cEWk9f63,Cmr College,Cmr College,17.6040002,78.49095223,CMR COLLEGE twd Kompally
2797,ukLe77CU,Kirloskar,Kirloskar,17.60088164,78.4923201,KIRLOSKAR twd Kompally
2798,WV52ABgC,Kandlakoya,Kandlakoya,17.5914732,78.49311847,KANDLAKOYA twd JBS
2799,kzAhOdsk,Damber Factory,Damber Factory,17.57927,78.491087,DAMBER FACTORY twd Kompally
2800,XZr8owNb,Prestige Park Gundlapochampally,Prestige Park Gundlapochampally,17.57667844,78.49175692,PRESTIGE PARK twd Kompalli
2801,qZljXt6V,Gundla Pochampally,Gundla Pochampally,17.569194,78.493857,GUNDLA POCHAMPALLY twd Secunderabad
2802,84FMkcwT,Kompally Bridge,Kompally Bridge,17.56459834,78.49365984,KOMPALLY BRIDGE twd Kompally
2803,vnheouUu,Kompally,Kompally,17.544481,78.492045,KOMPALLY twd JBS
2804,C9BknzJI,Doolapally X Road,Doolapally X Road,17.54009961,78.4909308,DOOLAPALLY X ROAD twd Suchitra
2805,FW800vbH,Prajaya Aprts - Kompally,Prajaya Aprts - Kompally,17.531005,78.487942,PRAJAY Kompally twd Secunderabad
2806,NzPbTG5y,Poultry Farm (Cineplanet Kompally),Poultry Farm (Cineplanet Kompally),17.52886192,78.48663121,POULTRY FARM twd Secunderabad
2807,2wY2TigE,Ncl North Avenue,Ncl North Avenue,17.525985,78.484684,NCL NORTH twd Secunderabad
2808,COB7XRKn,Balaji Hospital Kompalli,Balaji Hospital Kompalli,17.51879212,78.48197658,BALAJI HOSPITAL KOMPALLY twd Secunderabad
2809,fd9DsAln,Angadipet,Angadipet,17.51380146,78.47980502,ANGADIPET twd Secunderabad
2810,rTz6wUu6,Jeedimetla Village,Jeedimetla Village,17.508392,78.479482,JEEDIMETLA Village twd Secunderabad
2811,n1PUbyM2,Suchitra X Road,Suchitra X Road,17.499658,78.477149,SUCHITRA Circle twd MGBS
2812,VJCczbY7,Dairy Farm-Bowinpally,Dairy Farm-Bowinpally,17.4868139,78.47343743,MILATRY Dairy Farm twd Secunderabad
2813,AEwxUxGw,Nandamuri Nagar,Nandamuri Nagar,17.48014696,78.47353935,NANDAMURI Nagar twd MGBS
2814,RSbdvsMT,Bowenpally Checkpost,Bowenpally Checkpost,17.47588918,78.47391453,BOWENPALLY CHECK POST twd Secnderabad
2815,Dwpbg49S,Bowenpally,Bowenpally,17.46517745,78.47288758,BOWENPALLY Police Station twd JBS
2816,Nc1ckrY4,Ashish Garden Bus Stop,Ashish Garden Bus Stop,17.45723552,78.47845315,ASHISH GARDEN twd Secunderabad
2817,5GtdDzzi,Tadbund,Tadbund,17.456487,78.483953,TADBUND twd Secunderabad
2818,13mpW2T3,Cto,Cto,17.45047281,78.48689138,CTO twd Secunderabad
2819,TPgOb0vV,Paradise,Paradise,17.443503,78.488141,"PARADISE X ROAD, SURYA TOWERS twd Secunderabad"
2820,alAZZ1u5,Patny,Patny,17.44324671,78.49490047,PATNY twd Uppal
2821,RhnPIEYO,Ymca Secunderabad,Ymca Secunderabad,17.44194423,78.49877895,YMCA BUS STOP twd Secunderabad  Railway Station
2822,DVWA6OOC,Ansari Road,Ansari Road,17.295851,78.482675,ANSARI ROAD twd Kothapet
2823,mNJBmFWn,Venkatapuram,Venkatapuram,17.297171,78.488983,VENKATAPUR twd Kothapet
2824,u6ttvKKE,Salala,Salala,17.30450869,78.49087176,KOTHAPET-SALALA
2825,oZbPPWh4,Venkatapuram,Venkatapuram,17.29711036,78.48905602,VENKATAPUR twd Charminar
2826,YALM35XF,Ansari Road,Ansari Road,17.29581712,78.48272335,ANSARI ROAD twd Charminar
2827,isHG9Bvl,Barkas,Barkas,17.31563602,78.47897049,BARKAS twd Koti
2828,MrTeUQhZ,Gudi Malkapur-Mehdipatnam,Gudi Malkapur-Mehdipatnam,17.38663614,78.4399581,GUDDIMALKAPUR twd Tallagadda
2829,5q1zHnGr,Shiv Bagh,Shiv Bagh,17.38281167,78.43876182,SHIV BAGH twd Tallagadda
2830,X5DNXWAF,Sharada Nagar-Gudimalkapur,Sharada Nagar-Gudimalkapur,17.38123493,78.43977571,SHARADA NAGAR twd Tallagadda
2831,oEF4TCM0,Tallagadda,Tallagadda,17.37855481,78.44227083,TALLAGADDA twd Afzalgunj
2832,s21mG7WM,Tallagadda,Tallagadda,17.37882616,78.44207704,TALLAGADDA twd Mehdipatnam
2833,VTBQfvVD,Sharada Nagar-Gudimalkapur,Sharada Nagar-Gudimalkapur,17.38111205,78.43974352,SHARADA Nagar twd Mehdipatnam
2834,GnTrtf4s,Shiv Bagh,Shiv Bagh,17.38287806,78.43869209,SHIV BAGH twd Mehdipatnam
2835,jK523rWm,Gudi Malkapur-Mehdipatnam,Gudi Malkapur-Mehdipatnam,17.38664591,78.43985617,GUDDIMALKAPUR twd Mehdipatnam
2836,gduZCR7Z,Iiit,Iiit,17.444325,78.351854,IIIT twd WIPRO
2837,EtcFXW6q,Infosys,Infosys,17.437043,78.347696,INFOSYStwd WaveRock
2838,GUKCcy8w,Icici Junction,Icici Junction,17.42181759,78.33804892,ICICI Junction twd Gar Kokapet
2839,2TKCXvG2,Infotech,Infotech,17.4203332,78.33709002,INFOTECH twd Kokapet
2840,xDuZgZVu,Waverock,Waverock,17.41915547,78.34727159,WAVEROCK
2841,fQhlcnDd,Infotech,Infotech,17.42032809,78.33699077,INFOTECH twd Gachabowli
2842,ng3PytdJ,Icici Junction,Icici Junction,17.42229937,78.33820785,ICICI Junction twd Gachibowli
2843,LpMsCjvi,Infosys,Infosys,17.436867,78.347239,INFOSYS twd GachIbowli
2844,Hvpkdg2w,Rethibowli,Rethibowli,17.396058,78.431656,RETHI BOWLI twd Mehdipatnam
2845,EIzwAraT,Quba Colony,Quba Colony,17.2943,78.4711,QUBA COLONY twd Mohammad nagar
2846,M6knPITE,Mohammed Nagar,Mohammed Nagar,17.2954,78.4707,MOHAMMED NAGAR
2847,oS865Fqt,Quba Colony,Quba Colony,17.29422561,78.47125901,QUBA COLONY twd Charminar
2848,WhzmZ1aB,Mandollagudem Choutuppal,Mandollagudem Choutuppal,17.27939733,78.79054897,MANDOLLAGUDEM twd Choutuppal
2849,g0WllZIY,Choutuppal,Choutuppal,17.25382851,78.89410973,CHOUTUPPAL twd MGBS
2850,Kir3lPIg,Lingoji Guda-Choutuppal,Lingoji Guda-Choutuppal,17.24425331,78.9268139,LINGOJI GUDA twd Narkatpally
2851,ydmFvuas,Ankireddigudem,Ankireddigudem,17.24224539,78.93367321,ANKIREDDYGUDA twd Narketpally
2852,QEEXTBZN,Panthangi,Panthangi,17.24577496,78.95822793,PANTHAGI twd Ankireddigudem
2853,OEQTjjPG,Panthangi,Panthangi,17.24567753,78.95819307,PANTHANGI twd MGBS
2854,xyrhZaXS,Ankireddigudem,Ankireddigudem,17.24209893,78.93363476,ANKIREDDYGUDA twd MGBS
2855,s2oQmlTe,Lingoji Guda-Choutuppal,Lingoji Guda-Choutuppal,17.24383194,78.92673075,LINGOJI GUDA twd MGBS
2856,YNadP036,Secunderabad,Secunderabad,17.43600595,78.50005098,SECUNDERABAD Gurudwara
2857,EMX63sAM,Chadarghat,Chadarghat,17.3822786,78.49356942,CHADARGHAT twd Amberpet
2858,TNlJ8JP7,Ymca Narayanaguda,Ymca Narayanaguda,17.39527451,78.49138811,YMCA twd VST
2859,1N2PV1v2,Sundaraiah Park,Sundaraiah Park,17.3971292,78.49700861,SUNDARAIAH Park twd VST
2860,fcWnuxK0,Bagh Lingampally,Bagh Lingampally,17.40111412,78.49937324,BAGH Lingampally twd VST
2861,HNzxTJqP,Ramnagar Gundu,Ramnagar Gundu,17.40708765,78.51297319,RAMNAGAR Gundu twd Uppal
2862,PcVzgzWp,Jamia Osmania,Jamia Osmania,17.41176796,78.51801435,JAMIA OSMANIA twd Warasiguda
2863,QD2uRY6I,Arts College,Arts College,17.41793464,78.51941867,ARTS COLLEGE twd Warsiguda
2864,wPQ3ytxp,Warasiguda,Warasiguda,17.41992556,78.51671585,WARASIGUDA twd Secunderabad
2865,21XLRqYT,Namalagundu,Namalagundu,17.425,78.515,NAMALAGUNDU twd Secunderabad
2866,YNTauQVH,Sitaphalmandi,Sitaphalmandi,17.42761395,78.51747394,SITAPHALMANDI twd Secunderabad
2867,JXHsofUr,Chilkalguda,Chilkalguda,17.43142439,78.50897133,CHILKLAGUDA  GANDHI STATUE
2868,tXCkH7Q3,Chilkalguda,Chilkalguda,17.43138856,78.50941658,CHILKALGUDA twd Ramnagar
2869,ino5zaY2,Sitaphalmandi,Sitaphalmandi,17.4271418,78.51734821,SITAPHALMANDI twd Ramnagar
2870,pOfOVxp3,Namalagundu,Namalagundu,17.42456566,78.51578165,NAMALAGUNDU twd Ramnagar
2871,EJ6Ij660,Warasiguda,Warasiguda,17.41980463,78.51699346,WARASIGUDA twd Ramnagar
2872,YIEemWbh,Arts College,Arts College,17.41780614,78.51944937,ARTS COLLEGE twd Ramnagar
2873,uKhmHAJg,Jamia Osmania,Jamia Osmania,17.41163619,78.51809531,JAMIA OSMANIA twd Ramnagar
2874,GCrZj4rg,Bagh Lingampally,Bagh Lingampally,17.40092586,78.49926174,BAGH Lingampally twd Koti
2875,dhC5uES9,Sundaraiah Park,Sundaraiah Park,17.39722991,78.49723132,SUNDARAIAH Park twd koti
2876,h2KLK2Bw,Ymca Narayanaguda,Ymca Narayanaguda,17.39523098,78.49129289,YMCA twd Koti
2877,eX9ZnojV,Ameerpet,Ameerpet,17.431553,78.44765,AMEERPET twd Patancheruvu
2878,nDq6JPyj,Beeramguda Kaman,Beeramguda Kaman,17.50889,78.300277,BEERAMGUDA KAMAN twd Patancheruvu
2879,58ynBJu3,Chintal Basthi,Chintal Basthi,17.408898,78.460376,CHINTHAL Basthi twd Patancheruvu
2880,iJpDG3Az,Irram Manzil,Irram Manzil,17.42075297,78.45569725,IRRUM MANZIL TWD Patancheruvu
2881,A2vW9yH0,Sr Nagar,Sr Nagar,17.44296525,78.44073728,SR NAGAR twd Patancheruvu
2882,rsGUZH7X,Bharath Nagar,Bharath Nagar,17.46723208,78.42877865,BHARATH Nagar twd Patancheruvu
2883,Co93cESq,Moosapet,Moosapet,17.47081311,78.42667579,MOOSAPET twd Patancheruvu
2884,XxUn73uy,Kphb,Kphb,17.494062,78.400453,KPHB Metro Station twd Patancheruvu
2885,hm60m7mb,Jntu,Jntu,17.496261,78.39441,JNTU X ROAD twd Patancheruvu
2886,ipAmaxcG,Miyapur Metro Station,Miyapur Metro Station,17.496265,78.370945,MIYAPUR Metro Station twd Patancheruvu
2887,hqB2fu5A,Miyapur X Road,Miyapur X Road,17.49648097,78.36260928,MIYAPUR X Road twd Patancheruvu
2888,UyZDBKX5,Miyapur,Miyapur,17.495772,78.357949,MIYAPUR twd Patancheruvu
2889,ZhW7uvNl,Madeenaguda,Madeenaguda,17.494912,78.340601,MADEENAGUDA twd Patancheruvu
2890,Mtp9jacw,Gangaram,Gangaram,17.49509217,78.33270712,GANGARAM twd Patancheruvu
2891,o6FSDgLc,Icrisat,Icrisat,17.51855383,78.27871453,ICRISAT twd Patancheruvu
2892,NzMITaYT,Allwyn,Allwyn,17.52476163,78.27171921,ALLWYN twd Patancheruvu
2893,Kdc8bpKV,Ravirala,Ravirala,17.21595014,78.51038754,RAVIRYAL twd Charminar
2894,ufLJTxLc,Vst Bus Stop,Vst Bus Stop,17.40484503,78.50170171,VST twd RTC X ROAD
2895,A8aTeIDR,Sudharshan Theatre,Sudharshan Theatre,17.40724121,78.49503189,SUDARSHAN THEATRE twd Mehdipatnam
2896,YvHwhwEu,Flour Mill,Flour Mill,17.39195283,78.42311886,FLOUR Mill twd Kalimandir
2897,P5gN8WRE,Flour Mill,Flour Mill,17.39252295,78.4243986,FLOUR Mill twd Mehdipatnam
2898,ERXuRE8f,Rachalapalle,Rachalapalle,16.69477748,78.39831948,RACHALAPALLE twd Gudiganapally
2899,6i3UBFjO,Madharam-Midjil,Madharam-Midjil,16.67432595,78.36628318,MADARAM twd  Gudiganply
2900,qEGD6o77,Gudiganpalle,Gudiganpalle,16.67197235,78.33579177,GUDIGANPALLY twd Afzalgunj
2901,xogDMhqi,Madharam-Midjil,Madharam-Midjil,16.67435164,78.36639583,MADARAM twd Kalwakurthy
2902,L92wKTDK,Rachalapalle,Rachalapalle,16.695,78.399,RACHALAPALLE
2903,VZdL0i89,Pedda Adiryal,Pedda Adiryal,16.85193943,78.29847687,PEDAADHIRALA twd Chinaadirala
2904,iI577gvW,Chinna Adiryal,Chinna Adiryal,16.838,78.301,CHINAADIRALA
2905,0Pz9hz7B,Mile Stone,Mile Stone,16.853,78.43,JANGAREDDYPALLY twd Midjil
2906,NLup1D72,Chowdarpally-Thalakondapally,Chowdarpally-Thalakondapally,16.81773829,78.38420304,CHOUDARPALLY twd Midjil
2907,GLIOn202,Jail Garden,Jail Garden,17.37727237,78.49233359,JAIL GARDEN twd Koti
2908,E0uL7xKX,Jandaguda,Jandaguda,17.09115367,78.35102275,JANDAGUDA X Road twd Afzalgunj
2909,Mi0dTHWa,Kodicherla,Kodicherla,17.09386743,78.33235053,KODICHERLA twd Shamshabad
2910,z3wxN050,Siddapur-Kothur,Siddapur-Kothur,17.05605506,78.35567907,SIDDAPUR twd Shamshabad
2911,9J2Dw4j3,Cherkur,Cherkur,16.776839,78.544234,CHERKUR twd Gangattu tanda
2912,3oXz53ML,Mile Stone,Mile Stone,16.77301775,78.56429458,BARKATHPALLY twd Amangal
2913,uD5Htw9y,Mile Stone,Mile Stone,16.78264,78.587544,GANGHATTU Tanda VILLAGE
2914,XFbLNXy5,Cherkur,Cherkur,16.77689558,78.54410827,CHERKUR twd Amangal
2915,JJNV7jpt,Mile Stone,Mile Stone,16.773134,78.564355,BARKATHPALLY twd Gangattu tanda
2916,F3HtXuw9,Pbel City,Pbel City,17.35972897,78.37135152,PBEL CITY
2917,8IjZFsgX,Shapur Tanda Twd Shubanpur,Shapur Tanda Twd Shubanpur,17.21241962,78.3443427,SHAPUR TANDA twd Shubanpur
2918,HdRPNjmn,Gollor,Gollor,17.17810758,78.35239337,GOLLOR twd Shubanpur
2919,g93g9UhY,Nagireddipalle-Maheswaram,Nagireddipalle-Maheswaram,17.16620405,78.35155248,NAGIREDDYPALLY twd Shubanpur
2920,uF6wfmyX,Manikyammaguda,Manikyammaguda,17.13587308,78.33456741,MANIKYAMAGUDA twd Shubanpur
2921,9d15MMxE,Kottakapubasti,Kottakapubasti,17.126,78.348,KKBASTHI twd Shubanpur
2922,6XVT4YB3,Ayyavaripally-Maheswaram,Ayyavaripally-Maheswaram,17.115,78.353,AYYAVARPALLY twd Shubanpur
2923,6JxnSOi6,Subhanpur,Subhanpur,17.10206341,78.35004777,SHUBANPUR twd Afzalgunj
2924,JPzOyAri,Ayyavaripally-Maheswaram,Ayyavaripally-Maheswaram,17.108,78.351,AYYAVARPALLY twd Shamshabad
2925,2GKxNlfD,Kottakapubasti,Kottakapubasti,17.12430927,78.34888636,KKBASTHI twd Shamshabad
2926,DXIFcX2h,Manikyammaguda,Manikyammaguda,17.13594107,78.33460092,MANIKYAMAGUDA twd Shamshabad
2927,ZsUhTMPj,Nagireddipalle-Maheswaram,Nagireddipalle-Maheswaram,17.16613234,78.3514613,NAGIREDDYPALLY twd Shamsabad
2928,MmrECAyp,Gollor,Gollor,17.17816399,78.35242408,GOLLOR twd Shamshabad
2929,qUFZRpaZ,Shapur Tanda Twd Shamsabad,Shapur Tanda Twd Shamsabad,17.21241962,78.34448754,SHAPUR TANDA twd Shamsabad
2930,sXSVD0N7,Vikrampuri,Vikrampuri,17.45526,78.49804,VIKRAMPURI twd Alwal
2931,kcGFN8gk,Karkhana,Karkhana,17.46077633,78.50035608,KHARKANA twd Alwal
2932,gWSdCVIN,Tirumalagiri,Tirumalagiri,17.47262,78.50982,THIRUMALGIRI twd Alwal
2933,UtT6Mr0x,Lalbazar,Lalbazar,17.4777524,78.51066783,LAL BAZAR twd Dairy Farm
2934,Djd3PtNY,Lalbazar,Lalbazar,17.479221,78.510914,LALBAZAR twd Hakimpet
2935,H6fvd9Dg,Family Quarters,Family Quarters,17.49090961,78.51272643,FAMILY QUATERS twd Bhudevinagar
2936,RCcFdNGF,Lothukunta,Lothukunta,17.49355348,78.51247329,LOTHUKUNTA twd Alwal
2937,A7V7d3tY,Alwal,Alwal,17.5018558,78.51396561,ALWAL twd Hakeempet
2938,A8TZ7LEb,Sri Bakery,Sri Bakery,17.50472784,78.50765002,SRI BAKERY twd Old Alwal
2939,0ybr6WOr,Old Alwal,Old Alwal,17.508687,78.50353,OLD Alwal Ig Statuetwd Suchitra
2940,zMu96nat,Father Baliah Nagar,Father Baliah Nagar,17.506402,78.492643,FATHER Balaiah Nagar twd Suchitra
2941,r89dJX5x,Loyola Academy,Loyola Academy,17.504777,78.487702,LOYOLA Academy twd JBS
2942,oPzLtLPj,Suchitra X Road,Suchitra X Road,17.50076607,78.47993374,SUCHITRA X ROAD twd Alwal
2943,9IgCIs4O,Loyola Academy,Loyola Academy,17.505035,78.487839,LOYOLA Academy twd Suchitra
2944,MMNOM841,Father Baliah Nagar,Father Baliah Nagar,17.506522,78.492767,FATHER BALAIAH NAGAR twd JBS
2945,pd5BUXoL,Old Alwal,Old Alwal,17.508452,78.503855,OLD Alwal Ig Statue twd Jbs
2946,ejQwQYCQ,Sri Bakery,Sri Bakery,17.50476952,78.50764367,SRI BAKERY twd Alwal Main Road
2947,DfXJWUqa,Alwal,Alwal,17.50201951,78.51413727,ALWAL twd JBS
2948,9jdImE8R,Lothukunta,Lothukunta,17.49185102,78.51283103,LOTHUKUNTA twd JBS
2949,PzAv5tOi,Family Quarters,Family Quarters,17.49098379,78.51284444,FAMILY QUARTERS twd Secunderabad
2950,bhH3le9H,Lalbazar,Lalbazar,17.47851,78.51104,LALBAZAR twd Secunderabad
2951,JNHOpanH,Tirumalagiri,Tirumalagiri,17.4726,78.51007,THIRUMALGIRI twd Secunderabad
2952,W9P6Xs2C,Karkhana,Karkhana,17.4606154,78.50054919,KARKHANA twd JBS
2953,Dz6YvX7w,Vikrampuri,Vikrampuri,17.45438609,78.49821568,VIKRAMPURI Karkhana twd JBS
2954,iIuLE0IR,St Anns Twd Jbs,St Anns Twd Jbs,17.44271958,78.50361027,ST ANNS twd JBS
2955,rapGgpOm,Kabeer Nagar Hyd Bus Stop,Kabeer Nagar Hyd Bus Stop,17.45610745,78.4222934,KABEER NAGAR Bus Stop
2956,vlr0GajT,Sanath Nagar Railway Station,Sanath Nagar Railway Station,17.46163893,78.43158122,SANATH NAGAR RAILWAY STATION twd Koti
2957,4GhVjXLG,Moghalpura,Moghalpura,17.35945,78.476523,MOGHALPURA twd Falaknama
2958,rr9CsVyB,Kammaguda,Kammaguda,17.2803151,78.55126715,KAMMAGUDA twd BN Reddy
2959,0yYdXH60,Ymca Narayanaguda,Ymca Narayanaguda,17.39551764,78.48960576,YMCA twd Himayath Nagar
2960,NTaYCIKg,Vittalwadi,Vittalwadi,17.39606155,78.48751836,VITTALWADI twd Ramkoti
2961,2jQaEeRC,Hyderguda,Hyderguda,17.4,78.478,HYDERGUDA twd Liberty
2962,xHxTbRVz,Lokayuktha Office,Lokayuktha Office,17.40553283,78.47680964,LOKAYUKTHA twd Secundrabad
2963,aXKzOSFU,Y Junction Kukatpally,Y Junction Kukatpally,17.475212,78.423632,Y JUNCTION Prashanth Nagar twd Lingampally
2964,4atoELjF,Lokayuktha Office,Lokayuktha Office,17.40550595,78.47693302,LOKAYUKTHA twd Koti
2965,0X60AODT,Basheer Bagh,Basheer Bagh,17.40144799,78.47589433,BASHEER BAGH twd Kachiguda
2966,b25FhwHZ,Hyderguda,Hyderguda,17.40027063,78.47813129,HYDERGUDA twd Kachiguda
2967,axJgeawM,Vittalwadi,Vittalwadi,17.39607306,78.48755389,VITTALWADI twd YMCA
2968,NuoUwDCC,Ymca Narayanaguda,Ymca Narayanaguda,17.39547925,78.4899116,YMCA twd Kacheguda
2969,9dRGFaGl,Kachiguda X Roads,Kachiguda X Roads,17.39081571,78.48928928,KACHIGUDA X Road twd Kachiguda Railway Station
2970,vc5Q9ECR,Gachibowli,Gachibowli,17.43966328,78.3635634,GACHIBOWLI twd kondapur
2971,K9DK19kr,Allwyn X Road,Allwyn X Road,17.49310973,78.3518428,ALLWYN X Road twd Patancheru
2972,OxuU5yGr,Mansanpalle-Maheswaram,Mansanpalle-Maheswaram,17.137,78.393,MANSANPALLY VILLAGE twd Maheswaram
2973,AMQkYo1R,Kc Tanda X Roads,Kc Tanda X Roads,17.13372386,78.41677576,KC Tanda  X Road twd Maheswaram
2974,dr49IUed,Arundati Colony-Uppuguda,Arundati Colony-Uppuguda,17.34246232,78.48157794,ARUNDATI Colony Uppuguda
2975,9PRgDrvR,Saraswathiguda X Road-Kandukur,Saraswathiguda X Road-Kandukur,17.18572062,78.47431171,SARASWATHIGUDA X ROAD twd Tukkuguda
2976,RHbH0qLG,Gudur Gate,Gudur Gate,17.0922394,78.47462027,GUDUR GATE twd Gudur
2977,sEkQpe2C,Mile Stone,Mile Stone,16.99084148,78.45581528,MADARAM TANDA twd Nednur
2978,g8HuV6Ol,Madharam,Madharam,16.969,78.45,MAKTHAMADHARAM twd Midjil
2979,meRPzYZe,Ibrahimpatnam,Ibrahimpatnam,17.19170305,78.64710845,IBRAHIMPATNAM twd Rahmatabad
2980,z1JAbEKY,Sr Nayak Nagar Bus Stop,Sr Nayak Nagar Bus Stop,17.532144,78.444543,S.R NAYAK Nagar twd Apurupa Colony
2981,HRIoxcQ5,Sbi Colony Twd Koti,Sbi Colony Twd Koti,17.36132,78.512622,SBI COLONY twd Koti
2982,cnGFzIOV,Saidabad Police Station,Saidabad Police Station,17.36372029,78.50224435,SAIDABAD PS twd Koti
2983,l2TfSAiX,Kala Nagar,Kala Nagar,17.338,78.646,KALANAGAR HAYATHNAGAR twd Pasumamula
2984,p8rpf34I,Pasumamula,Pasumamula,17.34994712,78.64914357,PASUMAMULA twd Amberpet
2985,SP66GDDh,Kala Nagar,Kala Nagar,17.338,78.646,KALANAGAR HAYATHNAGAR twd Peddaamberpet
2986,4ODyY9jA,Vijaya Hospital-Nagaram,Vijaya Hospital-Nagaram,17.48262751,78.59504337,VIJAYA HOSPTL twd Nagaram
2987,FPHTZAnQ,Nagaram Ecil,Nagaram Ecil,17.4878519,78.60082392,NAGARAM twd Ghatkesar
2988,GEQfLAZl,Dammaiguda,Dammaiguda,17.50196579,78.58896688,DAMMAIGUDA twd Balaji Nagar
2989,rhKs1m5z,Ambedkar Nagar Dammaiguda,Ambedkar Nagar Dammaiguda,17.5067288,78.58388543,AMBEDKARNAGAR Twd Dammaiguda
2990,rE10T21r,Dammaiguda,Dammaiguda,17.50213718,78.58883813,DAMMAIGUDA twd Secunderabad
2991,dQ9OtAZz,Dammaiguda X Road,Dammaiguda X Road,17.48963306,78.6015719,DAMMAIGUDA X Road twd ECIL
2992,ihYYcwld,Nagaram Ecil,Nagaram Ecil,17.4879357,78.60098585,NAGARAM twd ECIL
2993,TZjYc9wD,Vijaya Hospital-Nagaram,Vijaya Hospital-Nagaram,17.48232446,78.59493654,VIJAYA HOSP twd Ecil
2994,Ag0TpmOp,Sv Nagar,Sv Nagar,17.48070085,78.59116765,SV NAGAR twd Secunderabad
2995,ZGCH1dKv,Chakripuram,Chakripuram,17.47947676,78.58536065,CHAKRIPURAM twd Nagaram
2996,jdvB3Gdx,Dammaiguda X Road,Dammaiguda X Road,17.48986712,78.6015746,DAMMAIGUDA X Road twd Rampally
2997,bvOikYgX,Ayyappa Colony,Ayyappa Colony,17.494,78.597,AYYAPPA COLONY twd BalajiNagar
2998,9lo4UeiJ,Beerapagadda,Beerapagadda,17.40593593,78.56393918,BEERAPPAGADDA twd Ecil
2999,cGWFArDm,Ganesh Nagar Church,Ganesh Nagar Church,17.41091515,78.56438041,GANESH NAGAR CHURCH twd ECIL
3000,fFaQHoF0,Adarshnagar Uppal,Adarshnagar Uppal,17.41378157,78.56505632,ADARSH NAGAR twd Uppal
3001,lHPvnE32,Hema Nagar-Uppal,Hema Nagar-Uppal,17.421,78.564,HEMA NAGAR twd Kushaiguda
3002,ki05OEh0,Post Office-Nacharam,Post Office-Nacharam,17.431,78.559,POST OFFICE twd Kushaiguda
3003,D6hCS0ep,Hema Nagar-Uppal,Hema Nagar-Uppal,17.42120087,78.56440994,HEMANAGAR twd Uppal
3004,tFiy24uk,Ganesh Nagar Church,Ganesh Nagar Church,17.41091259,78.56444478,CHURCH twd Uppal
3005,dfCxpNyn,Beerapagadda,Beerapagadda,17.40590842,78.5640163,BEERAPPAGADDA twd Uppal
3006,80dBZEhn,Adarshnagar Uppal,Adarshnagar Uppal,17.41400934,78.56490343,ADARSH NAGAR twd Kushaiguda
3007,cYih8QXM,Fci Colony,Fci Colony,17.33257298,78.56154263,FCI Colony twd ChintalKunta Check Post
3008,YRY6FtHR,Rtc Colony Twd Chintalkunta Check Post,Rtc Colony Twd Chintalkunta Check Post,17.33769966,78.55848945,RTC COLONY twd ChintalKunta Check Post
3009,FDm92bZz,Jahangir Nagar Colony,Jahangir Nagar Colony,17.33973816,78.55701777,JAHANGIR Nagar twd ChintalKunta Check Post
3010,lyYMjoIV,Vivekananda Nagar Clny,Vivekananda Nagar Clny,17.4936441,78.41042963,VIVEKANANDA NAGAR COLONY twd Jagathgirigutta
3011,Um4jMF5q,Allwyn Colony Phase 1,Allwyn Colony Phase 1,17.50199905,78.41888934,ALLWYN Colony Phase 1 twd Jagathgiri Gutta
3012,2B7S5lGF,Jagadgiri Gutta,Jagadgiri Gutta,17.50204094,78.42614204,JAGADGIRIGUTTA Bus Station
3013,GtmJe15u,Allwyn Colony Phase 1,Allwyn Colony Phase 1,17.50199201,78.41892891,ALLWYN Colony Phase 1 twd Kukatpally
3014,cz8agNef,Vivekananda Nagar Clny,Vivekananda Nagar Clny,17.49360848,78.41057986,VIVEKANANDA Nagar Colony twd Kukatpally
3015,EIEQroOV,Sumithra Nagar-Kukatpally,Sumithra Nagar-Kukatpally,17.489,78.409,SUMITHRA NAGAR twd Kukatpally
3016,x2ZgbKAy,Darga,Darga,17.41190303,78.3950311,DARGA twd OU colony
3017,kKjN6CpO,Ou Colony,Ou Colony,17.40683875,78.39198545,OU COLONY twd Manikonda
3018,nI0WwhLc,Panchavati Colony  Manikonda,Panchavati Colony  Manikonda,17.40734615,78.38752896,PANCHAVATI Colony twd Manikonda
3019,YhwcYGzC,Manikonda,Manikonda,17.4062509,78.37622578,MANIKONDA twd Lanco hills
3020,leMXHA9b,Manikonda,Manikonda,17.40629249,78.37627205,MANIKONDA twd Darga
3021,7qbKgvw5,Panchavati Colony  Manikonda,Panchavati Colony  Manikonda,17.40739222,78.38752225,PANCHAVATI Colony twd Darga
3022,jj4Bzhr4,Ou Colony,Ou Colony,17.40685987,78.39197203,OU COLONY twd Mehdipatnam
3023,HTYqhYsW,Konapur-Vangoor,Konapur-Vangoor,16.54458502,78.54708091,KONAPUR twd Kalwakurthy
3024,PX1F5vK7,Jangareddy Pally-Amangal,Jangareddy Pally-Amangal,16.84701556,78.5571492,JANGAREDDY Pally twd Girikothapally
3025,mz2mfqzL,Mile Stone,Mile Stone,16.83857505,78.57226608,SAKIBANDA TANDA twd Polepally
3026,pDKE4WOc,Chandryanplly,Chandryanplly,16.81920702,78.63278742,CHANDRAYANPALLI twd Irwin
3027,PCA4atoR,Irvin,Irvin,16.79072013,78.70558262,IRWIN twd Ibrahimpatnam
3028,zxpM1hL0,Ramchendragudem Twd Afzalgunj,Ramchendragudem Twd Afzalgunj,17.12974312,78.3858445,RAMCHENDRAGUDEM twd Afzalgunj
3029,yc4wkNs0,Nandipally Twd Afzalgunj,Nandipally Twd Afzalgunj,17.18831398,78.40238034,NANDIPALLY twd Afzalgunj
3030,lSvSL2WV,Indiranagar Colony Ibp,Indiranagar Colony Ibp,17.18510572,78.64482152,INDIRANAGAR COLONY IBP
3031,Q29TmrgC,Md Lines,Md Lines,17.39200593,78.41712177,MD Lines twd Mithidarwaza
3032,sUPv3Ber,Moti Darwaza,Moti Darwaza,17.38473129,78.41044536,MOTI Darwaza
3033,Cax6moVc,Md Lines,Md Lines,17.3920648,78.41709494,MD LINES twd Mehdipatnam
3034,nvfpwi8t,Lakdikapool,Lakdikapool,17.40380267,78.46484631,LAKDIKAPOOL Pushpak twd RGIA
3035,lyX5ZxYS,Darga Twd Narayapur,Darga Twd Narayapur,17.1708067,78.80753874,DARGA twd Narayapur
3036,AD4tQwDM,Tumbai Tanda,Tumbai Tanda,17.1979894,78.82616937,TUMBAI TANDA twd Allapuram
3037,y1LZ3LBS,Allapur-Choutuppal,Allapur-Choutuppal,17.2129013,78.83087933,ALLAPURAM twd Narayanapuram
3038,yXOkYBup,Yenuganti Thanda,Yenuganti Thanda,17.1963931,78.84333551,YENUGANTI THANDA twd Narayanapuram
3039,8OYaMcF6,Venkambai Thanda,Venkambai Thanda,17.17544505,78.85439157,VENKAMBAI THANDA twd Narayanapuram
3040,HVsPRIv7,Factory Twd Narayanapuram,Factory Twd Narayanapuram,17.17118981,78.8588199,FACTORY twd Narayanapuram
3041,T6HVQAqx,Narayanapur-Choutuppal,Narayanapur-Choutuppal,17.16199613,78.8820827,NARAYANAPURAM twd Munugodu
3042,wKORV75n,Factory Twd Allapuram,Factory Twd Allapuram,17.17102965,78.85894865,FACTORY twd Allapuram
3043,kCWjhF8P,Venkambai Thanda,Venkambai Thanda,17.17554243,78.85425746,VENKAMBAVI THANDA twd Allapuram
3044,7T6JEgwY,Yenuganti Thanda,Yenuganti Thanda,17.19630086,78.84339988,YENUGANTI THANDA twd Allapuram
3045,9rvKp2Mj,Allapur-Choutuppal,Allapur-Choutuppal,17.21290389,78.83043142,ALLAPURAM twd Arutla
3046,qbu6Xv6u,Darga Twd Arutla,Darga Twd Arutla,17.17065294,78.80756557,DARGA twd Arutla
3047,FdyFfsEO,Gandi Mysamma Temple-Abdullahpurmet,Gandi Mysamma Temple-Abdullahpurmet,17.31491164,78.67464333,GANDIMAISAMMA Temple twd Jnurm
3048,BzwQZImZ,Jnnurm Colony,Jnnurm Colony,17.31875135,78.67622316,JUNURM Colony twd Mettu
3049,BXKvQMZ4,Sirigiripur,Sirigiripur,17.15417168,78.43693793,SIRIGIRIPUR VILL twd Maheshwaram
3050,MZVEsSUj,Cherlapally Water Tank,Cherlapally Water Tank,17.47116566,78.59695584,WATER TANK twd Kushaiguda
3051,RMORXxyb,Sai Brundavanamam,Sai Brundavanamam,17.34221525,78.73538195,SAI Brundavanam twd Pillaipally
3052,rkHbcEw9,Sai Brundavanamam,Sai Brundavanamam,17.342,78.727,SAIBRUNDAVANAM DESHMUKHI
3053,oyFF3ZhB,Sai Brundavanamam,Sai Brundavanamam,17.34228182,78.73551607,SAI Brundavanam twd Batasingaram
3054,0REzgIJm,Khader Bhai Hotel-Moinabad,Khader Bhai Hotel-Moinabad,17.32600028,78.27418149,KHADER BHAI HOTEL twd Sriram Nagar
3055,vxUtYSKg,Poultry Farm-Moinabad,Poultry Farm-Moinabad,17.30901567,78.27344656,POULTRY FARM twd Surangal
3056,UARFi84D,Surangal Quarters,Surangal Quarters,17.30687484,78.27404201,SURANGAL QUARTERS twd Sriram Nagar
3057,U1pUh7vt,Surangal,Surangal,17.29783763,78.27326149,SURANGAL twd Sriram Nagar
3058,iWdUGKG2,Surangal,Surangal,17.29783251,78.27319175,SURANGAL twd Moinabad
3059,4s2gK9P3,Surangal Quarters,Surangal Quarters,17.30687227,78.27397764,SURANGAL-QUARTERS twd Moinabad
3060,nbWrb0un,Poultry Farm-Moinabad,Poultry Farm-Moinabad,17.30908483,78.27338219,POULTRY FARM twd Moinabad
3061,QOQJbvGy,Khader Bhai Hotel-Moinabad,Khader Bhai Hotel-Moinabad,17.32603102,78.27415466,KHADER BHAI HOTEL twd Moinabad
3062,COQ1RKjd,Sri Ram Nagar-Moinabad,Sri Ram Nagar-Moinabad,17.2673324,78.25576544,SRIRAM NAGAR Village
3063,uTMzTBaz,Pc Tanda,Pc Tanda,17.13138944,78.79539219,P C TANDA
3064,EkGOcv1l,Narsinghi,Narsinghi,17.385388,78.354832,NARSING twd Gar
3065,SZi9t2x2,Gachibowli,Gachibowli,17.43806751,78.36312353,GACHIBOWLI ORR twd Kondapur
3066,BnLJAzFN,Nanakramguda,Nanakramguda,17.419286,78.358024,NANAKRAMGUDA twd Mehdipatnam
3067,HXArDftH,Corporate Bhavan,Corporate Bhavan,17.37054555,78.58933925,CORPORATE BHAVAN twd Jaipuri Colony
3068,6f304ebf,Drf,Drf,17.38201048,78.58026981,DRF twd Jaipuri Colony
3069,lAwrKQ87,Jai Puri Colony,Jai Puri Colony,17.37868028,78.57201129,JAI PURI COLONY twd Bandlaguda
3070,27ZkTjPB,Bandlaguda,Bandlaguda,17.37893622,78.56918089,BANDLGUDA twd Jaipuri Colony
3071,zHbDoJEx,Jai Puri Colony,Jai Puri Colony,17.3789126,78.57207834,JAIPURI COLONY twd DRF
3072,gkVhjSin,Drf,Drf,17.38205911,78.58015716,DRF twd Bandlaguda Depot
3073,aGU3abqE,Reddipalle-Moinabad,Reddipalle-Moinabad,17.37336876,78.24603975,REDDY PALLY twd Chinnamangalaram
3074,aQ86Sqrz,Mothukupalle-Moinabad,Mothukupalle-Moinabad,17.38290382,78.25355531,MOTHUKUPALLE
3075,esslM7SC,Rampally X Rds,Rampally X Rds,17.49390313,78.60556612,RAMPALLY X Road twd Bandlaguda
3076,2HvWFMFX,Bandlaguda Village,Bandlaguda Village,17.50147209,78.62290889,BANDLAGUDA twd Keesara
3077,cCocKmSG,Cheeryal X Road,Cheeryal X Road,17.50705114,78.627702,CHEERYAL X ROAD twd DRDO
3078,gwCt5A1q,Cheryal,Cheryal,17.51772792,78.627,CHERYAL twd DRDO
3079,huYwNLgV,Yadgarpalle East,Yadgarpalle East,17.547731,78.63258898,YADGARPALLE EAST twd DRDO
3080,p6EjGTUg,Drdo,Drdo,17.56759493,78.629,DRDO Bus Stand
3081,ERxm6bxS,Yadgarpalle East,Yadgarpalle East,17.54762362,78.63250852,YADGARPALLE EAST twd ECIL
3082,tc2jAI4J,Cheeryal X Road,Cheeryal X Road,17.50676206,78.62791121,CHEERYAL X ROAD twd ECIL
3083,ZEraopsv,Bandlaguda Village,Bandlaguda Village,17.50138512,78.62307787,BANDLAGUDA twd ECIL
3084,EZ3DRKj5,Rampally X Rds,Rampally X Rds,17.49362381,78.60541285,RAMPALLY X Road twd Secunderabad
3085,DxXqDfmJ,Hmt Nagar Nacharam,Hmt Nagar Nacharam,17.42364348,78.54679417,HMT NAGAR twd Habsiguda
3086,5O0OPGTl,Ngri,Ngri,17.41543991,78.54587324,NGRI twd RGIA
3087,UJIfRlG2,Nanajipur Shamshabad,Nanajipur Shamshabad,17.228,78.287,NANAJIPUR VILLAGE twd Rayannaguda X Roads
3088,ePQUhLBd,Guduru-Kothur,Guduru-Kothur,17.20663948,78.27654719,GUDUR twd Botiguda
3089,F5oCD14y,Patny Taj Tristar,Patny Taj Tristar,17.44033471,78.49500505,TAJ Tri-star twd RGIA
3090,efZmlcN7,Kokapet,Kokapet,17.39321578,78.34116347,KOKAPET VILLAGE
3091,xs3Aco3F,Narsinghi,Narsinghi,17.38776401,78.35721664,NARSINGI twd Tolichowki
3092,9Y0drJYS,Malreddyguda,Malreddyguda,17.30396839,78.14620795,MALREDDYGUDA twd Nagarguda
3093,H0K3qflS,Pamena,Pamena,17.29900801,78.14610066,PAMENA twd Nagarguda
3094,ZwITeqy1,Allwada,Allwada,17.25469686,78.13655198,ALLWADA twd Shadnagar
3095,5ARQD6DL,Sagar College,Sagar College,17.34398183,78.13082278,SAGAR COLLEGE twd Urella
3096,m4QPPdBK,Urella,Urella,17.35600952,78.13311875,URELLA twd Shankarpalle
3097,O7NGuCSM,Urella,Urella,17.35745099,78.13036412,URELLA Village
3098,ELvgQHln,Sagar College,Sagar College,17.34377694,78.13089252,SAGAR COLLEGE twd Chevella
3099,6wcvigUc,Devuni Erravelly,Devuni Erravelly,17.33714847,78.14352589,DEVUNI ERRAVELLI twd Mehdipatnam
3100,KhUJB1WM,Jbiet College Amdapur X Road Bus Stop,Jbiet College Amdapur X Road Bus Stop,17.33111873,78.29715991,JBIET AMDAPUR X ROAD twd Nadeempet
3101,FjCsBmLN,Murthuzaguda X Road,Murthuzaguda X Road,17.31194513,78.28817725,MURTHUZAGUDA X Road twd Murthuza Guda Village
3102,UqdjFw3I,Murthuzaguda,Murthuzaguda,17.31050601,78.28267873,MURTHUZA GUDA VILLAGE twd  Amdapur
3103,fx72u882,Murthuzaguda X Road,Murthuzaguda X Road,17.30608613,78.28885314,MURTHUZA GUDA X Road twd Kashimbowli
3104,T3u9Bc4M,Nazeebnagar/Nadeempet,Nazeebnagar/Nadeempet,17.29909508,78.28933596,NADEEMPET twd Amdapur
3105,fKSXKXQX,Kasimbouli X Road,Kasimbouli X Road,17.28445919,78.2927289,KASHIMBOWLI X ROAD twd Amdapur
3106,mP5vCGeY,Amdapur-Moinabad,Amdapur-Moinabad,17.27758777,78.29124567,AMDAPUR Village twd Amangal
3107,wnMO0H2Z,Amdapur-Moinabad,Amdapur-Moinabad,17.27768998,78.29149515,AMDAPUR Village twd Rayannaguda
3108,EVFoWYbs,Kasimbouli X Road,Kasimbouli X Road,17.28464336,78.29279597,KASHIMBOWLI X ROAD twd Bakaram
3109,rmZJuaGZ,Kasimbouli,Kasimbouli,17.28655161,78.2966315,KASHIMBOWLI Village twd Mehdipatnam
3110,NSPpfP6W,Kasimbouli X Road,Kasimbouli X Road,17.28460493,78.29261891,KASHIMBOWLI X ROAD twd JBIT
3111,Mnjzm9Az,Nazeebnagar/Nadeempet,Nazeebnagar/Nadeempet,17.299,78.289,NADEEMPET twd JBIT
3112,HDWSoV0z,Murthuzaguda X Road,Murthuzaguda X Road,17.30619882,78.28879416,MURTHUZAGUDA X Road twd Murthuzaguda village
3113,92uA5pny,Murthuzaguda,Murthuzaguda,17.31058027,78.28265191,MURTHUZA GUDA VILLAGE twd Aziz Nagar
3114,EVjY0bP0,Murthuzaguda X Road,Murthuzaguda X Road,17.31204756,78.28825235,MURTHUZAGUDA X Road twd Himayathnagar
3115,IKj3CP7i,Kasimbouli,Kasimbouli,17.28671528,78.29674417,KASHIMBOWLI Village twd Bakaram
3116,hDXHjJSA,Sajjan Pally X Road,Sajjan Pally X Road,17.3000567,78.22792947,SAJJANPALLY X ROAD twd Kethireddy Pally
3117,zzqzHPWj,Sajjanpally-Moinabad,Sajjanpally-Moinabad,17.29736659,78.21860075,SAJJANPALLY Village
3118,RxiEEvNN,Kethireddypally-Moinabad,Kethireddypally-Moinabad,17.27308494,78.22346092,KETHIREDDY PALLY twd Solipet
3119,6uqD56Gg,Kethireddypally-Moinabad,Kethireddypally-Moinabad,17.27307984,78.22338589,KETHIREDDY PALLY twd Mehdiptnam
3120,r0SHmbkU,Sajjan Pally X Road,Sajjan Pally X Road,17.30009129,78.22791338,SAJJANPALLY X ROAD twd Moinabad
3121,4sHlVgCx,Sri Manikeshwari Matha Temple,Sri Manikeshwari Matha Temple,17.37567755,78.13128412,MANIKESHWARI Matha Temple twd Kothapally
3122,lvOQPNOO,Kothapalle-Shankarpally,Kothapalle-Shankarpally,17.37398556,78.11837178,KOTHAPALLY twd Tangedapalle
3123,wLw3XHaw,Kothapalle-Shankarpally,Kothapalle-Shankarpally,17.3741136,78.11832887,KOTHAPALLY twd Mehdipatnam
3124,cE6jY3OS,Sri Manikeshwari Matha Temple,Sri Manikeshwari Matha Temple,17.37570576,78.13138604,MANIKESHWARI Matha Temple
3125,Uwv4mg2G,Kammeta X Roads,Kammeta X Roads,17.38319819,78.14932198,KAMETA X ROAD twd Shankarpally
3126,vyAfQugS,Dearlapalle,Dearlapalle,17.40568374,78.14223294,DERLAPALLY Village
3127,9Ir76W5J,Eerlapally X Road,Eerlapally X Road,17.40548165,78.15095812,ERLAPALLY X ROAD twd Erlapally Village
3128,ijFEVs3A,Kokapet,Kokapet,17.4002,78.3531,KOKAPET
3129,vHx7zN6f,Sarvaravulapalle X Road-Kandukur,Sarvaravulapalle X Road-Kandukur,17.05093935,78.53887662,SARLARAVULAPALLY X ROAD twd Merkhanpet
3130,YqJIS25g,Virat Nagar,Virat Nagar,17.3979319,78.40500019,VIRAT NAGAR twd Alizapur
3131,B8kEqI1I,7 Tombs,7 Tombs,17.39802949,78.40033717,7TOMBS Road Akbar Bagh twd Shaikpet
3132,OIDD1EFI,Shaikpet,Shaikpet,17.40240202,78.38046335,SHAIKPET ROAD twd Gandipet
3133,6nG6Iyjk,Vinayak Nagar,Vinayak Nagar,17.40088233,78.36712539,VINAYAKNAGAR twd Narsingh
3134,oP2U8YEG,Govt Head Quarters,Govt Head Quarters,17.39982998,78.36499525,GOVT HEADQUARTERS twd Narsingh
3135,a2vt4L4z,Andhrabank,Andhrabank,17.397683,78.36495146,ANDHRABANK twd Narsingh
3136,USjOwGsm,Puppalguda,Puppalguda,17.39577364,78.36318388,PUPPALGUDA twd Gandipet
3137,bXlqZawB,Narsinghi,Narsinghi,17.39047657,78.3579975,NARSINGI ROAD twd Shaikpet
3138,yQItmgHB,Puppalguda,Puppalguda,17.40211376,78.3734886,PUPPALGUDA twd Tolichowki
3139,Fx9VQwy4,Andhrabank,Andhrabank,17.39767788,78.36491525,ANDHRABANK twd Mehdipatnam
3140,bNZk3Mdb,Govt Head Quarters,Govt Head Quarters,17.39982785,78.36494208,GOVT HEADQUARTERS twd Mehdipatnam
3141,ROAu6Lwn,Vinayak Nagar,Vinayak Nagar,17.40093352,78.36713612,VINAYAKNAGAR twd Mehdipatnam
3142,KxVnipPH,Shaikpet,Shaikpet,17.40251112,78.38055052,SHAIKHPET twd Tolichowki
3143,0UsA9P7A,7 Tombs,7 Tombs,17.39752175,78.40069793,7 TOMBS CHOWK twd Tolichowki
3144,jDMq77GU,Virat Nagar,Virat Nagar,17.39799525,78.40514839,VIRAT NAGAR twd Mehdipatnam
3145,HBSFh1ve,Shaikpet,Shaikpet,17.40240202,78.38046335,SHAIKPET twd Gandipet
3146,904sKAfw,Almas Hotel,Almas Hotel,17.34331,78.46614,Almas Hotel twd aramghar
3147,AGuSilpA,Boystown,Boystown,17.344176,78.461821,BoysTown twd Aramghar
3148,A68xPZnw,Kalapattar,Kalapattar,17.345292,78.45647,Kalapattar twd charminar
3149,O1pCaOX3,Boystown,Boystown,17.344195,78.461885,BoysTown twd charminar
3150,sFPYJFGd,Almas Hotel,Almas Hotel,17.343531,78.466024,almas Hotel twd charminar
3151,AilpLs87,Janapriya Lenin Nagar,Janapriya Lenin Nagar,17.31787265,78.5239755,JANAPRIYA LENIN NAGAR
3152,Dk48JvB8,Kalij Khan Darga,Kalij Khan Darga,17.34140101,78.37288678,KALIJ KHAN DARGA twd Himayath Sagar
3153,Atxn9zfY,Hostel Twd Srinidhi School,Hostel Twd Srinidhi School,17.349,78.348,HOSTEL twd Srinidhi School
3154,Ph90O21K,Sri Nidhi School,Sri Nidhi School,17.34121681,78.34047228,SRINIDHI SCHOOL twd Aziz Nagar
3155,EfTcG7cR,Aziz Nagar,Aziz Nagar,17.33613179,78.327383,AZIZ NAGAR twd Nagireddygudem
3156,zDgwU0bK,Nagireddiguda,Nagireddiguda,17.3019069,78.33128571,NAGIREDDIGUDA twd Bakaram
3157,fVKWlCir,Nagireddiguda,Nagireddiguda,17.30189154,78.33138763,NAGIREDDIGUDA twd Aziz Nagar
3158,kXITRmT0,Aziz Nagar,Aziz Nagar,17.33620111,78.32731068,AZIZ NAGAR twd Mehdipatnam
3159,vABXTRWf,Sri Nidhi School,Sri Nidhi School,17.34122705,78.34025234,SRINIDHI SCHOOL twd Appa
3160,uFdLeUt8,Mile Stone,Mile Stone,17.349,78.348,HOSTEL twd Appa
3161,EhrHHkG6,Himayath Sagar,Himayath Sagar,17.34,78.362,HIMAYATH SAGAR twd Kalimandir
3162,w49uNtke,Kalij Khan Darga,Kalij Khan Darga,17.34158542,78.37289885,KALIJ KHAN DARGA twd Kalimandir
3163,Qy5wveoQ,Fathimapuram,Fathimapuram,17.16766737,78.27859103,FATHIMAPUR twd Chegur
3164,6n9iopKc,Theegapur,Theegapur,17.16067366,78.2709682,THEEGAPUR twd Kothur
3165,BQ5WIrSO,Chengicherla X Rd,Chengicherla X Rd,17.411715,78.606892,CHENGICHERLA X Road twd Chengicherla
3166,DS9OYF9Y,Rtc Colony-Cgcl,Rtc Colony-Cgcl,17.41980601,78.60681832,RTC COLONY-CGCL twd Chengicherla
3167,ikIC1bic,Mile Stone,Mile Stone,17.44915889,78.61158729,IOC X ROADS twd Chengicherla
3168,Z30Pa3qu,Ioc X Roads,Ioc X Roads,17.44905878,78.61154437,IOC X ROADS twd Mallapur
3169,SyfDLtWM,Kothur-Sdnr,Kothur-Sdnr,17.1475507,78.28866005,KOTHUR twd MGBS
3170,tOUM4dKy,Nyamathapur,Nyamathapur,16.97873629,78.43795985,NYAMATHAPUR twd Kadthal
3171,XBM8PYes,Makthamadharam,Makthamadharam,16.97095551,78.44956578,MAKTHAMADHARAM twd Shamshabad
3172,S73m73JO,Konaipalle-Medchal,Konaipalle-Medchal,17.68651859,78.45993517,KONAIPALLY
3173,1VtlXOsg,Mehdipatnam,Mehdipatnam,17.39860183,78.44412625,MEHDIPATNAM(distric stop) twd JBS
3174,BhNjzHcm,Mm Kunta,Mm Kunta,17.24494246,78.5750335,MM Kunta
3175,MHPMXCpm,Koheda X Road-Thorrur,Koheda X Road-Thorrur,17.2829045,78.642084,KOHEDA X ROAD twd Hayathnagar
3176,RHAzr6oE,Neelakanta Twd Peerlagudem,Neelakanta Twd Peerlagudem,17.27861201,78.73256564,NEELAKANTA twd peerlagudem
3177,zA8HoZXp,Peerlagudem,Peerlagudem,17.27626348,78.74219209,PERLAGUDEM twd Kottagudem
3178,SJMG2roU,Peerlagudem,Peerlagudem,17.27620459,78.74224305,PERLAGUDEM twd Majedpur
3179,Tw2GU1K6,Neelakanta Twd Mazidpur,Neelakanta Twd Mazidpur,17.27851981,78.732512,NEELAKANTA twd Mazidpur
3180,vHk8B4He,Adibatla X Roads,Adibatla X Roads,17.22867276,78.50965396,ADIBATLA X Road twd Charminar
3181,EaGDEeCn,Adibatla X Roads,Adibatla X Roads,17.22863802,78.50965795,ADIBATLA X Road twd Kongakakalan
3182,iUs2rDMj,Jannai Guda,Jannai Guda,17.1984243,78.5092923,JANNAIGUDA twd Charminar
3183,KvdkEDCc,Raviryal Gate Twd Charminar,Raviryal Gate Twd Charminar,17.25902318,78.47508429,RAVIRYAL GATE twd Charminar
3184,mGjWr0nS,Raviryal Gate Twd Amangal,Raviryal Gate Twd Amangal,17.25890178,78.47547058,RAVIRYAL GATE twd Amangal
3185,jrPDtDSC,Toli Chowki,Toli Chowki,17.39941586,78.41594696,TOLICHOWKI twd Hakimpet kunta
3186,avagnb6F,Hakimpet-Tolichowki,Hakimpet-Tolichowki,17.40300029,78.41710433,HAKIMPET twd Hakimpet kunta
3187,CBnHRQxv,Hakimpet Kunta,Hakimpet Kunta,17.40726297,78.41402918,HAKIMPET KUNTA
3188,6G3zY5Em,Hakimpet-Tolichowki,Hakimpet-Tolichowki,17.40276104,78.41734715,HAKIMPET twd Mehdipatnam
3189,VclyBacm,Zia Talkies,Zia Talkies,17.39314198,78.45698837,ZIA Talkies twd Namaplly
3190,1Kr5NeC5,Bazar Ghat,Bazar Ghat,17.39427967,78.46262187,BAZAR GHAT twd Nampally
3191,SKS5rzaM,Nampally Darga,Nampally Darga,17.391,78.467,NAMPALLY DARGAH twd Koti
3192,kLuUelTr,Board Of Intermediate,Board Of Intermediate,17.39,78.469,LATHA TAKIES twd Nampally
3193,GDgUVcNz,Nampally Darga,Nampally Darga,17.391,78.466,NAMPALLY Dargah twd Mangalhat
3194,DSffwNC2,Bazar Ghat,Bazar Ghat,17.39420844,78.46251614,BAZAR GHAT twd Mehdipatnam
3195,pHo1czMl,Zia Talkies,Zia Talkies,17.39308864,78.45701695,ZIA Talkies twd Mehdipatnam
3196,BVybYncN,D Mart,D Mart,17.33142079,78.56593073,T V COLONY twd Ganesh temple
3197,PFZOXkgM,Bdl Quarters Dathu Nagar,Bdl Quarters Dathu Nagar,17.33130813,78.50882113,BDL
3198,GsFFGRJK,Nallagandla,Nallagandla,17.47724832,78.30654368,NALLAGANDLA twd THOTA
3199,AuWxhbS1,Indira Nagar,Indira Nagar,17.471801,78.293052,INDIRA NAGAR twd Kollur
3200,NAIZwtcD,Tellapur,Tellapur,17.47016908,78.28822015,TELLAPUR twd Kollur
3201,oR2EN5eE,Bojya Tanda,Bojya Tanda,17.4447,78.2404,BOJYA Tanda twd Kollur
3202,wK1ZWRwh,Edulanagulapalle,Edulanagulapalle,17.4406,78.2264,EDULANAGULAPALLE
3203,iyzJvCWV,Baljaguda,Baljaguda,17.33881387,78.68353486,BALJAGUDA twd Tarmathipet
3204,7eHgjEgO,Baljaguda,Baljaguda,17.33886125,78.6835724,BALJAGUDA twd Kawadipally
3205,BoNlhEmU,Gayathri Nagar-Injapur,Gayathri Nagar-Injapur,17.31376831,78.5811925,GAYATRI NAGAR twd Injapur
3206,TGsN9Wue,Venkateshwara Colony-Injapur,Venkateshwara Colony-Injapur,17.31311793,78.58405173,VENKATESHWARA Colony twd Injapur
3207,LTfjUTyE,Bhavani Enclave,Bhavani Enclave,17.307,78.587,BHAVANI ENCLAVE twd Injapur
3208,J4ZJCCgb,Injapur-Hyd,Injapur-Hyd,17.302,78.586,INJAPUR VILLAGE twd Yamjal
3209,QQi6zjTj,Injapur-Hyd,Injapur-Hyd,17.30188642,78.58613311,INJAPUR VILLAGE twd Hayath nagar
3210,OPlgMIrM,Bhavani Enclave,Bhavani Enclave,17.30728459,78.58717917,BHAVANI ENCLAVE twd Saheb nagar
3211,CLIMeCLU,Venkateshwara Colony-Injapur,Venkateshwara Colony-Injapur,17.31316146,78.58407855,VENKATESHWARA Colony twd Saheb nagar
3212,b7pvPbhF,Gayathri Nagar-Injapur,Gayathri Nagar-Injapur,17.31376194,78.58122603,GAYATRI NAGAR twd Raithubazar
3213,xV3AXybA,Chinna Golconda,Chinna Golconda,17.21607548,78.38903527,CHINNA Golconda twd Shamshabad
3214,f2hYmISZ,Theegapur,Theegapur,17.160597,78.270903,THEEGAPUR twd Chegur
3215,x7nCK0hW,Pulimaktha Village Twd Shamsabad,Pulimaktha Village Twd Shamsabad,17.16917684,78.35921288,PULIMAKTHA VILLAGE twd Shamsabad
3216,jVtb5Cm3,Nagireddipalle-Maheswaram,Nagireddipalle-Maheswaram,17.16341601,78.36311285,NAGIREDDYPALLY VILLAGE twd Shamshabad
3217,0leL5NpD,Sanghiguda,Sanghiguda,17.19969585,78.38540196,SANGHIGUDA twd Shamshabad
3218,X2ryL72k,Pulimaktha Village Twd Ameerpet,Pulimaktha Village Twd Ameerpet,17.1691589,78.35931211,PULIMAKTHA VILLAGE twd Ameerpet
3219,mLzJfT69,7 Tombs,7 Tombs,17.39737584,78.40094804,7 TOMBS twd Alizapur
3220,QA7DB0d4,Banjara Darwaza,Banjara Darwaza,17.39230028,78.39978397,BANJARI DARWAZA twd Bapu hills
3221,kNGGmJ1D,Alijapur,Alijapur,17.39231325,78.3920002,ALIZAPUR twd Secreteriate Colony
3222,rmWjfncX,Secratariate Colony,Secratariate Colony,17.39404592,78.38604569,SECRATARIATE Colony twd Bapu Hills
3223,KD05ast3,Ysr Enclave,Ysr Enclave,17.39010158,78.38252395,YSR ENCLAVE twd Bapu Hills
3224,JS7p4SaA,Ysr Enclave,Ysr Enclave,17.39021685,78.38264197,YSR ENCLAVE twd Alizapur
3225,WsADLBt1,Secratariate Colony,Secratariate Colony,17.39404717,78.38610739,SECRATARIATE COLONY twd Mehdipatnam
3226,eFKgM73O,Alijapur,Alijapur,17.39237386,78.39200422,ALIZAPUR twd Mehdipatnam
3227,eBBWRATW,Banjara Darwaza,Banjara Darwaza,17.3923937,78.39984164,BANJARI DARWAZA twd Mehdipatnam
3228,SJmk04rd,Ahmed Nagar Bus Station-Mh,Ahmed Nagar Bus Station-Mh,17.40370196,78.44101286,AHMED NAGAR
3229,Y1vRqo4H,Thommidi Rekula ( 9 Rekula ),Thommidi Rekula ( 9 Rekula ),16.87713121,78.32483777,THOMMIDIREKULA twd Urkondagate
3230,GHHcC4xa,Rampur,Rampur,16.84760124,78.40525025,RAMPUR twd Urkondagate
3231,ASF90G6U,Medakpally,Medakpally,16.83777387,78.41854329,MEDAKPALLY twd Urkondagate
3232,t7XeywEg,Mile Stone,Mile Stone,16.82334576,78.42608571,MEDAKPALLY Mielstone twd Urukonda gate
3233,Rdb4NhxR,Urkonda,Urkonda,16.73173864,78.41177881,URUKONDA twd Issadan
3234,rfMbtrZ4,Medakpally Mielstone Twd Afjalgunj,Medakpally Mielstone Twd Afjalgunj,16.82329441,78.42599988,MEDAKPALLY Mielstone twd Afjalgunj
3235,hn2JXkYD,Medakpally-Talakondapalle,Medakpally-Talakondapalle,16.83434389,78.41903689,MEDAKPALLY twd Amangal
3236,FtBzNtYc,Rampur-Thalakondapally,Rampur-Thalakondapally,16.84767204,78.40571168,RAMPUR twd Afzalgunj
3237,GxV2Ofap,Lingamdana,Lingamdana,16.8696794,78.32749845,LINGAMDANA twd Afzalgunj
3238,uYTtYCtl,Antareddyguda Twd Chegur,Antareddyguda Twd Chegur,17.13609471,78.25700997,ANTAREDDYGUDA twd Chegur
3239,sosTHIbx,Narsappaguda Twd Chegur,Narsappaguda Twd Chegur,17.15438431,78.25183868,NARSAPPAGUDA twd Chegur
3240,BEtknvd9,Narsappaguda Twd Kothur,Narsappaguda Twd Kothur,17.15448693,78.25201034,NARSAPPAGUDA twd Kothur
3241,5hA48Zgl,Antareddyguda Twd Kothur,Antareddyguda Twd Kothur,17.13607428,78.25733183,ANTAREDDYGUDA twd Kothur
3242,U0CxrAr7,Kondareddipally-Keshampeta,Kondareddipally-Keshampeta,16.93117723,78.29006553,KONDAREDDYPALLY twd Afzalgunj
3243,K3iDwm0S,Gandhi Shankarpally,Gandhi Shankarpally,16.901613,78.3876591,SHANKARPALLY twd Amangal
3244,cT4xRiNG,Gandhi Shankarpally,Gandhi Shankarpally,16.90167164,78.38771939,SHANKARPALLY twd Afjalgunj
3245,0zOZLEVB,Turkalapally-Keshampeta,Turkalapally-Keshampeta,16.91047372,78.37009151,TURKALAPALLY twd Afzalgunj
3246,iQOooGCn,Kalwakole,Kalwakole,17.12681599,78.36155171,KALVAKOLE VILLAGE
3247,Jld5gZBE,Ramakrishnapuram,Ramakrishnapuram,16.91774144,78.35244298,R K PURAM twd Amangal
3248,6A1EbAPD,Lingaraopally,Lingaraopally,16.91384602,78.36091353,LINGARAOPALLY twd Amangal
3249,sOb9UMpk,Lingaraopally,Lingaraopally,16.91396406,78.3609724,LINGARAOPALLY twd Afjalgunj
3250,wcyEEjSY,Ramakrishnapuram,Ramakrishnapuram,16.91778763,78.35251271,R K PURAM twd Afjalgunj
3251,2AUMB6ja,Gurbagh Puranapul Twd Cbs,Gurbagh Puranapul Twd Cbs,17.36914325,78.46918546,GURBAGH PURANAPUL twd CBS
3252,YV0IkVne,Shaikpet,Shaikpet,17.402869,78.399996,SHAIKPET twd Mehdipatnam
3253,RHJTFbS5,Kawaguda,Kawaguda,17.27828418,78.34048031,KAWAGUDA VILLAGE twd Sulthanpally
3254,MZDiDwGg,Vidyanagar,Vidyanagar,17.4034981,78.51077646,VIDYANAGAR twd Nallakunta
3255,tLGrhEu9,Gsi,Gsi,17.36288401,78.56903297,GEOLOGICAL  SERVICE OF INDIA
3256,BGalzd0E,Ramkoti,Ramkoti,17.3905172,78.48519757,RAMKOTI twd King Koti
3257,lWuOBVJV,Babukhanestate,Babukhanestate,17.37149845,78.54092726,BABUKHAN ESTATE twd Dilsukhnagar
3258,ixMmijMC,Babukhanestate,Babukhanestate,17.37150251,78.54087888,BABUKHAN ESTATE twd Sathya nagar
3259,SmaC7fdk,Patny,Patny,17.44388644,78.49568903,PATNY twd JBS
3260,LbMRuyed,Thommidi Rekula ( 9 Rekula ),Thommidi Rekula ( 9 Rekula ),16.87982048,78.32098603,THOMMIDIREKULA twd Chinaadirala
3261,UBLDHwUz,Ekwaipally,Ekwaipally,16.86488711,78.31200063,EKWAIPALLY twd Chinaadirala
3262,YUMUAz6L,Pedda Adiryal,Pedda Adiryal,16.85196511,78.29838567,PEDAADHIRALA twd Jp Dargha
3263,LA4MB0Wp,Ekwaipally,Ekwaipally,16.86464582,78.31201136,EKWAIPALLY twd Jp Dargha
3264,YQMrlHWK,Chinna Adiryal,Chinna Adiryal,16.83821564,78.29924808,CHINNADIRALA twd Afzalgunj
3265,GurVu4R3,Konded,Konded,16.8321774,78.2848084,KONDED twd Afzalgunj
3266,rsP2TrrD,Singamdoddi,Singamdoddi,16.81523769,78.26743302,SINGAMDODDI twd Afzalgunj
3267,HWKJFUnG,Donur,Donur,16.7904595,78.26484204,DONUR twd Afzalgunj
3268,evRGsAmB,Thummaloor,Thummaloor,17.12866666,78.46026778,THUMMALUR twd Maheswaram
3269,r0eOcvGB,Kollapadkal,Kollapadkal,17.08050726,78.36378336,KOLLAPADKAL Village
3270,YNjciDTp,Pedda Adiryal,Pedda Adiryal,16.85252423,78.28669783,PEDDA ADIRYAL TWD KONDED
3271,nM7op47h,Chinna Adiryal,Chinna Adiryal,16.838216,78.299207,CHINNADIRALA twd Ranipet
3272,FqxiruyK,Konded,Konded,16.831947,78.284805,KONDED twd Ranipet
3273,NIBz697P,Singamdoddi,Singamdoddi,16.815262,78.267558,SINGAMDODDI twd Ranipet
3274,EfLRIupS,Donur,Donur,16.79042225,78.26501235,DONUR twd Ranipet
3275,dWODEygj,Vaspula,Vaspula,16.77807169,78.26645138,VASPULA twd Ranipet
3276,FCkr1iMp,Ranipet,Ranipet,16.74846205,78.26872542,RANIPET twd Midjil
3277,zpIAVCNL,Vaspula,Vaspula,16.77805757,78.26651976,VASPULA twd Afzalgunj
3278,dssPVYra,Quthubullapur X Road,Quthubullapur X Road,17.50778524,78.46013367,QUTHBULLAPUR XROAD twd Suchitra
3279,X9cegm0t,Madannapet,Madannapet,17.35804734,78.50514651,MADANNAPET twd MGBS
3280,o1xUbilk,Mile Stone,Mile Stone,17.09234578,78.46610001,KOTHURU TWD GUDUR
3281,HmGHmLEf,Pochamma Gadda Twd Peddamma Thanda,Pochamma Gadda Twd Peddamma Thanda,17.09238303,78.42322112,POCHAMMA GADDA twd Peddamma thanda
3282,ESYKo6JN,Mile Stone,Mile Stone,17.09243169,78.42315539,POCHAMMA GADDA twd Charminar
3283,Xqkhjw0x,"Kamla Nagar, As Rao Nagar","Kamla Nagar, As Rao Nagar",17.47648847,78.5672477,KAMALA NAGAR twd Secunderabad
3284,HoRobIMT,Radhika,Radhika,17.47756653,78.56228532,RADHIKA twd Neredmet
3285,8mZGZKMp,As Rao Nagar,As Rao Nagar,17.47998837,78.55679507,AS RAO Nagar twd Neredmet
3286,oKJFIugE,Sharada Theater,Sharada Theater,17.48131876,78.55454485,SHARADA twd Secunderabad
3287,w8jlcm2R,Sainikpuri,Sainikpuri,17.48318465,78.55027903,SAINIKPURI X RD twd Secunderabad
3288,dSgF5GDb,Vayupuri Sainikpuri,Vayupuri Sainikpuri,17.48351115,78.5458222,VAYUPURI twd Secunderabad
3289,PiahiKNj,Neredmet X Road,Neredmet X Road,17.48202477,78.5371305,NEREDMET X Road twd JBS
3290,HbreG1P7,Vajpayee Nagar,Vajpayee Nagar,17.478,78.538,VAJPAI NAGAR twd Secunderabad
3291,JaXHIWr9,Neredmet,Neredmet,17.473,78.539,NEREDMET OLD PS BUS STOP twd Secunderabad
3292,91kBLvvt,Krupa Complex Bus Stop Hyd_D,Krupa Complex Bus Stop Hyd_D,17.4648426,78.53864696,KRUPA COMPLEX twd Secunderabad
3293,BD7NumeW,Safilguda,Safilguda,17.46052849,78.53555202,SAFLIGUDA twd Secunderabad
3294,f3mBR7UP,Anand Bagh X Roads,Anand Bagh X Roads,17.45847647,78.53662893,ANANDBAGH twd Secunderabad
3295,sU5dcE6i,Rk Nagar,Rk Nagar,17.45527301,78.53555471,RK NAGAR twd Secunderabad
3296,DlGelL20,Vani Nagar Malkajgiri,Vani Nagar Malkajgiri,17.45212194,78.53351623,VANI NAGAR twd Secunderabad
3297,RecmZAiC,Anutex,Anutex,17.45033721,78.53310853,ANUTEX twd Secunderabad
3298,mahJaGvl,Malkajgiri,Malkajgiri,17.44998531,78.5360579,MALKAJGIRI twd Secunderabad
3299,6lo7BLrf,Sairam Theatre Malkajgiri,Sairam Theatre Malkajgiri,17.44607169,78.53560299,SAI RAM Theatre twd Secunderabad
3300,jXn7opYu,Mirjalguda,Mirjalguda,17.44207892,78.53218853,MIRJALGUDA twd Seunderabad
3301,nhtmWZUY,Board Of Intermediate,Board Of Intermediate,17.39,78.469,LATHA TAKIES twd Mallepally
3302,b5cRfEZj,Agapura,Agapura,17.382,78.464,AGHAPURA twd Mangalhat
3303,7mAsUkhg,Beerbanbagh,Beerbanbagh,17.377,78.464,BEERBAN BAGH twd Mangalhat
3304,B0BGgBCG,Beerbanbagh,Beerbanbagh,17.377,78.464,BEERBAN BAGH twd Nampally
3305,Fe7tui4q,Agapura,Agapura,17.382,78.464,AGHAPURA twd Nampally
3306,L5pqF6u5,Aykar Bhavan,Aykar Bhavan,17.40128434,78.47387708,AYKAR Bhavan twd Hyderguda
3307,LuYKlMYO,Bio Diversity,Bio Diversity,17.429606,78.374823,BIO DIVERSITY Complex twd Hitech city
3308,Iu99uRam,Mind Space Centre,Mind Space Centre,17.44188027,78.37711134,RAIDURGAM METRO STATION twd JNTU
3309,ZCaPA2qa,Tcs Deccan Park,Tcs Deccan Park,17.44631223,78.3773768,TCS DECCAN PARK twd JNTU
3310,SdH39K9v,Cyber Gateway,Cyber Gateway,17.44738459,78.37801518,CYBER GATEWAY twd JNTU
3311,5dtFSqm8,Hitech City,Hitech City,17.45208993,78.38144436,HITECH City twd JNTU
3312,NW82gWib,Chandranaik Thanda,Chandranaik Thanda,17.46644975,78.38583695,CHANDRANAIK THANDA twd JNTU
3313,5VNDEERp,Kphb 4Th Phase,Kphb 4Th Phase,17.473316,78.387581,KPHB Fourth Phase twd JNTU
3314,uJLcn4ex,Forum Mall,Forum Mall,17.48400235,78.3896935,FORUM MALL twd JNTU
3315,AfJsC7EZ,Kphb Colony,Kphb Colony,17.4876248,78.39127865,KPHB COLONY MIG twd JNTU
3316,vWcb41Po,Jntu,Jntu,17.4946522,78.39452148,JNTU twd RGIA
3317,ylD4PnpR,Kphb Colony,Kphb Colony,17.48739979,78.39145636,KPHB COLONY MIG twd Cyber Towers
3318,ssSukcjp,Forum Mall,Forum Mall,17.48360069,78.38981152,FORUM Mall twd Gachibowli
3319,5nt9SGLm,Kphb 4Th Phase,Kphb 4Th Phase,17.473173,78.387857,KPHB Fourth Phase twd Hitech City
3320,otPERE6r,Chandranaik Thanda,Chandranaik Thanda,17.46649766,78.38593841,CHANDRANAIK THANDA twd Hitech City
3321,92l2TILC,Hitech City,Hitech City,17.450868,78.380396,CYBER TOWERS twd RGIA
3322,rix52axq,Tcs Deccan Park,Tcs Deccan Park,17.44630199,78.37762356,TCS Deccan Park twd Biodiversity
3323,CAUwEprs,Mind Space Centre,Mind Space Centre,17.44180064,78.37724201,MIND SPACE twd RGIA
3324,qzyB7VzW,Ram Nagar,Ram Nagar,17.41086044,78.50725739,RAMNAGAR X RD twd Secunderabad
3325,3AYvEzxc,Annamacharya College,Annamacharya College,17.303444,78.734889,ANNAMACHARYA College twd MGBS
3326,xVl5TveO,Mount Opera,Mount Opera,17.306361,78.719611,MOUNT Opera twd MGBS
3327,4f0toDsB,Juloor,Juloor,17.3826942,78.78634823,JULUR X Road twd Pochampally
3328,VIW1xFb1,Khapraipalle,Khapraipalle,17.397,78.808,KAPRAIAPPLY
3329,9FPJPFeu,Peddaravulapalle,Peddaravulapalle,17.408,78.835,PEDDA Ravulapally
3330,9AHhWUQ5,Pedda Ravula Palle,Pedda Ravula Palle,17.40804661,78.83710834,PEDDA RAVULA PALLE
3331,78WnlJ1a,Lingampally,Lingampally,17.49520733,78.3172601,LINGAMPALLY twd Koti
3332,rhC1eEb8,Chinna Kondur,Chinna Kondur,17.299278,78.900798,CHINNA KODUR twd Valigonda
3333,jD2Q10Nc,Peddakodur Kalan,Peddakodur Kalan,17.317341,78.903445,PEDDA KODURU twd Valigonda
3334,AzuDsLCp,Nakkalagudem,Nakkalagudem,17.341927,78.917149,NAKKALAGUDEM twd Valigonda
3335,pPUCIACA,Thummalaguda,Thummalaguda,17.332,79.053,THUMMALGUDA twd Dsnr
3336,r9vV0q0c,Sangam,Sangam,17.36132291,78.93153192,SANGAM twd Dilsukhnagar
3337,EEVgKBV9,Verkatpalle,Verkatpalle,17.345,78.943,VARKATPALLY
3338,XiSQV35g,Nemili Kalawa Valigonda,Nemili Kalawa Valigonda,17.343,79.01,NEMILIKALUVA
3339,hNXSsoVC,Gokaram X Road,Gokaram X Road,17.33369192,78.99753571,GOKARAM X ROAD twd Hyderabad
3340,3sZ6V9Rr,Nagaram -Valigonda,Nagaram -Valigonda,17.35668034,79.02914017,NAGARAM Twd Bhuvnagiri
3341,NwBvo5j5,Valigonda,Valigonda,17.37892086,79.01767904,VALIGONDA Bus Station
3342,19BWVxTi,Gokaram,Gokaram,17.33369314,78.99746403,GOKARAM X RD twd Choutuppal
3343,zeSxijPl,Verkatpalle,Verkatpalle,17.345,78.943,VARKATPALLY twd Dsnr
3344,KIWkTW9j,Nakkalagudem,Nakkalagudem,17.34191,78.917177,NAKKALAGUDEM twd Choutuppal
3345,1HnhDCTx,Peddakodur Kalan,Peddakodur Kalan,17.317421,78.903534,PEDDA KODURU twd Choutuppal
3346,DeBjbZNi,Chinna Kondur,Chinna Kondur,17.299286,78.900862,CHINNA KODURU twd Choutuppal
3347,HJpF0xl0,Devalamma Nagaram,Devalamma Nagaram,17.24376148,78.84563148,DEVALAMMANAGARAM twd Allapuram
3348,6Rp2NGAM,Peepal Pahad,Peepal Pahad,17.22203229,78.84791136,PIPALPAHAD twd Allapuram
3349,HEeSo7v7,Allapur-Choutuppal,Allapur-Choutuppal,17.21316773,78.83082032,ALLAPURAM twd Koyyalagudem
3350,D1nNtrAD,Peepal Pahad,Peepal Pahad,17.22208012,78.84802093,PIPALPAHAD twd Koyyalagudem
3351,CGbmEMkU,Devalamma Nagaram,Devalamma Nagaram,17.2438,78.8455,DEVALAMMANAGARAM twd Koyyalagudem
3352,BF5azjDM,Bhimanpalli Pochampally,Bhimanpalli Pochampally,17.328,78.836,BHEEMANPALLI
3353,vFPdATPq,Kanumukula,Kanumukula,17.33140288,78.83479535,KANUMUKULA twd Valigonda
3354,WF2yY2PF,Jiblak Palle,Jiblak Palle,17.315,78.866,JIBLAPALLY
3355,I3XicrxA,Dantur,Dantur,17.339,78.878,DANTHUR
3356,fUfmoZHE,Vanka Mamidi,Vanka Mamidi,17.356,78.883,VANKA Mamidi
3357,480EnC2b,Challavanigudem-Sangam,Challavanigudem-Sangam,17.3586167,78.89549364,CHALLAVANIGUDEM
3358,r6z60Nrs,Dharma Reddy Palle,Dharma Reddy Palle,17.362,78.908,DHARMAREDDY Pally
3359,t7uA0Fv3,Sangam,Sangam,17.362,78.933,SANGAM
3360,63AxIWhN,Gokaram - Valigonda,Gokaram - Valigonda,17.34295999,78.9723713,GOKARNAM
3361,ZsvC3U80,Gokaram X Road,Gokaram X Road,17.33360736,78.9972353,GOKARAM X ROAD twd Mothkur
3362,2vsoUtP1,Golle Palle,Golle Palle,17.34244823,79.00962979,GOLLE Palle twd Valigonda
3363,pqbvvyjJ,Nagaram -Valigonda,Nagaram -Valigonda,17.357,79.029,NAGARAM twd Valigonda
3364,hjrAUmyR,Nagaram -Valigonda,Nagaram -Valigonda,17.35661274,79.02925886,NAGARAM Twd Nalgonda
3365,yXNLMXn5,Thummalaguda,Thummalaguda,17.332,79.053,THUMMALGUDA
3366,v3ABiN9o,Bogaram,Bogaram,17.3052859,79.0729041,BOGARAM twd Bhuvanagiri
3367,lP7ruqa7,Ramannapet,Ramannapet,17.2858394,79.09431517,RAMANNAPETA Bus Station
3368,odDXDsyz,Neernemula,Neernemula,17.317,79.094,NEERNEMULA
3369,fq3l5WLl,Shobhanadripuram,Shobhanadripuram,17.35,79.095,SHOBHANADRIPURAM
3370,0BbhvqxN,Laxmapur,Laxmapur,17.349,79.116,LAXMAPURAM twd Dsnr
3371,h4lAxISv,Shobhanadripuram,Shobhanadripuram,17.351,79.096,SHOBHANADRIPURAM twd Dsnr
3372,K4RKzDkk,Neernemula,Neernemula,17.317,79.094,NEERNEMULA twd Dsnr
3373,WxfcsajW,Valigonda,Valigonda,17.37832197,79.01797145,VALIGONDA twd Dilsukhnagar
3374,JLwoEXAb,Nagaram -Valigonda,Nagaram -Valigonda,17.35638807,79.02891756,NAGARAM twd Dilsukhnagar
3375,DoKUFXnd,Golle Palle,Golle Palle,17.342457,79.009793,GOLLE Palle twd Dilsukhnagar
3376,KAZ7FZta,Gokaram - Valigonda,Gokaram - Valigonda,17.34288316,78.97242495,GOKARNAM twd Dilsukhanagar
3377,qm26kVJC,Dharma Reddy Palle,Dharma Reddy Palle,17.361,78.909,DHARMAREDDY Pally twd Dsnr
3378,fED3QI3S,Challavanigudem-Sangam,Challavanigudem-Sangam,17.35846727,78.89553672,SALONIGUDEM twd Dilsukhnagar
3379,umu2SyuE,Vanka Mamidi,Vanka Mamidi,17.357,78.883,VANKAMAMIDI twd Dsnr
3380,7Hmt0KFT,Dantur,Dantur,17.34309593,78.86300938,DANTHUR twd Dilshuknagar
3381,5oLHlfUS,Jiblak Palle,Jiblak Palle,17.31566854,78.86531339,JIBLAK Palle twd Dilsukhnagar
3382,VGeut10R,Kanumukula,Kanumukula,17.33139779,78.83464784,KANUMUKULA twd Dsnr
3383,tBBJCcMf,Bhimanpalli Pochampally,Bhimanpalli Pochampally,17.32759536,78.83559457,BHEEMANPALLI twd Dilsukhnagar
3384,jZQiGJrn,Pochampally,Pochampally,17.34647058,78.81960871,BHOODAN Pochamplly twd Yadagirigutta
3385,fqHfCJpi,Peddagutta Tanda,Peddagutta Tanda,17.21928588,78.2656038,PEDDAGUTTA TANDA twd Botiguda
3386,q9l8uejX,Botiguda,Botiguda,17.22875623,78.26218128,BOTIGUDA VILLAGE twd SOLIPET
3387,CSpg7URM,Botiguda,Botiguda,17.229,78.261,BOTIGUDA twd Shamshabad
3388,ptrGurMK,Peddagutta Tanda,Peddagutta Tanda,17.21938836,78.26568961,PEDDGUTTA THANDA twd Gudur
3389,ojQQq2wV,Deepthi Sri Nagar,Deepthi Sri Nagar,17.494731,78.345525,DEEPTHI SRI NAGAR twd Patancheruvu
3390,ntOKtwRo,Panthangi Toll,Panthangi Toll,17.23304516,78.96043199,PANTHANGI Tollplaza twd Vijayawada
3391,Z5mcNXJA,Gundram Palle,Gundram Palle,17.23297376,78.98545068,GUNDRAMPALLY twd Nalgonda
3392,yRZ7F7Sl,Veliminedu-Chityala-Nlg,Veliminedu-Chityala-Nlg,17.23402228,79.02178615,VELMINEDU
3393,rpL096Mw,Pedakaparthy,Pedakaparthy,17.22991783,79.07379426,PEDAKAPARTHY twd Nalgonda
3394,tC4RoDMy,Chityala Bs,Chityala Bs,17.23266915,79.12402868,CHITYALA Bus Station
3395,1AFiZJ3D,Gundram Palle,Gundram Palle,17.23263976,78.9855402,GUNDRAMPALLY twd Hyderabad
3396,FNYk3Qa3,Thallapalle-Shabad,Thallapalle-Shabad,17.23002543,78.12297462,THALLAPALLE twd  Yetlaerravally
3397,Tjjggf7A,Venkammaguda Twd Thimmareddy Guda,Venkammaguda Twd Thimmareddy Guda,17.2289392,78.11047555,VENKAMMAGUDA twd Thimmareddy guda
3398,EeNvtwxL,Timmareddyguda,Timmareddyguda,17.23614301,78.11129073,TIMMAREDDYGUDA Village
3399,uqYU3N2k,Etlaerravaly-Shabad,Etlaerravaly-Shabad,17.246,78.094,YETLAYERRAVALLI
3400,cYr0zfqI,Venkammaguda Twd Nagarguda,Venkammaguda Twd Nagarguda,17.2289392,78.11077593,VENKAMMAGUDA twd Nagarguda
3401,By0qrMxG,Thallapalle-Shabad,Thallapalle-Shabad,17.23014839,78.12282444,THALLAPALLE twd Nagarguda
3402,VbcvsazG,Manchirevula,Manchirevula,17.38699931,78.35100798,MANCHIREVULA twd Gachibowli
3403,3zPEGFtc,Gar Kokapet,Gar Kokapet,17.4048393,78.3302343,GAR KOKAPET twd Gachibowli
3404,AGl1B4mO,Nallacheruvu,Nallacheruvu,16.83218768,78.7000681,NALLACHERVU twd Brahmanapally
3405,tpLxHPI5,Kawaguda,Kawaguda,17.27859153,78.34013696,KAWAGUDA VILLAGE twd Shamsabad
3406,dKA7jeFJ,Mekaguda-Kothur,Mekaguda-Kothur,17.10149203,78.28134889,MEKAGUDA twd Shamshabad
3407,Td39KAZF,Mile Stone,Mile Stone,17.16397963,78.13569904,JAIBHEEM COLONY Shamsabad twd Shamsabad
3408,ChV61mjG,Peddaveedu,Peddaveedu,17.20640419,78.20510267,PEDDAVEDU VILLAGE
3409,uSEiJCG9,Mile Stone,Mile Stone,17.21530752,78.18708219,WELSPUN FLOORING twd Shabad
3410,C264TpwR,Milestone,Milestone,17.20946538,78.18189196,ASTRAL LTD twd Shabad
3411,oI5e3SJc,Naredlagudem,Naredlagudem,17.14203536,78.14840323,NAREDLAGUDA
3412,oXG70ClK,Govt Junior College-Bhel,Govt Junior College-Bhel,17.49270801,78.31038058,GOVT Jr College twd OldMig
3413,VA0p9S8A,Water Tank Twd Oldmig,Water Tank Twd Oldmig,17.48400564,78.2980887,WATER Tank twd OldMig
3414,DPSbFdXy,Mig-Bhel,Mig-Bhel,17.48324122,78.29657658,OLD MIG
3415,V6gxUufu,Annamayya Enclave,Annamayya Enclave,17.4841,78.2825,ANNAMAYYA Enclave
3416,rmajg1kR,Wipro,Wipro,17.43828758,78.34828017,WIPRO twd Secretariat colony
3417,mJ3iRsIA,Tngos Colony,Tngos Colony,17.44283091,78.33324507,TNGO COLONY twd Secretariat colony
3418,XDVkUM5o,Tngos Colony,Tngos Colony,17.44294242,78.33326993,TNGO COLONY twd Wipro
3419,KJ7kkzLn,Wipro,Wipro,17.43832384,78.34798962,WIPRO twd IIIT
3420,GbeBvizK,Chinna Solipet,Chinna Solipet,17.24505823,78.22870731,CHINNA SOLIPET twd Pedda Solipet
3421,Y4f1qTbz,Pedda Solipet,Pedda Solipet,17.23371531,78.22347164,PEDDA Solipet
3422,nGw9kaof,Rk Puram,Rk Puram,17.47652777,78.52605493,RK PURAM twd Ecil
3423,5Zw3XSzO,Gouse Konda Tanda,Gouse Konda Tanda,17.3765,78.849139,GOUSE Konda Tanda twd Ramlingam pally
3424,Wi5QkvuH,Gouse Konda Tanda,Gouse Konda Tanda,17.3764174,78.849172,GOUSE Konda Tanda twd Gouekonda
3425,AuBlETTZ,Canara Nagar,Canara Nagar,17.40729559,78.59486908,CANARA NAGAR twd Pochampally
3426,CTjY9Jsi,Chengicherla X Rd,Chengicherla X Rd,17.41147372,78.60709995,CHENGICHERLA X ROAD  twd Ghatkesar
3427,XspCmUCQ,Cpri,Cpri,17.41310848,78.61496419,CPRI twd Ghatkesar
3428,b0gFkFAa,Narapally,Narapally,17.41783959,78.63098536,NARAPALLY twd Ghatkesar
3429,ggjVmxrw,Vijayapuri Colony,Vijayapuri Colony,17.42219628,78.63892838,VIJAYAPURI COLONY twd Ghatkesar
3430,za1WsZmZ,Jodimetla X Rd,Jodimetla X Rd,17.42492174,78.64481714,JODIMETLA X RD twd Ghatkesar
3431,d24az6NF,Vibhav Colony,Vibhav Colony,17.42759603,78.64904164,VIBHAV COLONY twd Ghatkesar
3432,ci3nTsVM,Annojiguda,Annojiguda,17.4339271,78.6560154,ANNOJIGUDA twd Ghatkesar
3433,lDVpfz1F,Shivareddy Guda Ghatkesar,Shivareddy Guda Ghatkesar,17.44549852,78.67441535,SHIVAREDDY Guda twd Ghatkesar
3434,MmzVX08V,Ghatkesar,Ghatkesar,17.452134,78.682311,GHATKESAR Bus Station
3435,It9Ce6Ri,Shivareddy Guda Ghatkesar,Shivareddy Guda Ghatkesar,17.44496507,78.67399829,SHIVAREDDY GUDA twd Secunderabad Railway Station
3436,fQirzR31,Annojiguda,Annojiguda,17.43329631,78.65504444,ANNOJIGUDA twd JBS
3437,u8pakZaN,Vibhav Colony,Vibhav Colony,17.42734524,78.64900947,VIBHAV COLONY twd Uppal
3438,jjBogy9j,Jodimetla X Rd,Jodimetla X Rd,17.42427559,78.64387438,JODIMETLA X Road twd JBS
3439,4CYO3Er7,Vijayapuri Colony,Vijayapuri Colony,17.42181497,78.63849521,VIJAYAPURI COLONY twd Uppal
3440,eQID30qs,Narapally,Narapally,17.41773751,78.63093439,NARAPALLY twd Secundrabad Railway Station
3441,DK8CfDv5,Cpri,Cpri,17.413,78.615,CPRI twd Uppal
3442,QDa5xjFA,Chengicherla X Rd,Chengicherla X Rd,17.41135408,78.60705838,CHENGICHERLA X ROAD twd Uppal
3443,tRDmAh3h,Canara Nagar,Canara Nagar,17.40742802,78.59570923,CANARA NAGAR twd Uppal
3444,r7PDeEod,Tatianaram 1,Tatianaram 1,17.365,78.588,THATTI Annaram
3445,u5oKUogT,Jayaprakash Nagar Colony,Jayaprakash Nagar Colony,17.3502,78.6332,JAYAPRAKASH NAGAR COLONY
3446,fNl6keYy,Pallavi Eng College,Pallavi Eng College,17.349816,78.60905437,PALLAVI ENG SCHOOL
3447,AntsOoFm,Film City Gate,Film City Gate,17.24167855,78.70512463,FILM CITY GATE TWDS ANJPUR
3448,IIjG0Qp3,Alinagar Juloor,Alinagar Juloor,17.3836039,78.78021776,ALINAGAR twd JULOOR
3449,7NKKJ9nu,Dabilpur Railway Station,Dabilpur Railway Station,17.36640041,78.49030889,DABILPUR TWD DARUSHIFA
3450,YkGtLdxM,South End Park,South End Park,17.35648694,78.56603,SOUTH END PARK
3451,7gYbF5D8,Sultanpalle,Sultanpalle,17.26783782,78.3035453,SULTHANPALLY VILLAGE
3452,srPcqq7h,Bongloor Village,Bongloor Village,17.23078366,78.57897699,BONGLOOR VILLAGE twd Ibrahimpatnam
3453,QyCyDsV9,Mile Stone,Mile Stone,17.31801439,78.4343504,HANUMAN TEMPLE TWD NETAJI NAGAR
3454,9sgcEfJ0,Netaji Nagar-,Netaji Nagar-,17.31102327,78.42698693,NETAJI NAGAR
3455,PhiNQicX,Bhel Church,Bhel Church,17.49936426,78.30840112,BHEL Church twd LIG
3456,mzQ3gmRa,Bhel Keerthimahal,Bhel Keerthimahal,17.49654522,78.29747915,BHEL Keerthi Mahal
3457,0Le4m9Mm,Lig Colony-Bhel,Lig Colony-Bhel,17.50381269,78.29158366,LIG Colony
3458,Gk4raAhc,Mind Space Centre,Mind Space Centre,17.44194673,78.37677866,MIND Space twd JNTU
3459,w1eiMiGz,Film City Gate,Film City Gate,17.24164653,78.70517693,FILM CITY GATE TDWS POLKAM PALLY
3460,AtwNBAXP,Chermas Malakpet,Chermas Malakpet,17.37300259,78.50529671,MALAKPET CHERMAS twd Koti
3461,86IbbkEG,Sagar Society,Sagar Society,17.42502316,78.43352594,SAGAR SOCIETY twd Jubilee check post
3462,1TBXgVCU,Jubilee Hills Checkpost,Jubilee Hills Checkpost,17.42612647,78.41517046,JUBLIE Hills Check Post twd Filmnagar
3463,AeIYaQxo,Apollo Hospital-Jublie Hills,Apollo Hospital-Jublie Hills,17.417681,78.411312,APOLLO Hospital twd Shaikpet
3464,dn54Anhq,Film Nagar,Film Nagar,17.41408302,78.40816313,FILM NAGAR twd Darga
3465,MirIXd2Q,Film Nagar,Film Nagar,17.41512646,78.40901066,FILM NAGAR twd Secunderabad
3466,uZ2nC6YW,Apollo Hospital-Jublie Hills,Apollo Hospital-Jublie Hills,17.418058,78.411197,APOLLO Hospital twd Secunderabad
3467,Np9JrhsY,Sagar Society,Sagar Society,17.4250676,78.43328744,SAGAR SOCIETY twd Secunderabad
3468,bvGBFEGx,Loyola Junior College,Loyola Junior College,17.50275105,78.48449349,LOYOLA Junior College twd Alwal
3469,cUOHDBUL,Hanuman Temple-Karkhana,Hanuman Temple-Karkhana,17.465,78.504,HANUMAN TEMPLE twd Secundrabad
3470,Y9lfJW1D,Hanuman Temple-Karkhana,Hanuman Temple-Karkhana,17.46504169,78.50371961,HANUMAN Temple twd Hakimpet
3471,x3xPOMEC,Alwal,Alwal,17.50254126,78.51382346,ALWAL twd Suchitra
3472,nnvRBdAZ,Loyola Junior College,Loyola Junior College,17.50256696,78.4845686,LOYOLA Junior College twd Suchitra
3473,WeMH13sN,Himayath Sagar,Himayath Sagar,17.32540363,78.3748662,HIMAYAT SAGAR twd Narsingi
3474,byb8lBI7,Ankireddy Pally X Road,Ankireddy Pally X Road,17.25546039,78.94352454,ANKIREDDY PALLY
3475,J5RUqNNN,Panthangi,Panthangi,17.23585992,78.95200487,PANTHANGI twd Nalgonda
3476,ECCe2DxY,Panthangi,Panthangi,17.23571166,78.95170681,PANTHANGI twd Hyderabad
3477,fAzOeeIp,Reddybai-Cpl,Reddybai-Cpl,17.22941226,78.97223715,REDDYBAI twd Nalgonda
3478,YnMskFwk,Mile Stone,Mile Stone,17.24001443,79.02346604,VELIMINEDU X ROAD
3479,kB70SGwW,Reddybai-Cpl,Reddybai-Cpl,17.22918514,78.97227465,REDDYBAI twd MGBS
3480,C90ByqCk,Is Sadan,Is Sadan,17.35143714,78.50839198,IS SADAN twd MGBS
3481,NqNZ2UTI,Mehdipatnam-Hyd,Mehdipatnam-Hyd,17.39391532,78.44241231,Mehdipatnam_RGIA
3482,pJnRECtv,Tellapur,Tellapur,17.47036611,78.28812092,TELLAPUR twd Lingampally
3483,JiLBcoEY,Indira Nagar,Indira Nagar,17.47193703,78.29297304,INDIRA NAGAR twd Nallagandla
3484,vEMkfujg,Pedda Solipet,Pedda Solipet,17.23399046,78.22362185,PEDDA SOLIPET twd Shamshabad
3485,Zq13v26s,Chinna Solipet,Chinna Solipet,17.24505739,78.22853565,CHINNA SOLIPET twd Shamshabad
3486,TPBqwTuG,Vidya Nagar,Vidya Nagar,17.40500372,78.51072454,VIDYANAGAR twd Secunderabad
3487,hT7HA8Pg,Cherlapally,Cherlapally,17.45713831,78.60813427,Cherlapally Rly Stn( new )
3488,6IIHrO5u,Race Course-Sec Bad,Race Course-Sec Bad,17.45076484,78.48819695,RACE COURSE twd JBS
3489,TAnjoDZd,Tadbund,Tadbund,17.45646278,78.48426283,TADBUND twd Patancheruvu
3490,uBTak2Bd,Bowenpally,Bowenpally,17.46297452,78.47253621,BOWENPALLY X ROAD twd Patancheruvu
3491,asLGVNU1,Balnagar,Balnagar,17.467078,78.445087,BALANAGAR twd Patancheruvu
3492,GmzsSTQd,Kphb Temple Bus Stop,Kphb Temple Bus Stop,17.487762,78.39551,KPHB Temple Bus Stop twd Remedy Hospital
3493,zsmMdHLV,Kphb,Kphb,17.49455752,78.40080993,KPHB twd Koti
3494,AqKb1Y1x,Indra Nagar-Boduppal,Indra Nagar-Boduppal,17.42167165,78.58246385,INDIRANAGAR X  RAOD twd Secunderabad
3495,vaQXvzRy,Wipro Circle,Wipro Circle,17.42559514,78.34062483,WIPRO Circle twd Kokapet
3496,ch8RFPW9,Suryanagar Shivalayam,Suryanagar Shivalayam,17.3314,78.6168,SURYANAGAR SHIVALAYAM
3497,WGpWdcGf,Hariharapuram,Hariharapuram,17.3138,78.5686,HARIHARAPURAM
3498,jLleFHz5,Mangalgadda Thanda,Mangalgadda Thanda,17.02730389,78.55298632,MANGALGADDA Thanda twd Mucherla
3499,ZaDbGnoV,Rajkhanguda-Amangal,Rajkhanguda-Amangal,16.96650191,78.47603914,RAJKHANGUDA twd Madharam
3500,kkSg33ni,Padkal,Padkal,16.9365993,78.4026985,PADAKAL
3501,9YONUo9t,Banjara Colony,Banjara Colony,17.31329317,78.61032503,BANJARA COLONY
3502,ds9qYA4k,Rajiv Gruha Kalpa Torrur,Rajiv Gruha Kalpa Torrur,17.291,78.606,THORROR Rajiv Gruha Kalpa
3503,CTvYYt2X,Kphb,Kphb,17.49220149,78.40192705,KPHB MAIN ROAD twd Temple
3504,J0o2W16q,Peerzadiguda,Peerzadiguda,17.395,78.593,PEERZADIGUDA twd Uppal
3505,O2GU1Aph,Uppal Depot,Uppal Depot,17.40463414,78.58966288,UPPAL Bus Depot
3506,2qafvuFB,Mile Stone,Mile Stone,17.2349601,78.58237468,OUTER RING ROAD twd Manneguda
3507,qoA7OQpo,Rice  Mil Adibatla,Rice  Mil Adibatla,17.21606159,78.54572296,ADIBATLA X ROADS twd Wonderla
3508,aY7qmgbK,Raigiri Railway Station,Raigiri Railway Station,17.54797655,78.93824011,RAYAGIRI Railway Station twd Bhongiri
3509,8PGAWu47,Gudur Toll,Gudur Toll,17.48585184,78.82121285,GUDUR TOLLPLAZA twd Gudur
3510,D6KNAxD2,Bibi Nagar,Bibi Nagar,17.46718602,78.79323721,BIBINAGAR twd Pochampally
3511,MdvepQBB,Raheem Khan Guda,Raheem Khan Guda,17.45108948,78.79452199,RAHEEM KHAN GUDA twd Uppal
3512,FuZtDn9t,Raghavapur-Bibinagar,Raghavapur-Bibinagar,17.42198387,78.79060596,RAGAVAPUR twd Pochampally
3513,7BGr96Xm,Lower Tankbund,Lower Tankbund,17.4126582,78.47857833,LOWER Tankbund twd Uppal
3514,Y7tCfccp,Ramakrishna Mutt,Ramakrishna Mutt,17.41168295,78.48202854,RK MATH twd Secunderabad
3515,qwu2Wn4G,Ntr Stadium,Ntr Stadium,17.41072192,78.48526597,NTR STADIUM twd Secunderabad
3516,uQtH0qHc,Ntr Stadium,Ntr Stadium,17.41061315,78.48492801,NTR STADIUM twd Mehdipatnam
3517,nBZEXTVR,Ramakrishna Mutt,Ramakrishna Mutt,17.41130929,78.48271519,RK MATH twd Mehdipatnam
3518,A5ICSp7e,Lower Tankbund,Lower Tankbund,17.41257745,78.47839549,LOWER Tankbund twd Lakdikapool
3519,WjARkenr,Ntr Garden,Ntr Garden,17.41426787,78.46781552,NTR GARDEN twd Khairathabad
3520,VBbzI9Mi,Thril City,Thril City,17.43554478,78.47453353,THRILL CITY twd Imax
3521,tusQCvfn,Ramanthapur Rtc Colony,Ramanthapur Rtc Colony,17.39358908,78.53456173,RTC COLONY RAMANTHAPUR
3522,3VHltFPj,Nmdc,Nmdc,17.398976,78.449559,NMDC twd Lakdikapul
3523,uZi0JXcA,Ranganayakula Colony,Ranganayakula Colony,17.26,78.4712,RANGANAYAKULA COLONY
3524,Kevw8ybZ,Future City,Future City,17.0523,78.5246,FUTURE CITY
3525,ZVypS8OB,Vasavi Trends,Vasavi Trends,17.4147,78.3544,VASAVI TRENDS
3526,PwCq8mkM,Financial District,Financial District,17.41552283,78.33384085,FINANCIAL DISTRICT twd Gachibowli
3527,AGKCg4GZ,Habsiguda [Pb],Habsiguda [Pb],17.41900392,78.54172134,HABSIGUDA (Van PickUp)
3528,ztwJFrEC,Rajeev Gruhakalpa-Ymjl,Rajeev Gruhakalpa-Ymjl,17.25767,78.600337,RAJEEV GRUHAKALPA-YMJL
3529,plLWkHT4,Erragadda,Erragadda,17.45635847,78.43436108,ERRAGADDA  X RD twd Sanathnagar
3530,fdFMg1s4,Sanath Nagar Bus Station,Sanath Nagar Bus Station,17.4554317,78.44788402,SANATH NAGAR
3531,3hDe7Tan,Fathenagar Twd Balnagar,Fathenagar Twd Balnagar,17.45891143,78.44985009,FATHENAGAR twd Balnagar
3532,0TdEvmZa,Race Course-Sec Bad,Race Course-Sec Bad,17.4513068,78.4862204,RACE COURSE twd Patancheru
3533,1XV5frBR,Thokatta,Thokatta,17.46072295,78.47558857,THOKATTA twd Patancheru
3534,Ddw1jFBZ,Bowenpally,Bowenpally,17.46297452,78.47253621,BOWENPALLY X ROAD twd Patancheru
3535,0Yny5hD2,Ferozguda-Balnagar,Ferozguda-Balnagar,17.46268923,78.46197769,FEROZGUDA twd Patancheru
3536,uLKaraNf,Shobhna-Balnagar,Shobhna-Balnagar,17.463568,78.453043,SHOBHNA twd Patancheru
3537,5gdNdB6m,Shobhna-Balnagar,Shobhna-Balnagar,17.4639,78.453135,SHOBHNA twd Secunderabad
3538,ZZ6LJALH,Ferozguda-Balnagar,Ferozguda-Balnagar,17.46282388,78.46210375,FEROZGUDA twd Bowenpally
3539,2U8nYSQx,Bowenpally,Bowenpally,17.46369604,78.47318262,BOWENPALLY X Road twd Secunderabad
3540,8jrkOZLh,Tivoli,Tivoli,17.44906294,78.49247575,TIVOLI twd JBS
3541,TyLL3ui0,Paradise,Paradise,17.44504816,78.48706305,PARADISE Water Tank twd Patancheruvu
3542,QPcxfFOM,Race Course-Sec Bad,Race Course-Sec Bad,17.4513068,78.4862204,RACE COURSE twd Patancheruvu
3543,rnjxtzWf,Ferozguda-Balnagar,Ferozguda-Balnagar,17.46268923,78.46197769,FEROZGUDA twd Patancheruvu
3544,9zte6IJh,Shobhna-Balnagar,Shobhna-Balnagar,17.463568,78.453043,SHOBHNA twd Patancheruvu
3545,hETOq2A0,Govt Degree College Kukatpally,Govt Degree College Kukatpally,17.48175519,78.41551512,GOVERNMENT Degree College twd Patancheruvu
3546,laO9nkCI,Vasanth Nagar Bus Stop,Vasanth Nagar Bus Stop,17.498712,78.386862,VASANTH NGR BUS STOP twd Patancheruvu
3547,BATiCiXq,Hakimpet,Hakimpet,17.54698684,78.53509471,HAKIMPET twd Secundrabad
3548,4VGPrPfF,Cisf Hakimpet,Cisf Hakimpet,17.5426168,78.53070661,CISF twd Secundrabad
3549,eAT2EkGU,Kot Temple-Bolarum,Kot Temple-Bolarum,17.53596156,78.52417414,KOT TEMPLE twd Secundrabad
3550,3zoUatXy,Risala Bazar,Risala Bazar,17.52839099,78.51781189,RISALABAZAR twd Alwal
3551,fmbtNpK1,Sadhana Mandhir,Sadhana Mandhir,17.52585494,78.51820208,SADANA Mandir twd Secunderabad
3552,pMvEKMuq,Contonment Hospital,Contonment Hospital,17.52193276,78.51939976,CNT HOSPITAL X ROAD
3553,ZPftb5HL,Contonment Hospital,Contonment Hospital,17.52164373,78.51790309,CNT HOSPITAL twd Secunderabad
3554,pd72Zmob,Bollaram Bazar,Bollaram Bazar,17.51798609,78.51657285,BOLLARAM twd Jbs
3555,dg3tDzjg,Lakadwala Colony,Lakadwala Colony,17.51287051,78.52038156,LAKUDAWALA twd Secundrabad
3556,91J27IBD,Alwal Raithu Bazar Twd Secunderabad,Alwal Raithu Bazar Twd Secunderabad,17.50696668,78.51614894,ALWAL RAITHU BAZAR twd Secunderabad
3557,2mCwhQ8h,Lothukunta,Lothukunta,17.49394552,78.51284377,LOTHUKUINTA twd Balaji Nagar
3558,CvEVwwSl,Rashtrapathi Nilayam,Rashtrapathi Nilayam,17.50129062,78.51895988,RASHTRAPATHI Nilayam twd Yapral
3559,2E0C6oNy,Eme Centre,Eme Centre,17.49821,78.5275,EME CENTRE twd JBS
3560,ObKtXRWE,Ammuguda,Ammuguda,17.49687107,78.5325114,AMMUGUDA twd Yapral
3561,g5PAeqGI,Jj Nagar,Jj Nagar,17.49960471,78.53708223,JJ NAGAR twd Yapral
3562,8d22NTRk,Yapral,Yapral,17.50478384,78.5401237,YAPRAL twd Dammaiguda
3563,u6Lep6yc,Yapral Zphs,Yapral Zphs,17.50794,78.54091,ZPHS YAPRAL twd Hakimpet
3564,EJ3i6iny,Hanuman Temple-Yapral,Hanuman Temple-Yapral,17.51304177,78.54042023,HANUMAN TEMPLE twd Balajinagar
3565,Eue9YMN7,Meghadri Heights,Meghadri Heights,17.51292,78.54226,MEGHADRI HEIGHTS twd Timmaipalle
3566,0QzEbCjj,Poultry Farm Balaji Nagar,Poultry Farm Balaji Nagar,17.51327453,78.55431139,ZPHS Balaji Nagar twd Balajinagar
3567,7gRyvsix,Balajinagar-Jawahar Nagar,Balajinagar-Jawahar Nagar,17.51287,78.56261,BALAJINAGAR twd Malkaram
3568,ZmkId76m,Chennapuram,Chennapuram,17.51499854,78.56919765,CHENNAPURAM twd Cheriyal
3569,oB1Kb16x,Bhagya Nagar Colony,Bhagya Nagar Colony,17.51849597,78.57463917,BHAGYA Nagar Colony twd Malkaram
3570,Lc2caoM7,Dental College,Dental College,17.52264989,78.57826989,DENTAL COLLEGE twd Malkaram
3571,iBDWGBuq,Malkaram Bus Stop,Malkaram Bus Stop,17.52417079,78.58109459,MALKARAM VILLAGE twd Timmaipalli
3572,IeaQ3CJs,Crpf X Roads,Crpf X Roads,17.52836022,78.59022349,CRPF X ROAD twd Balajinagar
3573,n0nV9uWN,Malkaram Bus Stop,Malkaram Bus Stop,17.5323256,78.5829014,MALKARAM twd Tmmaipalli
3574,ZhGLJRe8,Farah Nagar,Farah Nagar,17.5340459,78.5747391,FARAH NAGAR twd Malkaram
3575,sbZ3LdhP,Malleguda,Malleguda,17.53457245,78.56885534,MALLEGUDA twd Hakimpet
3576,tlHXBCAW,Crpf Hyd Bus Stop,Crpf Hyd Bus Stop,17.5339665,78.56226684,CRPF Bus Stop
3577,BBB4vQeV,Malleguda,Malleguda,17.53472782,78.56886908,MALLEGUDA twd Haridaspalle
3578,XNSvTXMe,Dental College,Dental College,17.52251211,78.57828096,DENTAL COLLEGE twd Secunderabad
3579,HWqKcAW0,Bhagya Nagar Colony,Bhagya Nagar Colony,17.51831149,78.57461262,BHAGYA Nagar Colony twd Balajinagar
3580,DCYGhcB6,Chennapuram,Chennapuram,17.51498319,78.56931031,CHENNAPURAM twd Secunderabad
3581,R1DfoMdh,Balajinagar-Jawahar Nagar,Balajinagar-Jawahar Nagar,17.51279,78.5627,BALAJINAGAR (twd Secunderabad
3582,RH1I8bw0,Poultry Farm Balaji Nagar,Poultry Farm Balaji Nagar,17.51315178,78.55430603,ZPHS Balaji Nagar twd Yapral
3583,k2v3HJ2n,Meghadri Heights,Meghadri Heights,17.5129,78.54254,MEGHADRI HEIGHTS twd Secunderabad
3584,njXnSU6a,Hanuman Temple-Yapral,Hanuman Temple-Yapral,17.5125481,78.54014933,HANUMAN TEMPLE twd Secunderabad
3585,XZrN7OUS,Yapral Zphs,Yapral Zphs,17.50843,78.54114,ZPHS YAPRAL twd Secunderabad
3586,4v8tGRLf,Yapral,Yapral,17.50477706,78.54027137,YAPRAL twd Secunderabad
3587,j3aNuUCe,Jj Nagar,Jj Nagar,17.49957273,78.53709698,JJ NAGAR twd Secunderabad
3588,PGBZNLGR,Ammuguda,Ammuguda,17.49679079,78.53208127,AMMUGUDA twd Secunderabad
3589,ovi0ARcV,Rashtrapathi Nilayam,Rashtrapathi Nilayam,17.50130073,78.51914227,RASHTRAPATHI Nilayam twd Secunderabad
3590,dRb2DQNG,Cp Office Bus Stop,Cp Office Bus Stop,17.431627,78.371956,CP Office twd Mehdipatnam
3591,kWKhCGhk,Bachupally,Bachupally,17.54102544,78.36378604,BACHUPALLY X Road twd Nizampet
3592,mh2zIufn,Rajeev Gandhi Nagar 2-,Rajeev Gandhi Nagar 2-,17.53536563,78.36518884,RAJEEV Gandhi Nagar 2 twd Nizampet
3593,Q3qt3W86,Nizampet Village,Nizampet Village,17.5161087,78.38216722,NIZAMPET Village twd Nizampet X Road
3594,i5ktIZBV,Nizampet X Road,Nizampet X Road,17.49948594,78.38946819,NIZAMPET X Road twd Mallampet
3595,uSkIcL7A,Nizampet Village,Nizampet Village,17.51604472,78.38209748,NIZAMPET VILLAGE twd Mallampet
3596,02vWmciA,Rajeev Gandhi Nagar 2-,Rajeev Gandhi Nagar 2-,17.53594615,78.36486161,RAJEEV GANDHI NAGAR  twd Mallampet
3597,6v77GPHk,Dargha Bachupally,Dargha Bachupally,17.54368524,78.37956013,DARGA twd Gandimaisamma
3598,PplePdFl,Sai Nagar,Sai Nagar,17.5356433,78.38731958,SAI NAGAR twd Bachupally
3599,CokrzRdB,Dargha Bachupally,Dargha Bachupally,17.54341403,78.3788304,DARGA twd Miyapur
3600,fhAzpxOO,Thokatta,Thokatta,17.460756,78.475831,THOKATTA twd Secunderabad
3601,KUSPrf5a,Doolapally X Road,Doolapally X Road,17.54020701,78.49068404,DOOLAPALLY X Road twd Gandi Maisamma
3602,pmrjCtjM,St Martins Engg College,St Martins Engg College,17.544174,78.475983,ST MARTIN COLLEGE twd Bahadurpally
3603,sRqzG1OK,Apparel Park X Roads,Apparel Park X Roads,17.54819457,78.4618761,APPAREL Park X Road twd Apparel park
3604,t2CZz5D4,Drs International School,Drs International School,17.557019,78.464709,DRS INT SCHOOL twd Apparel park
3605,CR8yaXcK,Apparel Park,Apparel Park,17.563796,78.466297,APPAREL PARK twd Bahadurpally
3606,yR4yHbwW,Maisammaguda,Maisammaguda,17.562213,78.45370442,MAISAMMAGUDA twd Bahadurpally
3607,6Jqr3bj1,Bahadurpally,Bahadurpally,17.55849384,78.44114967,BAHADURPALLY twd Jeedimetla
3608,26pwpeBA,Suraram Village X Road,Suraram Village X Road,17.55701923,78.41119952,SURARAM Village X Road twd Miyapur
3609,o1qdGmXr,Bowrampet X Road,Bowrampet X Road,17.56247638,78.41330498,BOWRAMPET X Road twd Bourampet
3610,Ohu0yQiN,Pragathi Nagar Bachupally,Pragathi Nagar Bachupally,17.54071327,78.39367111,PRAGATHI Nagar twd B K Enclave
3611,hAJzJhZI,Ida X Road,Ida X Road,17.53436675,78.35747653,IDA X Road twd Miyapur
3612,qvonYCYI,Volvo Bachupally,Volvo Bachupally,17.5294933,78.35569651,VOLVO BUS STAND MAYURI NAGAR twd Miyapur
3613,pO7Rh8Q1,Cococola,Cococola,17.52183524,78.35657995,COCA COLA twd Miyapur
3614,nVidQmpl,Makta,Makta,17.5190691,78.35613903,MAKTA twd Miyapur
3615,f1FZsycW,Koteshwara Temple,Koteshwara Temple,17.53446785,78.52399707,KOTESHWAR TEMPLE twd JBS
3616,dx3CxtWY,Kowkoor,Kowkoor,17.52572076,78.53329357,KOWKOOR twd Mb Darga
3617,AcA6jI3B,Kowkoor X Road,Kowkoor X Road,17.526906,78.542347,KOWKOOR X ROAD twd JBS
3618,KymOxw2i,Mile Stone,Mile Stone,17.50193382,78.5392461,YARPAL Water Tank twd Secunderabad
3619,aiCPYfWi,Cavalry Barracs,Cavalry Barracs,17.49557,78.52121,CAVALRY BARRACS twd Secunderabad
3620,QrZLCbpA,Nagmandir,Nagmandir,17.48586,78.51677,NAGMANDIR twd Secunderabad
3621,Au1uPnaq,Lalbazar,Lalbazar,17.47915369,78.51132027,LAL BAZAAR twd ECIL
3622,wgrVmwue,Lalbazar,Lalbazar,17.47900844,78.51433039,CHURCH twd Nagmandir
3623,UFCcRkNW,Nagmandir,Nagmandir,17.48823,78.51683,NAGMANDIR twd Yapral
3624,f8FvMW46,Cavalry Barracs,Cavalry Barracs,17.496,78.52108,CAVALRY BARRACS twd Yapral
3625,GEY8yVDK,Eme Centre,Eme Centre,17.49842,78.52683,EME CENTRE twd Yapral
3626,mRoSyf9N,Mile Stone,Mile Stone,17.50193637,78.53922665,YARPAL Water Tank twd Yapral
3627,NDd63hSs,Ex Serviceman Colony,Ex Serviceman Colony,17.51257592,78.55796792,EX Serviceman Colony twd Malkaram
3628,qTwxnzeX,Bachupally,Bachupally,17.54107661,78.36367607,BACHUPALLY X Road twd Mallampet
3629,EDz9UpWf,Mallampet-Ameennpur,Mallampet-Ameennpur,17.559,78.365,MALLAMPET
3630,x3Ssy7LH,Cococola,Cococola,17.52215624,78.3563523,COCA Cola twd Gandi Maisamma
3631,74LT4Jqo,Miyapur-2 Bus Depot,Miyapur-2 Bus Depot,17.5125224,78.36011641,MIYAPUR-2 Bus Depot
3632,A2xNALMq,Mallampet-Ameennpur,Mallampet-Ameennpur,17.55615755,78.36278831,MALLAMPET Bus Terminal
3633,sYVH4AwC,Hmt,Hmt,17.50615773,78.36249925,JPNAGAR twd Miyapur
3634,HUGRkRhR,Hmt Colony-Miyapur,Hmt Colony-Miyapur,17.5170688,78.33962624,HMT COLONY
3635,kkdF8DYF,Miyapur Depot,Miyapur Depot,17.51241582,78.36013239,MIYAPUR-1 Bus Depot
3636,VNZc0Nrb,Telephone Exchange,Telephone Exchange,17.483,78.393,KPHB Telephone Exchange
3637,HAX4gJAO,Kphb 4Th Phase,Kphb 4Th Phase,17.47117332,78.38808686,KPHB IV Phase Bus Stop
3638,dZeuj3yh,Bongloor Village,Bongloor Village,17.23411408,78.58343482,OUTER RING ROAD twd Wonderla
3639,06D8moxo,Rice  Mil Adibatla,Rice  Mil Adibatla,17.21696018,78.5451584,ADIBATLA X ROADS twd Bongloor
3640,AMmUh4XO,Miyapur X Road,Miyapur X Road,17.498,78.362,MIYAPUR X ROAD twd Gandimaisamma
3641,oRLFFkQq,Rangapuram,Rangapuram,17.50597804,78.36223774,JPNAGAR twd Bachupally
3642,8PfCDVpX,Mayuri Nagar Bus Stop,Mayuri Nagar Bus Stop,17.50998762,78.36176361,BBW twd Gandimaisamma
3643,A0a2pjbw,Makta,Makta,17.51966853,78.35599246,MAKTA twd Gandi Maisamma
3644,CIPZFvjT,Volvo Bachupally,Volvo Bachupally,17.5296185,78.35527521,VOLVO twd Gandi Maisamma
3645,Uubh4hlz,Ida X Road,Ida X Road,17.53450704,78.35752153,IDA X ROAD twd Gandi Maisamma
3646,dmrOyj1M,Sri Chaitanya Junior College-Bachupally,Sri Chaitanya Junior College-Bachupally,17.54128118,78.36851209,SRI Chaitanya Junior College twd Gandimaisamma
3647,3ywjzxIu,Indira Nagar Twd Gandimaisamma,Indira Nagar Twd Gandimaisamma,17.54343126,78.37262416,INDIRA Nagar twd Gandimaisamma
3648,ZzJfdufw,Vnr College,Vnr College,17.54213539,78.38597059,VNR College twd Gandimaisamma
3649,TG3jH4RN,Pragathi Nagar Bachupally,Pragathi Nagar Bachupally,17.54158806,78.38882448,PRAGATHI Nagar twd Gandimaisamma
3650,8bdaVDuQ,Kaisar Nagar,Kaisar Nagar,17.54173138,78.39748257,KAISARNAGAR twd Gandimaisamma
3651,T6DhGBW7,Drk College,Drk College,17.5495878,78.40368386,DRK COLLEGE twd Gandimaisamma
3652,LqsJNkjg,Suraram Village X Road,Suraram Village X Road,17.5571379,78.41088327,SURARAM Village X Road  twd Gandimaisamma
3653,5ib1zBCt,Bowrampet X Road,Bowrampet X Road,17.56254799,78.41315478,BOWRAMPET X Road twd Gandimaisamma
3654,KUe4YB1Q,Drk College,Drk College,17.54892771,78.40374829,DRK College twd Miyapur
3655,JGpAf9N0,Kaisar Nagar,Kaisar Nagar,17.54112756,78.39724118,KAISARNAGAR twd Miyapur
3656,1me9UQih,Vnr College,Vnr College,17.54195374,78.38555476,VNR College twd Miyapur
3657,ozKfhWoE,Sri Chaitanya Junior College-Bachupally,Sri Chaitanya Junior College-Bachupally,17.54110463,78.36861675,SRI Chaitanya Junior College twd Miyapur
3658,P2BVX2rA,Bachupally,Bachupally,17.54075943,78.36343198,BACHUPALLY X Road twd Miyapur
3659,gFUwGihx,Mayuri Nagar Bus Stop,Mayuri Nagar Bus Stop,17.51002312,78.36198695,BBW twd Miyapur
3660,nUa7Ex6t,Jeedimetla Bus Depot,Jeedimetla Bus Depot,17.5278232,78.44049455,JEEDIMETLA Bus Depot
3661,FE2TI0kL,Prashasan Nagar,Prashasan Nagar,17.41826921,78.40068184,PRASHASAN NAGAR twd Darga
3662,VNU1qNQg,Prashasan Nagar,Prashasan Nagar,17.41843684,78.40085953,PRASHASAN NAGAR twd Filmnagar
3663,YVoqlQJM,Lanco Appartments,Lanco Appartments,17.40883696,78.37270439,LANCO Appartments twd Khajaguda
3664,AtUkWFRB,Chithrapuri Colony,Chithrapuri Colony,17.41508998,78.38261315,CHITHRAPURI Colony
3665,C9RRzWIA,Niharika Exotica-Manikonda,Niharika Exotica-Manikonda,17.41442808,78.36782083,NIHARIKA Exotika twd Manikonda Jagir
3666,c1rIhnom,Lanco Appartments,Lanco Appartments,17.40896498,78.37280363,LANCO Appartments twd Darga
3667,lmxjt97j,Niharika Exotica-Manikonda,Niharika Exotica-Manikonda,17.41446474,78.36770874,NIHARIKA Exotika twd Gachibowli
3668,vHCgUVrg,Madhapur Metro,Madhapur Metro,17.43788063,78.40015946,MADHAPUR METRO STATION twd Jubliee Hills
3669,LvPokDxK,Venkatagiri,Venkatagiri,17.43073719,78.42074796,VENKATAGIRI twd Secunderabad
3670,DY3kuRgx,Krishnanagar,Krishnanagar,17.43271224,78.42631736,KRISHNANAGAR twd Secunderabad
3671,ZkHurl8W,Yousufguda Check Post,Yousufguda Check Post,17.43662673,78.42798472,YOUSUFGUDA Check Post twd Secunderabad
3672,NZpt5i5Z,Krishna Kanth Park,Krishna Kanth Park,17.441268,78.43187,KRISHNA Kanth Park twd Secunderabad
3673,xqEICurC,Kalyan Nagar,Kalyan Nagar,17.4444,78.433,KALYAN Nagar twd SR Nagar
3674,K9bntskH,Ameerpet,Ameerpet,17.43418296,78.44604401,AMEERPET twd Secunderbad
3675,E0FDxTd4,Sheesh Mahal,Sheesh Mahal,17.434691,78.448929,SHEESH MAHAL twd Secunderabad
3676,blUhfxz9,Lal Bungalow,Lal Bungalow,17.43607154,78.45246792,LAL BUNGLOW twd Secunderabad
3677,stKZaDoo,Green Land,Green Land,17.43563075,78.45448193,GREENLAND/ RJ COLLEGE twd Secunderabad
3678,422Z2GQJ,Rajiv Circle  Green Lands,Rajiv Circle  Green Lands,17.43527824,78.4550643,GREENLAND twd Ameerpet
3679,9xmCYuvt,Lal Bungalow,Lal Bungalow,17.43493917,78.45128909,LAL BUNGLOW twd Ameerpet
3680,9DnYSoZf,Ameerpet,Ameerpet,17.43476387,78.44796717,KANAKA DURGA TEMPLE twd AMEERPET
3681,vzGPugqU,Sathyam Theatre Ameerpet,Sathyam Theatre Ameerpet,17.43741752,78.44807982,SATHYAM Theater twd Kondapur
3682,HdkAvCZ5,Krishnanagar,Krishnanagar,17.43281652,78.42648969,KRISHNANAGAR TWD Kondapur
3683,qtEPoXCn,Indra Nagar-Jubilee Hills,Indra Nagar-Jubilee Hills,17.4294795,78.42480496,INDRA Nagar twd Kondapur
3684,YaOF4ARz,Venkatagiri,Venkatagiri,17.43061649,78.42100963,VENKATAGIRI X ROADS twd Kondapur
3685,Ye9Hdvsu,Hcu Depot,Hcu Depot,17.467007,78.33040595,HYD CENTRAL UNIVERSITY Bus Depot
3686,mIBqoH4m,Chirec School,Chirec School,17.46349647,78.34762573,CHIREC twd Kondapur
3687,EbgHUzne,Sangeeth,Sangeeth,17.44025949,78.50722599,SANGEET Junction twd Blue sea
3688,PZbGgKlV,Vinayak Nagar X Rd Safilguda,Vinayak Nagar X Rd Safilguda,17.46920073,78.53900805,VINAYAK NAGAR twd ECIL
3689,aJ6S14sK,Santhoshi Mata Temple,Santhoshi Mata Temple,17.46874406,78.54401171,SANTOSHIMA TEMPLE twd ECIL
3690,MZTjlh2I,Old Safilguda,Old Safilguda,17.46914575,78.54893625,OLD SAFILGUDA DARGA twd ECIL
3691,G0Qi8Qf1,Sainath Puram,Sainath Puram,17.476,78.552,SAINATH PURAM twd Secunderabad
3692,jeTPnMma,Old Safilguda,Old Safilguda,17.46912775,78.54904354,OLD SAFLIGUDA twd Secunderabad
3693,L4km9RB5,Sainath Puram,Sainath Puram,17.47612256,78.55169088,SAINATH PURAM twd ECIL
3694,69Rws8DJ,Santoshima Nagar,Santoshima Nagar,17.46868261,78.54433626,SANTHOSHIMA TEMPLE twd Secunderabad
3695,BbxzW3tQ,Rail Nilayam,Rail Nilayam,17.4388351,78.50971425,RAILNILAYAM twds Secunderabad
3696,NLFSmwAt,Bahadur Pally X Road,Bahadur Pally X Road,17.56032954,78.43142324,BAHADUR PALLY X ROAD twd Kompally
3697,38UJELS9,Ramalayam Bahadurpally,Ramalayam Bahadurpally,17.5596999,78.43873836,RAMALAYAM Bahadurpally twd Kompally
3698,uQKKCFz2,Bahadurpally,Bahadurpally,17.55885889,78.44081607,BAHADURPALLY twd Kompalli
3699,y38jJneG,Mrit College,Mrit College,17.560278,78.451349,MRIT COLLEGE twd APPAREL PARK
3700,eLFGljFG,Apparel Park,Apparel Park,17.56373451,78.46660853,APPAREL PARK twd Dulapally
3701,XPmQuLpP,Drs International School,Drs International School,17.55682994,78.46484899,DRS INT SCHOOL twd Dulapally
3702,O2huRETO,Apparel Park X Roads,Apparel Park X Roads,17.54807629,78.46202731,APPAREL Park X Road twd Doolapally
3703,ykDBH9Hb,Gandhi Statue Doolapally,Gandhi Statue Doolapally,17.54618861,78.4691754,GANDHI STATUE DULAPALLY twd Kompalli
3704,ZARwyIk2,St Martins Engg College,St Martins Engg College,17.54396659,78.47742842,ST MARTINS COLLEGE twd Kompalli
3705,i8ecamHS,Gandhi Statue Doolapally,Gandhi Statue Doolapally,17.54608916,78.46917257,GANDHI STATUE twd Bahadurpally
3706,3HH7BmGh,Dulapally,Dulapally,17.54661091,78.46686065,DOOLAPALLY VILLAGE twd Bahadurpally
3707,0OlxXMXJ,Mrit College,Mrit College,17.560226,78.451606,MRIT COLLEGE twd Bahadurpally
3708,YHbDMFTg,Bahadur Pally X Road,Bahadur Pally X Road,17.56,78.432,BAHADURPALLY X ROAD twd Bowrampet
3709,dn4BaDKD,Pocharam,Pocharam,17.55092926,78.24529381,POCHARAM TWD ISNAPUR
3710,QYj869wK,Dgqa,Dgqa,17.469,78.503,DGQA twd Bhudevinagar
3711,cs5o9PIs,Apcpcdl-Tirumalagiri,Apcpcdl-Tirumalagiri,17.471,78.501,APCPDCL twd Bhudevinagar
3712,Ugtk2Zum,Rtc Colony Bowenpally,Rtc Colony Bowenpally,17.47326497,78.49951386,RTC COLONY twd Secunderabad
3713,aErZQ93D,Kabela-Bowenpally,Kabela-Bowenpally,17.476,78.498,KABELA twd Bhudevinagar
3714,2auFWr2s,Teachers Colony Lalbazar,Teachers Colony Lalbazar,17.48100912,78.50188896,TEACHERS COLONY twd Kistamma Enclave
3715,pZPqRYnN,Subhash Nagar X Rd Lalbzazar,Subhash Nagar X Rd Lalbzazar,17.48306857,78.49975258,SUBHASH NAGAR X ROADS twd Bhudevinagar
3716,W0lM18OQ,Subhash Nagar Lal Bazar,Subhash Nagar Lal Bazar,17.48488751,78.50270703,SUBHASH NAGAR twd Bhudevinagar
3717,TLqBK05w,Bhudevinagar,Bhudevinagar,17.49140353,78.50304365,BHUDEVINAGAR twd Secunderabad
3718,qzc3H8UN,Gollaguda,Gollaguda,17.487,78.504,GOLLAGUDA twd Secunderabad
3719,v3dm9vYj,Subhash Nagar Lal Bazar,Subhash Nagar Lal Bazar,17.4849617,78.50281298,SUBHASH NAGAR twd Secunderabad
3720,YP87OaeV,Teachers Colony Lalbazar,Teachers Colony Lalbazar,17.48106284,78.50191176,TEACHERS COLONY twd Secunderabad
3721,EwhrY7XJ,Kabela-Bowenpally,Kabela-Bowenpally,17.476,78.498,KABELA twd Secunderabad
3722,SWrwL1XN,Apcpcdl-Tirumalagiri,Apcpcdl-Tirumalagiri,17.471,78.502,APCPDCL twd Secunderabad
3723,jrELHWOL,Dgqa,Dgqa,17.469,78.503,DGQA twd Secunderabad
3724,08XTeKaq,Gollaguda,Gollaguda,17.487,78.504,GOLLAGUDA twd Bhudevinagar
3725,5irlvAfS,Kistamma Enclave,Kistamma Enclave,17.5,78.496,KISTAMMA Enclave twd Secunderabad
3726,RTTe5YkV,Anjaiah Nagar,Anjaiah Nagar,17.452137,78.363446,ANJAIAH Nagar twd Hafizpet
3727,rFGjUWWg,Kothaguda-Kondapur,Kothaguda-Kondapur,17.45851295,78.36621874,KOTHAGUDA X Road twd Gachibowli
3728,2Qm1XZJt,Anjaiah Nagar,Anjaiah Nagar,17.451991,78.363804,ANJAIAH Nagar twd Gachibowli
3729,ARyUlVUk,Chengicherla Bus Depot,Chengicherla Bus Depot,17.419262,78.609977,CHENGICHERLA Bus Depot
3730,wi3z4xnZ,Chengicherla,Chengicherla,17.43312997,78.60845312,CHENGICHERLA twd FCI
3731,HoNmAA7I,Chengicherla,Chengicherla,17.43328671,78.60856578,CHENGICHERLA twd Uppal
3732,ssdqO8br,Sai Nagar Colony,Sai Nagar Colony,17.42659031,78.60664129,SAINAGAR Colony-CGCL twd Uppal
3733,Q547yokG,Rtc Colony-Cgcl,Rtc Colony-Cgcl,17.41983672,78.60687733,RTC Colony CGCL twd Uppal
3734,kqp1DsnH,Sai Nagar Colony,Sai Nagar Colony,17.42657112,78.60656485,SAINAGAR COLONY-CGCL twd FCI
3735,xvgzN7Fr,Aoc Swimming Pool,Aoc Swimming Pool,17.45914432,78.51594776,AOC Centre twd Secunderabad
3736,w3pVWwXA,Laxmi Nagar West Marredpally,Laxmi Nagar West Marredpally,17.45500306,78.50320861,LAXMINAGAR twd JBS
3737,NccF0jOO,Middle Tank Band,Middle Tank Band,17.41,78.476,MIDDLE TANK BUND twd G.P.R.A Quarters
3738,VuULrTEm,Laxmi Nagar West Marredpally,Laxmi Nagar West Marredpally,17.45501838,78.50314423,LAXMINAGAR twd Safilguda
3739,GAhn7b6M,Aoc Swimming Pool,Aoc Swimming Pool,17.45918201,78.51591356,AOC Centre twd Safilguda
3740,2zyEcIvQ,Beeramguda,Beeramguda,17.51694503,78.30003932,BEERAMGUDA Village twd Lingampally
3741,YIhpLiMq,Raghavendra Colony,Raghavendra Colony,17.53050872,78.29836696,RAGHAVENDRA COLONY twd Sultanpur
3742,r2bAv1xb,Bhel M Enclave,Bhel M Enclave,17.53938863,78.28932524,BHEL Metro Enclave
3743,8eTras9H,Chennapur Ntr Statue,Chennapur Ntr Statue,17.51533618,78.57104301,CHENNAPUR NTR STATUE twd Secunderabad
3744,AdnCkQGG,Devendar Nagar Twd Dammaiguda,Devendar Nagar Twd Dammaiguda,17.51431815,78.5727033,DEVENDAR Nagar twd Dammaiguda
3745,Tdv6meSQ,Sathyanarayana Colony-Nagaram,Sathyanarayana Colony-Nagaram,17.48593051,78.61454276,SATYANARAYANA Colony twd Ghatkesar
3746,q9TxHIjx,Annapurna Clny Nagaram,Annapurna Clny Nagaram,17.48207984,78.61649171,ANNAPURNA Colony twd Ghatkesar
3747,MFjAHvTS,Rtc Colony,Rtc Colony,17.47966726,78.6231285,RTC COLONY twd Ghatkesar
3748,JGp0xa85,Rtc Colony Rampally,Rtc Colony Rampally,17.47810442,78.62590022,R L NAGAR twd Ghatkesar
3749,BwPe0qXE,Bharath Nagar-,Bharath Nagar-,17.47094985,78.63397327,BHARATH Nagar twd Ghatkesar
3750,tbnJyth0,Laxmi Nagar-Rampally,Laxmi Nagar-Rampally,17.46951255,78.63638196,LAXMI Nagar Ramapally twd Ghatkesar
3751,srALAi35,Rampally Ghatkesar,Rampally Ghatkesar,17.46706821,78.64269018,RAMPALLY Village twd Ghatkesar
3752,OBJyfg0o,Pogulaguda,Pogulaguda,17.45633966,78.65942415,POGULAGUDA twd Ghatkesar
3753,Eh9SyeKW,Kitti Steels Limited,Kitti Steels Limited,17.44958632,78.66149645,KITTI STEEL twd Ghatkesar
3754,J4UtvzLf,Edulabad X Rds,Edulabad X Rds,17.45096826,78.68075375,EDULABAD X Road twd Ghatkesar
3755,XhY4rDIb,Edulabad X Rds,Edulabad X Rds,17.45049265,78.68046306,EDULLABAD X Road twd MGBS
3756,rEGnkgVh,Kitti Steels Limited,Kitti Steels Limited,17.44951962,78.66128219,KITTI STEEL twd Rampally
3757,H9FXzF8x,Pogulaguda,Pogulaguda,17.45617306,78.65933254,POGULAGUDA twd Rampally
3758,1trPDgEd,Rampally Ghatkesar,Rampally Ghatkesar,17.46717055,78.64133835,RAMPALLY Village twd ECIL
3759,cAG7O4mg,Laxmi Nagar-Rampally,Laxmi Nagar-Rampally,17.46887229,78.63704748,LAXMINAGAR twd Secunderabad
3760,yK8j2BUM,Bharath Nagar Twd Rampally X Roads,Bharath Nagar Twd Rampally X Roads,17.47099245,78.6337181,BHARATH Nagar twd Rampally x roads
3761,WVXIqDrV,Rtc Colony Rampally,Rtc Colony Rampally,17.47794676,78.62583518,R L NAGAR  twd ECIL
3762,105Fwita,Rtc Colony,Rtc Colony,17.47953487,78.62316974,RTC COLONY twd ECIL
3763,P3NXmuJz,Annapurna Clny Nagaram,Annapurna Clny Nagaram,17.48197875,78.61639112,ANNAPURNA Colony twd Ecil
3764,8HEc7NA3,Sathyanarayana Colony-Nagaram,Sathyanarayana Colony-Nagaram,17.48570801,78.61456172,SATYANARAYANA Clny twd Rampally X Roads
3765,9KRruIO4,Devender Nagar Twd Secunderabad,Devender Nagar Twd Secunderabad,17.51428234,78.57260406,DEVENDER NAGAR twd Secunderabad
3766,9zzZdNaU,Lalbazar,Lalbazar,17.47893432,78.51414533,CHURCH twd Secunderabad
3767,5iS712JR,Lakadwala Colony,Lakadwala Colony,17.51295611,78.52026613,LAKUDAWALA twd Kondapur
3768,HY7mOFHq,Bollaram Bazar,Bollaram Bazar,17.51759475,78.51655662,BOLLARAM twd Hakimpet
3769,sdYWc7BU,Contonment Hospital,Contonment Hospital,17.52172558,78.51773679,CNT HOSPITAL twd Hakimpet
3770,5SEArKYX,Sadhana Mandhir,Sadhana Mandhir,17.52569202,78.51809016,SADANA Mandir twd Hakimpet
3771,Ye8JAcKU,Risala Bazar,Risala Bazar,17.52881044,78.5180077,RISALA BAZAR twd Hakimpet
3772,Eg15ENPD,Kowkoor X Road,Kowkoor X Road,17.52739352,78.52277393,KOWKUR X Road twd Gajwel Pragnapur
3773,a7aszT4v,Koteshwara Temple,Koteshwara Temple,17.534429,78.523927,KOTESHWAR TEMPLE twd Shamirpet
3774,xBdfmxo8,Cisf Hakimpet,Cisf Hakimpet,17.5426616,78.53091616,CISF twd Shameerpet
3775,UNA4C9VH,Hakimpet,Hakimpet,17.5469881,78.5350706,HAKIMPET twd Siddipet
3776,cxTfs4PF,Kakatiya Nagar - Sainikpuri,Kakatiya Nagar - Sainikpuri,17.474,78.541,KAKATIYA Nagar twd Secunderabad
3777,neiZhEWp,Kakatiya Nagar - Sainikpuri,Kakatiya Nagar - Sainikpuri,17.477,78.543,KAKATIYA NAGAR twd ECIL
3778,KjYsY7CG,Kukatpally Bus Depot,Kukatpally Bus Depot,17.47345276,78.42590203,KUKATPALLY Bus Depot
3779,5SzsfqdH,Chennapur Ntr Statue,Chennapur Ntr Statue,17.51537199,78.5711436,NTR STATUE twd Dammaiguda
3780,5iLUsn8J,Pragathi Nagar-Nagaram,Pragathi Nagar-Nagaram,17.51133579,78.57727645,PRAGATHI NAGAR twd Dammaiguda
3781,q9hJb8Ov,Sai Nagar Dammaiguda,Sai Nagar Dammaiguda,17.50469264,78.58569592,SAI NAGAR twd Dammaiguda
3782,FoYz5Wmw,Saket,Saket,17.49321195,78.57690095,SAKET twd Secunderabad
3783,QEs7pixE,Gr Reddy Nagar,Gr Reddy Nagar,17.49201602,78.57499525,GR REDDY NAGAR BUS STOP twd Chennapur NTR Statue
3784,I5Y0Wocj,Jai Jawan Colony,Jai Jawan Colony,17.49038789,78.57264431,JAI Jawan Colony twd Chennapur NTR Statue
3785,T5vW7Yrt,Kapra,Kapra,17.48654033,78.56649935,KAPRA twd Secunderabad
3786,Cyb81p6Q,Kapra,Kapra,17.48655313,78.56646985,KAPRA BUS STOP twd Chennapur NTR Statue
3787,Jne1oAbE,Saket,Saket,17.49327849,78.57692107,SAKHETH twd Chennapur NTR Statue
3788,YfgpfhXj,Sai Nagar Dammaiguda,Sai Nagar Dammaiguda,17.50464148,78.58564898,SAI NAGAR twd Chennapuram NTR Statue
3789,sPzG4Sec,Ambedkar Nagar Dammaiguda,Ambedkar Nagar Dammaiguda,17.50673903,78.58381838,AMBEDKAR NAGAR twd Chennapuram NTR Statue
3790,NRqt1d5L,Pragathi Nagar-Nagaram,Pragathi Nagar-Nagaram,17.51152484,78.57687414,PRAGATHI NAGAR twd Chennapuram NTR Statue
3791,mLCBQltx,Malaysiya Town Ship,Malaysiya Town Ship,17.47972227,78.39013875,MALAYSIAN Township twd RGIA
3792,sLxLseQF,Siddhi Vinayak Nagar,Siddhi Vinayak Nagar,17.45983446,78.38492017,SIDDHI Vinayak Nagar twd Hitech city
3793,gHcPg1Kk,Vivekananda Nagar Clny,Vivekananda Nagar Clny,17.49627278,78.40599062,VIVEKANANDA NAGAR twd Yellamma banda
3794,n7mc4Fp9,Bhagyanagar Twd Yellamma Banda,Bhagyanagar Twd Yellamma Banda,17.50301203,78.40810954,BHAGYANAGAR twd Yellamma banda
3795,qKWHF5ur,Yellamma Banda,Yellamma Banda,17.50719186,78.40766966,YELLAMMABANDA twd Shapur
3796,KWhWVdjP,Ntr Nagar Kphb,Ntr Nagar Kphb,17.50825974,78.40990797,NTR NAGAR twd Shapur
3797,FFEMbsZQ,Sikh Basthi Twd Shapur,Sikh Basthi Twd Shapur,17.51318763,78.41287315,SIKH BASTHI twd Shapur
3798,ohemmM4a,Mahadevpur Colony,Mahadevpur Colony,17.519,78.414,MAHADEVPUR COLONY twd Shapur
3799,aCtwVCJB,Gajularamaram Bus Stop,Gajularamaram Bus Stop,17.524857,78.42347,GAJULARAMARAM twd Secunderabad
3800,rSdeEvSa,Yellamma Temple,Yellamma Temple,17.526,78.251,YELLAMMA TEMPLE twd Shankerpally
3801,QMFFzVse,Pati X Roads,Pati X Roads,17.524,78.248,PATI X ROAD twd Shankerpally
3802,fQDEZ4rz,Patighanpur,Patighanpur,17.50716112,78.24301989,PATIGHANPUR twd Kollur
3803,5cA40ojD,Ghanpur X Road,Ghanpur X Road,17.51171402,78.22104692,GHANPUR X Road twd Patancheruvu
3804,cuhZqjDz,Velemela,Velemela,17.48017759,78.23894262,VELLEMALA twd Kollur
3805,g8HAkAe2,Kondakal,Kondakal,17.487178,78.217451,VELLEMALA TANDA twd Patancheru
3806,G89VJ54K,Velemela,Velemela,17.48043605,78.23885947,VELLEMALA twd Patancheruvu
3807,CdYhbx42,Patighanpur,Patighanpur,17.50709951,78.24152815,PATIGHANPUR twd Isnapur
3808,rr0iNlzF,Beeramguda,Beeramguda,17.5169988,78.29995215,BEERAMGUDA Village twd Sultanpur
3809,DFvMC2b0,Bhel M Enclave,Bhel M Enclave,17.53974668,78.29726458,BHEL METRO ENCLAVE twd Sulthanpur
3810,KuWi92Ml,Kistareddypet,Kistareddypet,17.55034464,78.29696683,KISTAREDDYPET twd Bonthapally
3811,c18Zo903,Sultanpur-Patancheru,Sultanpur-Patancheru,17.5550893,78.30870155,SULTANPUR
3812,AwojQOb8,Kistareddypet,Kistareddypet,17.55025944,78.29708978,KISTAREDDYPET
3813,J36uxTcB,Bhel M Enclave,Bhel M Enclave,17.53977737,78.29744697,BHEL METRO ENCLAVE twd Lingampally
3814,CDuNNiUT,Raghavendra Colony,Raghavendra Colony,17.53053942,78.29856277,RAGHAVENDRA COLONY twd Lingampally
3815,WOfaNNvQ,Vbit Park,Vbit Park,17.43390916,78.38594645,VBIT Park
3816,bReLVkjY,Ellenki College,Ellenki College,17.54899957,78.28358799,ELLENKI COLLEGE twd Patancheru
3817,8vSqjJ3u,Gandigudem,Gandigudem,17.55913154,78.32829235,GANDIGUEM twd Sulthapur
3818,e3PvYJhF,Bollaram Railway Station,Bollaram Railway Station,17.53382912,78.51606359,BOLLARAM RAILWAY STATION RTC BUS STOP
3819,Jmrel65R,Allwyn Colony,Allwyn Colony,17.50494414,78.41415518,ALLWYN Colony
3820,k29v5UHY,My Villas,My Villas,17.45044212,78.59790804,MY Villas twd Nacharam
3821,0dlNfCfi,Shakti Sai Nagar,Shakti Sai Nagar,17.44590798,78.58239948,SHAKTI Sai Nagar X Road twd Mallapur
3822,r5DiM60F,Suraj Nagar,Suraj Nagar,17.43267894,78.59792612,SURAJNAGAR twd Mallapur
3823,bu3V4DUE,Bolliguda,Bolliguda,17.433858,78.59240279,BOLLIGUDA twd Mallapur
3824,ez35LCXj,Alwal Raithu Bazar Twd Hakimpet,Alwal Raithu Bazar Twd Hakimpet,17.50692578,78.51604698,ALWAL RAITHU BAZAR twd Hakimpet
3825,m4rGC1CO,Kot Temple-Bolarum,Kot Temple-Bolarum,17.53597941,78.52409901,KOT TEMPLE twd Kondapur
3826,dz2wA4q5,Yamjal X Roads,Yamjal X Roads,17.55563355,78.53820747,YAMJAL X ROAD twd Kondapur
3827,iUW9mdHN,Ap Sport School,Ap Sport School,17.55962198,78.54436559,A.P SPORTS SCHOOL twd Kondapur
3828,JCTUCJdZ,Thumkunta-Shamirpet,Thumkunta-Shamirpet,17.56696164,78.55408072,THUMKUNTA twd Kondapur
3829,aD5PABh8,Dongala Mysamma Temple,Dongala Mysamma Temple,17.57378647,78.56594414,DONGALA Maisamma twd Kondapur
3830,f5cGi9ma,Soul Darga,Soul Darga,17.58601247,78.57305469,SOUL DARGA twd Kondapur
3831,xHdFjZpD,Shamirpet Hospital,Shamirpet Hospital,17.59404718,78.56949015,HOSPITAL twd Kondapur
3832,elXjVCzq,Shamirpet,Shamirpet,17.59598682,78.56894854,SHAMIRPET twd Siddipet
3833,xWmOgsbe,Mro Shamirpet,Mro Shamirpet,17.60604686,78.56882212,SHAMIRPET M.R.O twd Kondapur
3834,EifjhZ6S,Aliabad X Road,Aliabad X Road,17.61936996,78.57164383,ALIYABAD X RD twd Yadagirigutta
3835,Doxv2Lfe,Hbl Company-Aliabad,Hbl Company-Aliabad,17.62470242,78.58433067,HBL COMPANY twd Aliabad
3836,YJME5u7L,Aliabad Shamirpet,Aliabad Shamirpet,17.62524701,78.59479666,ALIABAD twd Secundrabad
3837,5d0ZqzGv,Lalgadi Malakpet,Lalgadi Malakpet,17.63120568,78.60659561,LALGADIMALAKPET twd Kondapur
3838,2vmnB6h7,Kolthur X Rd,Kolthur X Rd,17.62782628,78.61694634,KOLTHUR X ROADS twd Kondapur
3839,6uArypJ2,Jaggamguda,Jaggamguda,17.62543362,78.625052,JAGGAMGUDA twd Kondapur
3840,4d7W6g6K,Jaggamguda,Jaggamguda,17.62535179,78.62500638,JAGGAMGUDA twd Secundrabad
3841,VXDfDbgv,Kolthur X Rd,Kolthur X Rd,17.62785183,78.61688196,KOLTHUR X ROADS twd Secunderabad
3842,n5cuXNzM,Lalgadi Malakpet,Lalgadi Malakpet,17.63110085,78.60658756,LALGADIMALAKPET twd Secundrabad
3843,jDVJCH8E,Hbl Company-Aliabad,Hbl Company-Aliabad,17.62458751,78.58434945,HBL COMPANY twd Secunderabad
3844,wFjdBaNP,Aliabad X Road,Aliabad X Road,17.61929263,78.57150335,ALIYABAD X RD twd Secunderabad
3845,0cojhOrX,Mro Shamirpet,Mro Shamirpet,17.60581057,78.56888112,SHAMIRPET M.R.O twd Secundrabad
3846,pG1KmNKX,Shamirpet,Shamirpet,17.5951747,78.56919497,SHAMIRPET twd JBS
3847,PAZtgtOq,Soul Darga,Soul Darga,17.58604093,78.57316095,SOUL DARGA twd Secundrabad
3848,8GQBsdck,Dongala Mysamma Temple,Dongala Mysamma Temple,17.57367009,78.56596828,DONGALA Maisamma twd Secundrabad
3849,2rfppA4l,Thumukunta,Thumukunta,17.56451733,78.55181057,THUMKUNTA twd Secunderabad
3850,GkpN8fs1,Ap Sport School,Ap Sport School,17.55923874,78.54415123,TG SPORTS SCHOOL twd Secundrabad
3851,rJgdVSsn,Kowkoor X Road,Kowkoor X Road,17.52706739,78.52271497,KOWKUR X ROAD twd Secundrabad
3852,K8uPZ4DW,Aliabad X Road,Aliabad X Road,17.61931883,78.57138097,ALIYABAD X Road twd Siddipet
3853,niaTBwCg,Majidpur Shamirpet,Majidpur Shamirpet,17.62804356,78.56908768,MAJIDPUR X ROAD twd Medchal
3854,XRYFQCIi,Kolthur X Road Twd Turkapally,Kolthur X Road Twd Turkapally,17.64625087,78.57896089,KOLTHUR X ROAD twd Turkapally
3855,JOFzip1M,Muraharipally-Medchal,Muraharipally-Medchal,17.66380016,78.58795535,MURARIPALLY twd Thurkapally
3856,hLTRHtcR,Turkapally-Shameerpet,Turkapally-Shameerpet,17.67208252,78.59320066,TURKAPALLY twd Kolthur
3857,zqBVmun0,Turkapally-Shameerpet,Turkapally-Shameerpet,17.67228825,78.59304584,TURKAPALLY twd JBS
3858,3YHRoJA3,Kolthur X Road Twd Shamirpet,Kolthur X Road Twd Shamirpet,17.64607579,78.57917413,KOLTHUR X ROAD twd Shamirpet
3859,5vUOzmjl,Kesavaram-Shamirpet,Kesavaram-Shamirpet,17.63352414,78.65234889,KESAVARAM twd Kondapur
3860,FV23u6uw,Kesavaram-Shamirpet,Kesavaram-Shamirpet,17.63342964,78.65230597,KESHAVARAM twd Aliyabad
3861,tIJisIst,Dongala Mysamma Temple,Dongala Mysamma Temple,17.5730168,78.56628209,DONGALA MAISAMMA twd BITS
3862,3Rj8rEvz,Bitsphilani X Road,Bitsphilani X Road,17.56120546,78.5741061,BITS Philani X Road twd Collector Office
3863,1VAzYJNM,Anthai Pally,Anthai Pally,17.55711902,78.57650667,ANTHAIPALLY twd Yadgarpally
3864,HKu52U9n,Dharmavaram-Keesara,Dharmavaram-Keesara,17.5474088,78.6113539,DHARMARAM twd Anthaipally
3865,hN82bvHM,Thimmaipally,Thimmaipally,17.54641909,78.61591369,THIMMAIPALLY twd Dharmaram
3866,lHO9llEk,Narsampally,Narsampally,17.55507062,78.62257361,NARSAMPALLY twd Yadgarpally
3867,BXLc9GWX,Narsampally,Narsampally,17.55491718,78.62286329,NARSAMPALLY VILLAGE twd Dharmaram
3868,XBXjyyAt,Anthai Pally,Anthai Pally,17.55706275,78.57649728,ANTHAIPALLY twd Dongala Maisamma
3869,FyuDBCmw,Bitsphilani X Road,Bitsphilani X Road,17.56114153,78.57404709,BITS PHILANI X RDS twd Thumkinta
3870,Ae0EQtEA,Sv Nagar,Sv Nagar,17.4810929,78.5918298,SV NAGAR twd Nagaram
3871,b4xT13dk,Pg Collegebolarum,Pg Collegebolarum,17.521,78.521,PG COLLEGE twd Kondapur
3872,Db3JKMeQ,Sadhana Mandhir,Sadhana Mandhir,17.52238513,78.52175467,S.MANDIR twd Kondapur
3873,h7Lnkk8F,Collector Office,Collector Office,17.56329222,78.5832417,MEDCHAL Collector Office
3874,JFDBO4Lz,Upparpally,Upparpally,17.57664925,78.58799458,UPPERPALLY twd Ivy League
3875,s69H99zg,Upparpally,Upparpally,17.57644718,78.58795166,UPPARAPALLY twd Myasmma
3876,46eSOGf0,Collector Office,Collector Office,17.56329957,78.58312905,MEDCHAL Collector Office twd Hakimpet
3877,p0nkYYZK,Sadhana Mandhir,Sadhana Mandhir,17.52231869,78.52205488,S.MANDIR twd Secunderabad
3878,V8eC6s0O,Pg Collegebolarum,Pg Collegebolarum,17.521,78.521,PG COLLEGE twd Secundrabad
3879,cNKKeb61,Subash Nagar Auto Stand,Subash Nagar Auto Stand,17.51488855,78.45568255,AUTOSTAND twd Shubashnagar
3880,nlBMjIQU,Subhash Nagar Jeedimetla,Subhash Nagar Jeedimetla,17.51340499,78.46056011,SUBASH NAGAR Jeedimetla
3881,ERB7imjF,Risala Bazar,Risala Bazar,17.52705848,78.52284908,RISALA Bazar Eagle twd JBS
3882,7WTD9WVI,Bowrampet,Bowrampet,17.56228364,78.40115726,BOWRAMPET Village
3883,mS3BPwsV,Shambhupur,Shambhupur,17.563,78.374,SHAMBUPUR twds Mallampet
3884,h1FtWrAa,Hmt Hills Colony,Hmt Hills Colony,17.50286923,78.3919841,HMT HILLS Colony twd Pragathi Nagar
3885,WiDnh2LP,Hmt Hills Colony,Hmt Hills Colony,17.5054064,78.3958733,HMT Hills Twd Aditya Nagar
3886,b31lgmJs,Pragathi Nagar,Pragathi Nagar,17.52085466,78.39629173,PRAGATHI NAGAR
3887,bhKHUJCL,Aleap X Roads,Aleap X Roads,17.532,78.394,ALEAP BUS STOP twd Bachupally X Roads
3888,Vrl7Cdak,Sai Nagar,Sai Nagar,17.52967,78.3943,SAINAGAR twd Pragathinagar kaman
3889,xKpoHCey,Sai Nagar,Sai Nagar,17.5294959,78.3944571,SAINAGAR twd JNTU
3890,5ZYARdRr,Aleap X Roads,Aleap X Roads,17.53169532,78.39412988,ALEAP BUS STOP twd JNTU
3891,UgiXENyi,Hmt Hills Colony,Hmt Hills Colony,17.50525808,78.39601546,HMT HILLS twd JNTU
3892,aLph5tcL,New Lb Nagar Jeedimetla,New Lb Nagar Jeedimetla,17.514068,78.441878,NLB NAGAR twd Bachupally
3893,xlTBnHhq,Roda Mestry Nagar,Roda Mestry Nagar,17.518303,78.435909,RODAMESTRI Nagar twd Secunderabad
3894,Xb0eMbFL,Usha Mallapudi Hospital (Umcc Hospital),Usha Mallapudi Hospital (Umcc Hospital),17.52244688,78.42915416,UMCC HOSPITAL twd KPHB
3895,OuqgmAH0,Usha Mallapudi Hospital (Umcc Hospital),Usha Mallapudi Hospital (Umcc Hospital),17.52254911,78.42930971,UMCC HOSPITAL twd  shapur
3896,mPivJW5V,New Lb Nagar Jeedimetla,New Lb Nagar Jeedimetla,17.514099,78.442001,NLB NAGAR twd Secunderabad
3897,eBk2OnHs,Maithrivanam,Maithrivanam,17.43617645,78.44438106,MAITRIVANAM twd MGBS
3898,T5C6BNBt,Ramakrishna Nagar,Ramakrishna Nagar,17.49299642,78.45938932,Ramakrishna Nagar
3899,4erJLEDQ,Dilkushnagar,Dilkushnagar,17.49025514,78.45871461,Dilkush Nagar
3900,yFZqojT8,Gajularamaram Bus Stop,Gajularamaram Bus Stop,17.524668,78.423433,GAJULARAMARAM twd Bachupally
3901,d6rMTxRn,Devender Nagar Colony Jeedimetla,Devender Nagar Colony Jeedimetla,17.5281595,78.41482581,DEVENDER NAGAR twd shapur
3902,qg0Bi3Bn,Kaisar Nagar,Kaisar Nagar,17.53439922,78.40403481,KAISAR Nagar
3903,NQAPq09K,Srinivas Nagar-Jeedimetla,Srinivas Nagar-Jeedimetla,17.51608436,78.43850702,SRI NIWAS Nagar twd Bachupally
3904,ulN5NoeC,Hal Colony,Hal Colony,17.52079551,78.43163319,HAL COLONY twd Balanagar
3905,c3U62ake,Mahadevpur Colony,Mahadevpur Colony,17.519,78.414,MAHADEVPUR COLONY twd KPHB
3906,2vPEPSzJ,Sikh Basthi,Sikh Basthi,17.51304946,78.41286242,SIKH BASTHI twd KPHB
3907,sEPfG8km,Ntr Nagar,Ntr Nagar,17.50824575,78.41001391,NTR NAGAR twd KPHB
3908,EBDKVDHP,Yellamma Banda,Yellamma Banda,17.50706392,78.40776086,YELLAMMABANDA twd KPHB
3909,7piSZw6Q,Bhagyanagar-Kukatpally,Bhagyanagar-Kukatpally,17.5029711,78.40800762,BHAGYANAGAR twd Kphb
3910,uEEfqjP0,Vivekananda Nagar Clny,Vivekananda Nagar Clny,17.49649406,78.40639293,VIVEKANANDA NAGAR twd Kphb
3911,v4SMnx7i,Roda Mestry Nagar,Roda Mestry Nagar,17.518065,78.435954,RODAMESHTRINAGAR twd Bachupally
3912,vXctIq2d,Kphb Lodha Apartment,Kphb Lodha Apartment,17.47302948,78.39347139,KPHB Lotha Apartment
3913,FORfzpe1,Pvr Mall Bus Stop,Pvr Mall Bus Stop,17.429381,78.450406,PVR Mall twd Patancheruvu
3914,iiOcuMIq,Suraram Rajiv Gruha Kalpa,Suraram Rajiv Gruha Kalpa,17.55,78.439,SURARAM RAJIV Gruha Kalpa
3915,PpbFlFVq,Dommari Pochampally,Dommari Pochampally,17.58779906,78.41321111,DOMMARI Pochampally twd Medak
3916,CtHbmpn2,Dundigal X Roads,Dundigal X Roads,17.59611625,78.40336706,DUNDIGAL  X ROAD twd Medak
3917,wBgsCBEM,Gagillapur,Gagillapur,17.60639042,78.39169141,GAGILAPUR twd Medak
3918,94y4577b,Gagilla Puram Church,Gagilla Puram Church,17.613,78.389,GAGILLAPUR CHURCH  twd Narsapur
3919,301eSlUC,Prakruthi Nivas Annaram,Prakruthi Nivas Annaram,17.628,78.384,PRAKRUTHI NIVAS twd Annaram
3920,iCvP5Zgi,Annaram-Dundigal,Annaram-Dundigal,17.63588348,78.38271439,ANNARAM twd Medak
3921,rY0PHBoR,Annaram-Manakondur,Annaram-Manakondur,17.6358643,78.38287264,ANNARAM twd MGBS
3922,iFuy2E4v,Prakruthi Nivas Annaram,Prakruthi Nivas Annaram,17.62807422,78.38434794,PRAKRUTHI NIVAS twd Balanagar
3923,lPBVtwp9,Gagilla Puram Church,Gagilla Puram Church,17.61396055,78.38921607,GAGILLAPUR CHURCH twd Balanagar
3924,fL0mmYfH,Gagillapur,Gagillapur,17.60629367,78.39186743,GAGILAPUR twd Gandimaissama
3925,0eXAjXzq,Dundigal X Roads,Dundigal X Roads,17.59618749,78.4034284,DUNDIGAL  X ROAD twd Gandimaissama
3926,5JUfwKc1,Dommari Pochampally,Dommari Pochampally,17.58789783,78.41326911,DOMMARI Pochampally twd Gandimaisamma
3927,ivK5J2hy,Ambedkar Nagar-Nagaram,Ambedkar Nagar-Nagaram,17.48004462,78.61992359,AMBEDKAR Nagar twd RTC Colony
3928,RpIJwiq3,Ghatkesar,Ghatkesar,17.44347735,78.67188167,GHATKESAR twd Bogaram
3929,MUJi4Zqf,Outer Ring Road Junction Twd Nagaram,Outer Ring Road Junction Twd Nagaram,17.44326592,78.67183104,OUTER RING ROAD JUNCTION twd Nagaram
3930,01tUbAym,Ambedkar Nagar-Nagaram,Ambedkar Nagar-Nagaram,17.47984507,78.61997187,AMBEDKAR Nagar twd Rampally x road
3931,o6hwsBLj,Bokkoniguda,Bokkoniguda,17.44239464,78.69698616,BOKONIGUDA twd GHATKESAR
3932,5TnXm9ox,Nfc Nagar,Nfc Nagar,17.44123538,78.70005996,NFC NAGAR MAIN ROAD twd GHATKESAR
3933,bWzSYBEo,Nfc Nagar,Nfc Nagar,17.452401,78.706753,NFC NAGAR
3934,EPbTTRNg,Vivekananda Nagar,Vivekananda Nagar,17.45408067,78.39747459,VIVEKANANDA NAGAR twd Borabanda
3935,7e8NqBw1,Allapur Borabanda,Allapur Borabanda,17.456,78.409,ALLAPUR twd Borabanda
3936,rcOHs7BL,Quthubullapur,Quthubullapur,17.50744759,78.45872819,QUTHBULLAPUR VILLAGE twd Cintal
3937,57VfMweB,Mile Stone,Mile Stone,17.41107895,78.33108461,FAMILY Dhaba twd Gachibowli
3938,54aomdtX,Kakatiya Colony-Chengicherla,Kakatiya Colony-Chengicherla,17.43954395,78.60815135,KAKATIYA COLONY twd FCI
3939,zfYfB0sO,Gajula Ramaram,Gajula Ramaram,17.51091,78.4474,GAJULARAMARAM X ROAD twd Gajula ramaram
3940,BcMylTQs,Hal Colony,Hal Colony,17.52058996,78.43179883,HAL COLONY twd Bachupally
3941,DoNmGoId,Srinivas Nagar-Jeedimetla,Srinivas Nagar-Jeedimetla,17.5162058,78.43855266,SRI NIWAS Nagar twd shapur
3942,BqwLkfab,Sri Ram Nagar-Jeedimetla,Sri Ram Nagar-Jeedimetla,17.51293178,78.4319973,SRIRAM NAGAR twd Rodamestri Nagar
3943,Wei439yS,Sriniwasa Colony Hyd Bus Stop,Sriniwasa Colony Hyd Bus Stop,17.5112781,78.42424301,SRINIVAS NAGAR
3944,s9QIgpfI,Jagadgiri Gutta,Jagadgiri Gutta,17.50131989,78.42929363,JAGATHGIRI GUTTA twd IDPL
3945,OM1AQGhB,Cheeryal X Road,Cheeryal X Road,17.507,78.628,CHEERYAL X ROAD twd Keesara
3946,seILkUNn,Kundanpally X Roads,Kundanpally X Roads,17.51125892,78.63770127,KUNDANPALLY X ROAD twd Keesara
3947,gA2HH55p,Kundanpally,Kundanpally,17.499,78.638,KUNDANPALLY twd Keesara
3948,2UCMuYtz,Godumakunta,Godumakunta,17.49000016,78.64709839,GODUMAKUNTA twd Keesara
3949,gMWqCqd2,Uk College,Uk College,17.48432213,78.65052223,U K COLLEGE twd Keesara
3950,v2Tf94sk,Rampally Dayara,Rampally Dayara,17.50077121,78.65891755,RAMPALLY DAYARA twd Keesara
3951,Nkb9WAXH,Keesara Daira,Keesara Daira,17.50697693,78.66122961,KEESARA DAYARA  twd Keesara
3952,I5J5wP2S,Keesara Village,Keesara Village,17.5250353,78.66726458,KEESARA VILLAGE twd Gutta
3953,BhKF7d4s,Keesara X Roads,Keesara X Roads,17.53919426,78.67256999,KEESARA KAMAN twd Ankireddypally
3954,So1oBwMw,Keesaragutta,Keesaragutta,17.53126594,78.68875972,KEESARAGUTTA
3955,DgQ93yDv,Keesara X Roads,Keesara X Roads,17.539,78.673,KEESARA KAMAN twd ECIL
3956,mHI0MgiY,Keesara Village,Keesara Village,17.52448283,78.667624,KEESARA VILLAGE twd ECIL
3957,p8dJBhHN,Keesara Daira,Keesara Daira,17.50665462,78.6613369,KEESARA DAYARA twd Godumakunta
3958,k0o05X3H,Rampally Dayara,Rampally Dayara,17.50057175,78.65885317,RAMPALLY DAYARA twd Godumakunta
3959,eSgR5DbE,Uk College,Uk College,17.48455749,78.6503613,U K COLLEGE twd Kundanpally
3960,zqiJ0ADI,Godumakunta,Godumakunta,17.49001806,78.64706619,GODUMAKUNTA twd Kundanpally
3961,6sLptaiS,Kundanpally,Kundanpally,17.49906239,78.63776565,KUNDANPALLY twd Kushaiguda
3962,uGiTEx2Y,Kundanpally X Roads,Kundanpally X Roads,17.51108242,78.63784611,KUNDANPALLY X ROAD twd ECIL
3963,9bBqvItR,Srl Colony,Srl Colony,17.51348428,78.64377379,SRL Colony twd Ankireddypally
3964,u8KX5asa,Mile Stone,Mile Stone,17.51677113,78.64885122,KM STONE twd Ankireddypally
3965,YXRAlMLN,Keesara Police Station,Keesara Police Station,17.523,78.659,M.R.O OFFICE POLICE STATION twd AnkireddyPally
3966,N7KlFn4s,Bogaram,Bogaram,17.50674415,78.68698552,BOGARAM
3967,ZsZ2SGPs,Mile Stone,Mile Stone,17.61005426,78.4126532,DUNDIGAL TANKBUND twd Nagulur
3968,iGGiZNTl,Nagulur,Nagulur,17.62255007,78.42627881,NAGULURU
3969,eeJjdBY4,Mile Stone,Mile Stone,17.6100287,78.41273903,DUNDIGAL TANKBUND twd Dundigal
3970,97QJ1Fbc,Mile Stone,Mile Stone,17.59524632,78.40143099,DUNDIGAL THANDA
3971,7JkFPrga,Saregudam,Saregudam,17.58631803,78.40839922,SAREGUDAM
3972,pBBJ9iXH,Double Bedroom,Double Bedroom,17.5784,78.4309,GANDIMAISAMMA Double Bed Room
3973,eEGah1ED,Subash Nagar Auto Stand,Subash Nagar Auto Stand,17.51489367,78.45565438,AUTOSTAND twd Shapur nagar
3974,rs25Q71W,Fathe Nagar,Fathe Nagar,17.45893574,78.44992787,FATHENAGAR twd Balkampet
3975,R6XFtRKP,Sanath Nagar Bus Station,Sanath Nagar Bus Station,17.45517854,78.45009092,SANATHNAGAR twd Balkampet
3976,gqJfT8xH,Balkampet,Balkampet,17.4475686,78.44939811,BALKAMPET TEMPLE
3977,cFthc4qx,Sbi-Bank,Sbi-Bank,17.44262237,78.44858274,SBI twd Greenlands
3978,E1EICTDa,Yashodha Hospital-Somajiguda,Yashodha Hospital-Somajiguda,17.42467226,78.45747159,YASHODA HOSPITAL twd Khairatabad
3979,EFRnStUc,Villameeri College,Villameeri College,17.42259829,78.46249626,VILLAMERY COLLEGE twd Khairatabad
3980,q9h5qi72,Raj Bhavan,Raj Bhavan,17.42024363,78.46229284,RAJBHAVAN twd Khairatabad
3981,EPkRJ4p0,Govt School Bahadurpally,Govt School Bahadurpally,17.56,78.441,GOVERNMENT SCHOOL twd Indiramma Colony
3982,eu8dk5sa,Indiramma Colony Bahadurpalle,Indiramma Colony Bahadurpalle,17.569,78.443,INDIRAMMA Colony
3983,DVEzttkz,Afa Building Twd Shopping Complex,Afa Building Twd Shopping Complex,17.64782537,78.3949398,AFA BUILDING twd Shopping complex
3984,mWAGUWOr,Air Force Academy Shopping Mall,Air Force Academy Shopping Mall,17.652053,78.39603424,ANNARAM AFA SHOPPING COMPLEX
3985,rf4S2v3e,Bollaram X Road,Bollaram X Road,17.53582118,78.35405733,BOLARAM INDUSTRY AREA twd IDA
3986,FNZT9Lpc,Bolaram Village Bus Stop,Bolaram Village Bus Stop,17.55326004,78.35032937,GANDHI STATUE twd Miyapur
3987,WtQdjdtc,Bollaram Busstand,Bollaram Busstand,17.55723248,78.3484247,BOLARAM twd Sulthanpur
3988,4HzzBIo0,Bollaram Bazar,Bollaram Bazar,17.54924597,78.34902685,BOLARAM VILLAGE ROAD twd Mallampet
3989,SM3JD5NY,Bollaram X Road,Bollaram X Road,17.53595386,78.35416227,BOLARAM INDUSTRY AREA twd Miyapur
3990,Cn7zdBff,Gaddapotharam,Gaddapotharam,17.60169051,78.37147276,GADDAPOTHARAM twd Jinnaram
3991,U8HN0OKx,Darga,Darga,17.6362624,78.33921308,DARGA TWD JINNARAM
3992,0S0IrGWg,Vailal-Jinnaram,Vailal-Jinnaram,17.621,78.352,VAILAL twd Secunderabad
3993,une0exw6,Chowdariguda,Chowdariguda,17.25105433,78.33859959,CHOWDARIGUDA TWD JINNARAM
3994,fOCBISZQ,Laxmipathigudem-Jinnaram,Laxmipathigudem-Jinnaram,17.61951312,78.33188117,LAXMIPATHIGUDEM twd Shivanagar
3995,CML2zLVE,Nalthur,Nalthur,17.59878816,78.32589079,NALTHUR twd Jinnram
3996,EizYYfaa,Kodakanchi X Road-Jinnaram,Kodakanchi X Road-Jinnaram,17.61822222,78.32072318,KODAKANCHI X ROAD twd Bonthapally
3997,SqRTasgM,Jinnaram-Medak,Jinnaram-Medak,17.63278791,78.33023161,JINNARAM Twd Shivanagar
3998,MmUX9a9e,Ootla Village,Ootla Village,17.63201712,78.3082809,OOTLA VILLAGE twd Jinnaram
3999,x38Oyzfu,Mile Stone,Mile Stone,17.63502147,78.30046994,DADIGUDEM twd Solakpally
4000,8YthiUi0,Solakpalle-Jinnaram,Solakpalle-Jinnaram,17.64008058,78.28195721,SOLAKPALLE twd Patancheru
4001,cnEnX6u6,Rallakatva,Rallakatva,17.63053078,78.28029692,RALLAKATVA twd Patancheru
4002,S00krHNH,Shivanagar-Jinnaram,Shivanagar-Jinnaram,17.6119154,78.2735002,SHIVANAGAR twd Narsapur
4003,eMJfM9sa,Shivanagar-Jinnaram,Shivanagar-Jinnaram,17.61204834,78.27385962,SHIVANAGAR twd Patancheru
4004,OuqKjq5E,Rallakatva,Rallakatva,17.63031862,78.2802406,RALLAKATVA twd Narsapur
4005,K7FihUbE,Solakpalle-Jinnaram,Solakpalle-Jinnaram,17.63989143,78.28179359,SOLAKPALLE twd Narsapur
4006,XOS8BMy9,Jinnaram-Medak,Jinnaram-Medak,17.632,78.332,JINNARAM
4007,QyWBMaqj,Kodakanchi X Road-Jinnaram,Kodakanchi X Road-Jinnaram,17.61809947,78.32074195,KODAKANCHI X ROAD twd Secunderabad
4008,lUNrtFm6,Nalthur,Nalthur,17.59874214,78.32594979,NALTHUR  twd Secundrabad
4009,zHbpWi80,Laxmipathigudem-Jinnaram,Laxmipathigudem-Jinnaram,17.61953357,78.33183825,LAXMIPATHIGUDEM twd Secunderabad
4010,BsTrBUjk,Vavilala,Vavilala,17.62181942,78.35332325,VAVILALA TWD JINNARAM
4011,MqsccDPq,Gaddapotharam,Gaddapotharam,17.60174836,78.37152586,GADDAPOTHARAM twd Secunderabad
4012,Ilw9IWnd,Ameenpur Malakpet Bus Stop,Ameenpur Malakpet Bus Stop,17.55462469,78.34861513,AMEENPUR Mallampet twd Bachupally
4013,Yw0VbA3G,Santhosh Theatre,Santhosh Theatre,17.55145106,78.35076492,SANTOSH Theatre twd MIyapur
4014,dnAr2kQZ,Shapur Nagar X Roads,Shapur Nagar X Roads,17.51143285,78.44813347,SHAPUR NAGAR X ROAD twd Shuchitra
4015,cL6i8GPk,Sri Krishna Nagar Colony,Sri Krishna Nagar Colony,17.542,78.421,SRI KRISHANA Nagar
4016,JtCrLUEn,Suraram Village,Suraram Village,17.54799701,78.42705131,SURARAM Village
4017,HoGUhPo3,Vishwa Karma Colony,Vishwa Karma Colony,17.55,78.423,VISHWA KARMA Colony
4018,1jXCYCo0,Bahadur Pally Double Bed Room,Bahadur Pally Double Bed Room,17.55661075,78.44089352,BAHADURPALLY DOBULBEDROOMS
4019,CXzgLfcd,Ootla X Road,Ootla X Road,17.63135471,78.3197176,OOTLA X RAOD twd Jinnaram
4020,BDzzTdzi,Jinnaram-Medak,Jinnaram-Medak,17.63286204,78.33004117,JINNARAM twd Secunderabad Stationn
4021,0m2hTWv3,Ootla X Road,Ootla X Road,17.63059724,78.32005798,OOTLA X ROAD twd Patancheru
4022,nMcnr829,Quthubullapur X Road,Quthubullapur X Road,17.50765223,78.45984936,QUTHUBULLAPUR X ROAD twd Shapur
4023,OCwTJcep,Kardanur,Kardanur,17.515,78.231,KARTHANOOR twd Shankerpally
4024,QF3qS7cJ,Ghanpur X Road,Ghanpur X Road,17.51139704,78.22103083,GHANPUR X Road twd Shankerpally
4025,0vtd1yqH,Nandigam Patancheru,Nandigam Patancheru,17.50462644,78.20053071,NANDIGAMA  twd Shankerpally
4026,JIImIqE3,Rami Reddy College,Rami Reddy College,17.49718225,78.190687,RAMIREDDY COLLEGE twd Shankerpally
4027,JxM9ofIk,Bhanoor,Bhanoor,17.49,78.179,BHANOOR twd Shankerpally
4028,u6kmkguW,Lahari Resorts Patancheru,Lahari Resorts Patancheru,17.494,78.186,LAHARI Resorts twd Shankerpally
4029,KWZbzsHF,Bdl Factory,Bdl Factory,17.47075795,78.1627357,BDL FACTORY twd Shankerpally
4030,vaER22Ew,Bdl Factory,Bdl Factory,17.47085224,78.16262841,BDL FACTORY twd Patancheru
4031,FqFA9kjC,Bhanoor,Bhanoor,17.48984795,78.17833543,BHANOOR twd Patancheru
4032,4PDv59wM,Lahari Resorts Patancheru,Lahari Resorts Patancheru,17.494335,78.18579197,LAHARI RESORTS twd Patancheru
4033,2cAPj1OO,Rami Reddy College,Rami Reddy College,17.49746614,78.1908828,RAMIREDDY COLLEGE twd Patancheru
4034,88jwfM5b,Nandigam Patancheru,Nandigam Patancheru,17.50462486,78.20040733,NANDIGAMA  twd Patancheru
4035,koonRHFA,Kardanur,Kardanur,17.51479391,78.2304132,KARDANUR twd Patancheru
4036,VilswqSg,Pati X Roads,Pati X Roads,17.5242373,78.24789584,PATI X ROAD twd Patancheru
4037,zy5C9xY7,Yellamma Temple-Patancheru,Yellamma Temple-Patancheru,17.52604559,78.25077921,YELLAMMA TEMPLE twd Patancheru
4038,AZAndWqE,Sangareddy X Roads,Sangareddy X Roads,17.48019817,78.13570976,SANGAREDDY X ROAD twd Odf
4039,MzVCQeDG,Tower,Tower,17.48973858,78.13372224,TOWER twd ODF
4040,R7vIlpCe,Odf Eddimailaram,Odf Eddimailaram,17.505,78.147,ODF Bus Stop
4041,TxBgcR5q,Kendriya Vidyalaya,Kendriya Vidyalaya,17.493,78.143,CENTRALSCHOOL twd Ordinance Factory
4042,pxGeuwl0,Tower,Tower,17.4897492,78.13375758,TOWER twd Shankarpally
4043,qrIN8KT2,Narsapur Bs,Narsapur Bs,17.74025997,78.28190256,NARSAPUR Bus Station
4044,RrUhd8lR,Chakirimetlu,Chakirimetlu,17.75179295,78.33048105,CHAKIRIMETLU twd GAJWEL
4045,tdEFdkhl,Chinna Gottimukkala,Chinna Gottimukkala,17.75861844,78.35354805,CHINNA GOTTIMUKKALA Twd Gajwel
4046,jWJeahHV,Chennapur-Shivampet,Chennapur-Shivampet,17.75729015,78.37085366,CHENNAPUR twd Narsapur
4047,2tEdx1m9,Pedda Gottimukkala,Pedda Gottimukkala,17.755,78.381,PEDDA Gottimukkula
4048,I54B5iEi,Gomaram-Shivampet,Gomaram-Shivampet,17.749,78.395,GOMARAM
4049,Aqt2cxKT,Lachireddyguda,Lachireddyguda,17.73165726,78.39345932,LACHIREDDYGUDEM twd Narsapur
4050,UlDkJ1x6,Nawabpet-Shivampet,Nawabpet-Shivampet,17.72282259,78.39374363,NAWABPET twd Medchal
4051,yLtjpFr1,Antharam X Road-Jinnaram,Antharam X Road-Jinnaram,17.69934013,78.39328096,ANANTHARAM X Road twd Gomaram
4052,SlnHwZMc,Gummadidala,Gummadidala,17.68342663,78.36929798,GUMMADIDALA twd Medak
4053,mqy4NLbu,Gummadidala Toll,Gummadidala Toll,17.673161,78.37148398,GUMMADIDALA TOLLGATE twd Medak
4054,xVswe8ku,Bonthapally Kaman,Bonthapally Kaman,17.66191853,78.37337493,BONTHAPALLY KAMAN twd Balanagar
4055,w7i01QeQ,Domadugu,Domadugu,17.65470657,78.37327302,DOMADUGU twd MGBS
4056,eTwBvAm4,Domadugu,Domadugu,17.65920571,78.37356378,DOMADUGU twd Medak
4057,HxC0hvBk,Bonthapally Kaman,Bonthapally Kaman,17.66240919,78.37301016,BONTHAPALLY KAMAN twd Gummadidala
4058,ZCslTRgz,Gummadidalla,Gummadidalla,17.68329885,78.36951256,GUMMADIDALA  twd JBS
4059,FfkFLtzq,Mambapur-Jinnaram,Mambapur-Jinnaram,17.69567195,78.35551682,MAMBAPUR GT twd MGBS
4060,qZreD3rn,Nallavelly Gate-Narsapur,Nallavelly Gate-Narsapur,17.70306728,78.34381677,NALLAVALLY GT twd Medak
4061,mtpsB2nz,Mile Stone,Mile Stone,17.72218386,78.35810779,NALLAVALLY VILLAGE twd Gummadidala
4062,Hae3Rntx,Kothapally,Kothapally,17.78379906,78.33391722,KOTHAPALLY TWD NARSAPUR
4063,zY32ZPs8,Mile Stone,Mile Stone,17.72213787,78.35790395,NALLAVALLY VILLAGE twd Kothapally
4064,orO1ggWf,Mambapur-Jinnaram,Mambapur-Jinnaram,17.68926878,78.35350958,MAMBAPUR
4065,b1rcl49a,Jagadgiri Gutta,Jagadgiri Gutta,17.5012828,78.42924267,JAGADGIRI GUTTA twd Srinivas Nagar
4066,Xm1KvJRc,Kamaan Hyd Bus Stop,Kamaan Hyd Bus Stop,17.49494096,78.43211532,KAMAAN Bus Stop twd IDPL
4067,m50MFoV4,Ranga Reddy Nagar Bus Stop,Ranga Reddy Nagar Bus Stop,17.49423523,78.43379471,RANGA REDDY NAGAR twd IDPL
4068,5iJiNtf5,Chenna Reddy Nagar Industrial Area,Chenna Reddy Nagar Industrial Area,17.4904568,78.44197176,CHENNA REDDY NAGAR INDUSTRIAL AREA twd Bal nagar
4069,htdHXzXi,Resala Bazar Water Tank,Resala Bazar Water Tank,17.52708018,78.52288261,WATER Tank twd Kowkur
4070,FvjlANBq,Kowkoor,Kowkoor,17.52570669,78.53317692,KOWKUR twd Secunderabad
4071,xRWGNAWo,Edunagulapally,Edunagulapally,17.46272378,78.23821306,NAGULAPALLY twd Patancheruvu
4072,PGaDzVp6,Venkata Sai Nagar,Venkata Sai Nagar,17.42618085,78.59627455,VENKAT Sai Nagar twd Boduppal
4073,0fPj6g9P,Bangaru Maisamma Temple,Bangaru Maisamma Temple,17.42075803,78.58543038,BANGARU MAISAMMA twd Uppal
4074,GiNc36mI,Km Stone Twd Hema Nagar,Km Stone Twd Hema Nagar,17.41949123,78.57425094,KM Stone twd Hema Nagar
4075,KfQm26eU,Indra Nagar-Boduppal,Indra Nagar-Boduppal,17.42168477,78.58238775,INDIRANAGAR X  RAOD twd Ccmb colony
4076,z5ginEKI,Km Stone Twd Boduppal,Km Stone Twd Boduppal,17.41951938,78.57426706,KM Stone twd Boduppal
4077,VDNTLi3Y,Bangaru Maisamma Temple,Bangaru Maisamma Temple,17.42074427,78.58537674,BANGARU MAISAMMA twd Chengicherla
4078,ZlwvshVE,Venkata Sai Nagar,Venkata Sai Nagar,17.42612199,78.59615117,VENKAT Sai Nagar twd Chengicherla
4079,m1QjPpBS,Thumukunta,Thumukunta,17.5645755,78.55171434,THUMKUNTA twd Yamjal
4080,6iDo05DY,Pothaipally,Pothaipally,17.56737206,78.53940502,POTHAIPALLY twd Yamzal
4081,QApowssM,Devar Yamjal,Devar Yamjal,17.56749891,78.52327822,DEVARAYAMZAL twd Pudur
4082,YB1phrrY,Devar Yamjal,Devar Yamjal,17.56373739,78.52173463,DEVARAYAMJAL VILLAGE
4083,Qk6D0ONP,Mallareddy Nagar,Mallareddy Nagar,17.52899907,78.53304148,MALLAREDDY NAGAR twd Rajiv Gruha Kalpa
4084,TLX8xcBZ,Samala Convention,Samala Convention,17.53313284,78.53605628,SAMALA CONVENTION twd RGK
4085,3xoK4GSI,Mile Stone,Mile Stone,17.53562651,78.53674024,BHARATHNAGAR twd RGK
4086,SNoldU9h,Mile Stone,Mile Stone,17.53661626,78.53738934,1 ST BLOCK twd RGK
4087,BRdDbq3i,Rajeev Gruha Kalpa Kowkoor,Rajeev Gruha Kalpa Kowkoor,17.53718084,78.53734306,RAJIVGRUHA KALPA twd Kowkoor
4088,WAHEsLq9,Rajeev Gruha Kalpa Kowkoor,Rajeev Gruha Kalpa Kowkoor,17.537849,78.53651777,RAJIV GRUHAKALPA
4089,oBOCxkSO,Ntpc Annojiguda,Ntpc Annojiguda,17.43584634,78.66130739,NTPC ANNOJIGUDA twd Nagireddypally
4090,RYKO6cdw,Nfc X Roads,Nfc X Roads,17.45494037,78.70080829,NFC NAGAR X ROAD twd Nagireddypally
4091,RB3kE4wr,Ankushapur X Roads,Ankushapur X Roads,17.45829752,78.72091411,ANKUSHAPUR X Road twd Nagireddypally N
4092,KHfqph1w,Aushapur Gatkesar,Aushapur Gatkesar,17.46175705,78.73556432,AUSHAPUR twd Pochampally
4093,XnXndB4w,Ms-Capol Twd Bibinagar,Ms-Capol Twd Bibinagar,17.46379326,78.74312282,MS-CAPOL twd Bibinagar
4094,obRprhAV,Capol,Capol,17.468,78.751,CAPOL twd Bibinagar
4095,GljzOO1H,Kondamadugu X Road,Kondamadugu X Road,17.46873765,78.76124717,KONDAMADGU twd Yadagirigutta
4096,CaH39nw4,Ms-Kondamadugu Twd Kondamadugu,Ms-Kondamadugu Twd Kondamadugu,17.47870916,78.76643389,MS-KONDAMADUGU twd Kondamadugu
4097,Cg3PbCpk,Kondamadugu,Kondamadugu,17.48882467,78.76792528,KONDAMADGU twd  Fakeerguda
4098,KavxJpeF,Mahadevpur Village,Mahadevpur Village,17.48867894,78.75432104,MAHADEVPUR Village
4099,PmwYq4Wt,Mile Stone,Mile Stone,17.49301786,78.76827429,KONDAMADUGU TWD MAILARAM
4100,hEkLTAde,Ms1-Nagineni Palle Twd Mailaram,Ms1-Nagineni Palle Twd Mailaram,17.50285087,78.76660019,MS1-NAGINENI PALLE twd Mailaram
4101,gegrY43g,Ms2-Nagineni Palle Twd Mailaram,Ms2-Nagineni Palle Twd Mailaram,17.51785309,78.76716614,MS2-NAGINENI PALLE twd Mailaram
4102,3iYOPRhg,Nageneni-Palli,Nageneni-Palli,17.52610444,78.77364099,NAGINENI PALLI twd Fakeerguda
4103,jXAGbhf5,Ms-Mallaram Tanda Twd Medipalle,Ms-Mallaram Tanda Twd Medipalle,17.53573135,78.78604084,MS-MALLARAM TANDA twd Medipalle
4104,aoElIBbh,Mailaram-Bommalaramaram,Mailaram-Bommalaramaram,17.54533732,78.79795791,MAILARAM-GTS twd Fakeerguda
4105,HgAuiK9n,Medi Palle-Bhongir,Medi Palle-Bhongir,17.53645771,78.82394852,MEDIPALLI-GTS twd Fakeerguda
4106,Pydp7HH5,Ms-Fakeerguda-Gts Twd Tajpur,Ms-Fakeerguda-Gts Twd Tajpur,17.5343031,78.82153971,MS-FAKEERGUDA-GTS twd Tajpur
4107,lGGrwQB5,Fakeerguda,Fakeerguda,17.53098922,78.81648402,FAKEERGUDA
4108,1hd5G1t9,Ms-Fakeerguda-Gts Twd Medipalle,Ms-Fakeerguda-Gts Twd Medipalle,17.53415459,78.82142455,MS-FAKEERGUDA-GTS twd Medipalle
4109,Xu3W940W,Medi Palle-Bhongir,Medi Palle-Bhongir,17.53629648,78.82399413,MEDIPALLI-GTS twd Ghatkesar
4110,GEzWV4K0,Mailaram-Bommalaramaram,Mailaram-Bommalaramaram,17.54529894,78.79787743,MAILARAM-GTS twd Ghatkesar
4111,Py51A8l6,Ms-Mallaram Tanda Twd Kondamadugu,Ms-Mallaram Tanda Twd Kondamadugu,17.53585922,78.78622055,MS-MALLARAM TANDA twd Kondamadugu
4112,xZkMhvzK,Nageneni-Palli,Nageneni-Palli,17.52602385,78.77365574,NAGINENI PALLI twd Ghatkesar
4113,BjQkBBgO,Ms1-Nagineni Palle Twd Ghatkesar,Ms1-Nagineni Palle Twd Ghatkesar,17.51793366,78.76717016,MS1-NAGINENI PALLE twd Ghatkesar
4114,KDp7IFib,Ms2-Nagineni Palle Twd Ghatkesar,Ms2-Nagineni Palle Twd Ghatkesar,17.50299668,78.76673698,MS2-NAGINENI PALLE twd Ghatkesar
4115,oNwCtNs0,Kondamadugu,Kondamadugu,17.4888042,78.76795202,KONDAMADGU twd Ghatkesar
4116,j0GE46YE,Ms-Kondamadugu Twd Mettu,Ms-Kondamadugu Twd Mettu,17.47874306,78.76649022,MS-KONDAMADUGU twd Mettu
4117,YRrp9jTD,Kondamadugu,Kondamadugu,17.46850099,78.76120627,KONDAMADGU twd  JBS
4118,9G6Ds41O,Capol,Capol,17.46758966,78.75087307,CAPOL twd Secunderabad
4119,mRkwV9uB,Ms-Capol Twd Secunderabad,Ms-Capol Twd Secunderabad,17.46385467,78.74345541,MS-CAPOL twd Secunderabad
4120,reEXiekD,Aushapur Gatkesar,Aushapur Gatkesar,17.46129097,78.7357226,AUSHAPUR twd Uppal
4121,rzhq32PC,Spr Hills,Spr Hills,17.459,78.725,SRI CHAITANYA COLLEGE twd Uppal
4122,HAvuwEXU,Ankushapur X Roads,Ankushapur X Roads,17.458,78.721,ANKUSHAPUR X ROAD twd Secunderabad
4123,cR3uQ1GQ,Nfc X Roads,Nfc X Roads,17.45460582,78.7025544,NFC Nagar twd JBS
4124,QAgKG12k,Ntpc Annojiguda,Ntpc Annojiguda,17.43632614,78.66288587,NTPC Annojiguda twd Uppal
4125,Q5n3y388,Kakatiya Colony-Chengicherla,Kakatiya Colony-Chengicherla,17.4550742,78.61233293,HPCL X Rd Twd Cherlapally
4126,ueCYcpUC,Akshaya Solar,Akshaya Solar,17.45495828,78.61228332,HPCL X ROAD twd Chengicherla
4127,y8hdwZwM,Bokkoniguda,Bokkoniguda,17.44245603,78.69694857,BOKONIGUDA twd EDULABAD
4128,kwCO34zr,Nfc Nagar,Nfc Nagar,17.44128471,78.70000563,NFC NAGAR MAIN ROAD twd EDULABAD
4129,HDQGYASB,Thokatta,Thokatta,17.46072295,78.47558857,THOKATTA twd Patancheruvu
4130,Ah51eAAC,Basuregadi,Basuregadi,17.58991675,78.45081702,BASURAGADI twd Gandimaisamma
4131,qN188Sfg,Gnanapur,Gnanapur,17.601657,78.45258,GNANAPUR twd Basuragadi
4132,BCRmsFTE,Gowdavelly X Road,Gowdavelly X Road,17.60937679,78.45727444,GOUDAVELLY X Road twd Railapur
4133,7t6rwg6I,Railapur-Medchal,Railapur-Medchal,17.63111743,78.4443073,RAILAPUR twd Nuthankal
4134,q7XCRoHJ,Govt Polytechnic College-Medchal,Govt Polytechnic College-Medchal,17.63263454,78.45177189,POLYTECHNIC COLLEGE twd Girmapur
4135,er79ce1M,Girmapur-Medchal,Girmapur-Medchal,17.63383602,78.45570535,GIRMPUR twd Medchal
4136,rbRurRnR,Mile Stone,Mile Stone,17.46425132,78.6373081,ISMAIL KHAN GUDA
4137,rQJH2xYl,Kareem Guda,Kareem Guda,17.4772497,78.65382085,KAREEM GUDA
4138,KEyKPwCH,Military Hospital,Military Hospital,17.47436293,78.51716688,MILITARY Hosp twd ECIL
4139,rZJcouH3,Officers Mess,Officers Mess,17.47461572,78.51957545,OFFICERS Mess twd Ecil
4140,BVRJHN9R,Rk Puram,Rk Puram,17.47643697,78.52598957,RK PURAM twd Trimulgherry
4141,mvLoCKbv,Military Hospital,Military Hospital,17.47419297,78.51720562,MILITARY Hosp twd LALZBAZAR
4142,sIx6SP7r,Srinivas Nagar-Kompally,Srinivas Nagar-Kompally,17.54165777,78.486076,SRI NIWAS NAGAR KOMPALLY twd Kompally
4143,rIu2dHAD,Officers Mess,Officers Mess,17.474533,78.51991,OFFICERS Mess twd Thirumalgiri
4144,p21Q337D,Shamirpet,Shamirpet,17.59530897,78.56929824,SHAMIRPET twd Babaguda
4145,82aQheYm,Shamirpet Corner1,Shamirpet Corner1,17.5957794,78.57474849,SHAMIRPET CORNER1
4146,W0LdFEco,Shamirpet Village,Shamirpet Village,17.59367138,78.57480882,SHAMIRPET VILLAGE twd Ponnal
4147,KcSTYrIL,Babaguda X Roads,Babaguda X Roads,17.5901533,78.5742188,BABAGUDA X ROAD twd Babaguda
4148,1ACeNv7V,Babaguda,Babaguda,17.59460716,78.60083699,BABAGUDA VILLAGE twd Ponnal
4149,yZ1OlQ63,Bommarasipet X Road,Bommarasipet X Road,17.59511082,78.60524921,BOMMARASPET X ROAD twd Ponnal
4150,DlSJVvz3,Bomraspet Corner1,Bomraspet Corner1,17.60013088,78.6072126,BOMRASPET CORNER1
4151,BkTO3aZs,Bommarasipet,Bommarasipet,17.59967835,78.60917866,BOMMARASIPET twd Ponnal
4152,aJS3UCEq,Bomraspet Corner2,Bomraspet Corner2,17.59755248,78.61128017,BOMRASPET CORNER2
4153,gFb9CBhx,Ponnal-Shamirpet,Ponnal-Shamirpet,17.6029419,78.63123715,PONNAL VILLAGE twd Uddamarry
4154,Jbb9RFYg,Adraspalle,Adraspalle,17.61992087,78.66017012,ADRASPALLY twd Uddamarry
4155,ujNzrxFu,Uddamarri,Uddamarri,17.61754981,78.67780029,UDDAMARRI twd M.C Pally
4156,CHwTdt3s,Uddamarri,Uddamarri,17.61753894,78.67782242,UDDAMARRI twd Adraspally
4157,yuiCOzWL,Adraspalle,Adraspalle,17.61976109,78.66003065,ADRASPALLY twd Ponnal
4158,qo4v3p8h,Ponnal-Shamirpet,Ponnal-Shamirpet,17.60287799,78.63123714,PONNAL VILLAGE twd Shamirpet
4159,VCoFk4t1,Bommarasipet,Bommarasipet,17.59964384,78.60915184,BOMMARASIPET twd Shamirpet
4160,KeB7Ae9C,Bommarasipet X Road,Bommarasipet X Road,17.59508781,78.60525726,BOMMARASIPET X ROAD twd Shamirpet
4161,xP53kOog,Babaguda,Babaguda,17.59457646,78.60083833,BABAGUDA VILLAGE twd Shamirpet
4162,oYhMDbL1,Babaguda X Roads,Babaguda X Roads,17.59043719,78.57433952,BABAGUDA X ROAD twd Shamirpet
4163,vp67C1lg,Shamirpet Village,Shamirpet Village,17.59366626,78.57464791,SHAMIRPET VILLAGE twd Shamirpet x road
4164,6GZvMQh1,Thirumalgiri,Thirumalgiri,17.471081,78.509802,THIRUMALGIRI twd JBS
4165,vJoAcRKn,Vbr Gardens,Vbr Gardens,17.51147636,78.50236371,VBR GARDENS twd Suryanagar
4166,cwWfDdjn,Ambedkar Nagar-Old Alwal,Ambedkar Nagar-Old Alwal,17.51505229,78.50149331,AMBEDKAR Nagar twd Oldalwal Ig
4167,R1OfOTiY,Surya Nagar X Road,Surya Nagar X Road,17.51724883,78.50150406,SURYANAGAR X ROAD twd Jonabanda
4168,Q7HaeTKE,Mile Stone,Mile Stone,17.51886335,78.50151214,GANESH ENCLAVE twd Old Alwal Ig
4169,M8wiArUY,St Michael School,St Michael School,17.5202133,78.50152418,ST MICHAEL SHCOOL twd Jonnabonda
4170,ySKaOUzM,Mile Stone,Mile Stone,17.52817103,78.50359619,SAINAGAR COLONY twd Gopalnagar
4171,AmHXb0ah,Gopal Nagar-Bollaram,Gopal Nagar-Bollaram,17.52606224,78.50604504,GOPALNAGAR Bus Stop
4172,hbeFP7EV,Ice Factory,Ice Factory,17.53277042,78.50464787,ICE FACTORY twd Kompally
4173,hIr43AA1,Ice Factory,Ice Factory,17.53269147,78.50463219,ICE FACTORY twd Gopal nagar X road
4174,CmORmLzt,Gopalnagar X Road,Gopalnagar X Road,17.52143527,78.51093471,GOPALNAGAR X Road twd Alwal
4175,QB3XioZH,Mile Stone,Mile Stone,17.52815312,78.50355126,SAINAGAR COLONY twd Suryanagar
4176,0XGC2wor,Aliabad Shamirpet,Aliabad Shamirpet,17.62556613,78.59480778,ALIABAD twd Yadagirigutta
4177,MRFODO0o,Kolthur-Shamirpet,Kolthur-Shamirpet,17.656117,78.638911,KOLTHUR Village
4178,SX8D8rp9,Kolthur-Shamirpet,Kolthur-Shamirpet,17.65978953,78.64154891,KOLTHUR X Road
4179,nj6uZ7iX,Potharam,Potharam,17.663,78.669,POTHARAM  twd Anantharam
4180,vqXhxoXc,Anantharam-Shamirpet,Anantharam-Shamirpet,17.68208244,78.66498471,ANANTHARAM X RAOD twd Narayanapur
4181,ywZWDSkO,Anantharam-Shamirpet,Anantharam-Shamirpet,17.68362862,78.66376162,ANANTHARAM twd Karkapatla
4182,a8B2tcOS,Narayanpur Turkapally,Narayanpur Turkapally,17.68572143,78.68116379,NARAYANPUR X ROAD
4183,A4wwwanP,Narayanpur Turkapally,Narayanpur Turkapally,17.68895658,78.68182899,NARAYANAPUR twd Anantharam
4184,qiCyt6mk,Kothial,Kothial,17.68998257,78.70200724,KOTHIAL VILLAGE twd damarakunta
4185,uMtm0TpP,Alinagar-Mulugu,Alinagar-Mulugu,17.70764577,78.70240689,ALINAGAR twd Bavanandapuram
4186,PXFufTJA,Bhavanandapuram,Bhavanandapuram,17.7277333,78.71735215,BHAVANANDAPURAM twd Markook
4187,iHvIH1Gt,Markook Village,Markook Village,17.753512,78.71838,MARKOOK VILLAGE
4188,8fPusxME,Bhavanandapuram,Bhavanandapuram,17.72718121,78.72161683,BHAVANANDAPURAM twd Turkapally
4189,3IFWu1Ai,Panduranga Ashramam,Panduranga Ashramam,17.71608771,78.72334962,PANDURANGA ASHRAMAM
4190,yTqWHdmk,Bhavanandapuram X Roads,Bhavanandapuram X Roads,17.71948201,78.71298149,BHAVANDAPURAM X Road twd Secunderabad
4191,BXk0eqUE,Alinagar-Mulugu,Alinagar-Mulugu,17.70765215,78.70245382,ALINAGAR twd Narayanpur
4192,t6yXyffm,Kothial,Kothial,17.68997746,78.70198309,KOTHIAL VILLAGE twd Medchal
4193,7tPDu2or,Narayanpur Turkapally,Narayanpur Turkapally,17.68897192,78.68174851,NARAYANAPUR twd Kotyal
4194,gQ3HhJPW,Anantharam-Shamirpet,Anantharam-Shamirpet,17.68209778,78.66515235,ANANTHARAM X RAOD twd Potharam
4195,sih4BE72,Potharam,Potharam,17.663,78.669,POTHARAM twd Secundrabad
4196,NFmSsfRc,Citizen Colony Twd Panchasheela Enclave,Citizen Colony Twd Panchasheela Enclave,17.51295992,78.49484816,CITIZEN COLONY twd Panchasheela enclave
4197,ARIyadAP,Panchasheela Enclave,Panchasheela Enclave,17.51435972,78.48795086,PANCHASHEELA ENCLAVE
4198,sUtCnwSe,Select Talkies-Machabolarum,Select Talkies-Machabolarum,17.51122318,78.51085963,SELECT TALKIES twd Gopalnagar
4199,CFBsOg0R,Macha Bollaram,Macha Bollaram,17.51613678,78.51316096,MACHA BOLLARAM twd Old Alwal
4200,gGRbE2tl,M.G. Nagar,M.G. Nagar,17.51822653,78.510466,M. G. NAGAR twd ALWAL
4201,WsvJx61i,Gopalnagar X Road,Gopalnagar X Road,17.522,78.511,GOPALNAGAR X ROAD twd Sharan nagar
4202,8bWBkxGA,Sanjeeva Gardens,Sanjeeva Gardens,17.53100619,78.51261785,SANJEEVA GARDENS twd Sharan nagar
4203,YLD8ZLAS,Bollaram X Road,Bollaram X Road,17.53332658,78.51256885,NEW BOLLARAM X Road twd Sharannagar
4204,bChISG3x,Railway Colony Road,Railway Colony Road,17.53708814,78.51327661,RAILWAY Colony Road twd Saravan Nagar
4205,WlEGrMKl,Sharan Nagar,Sharan Nagar,17.54238473,78.51359681,SHARAN Nagar twd Secunderabad
4206,hhAJayqp,Sharan Nagar,Sharan Nagar,17.543,78.51,SHARANGAR
4207,OztR0zMf,Railway Colony Road,Railway Colony Road,17.53704594,78.51332183,RAILWAY Colony Road twd Secunderabad
4208,374OF7Nz,Bollaram X Road,Bollaram X Road,17.53329941,78.51256616,NEW BOLLARAM X ROAD twd M.G. Nagar
4209,Ici8bLTu,Sanjeeva Gardens,Sanjeeva Gardens,17.53095599,78.51265602,SANJEEVAREDDY GARDEN twd Secunderabad
4210,MbCIuHhH,Select Talkies-Machabolarum,Select Talkies-Machabolarum,17.51115083,78.51088913,SELECT TALKIES twd Alwal
4211,96lXnyTF,Padmarao Nagar,Padmarao Nagar,17.42559991,78.50691274,PADMA RAO NAGAR twd Nampally
4212,y6DhiqoC,Bolakpur,Bolakpur,17.42177274,78.49692017,BOLAKPUR BUS STOP twd Nampally Railway Station
4213,xzA9CAZj,Kalpana,Kalpana,17.42330698,78.49456251,KALPANA twd Nampally Railway Station
4214,3iL9P4Dq,Kavadiguda,Kavadiguda,17.42492954,78.48873145,KAVADIGUDA twd Tankbund
4215,AjL3RJvE,Adavi Masjid,Adavi Masjid,17.70402001,78.67804035,ADAVI MASJID
4216,jpy7lIP8,Banda Narsampalle,Banda Narsampalle,17.71047427,78.6667067,BANDANARSAMPALLY WATER TANK
4217,oNig8upY,Banda Narsampalle,Banda Narsampalle,17.71003735,78.66552114,BANDA NARSAMPALLY
4218,HNoLxfv8,Anantharam-Shamirpet,Anantharam-Shamirpet,17.68352634,78.66381526,ANANTHARAM twd Secundrabad
4219,Vc04iGXj,Panduranga Ashramam,Panduranga Ashramam,17.71413651,78.72318694,PANDURANGA ASHRAMAM X ROAD
4220,bEcG5UxV,Bhavanandapuram,Bhavanandapuram,17.72725403,78.72165304,BHAVANADAPURAM twd Vardarajpur
4221,2XH4LbhL,Lakshmi Kala Mandir,Lakshmi Kala Mandir,17.49551715,78.51067986,LAXMIKALA MANDIR twd Venkatapur
4222,2GikkfUo,Venkatapur X Roads,Venkatapur X Roads,17.49644103,78.50700527,VENKATAPUR X Roads twd Venkatapur
4223,OtkEFGhK,Mes Colony,Mes Colony,17.49725652,78.50505799,MES. COLONY twd West Venkatapuram
4224,1Nw3clSs,West Venkatapuram,West Venkatapuram,17.49921267,78.49947229,WEST VENKATAPUR Bus Stop
4225,RliN13eX,Vaishnavi Mata Temple Alwal,Vaishnavi Mata Temple Alwal,17.49886348,78.50770064,VYSHWODAVI TEMPLE twd Satya Alwal
4226,iKz9QVLc,Bhatia Bakery,Bhatia Bakery,17.49982086,78.50995906,BHATIA BAKERY twd Satya Alwal
4227,E6VCLVPx,Alwal Satya,Alwal Satya,17.49928717,78.51331952,SATYA ALWAL Petrole Pump
4228,AmPQFxtk,Prakash Nagar Begumpet,Prakash Nagar Begumpet,17.444065,78.47026,PRAKASH Nagar Begumpet twd RGIA
4229,JDkQRiJ9,Punjagutta,Punjagutta,17.42703143,78.45276766,PANJAGUTA twd Banjara Hills
4230,v3VWhIH3,Sangeeth-Isckon,Sangeeth-Isckon,17.44084648,78.50620196,SANGEETH Cross Road twd RGIA
4231,67tVa1YD,Lb Nagar,Lb Nagar,17.34488565,78.54946331,LB Nagar Pushpak twd RGIA
4232,Qmyaod4Y,Manda Mallama X Road,Manda Mallama X Road,17.33735449,78.52266233,MANDA Mallamma X Road twd RGIA
4233,EFXc6VgR,Rgi Airport,Rgi Airport,17.23814621,78.43058109,RGI AIRPORT
4234,VQL3NPPe,Manda Mallama X Road,Manda Mallama X Road,17.33767327,78.52254331,MANDA MALLAMA X ROAD  twd LB Nagar
4235,JBbJg3zs,Sikh Village,Sikh Village,17.45659328,78.49012613,SIKH VILLAGE twd Bowenpalli market yard
4236,GWLLaLs8,Giri Nagar,Giri Nagar,17.4889142,78.44493259,GIRI NAGAR twd Pragathi nagar
4237,ytLG99FW,Chenna Reddy Nagar Industrial Area,Chenna Reddy Nagar Industrial Area,17.49037942,78.44182458,CHENN REDDY NAGAR INDUSTRIAL AREA twd Pragathinagar
4238,8GUDKzXD,Ranga Reddy Nagar Bus Stop,Ranga Reddy Nagar Bus Stop,17.4939954,78.43381718,RANGA REDDY NAGAR twd Pragathi Nagar
4239,0Yfl6Rl2,Kamaan Hyd Bus Stop,Kamaan Hyd Bus Stop,17.49513857,78.43197081,KAMAAN Bus Stop twd Jagathgiri gutta
4240,2nLhGupw,Papireddy Nagar Jagathgiriguitta,Papireddy Nagar Jagathgiriguitta,17.49767336,78.43184981,PAPIREDDY NAGAR twd JBS
4241,CA9piaaJ,Sanjay Puri Colony,Sanjay Puri Colony,17.49980807,78.42974693,SANJAY PURI COLONY twd Jagathgiri Gutta
4242,j9iyH8Ly,Papireddy Nagar Jagathgiriguitta,Papireddy Nagar Jagathgiriguitta,17.49768103,78.43198925,PAPPI REDDY NAGAR twd IDPL
4243,4l4bKuGp,Giri Nagar,Giri Nagar,17.48905682,78.44503619,GIRI NAGAR twd Chintal
4244,raTwIvTy,Sikh Village,Sikh Village,17.45642217,78.49023979,SIKH VILLAGE twd Secunderabad Railway station
4245,yUF7uoia,Somaiah Nagar- Jagadgirigutta,Somaiah Nagar- Jagadgirigutta,17.50373211,78.42995077,SOMAIAH NAGAR twd HAL Colony
4246,vESlFnYa,Magdum Nagar Jagathgirigutta,Magdum Nagar Jagathgirigutta,17.50600234,78.42802394,MAGDUMNAGAR twd HAL colony
4247,MyEJ8Pr8,Magdum Nagar Jagathgirigutta,Magdum Nagar Jagathgirigutta,17.50832721,78.42907302,MAGDUM NAGAR COLONY twd HAL Colony
4248,UQF6vxQF,Ntr Nagar Kphb,Ntr Nagar Kphb,17.50974015,78.42735205,NTR NAGAR twd Srinivas Nagar
4249,p2KYKvCb,Ntr Nagar Kphb,Ntr Nagar Kphb,17.50976189,78.42732992,NTR NAGAR twd Jagathgiri gutta
4250,JIQhqztt,Magdum Nagar Jagathgirigutta,Magdum Nagar Jagathgirigutta,17.50833456,78.42918232,MAGDUM NAGAR COLONY twd KPHB
4251,ASX9KbWN,Magdum Nagar Jagathgirigutta,Magdum Nagar Jagathgirigutta,17.50598956,78.42818856,MAGDUM NAGAR twd Jagathgiri gutta
4252,nSNbTqXt,Somaiah Nagar- Jagadgirigutta,Somaiah Nagar- Jagadgirigutta,17.50354729,78.42998799,SOMAIAH Nagar twd Pragathinagar
4253,hDjVr559,Macha Bollaram,Macha Bollaram,17.515961,78.513169,MACHA BOLLARAM twd Gopal Nagar
4254,jN7I1K7k,Chandranagar-Old Alwal,Chandranagar-Old Alwal,17.51538414,78.50916311,CHANDRANAGAR twd Suryanagar
4255,sQIOeaE3,Surya Nagar,Surya Nagar,17.51477626,78.50697845,SURYANAGAR twd Jonabanda
4256,g9Rc2TEm,Surya Nagar,Surya Nagar,17.51486298,78.50699991,SURYANAGAR twd Secunderabad
4257,IZAwDSCf,Surya Nagar X Road,Surya Nagar X Road,17.51714966,78.50151613,SURYANAGAR X ROAD twd Old Alwal Ig
4258,4kpBlQoa,Vbr Gardens,Vbr Gardens,17.51147505,78.50238551,VBR GARDENS twd Old Alwal
4259,tCy0TbEi,Ambedkar Nagar-Old Alwal,Ambedkar Nagar-Old Alwal,17.5150497,78.50144908,AMBEDKAR Nagar twd Suryanagar
4260,QLQfAq5k,Yathrinivas,Yathrinivas,17.44332065,78.47987465,YATRINIVAS Secunderabad twd RGIA
4261,dDHmRwOr,Nmdc,Nmdc,17.39873207,78.4493522,NMDC twd RGIA
4262,MAgyoT2A,Mehdipatnam,Mehdipatnam,17.39848156,78.44418526,MEHDIPATNAM(district stop) twd RGIA
4263,XDLXNqWx,Paryatak Bhavan,Paryatak Bhavan,17.4338592,78.45550552,PARYATAK BHAVAN twd Begumpet
4264,kKJEoSur,Yathrinivas,Yathrinivas,17.44357938,78.47991228,YATRINIVAS twd Secunderabad
4265,yCrkWkxQ,Chandranagar-Old Alwal,Chandranagar-Old Alwal,17.51539884,78.50912824,CHANDRANAGAR twd Macha Bollaram
4266,zHZ7rF0Q,M.G. Nagar,M.G. Nagar,17.51826498,78.51039821,M.G. NAGAR twd Gopal nagar
4267,Syk8dA8m,Mogulla Ramakrishna Garden,Mogulla Ramakrishna Garden,17.52338313,78.50922879,MOGULLA Ramakrishna Garden twd Alwal
4268,dZfUotmN,Mogulla Ramakrishna Garden,Mogulla Ramakrishna Garden,17.52336266,78.50915638,MOGULLA Ramakrishna Garden twd Gopalnagar
4269,N5cqr2zF,Vikrampuri,Vikrampuri,17.449,78.4966,VIKRAMPURI Karkhana twd JBS
4270,bs503mj8,Ankireddy Pally X Road,Ankireddy Pally X Road,17.54791517,78.68553579,ANKIREDDY PALLY X ROAD twd Veerareddypally
4271,IcrZIlK7,Ankireddy Pally Keesara,Ankireddy Pally Keesara,17.56204102,78.68398882,ANKIREDDY PALLY twd Tummukunta
4272,sFx8C7o5,Devs College,Devs College,17.57643532,78.67440194,DEVS COLLEGE KEESARA
4273,vaHx8aod,Ankireddy Pally Keesara,Ankireddy Pally Keesara,17.56203158,78.68402567,ANKIREDDY PALLY twd Kushaiguda
4274,vhyCBNnI,Ankireddy Pally X Road,Ankireddy Pally X Road,17.54782822,78.68573159,ANKIREDDY PALLY X ROAD twd Kusaiguda
4275,lwwwTniI,Km Stone Twd Kushaiguda,Km Stone Twd Kushaiguda,17.51661527,78.64907385,KM STONE twd Kushaiguda
4276,EDXxZNij,Srl Colony,Srl Colony,17.51319524,78.64378453,SRL Colony twd Kushaiguda
4277,0RgdRJMz,Gar Kokapet,Gar Kokapet,17.4085097,78.33052866,GAR KOKAPET twd Kokapet
4278,wGQAO4BG,Gar Kokapet,Gar Kokapet,17.40704559,78.32993388,GAR IT
4279,gu3BUIUR,Power Welfare Society,Power Welfare Society,17.42025387,78.33636045,POWER WELFARE SOCIETY twd Gachibowli
4280,nqbpgSUN,Tps Colony,Tps Colony,17.48143891,78.62490043,RTC COLONY (TPS COLONY)
4281,LfAy1CV0,Kalpana,Kalpana,17.42337859,78.49451961,KALPANA twd Secunderabad
4282,FcMkuyEK,Chandupatla Guda,Chandupatla Guda,17.43861768,78.70683253,CHANDUPATLA Guda twd Ghatkesar
4283,cPBQYhKo,Marripallygudam,Marripallygudam,17.43002139,78.70712623,MARRIPALLY GUDAM twd EDULABAD
4284,azkDyT0J,Edulabad,Edulabad,17.42545663,78.7099573,EDULABAD X ROAD twd Venkiryala
4285,TDCuhRvV,Edulabad,Edulabad,17.41895124,78.70843381,EDULABAD twd GHATKESAR
4286,zyUeAaxc,Edulabad,Edulabad,17.42542432,78.70999586,EDULABAD X RAOD twd GHATKESAR
4287,AQDkuDKH,Marripallygudam,Marripallygudam,17.42997725,78.70711148,MARRIPALLY GUDAM twd GHATKESAR
4288,tVzLxR6X,Chandupatla Guda,Chandupatla Guda,17.43865735,78.70678559,CHANDUPATLA Guda twd Edulabad
4289,DHFV3sVo,Edulabad,Edulabad,17.41894772,78.70849416,EDULABAD twd Enkiryala
4290,v8cFO7nB,Hpcl-Ghatkesar,Hpcl-Ghatkesar,17.45714084,78.71535122,HCPL twd Pochampally
4291,qPSWAAww,Ms1-Vbit Twd Jamilapet,Ms1-Vbit Twd Jamilapet,17.47066548,78.7255463,MS1-VBIT twd Jamilapet
4292,jDN5c903,Jiyapally,Jiyapally,17.48086201,78.7269719,MS2-NEMARUGOMULA twd Jamilapet
4293,BXERBzkP,Rayarao Pet,Rayarao Pet,17.48908049,78.7232396,RAYARAO PET twd Jiyapally
4294,oq6yGGkA,Jameelapet,Jameelapet,17.49414057,78.72528343,JAMILAPET twd Aushapur
4295,fyewtKhB,Jiyapally,Jiyapally,17.48107437,78.72700676,MS1-NEMARUGOMULA twd Aushapur
4296,SiOZwsdY,Ms2-Vbit Twd Aushapur,Ms2-Vbit Twd Aushapur,17.4708154,78.72562412,MS2-VBIT twd Aushapur
4297,2vDIBFAs,Thumkunta,Thumkunta,17.56696419,78.5540995,THUMKUNTA twd Gajwel Pragnapur
4298,jAbtVuGt,Mandaipalle,Mandaipalle,17.58024998,78.55824373,MANDAIPALLE
4299,9W1jgZ8c,Janapriya Arcade Kowkoor,Janapriya Arcade Kowkoor,17.526,78.537,JANAPRIYA Arcadia twd Kowkur
4300,gqwuBzDw,Mb Darga,Mb Darga,17.52888334,78.54287982,MB Darga twd Yapral
4301,EQO5WF8N,Samala Laxmi Nagar,Samala Laxmi Nagar,17.53039938,78.54085609,SAMALA Laxmi Nagar
4302,qF7AWbAy,Mb Darga,Mb Darga,17.52891787,78.54287048,MB Darga twd Laxmi Nagar
4303,LTr8FfNB,Kowkoor X Road,Kowkoor X Road,17.527,78.542,KOWKOOR X ROAD twd Yapral
4304,1Q3UQ98v,Janapriya Arcade Kowkoor,Janapriya Arcade Kowkoor,17.52588442,78.53721499,JANAPRIYA Arcade twd Darga
4305,agVE4Ycw,Shakti Sai Nagar,Shakti Sai Nagar,17.44593867,78.58233511,SHAKTI Sai Nagar X Road twd Chengicherla
4306,H108I40g,Ranigunj Bus Depot,Ranigunj Bus Depot,17.43305176,78.4885302,RANIGUNJ twd MGBS
4307,6XCw7BZM,Diamond Point,Diamond Point,17.46230824,78.49106491,DIAMOND POINT twd Hasmathpet
4308,frAg0SP5,Hitech City,Hitech City,17.45195686,78.3805257,CYBER Towers twd Kondapur
4309,3gdMBV5M,Medchal X Road,Medchal X Road,17.628041,78.56943101,MEDCHAL X ROAD twd Siddipet
4310,WzrBUgIB,Turkapally,Turkapally,17.67226397,78.59289232,TURKAPALLY twd Gpp Shameerpet
4311,f2JJgtWL,Jyothishmathi College,Jyothishmathi College,17.68720358,78.59781952,JYOTHISHMATHI COLLGE twd Gpp
4312,pAYXNnpq,Vantimamidi,Vantimamidi,17.70421936,78.61011884,VANTIMAMIDI twd Pragnapur
4313,s85yI5ab,Tunki Bollaram,Tunki Bollaram,17.72828235,78.58903258,TUNKI BOLLARAM twd Kokkonda
4314,gEJ11ei6,Narsapur-Mulugu(Mdk),Narsapur-Mulugu(Mdk),17.72901048,78.56507241,NARSAPUR twd Kokkonda
4315,WQzqkBIc,Kokkonda,Kokkonda,17.72188489,78.54487134,KOKKONDA twd Medchal
4316,DVgQMOMv,Kothur-Mulugu (Mdk),Kothur-Mulugu (Mdk),17.71604429,78.52316294,KOTHUR twd Medchal
4317,FrK1FDtn,Kothur-Mulugu (Mdk),Kothur-Mulugu (Mdk),17.71612607,78.52317903,KOTHUR twd Vatimamidi
4318,EcPTZyNP,Kokkonda,Kokkonda,17.7218159,78.54487133,KOKKONDA twd Vantimamidi
4319,nSXoqR6s,Narsapur-Mulugu(Mdk),Narsapur-Mulugu(Mdk),17.72906668,78.56507242,NARSAPUR twd Vantimamidi
4320,7Lsteom5,Tunki Bollaram,Tunki Bollaram,17.72830535,78.58903795,TUNKI BOLLARAM twd Vantimamidi
4321,ZyzDPH9F,Vantimamidi-Mulugu,Vantimamidi-Mulugu,17.70424965,78.61033536,VANTIMAMADI twd JBS
4322,F4GG0qSE,Jyothishmathi College,Jyothishmathi College,17.68720613,78.59798044,JYOTHISHMATHI COLLEGE twd Shamirpet
4323,PCLsjVjr,Muraharipally-Medchal,Muraharipally-Medchal,17.66380847,78.58806968,MURAHARIPALLY twd Shamirpet
4324,CXs3eDnQ,Majidpur Shamirpet,Majidpur Shamirpet,17.62779816,78.56955439,MEDCHAL X ROAD twd Jbs
4325,dt4f0ynq,Lakshmakkapally-Mulugu(Mdk),Lakshmakkapally-Mulugu(Mdk),17.71043593,78.61599416,LAKSHMAKKAPALLY twd Gajwel Pragnapur
4326,F4ISB7uq,Forest Research Center-Mulugu(Mdk),Forest Research Center-Mulugu(Mdk),17.71838721,78.62444045,FOREST Research Centre twd Gpp
4327,QeL8vAIr,Mulugu-Medak,Mulugu-Medak,17.73529683,78.63698378,MULUGU twd Gajwel Pragnapur
4328,peO5Prkx,Wargal X Roads,Wargal X Roads,17.75923406,78.65541726,WARGAL X Roads twd Gajwel
4329,P2HSZGxd,Wargal,Wargal,17.77496585,78.61878634,WARGAL Village
4330,WWFegeOJ,Wargal,Wargal,17.77358128,78.61741843,WARGAL twd Temple
4331,TwMoc8op,Wargal Temple,Wargal Temple,17.76974006,78.62155437,WARGAL SARASWATHY TEMPLE
4332,UJsLOW7C,Wargal X Roads,Wargal X Roads,17.75923929,78.6555514,WARGAL X ROAD twd Thurkapally
4333,xswNNbfp,Bc Welfare School-Wargal,Bc Welfare School-Wargal,17.75298079,78.65442216,BC Welfare School Wargul twd JBS
4334,cOmkS7xx,Mulugu-Medak,Mulugu-Medak,17.73709216,78.63833696,MULUGU twd JBS
4335,GR9FtpnM,Forest Research Center-Mulugu(Mdk),Forest Research Center-Mulugu(Mdk),17.71826968,78.62467479,FOREST Research Centre twd JBS
4336,XNn1Jnba,Botanical Garden,Botanical Garden,17.45588197,78.36377263,BOTANICAL Garden twd Kondapur
4337,CEJm1ECY,Botanical Garden,Botanical Garden,17.45559796,78.36422324,BOTANICAL GARDEN twd Gachibowli
4338,Rg0wg2PR,Dlf,Dlf,17.44803145,78.35588693,DLF twd Mehdipatnam
4339,pjRDQDPj,Hanuman Temple-Yapral,Hanuman Temple-Yapral,17.51321826,78.54011714,HANUMAN Temple twd Yapral
4340,5JaDKK05,Kendriya Vidyalaya Bollaram,Kendriya Vidyalaya Bollaram,17.50725841,78.53084348,KENDRIYA Vidyalaya Bollaram
4341,yCCU2zdI,Sitaphalmandi,Sitaphalmandi,17.42770352,78.5174109,SITAPHALMANDI twd Tarnaka
4342,ifs0Z5lZ,Shopping Complex,Shopping Complex,17.48904723,78.54042292,SHOPPING Complex twd Secunderabad
4343,kcFzHYxP,Nirmal Nagar,Nirmal Nagar,17.49045425,78.53620246,NIRMAL Nagar twd Secunderabad
4344,UspxQTUJ,Ammuguda,Ammuguda,17.49709519,78.53194717,AMMUGUDA twd ECIL
4345,Bp3qRacn,Nirmal Nagar,Nirmal Nagar,17.49048496,78.53623063,NIRMAL Nagar twd ECIL
4346,PmFtbq2m,Shopping Complex,Shopping Complex,17.48905875,78.54050338,SHOPPING Complex twd ECIL
4347,A7cWHYTI,Venkatadri Township,Venkatadri Township,17.41346166,78.64082336,VENKATADRI Township twd Korramula
4348,MQOW39Ib,Pratap Singaram,Pratap Singaram,17.40990166,78.64928305,PRATAP SINGARAM X ROAD twd Korremula
4349,Pzdd2V82,Korremula,Korremula,17.40410216,78.66642791,KORREMULA
4350,eDAFijAs,Pratap Singaram,Pratap Singaram,17.40987351,78.64923746,PRATAP SINGARAM X ROAD twd Secunderabad
4351,Ir7UfNqC,Venkatadri Township,Venkatadri Township,17.41341816,78.64080203,VENKATADRI Township twd Scunderabad
4352,mxba2Yts,Panchasheela Enclave,Panchasheela Enclave,17.5144793,78.48795891,PANCHASHEELA ENCLAVE twd Old alwal
4353,OfZF8qL0,Citizen Colony Twd Old Alwal,Citizen Colony Twd Old Alwal,17.51306991,78.4948575,CITIZEN COLONY twd Old alwal
4354,HQwyWvVP,Ion Exchange,Ion Exchange,17.52669825,78.24915209,ION EXCHANGE
4355,RrLdWCYY,Mile Stone,Mile Stone,16.53656912,78.20541602,ASHOK NAGAR BIJINAPALLE twd Wanaparthy
4356,xjeWA2ER,Family Quarters,Family Quarters,17.41102264,78.33123742,FAMILY Dhaba twd Gar
4357,Un6K9jF1,Bachupally,Bachupally,17.53445576,78.35755024,BACHUPALLY twd Mallampet
4358,G5LTetOL,Calvary Temple,Calvary Temple,17.48720784,78.36842359,CALVARY TEMPLE Bus Stop
4359,8lQl3cP7,Bjr Nagar,Bjr Nagar,17.50942489,78.57599169,BJR Nagar
4360,BBBDXomV,Cherlapally,Cherlapally,17.47204193,78.59005451,CHERLAPALLY JAIL twd Cherlapally
4361,7ernY2Vp,Jbs,Jbs,17.44669051,78.49834173,CONTONMENT Bus Depot
4362,Z788X8qC,Mile Stone,Mile Stone,17.49612058,78.42859626,SWEETHOUSE twd Asbestas colony
4363,TwXhfdq1,Asbestos Colony,Asbestos Colony,17.49380802,78.42524885,ASBESTAS COLONY
4364,0pb9nhiG,Bhel Depot,Bhel Depot,17.519284,78.29078,BHEL Bus Depot
4365,G2uqsAfZ,Siddhi Vinayak Nagar,Siddhi Vinayak Nagar,17.45921303,78.38463351,SIDDHI Vinayak Nagar twd JNTU
4366,8uvAUrYJ,Mile Stone,Mile Stone,17.5268615,78.29850913,RAGHAVENDRA COLONY
4367,IHLmp3eg,Mile Stone,Mile Stone,17.53949941,78.28538454,PATELGUDA
4368,XFwYvdtJ,Moulali X Roads,Moulali X Roads,17.46141414,78.55838567,MOULAALI KAMAN  twd Tarnaka
4369,osahHRYF,Zts-Moulali,Zts-Moulali,17.45588197,78.55551034,ZTS X Road twd MoulaAli kaman
4370,eROg1Nld,Moulali X Roads,Moulali X Roads,17.46141504,78.55834679,MOULAALI KAMAN  twd Ecil
4371,ACdPOUum,Bharath Nagar Moula Ali,Bharath Nagar Moula Ali,17.46843956,78.55272353,BHARATH NAGAR twd Secunderabad
4372,0BR3DEIi,Rtc Colony Moula Ali,Rtc Colony Moula Ali,17.46236301,78.55136365,RTC Colony twd Secunderabad
4373,5NBIUexD,East Anandbagh,East Anandbagh,17.45778047,78.54398757,EAST ANANDBAGH twd Secunderabad
4374,U7dpiMGb,Uttam Nagar,Uttam Nagar,17.45993745,78.53173256,UTTAM NAGAR Mareduaplly
4375,D63Jsa8e,Mallikarjuna Nagar Malkajgiri,Mallikarjuna Nagar Malkajgiri,17.44887355,78.52696896,MALLIKARJUN Nagar Maredpally
4376,6Lv9HjQF,Jyothi Nagar Twd Tukaram Gate,Jyothi Nagar Twd Tukaram Gate,17.44398956,78.52524262,JYOTHI NAGAR twd Tukaram gate
4377,yZNO69vs,Tukaram Gate Railway Gate,Tukaram Gate Railway Gate,17.44119962,78.5224092,TUKARAM Railway Gate twd Maredpally
4378,iafkO90E,Shenoy Nursing Home,Shenoy Nursing Home,17.44703894,78.50864947,SHENOY HOSPITAL twd Secunderabad
4379,4ahD3TjD,Shenoy Nursing Home,Shenoy Nursing Home,17.44706452,78.50851,SHENOY HOSPITAL twd Tukaram gate
4380,HtZZVCJ7,Tukaram Gate Railway Gate,Tukaram Gate Railway Gate,17.44116892,78.5223904,TUKARAM Railway Gate twd Anandbagh
4381,t16RDW9D,Jyothi Nagar Twd Anadbagh,Jyothi Nagar Twd Anadbagh,17.44421398,78.52495195,JYOTHI NAGAR twd Anadbagh
4382,dEqEUaCZ,Mallikarjun Nagar Twd Ananadbagh,Mallikarjun Nagar Twd Ananadbagh,17.44852048,78.5272184,MALLIKARJUN NAGAR twd Ananadbagh
4383,Z5H74bXH,Uttam Nagar,Uttam Nagar,17.45991695,78.53178084,UTTAM NAGAR Malkajgiri
4384,rQZ52MDC,East Anandbagh,East Anandbagh,17.45784177,78.54395535,EAST ANANDBAGH twd ECIL
4385,aSVU2ikD,Rtc Colony Moula Ali,Rtc Colony Moula Ali,17.46232209,78.55132609,RTC Colony twd Old shafilguda
4386,pSKou7zj,Bharath Nagar Moula Ali,Bharath Nagar Moula Ali,17.46847668,78.55269134,BHARATH NAGAR twd Old Shafilguda
4387,L8BzEqwH,Ghanpur Village,Ghanpur Village,17.4997,78.2202,GHANPUR
4388,GQZW3wiy,Kondakal,Kondakal,17.48715669,78.21763516,VELLEMALA TANDAtwd Shankerpally
4389,SwsCfjyA,Kondakal,Kondakal,17.47599217,78.21751693,KONDAKAL X ROAD twd Patancheru
4390,DOyo3E1o,Kondakal,Kondakal,17.46141249,78.19926605,KONDAKAL VILLAGE twd Shankerpally
4391,rPHETZra,Mokila Tanda Twd Shankerpally,Mokila Tanda Twd Shankerpally,17.44436239,78.190974,MOKILA TANDA twd Shankerpally
4392,EDkwyDQe,Shankarpally Registration Office Twd Shankarpally,Shankarpally Registration Office Twd Shankarpally,17.45392,78.13762,SHANKARPALLY Registration Office twd Shankarpally
4393,dEikxUYh,Bhanoor X Road,Bhanoor X Road,17.45326827,78.1446345,BHANUR X Road twd Patancheruvu
4394,WHB7kMyR,Mokila Tanda Twd Patancheru,Mokila Tanda Twd Patancheru,17.4444801,78.19090962,MOKILA TANDA twd Patancheru
4395,HuvfuZHH,Kondakal,Kondakal,17.46142401,78.19924325,KONDAKAL VILLAGE twd Patancheru
4396,Oh6rTiQf,Rangapuram-Bommalaramaram,Rangapuram-Bommalaramaram,17.564,78.71,RANGAPUR X Road twd Veerareddypally
4397,MpHSpkaL,Ramlingam Palle-Bommalaramaram,Ramlingam Palle-Bommalaramaram,17.57808481,78.69801343,RAMALINGAM PALLY twd Yadagirigutta
4398,nFRPHop6,Errakunta-Bommalaramaram,Errakunta-Bommalaramaram,17.58697769,78.7026912,ERRAKUNTA twd Veerareddypally
4399,hiIZieGU,Jalalpur-Bommalaramaram,Jalalpur-Bommalaramaram,17.59635634,78.71682643,JALALPUR twd Veerareddypally
4400,OJg2ADDr,Yuva Defence Academy Twd Veerareddypally,Yuva Defence Academy Twd Veerareddypally,17.59101234,78.72223377,YUVA DEFENCE ACADEMY twd VeerareddyPally
4401,KOiAAhpb,Yavapur Thanda-Bommalaramaram,Yavapur Thanda-Bommalaramaram,17.5845075,78.7287569,YAVAPUR TANDA twd Veerareddypally
4402,cXIqpNub,Khajipet-Bommalaramaram,Khajipet-Bommalaramaram,17.57909734,78.73573065,KHAJIPET X Road twd Veerareddypally
4403,yoBec8mT,Cheekatimamidi-Bommalaramaram,Cheekatimamidi-Bommalaramaram,17.59697978,78.74888957,CHEEKATIMAMIDI twd Thurkapally
4404,4BMNPjR2,Rama Swamy Thanda,Rama Swamy Thanda,17.61038145,78.76058131,RAMASWAMY TANDA twd Thurkapally
4405,wqfJ8U53,Madhapur- M Turkapalle,Madhapur- M Turkapalle,17.63016524,78.77482384,MADHAPUR twd Thurkapally
4406,DoJzq5N0,Kokia Tanda,Kokia Tanda,17.63963325,78.78647804,KOKIA TANDA twd Thurkapally
4407,ftuEf6MN,Jagya Naik Tanda,Jagya Naik Tanda,17.64294338,78.79649341,JAGYA TANDA twd Thurkapally
4408,34EFGMqq,Malka Puram-M Turkapalle,Malka Puram-M Turkapalle,17.64753781,78.80539298,MALKAPUR twd Thurkapally
4409,YaaWCDrL,Ms-Malkapuram Twd Turkapally,Ms-Malkapuram Twd Turkapally,17.6521398,78.81702304,MS-MALKAPURAM twd Turkapally
4410,Fb6mTAZD,M Turkapally,M Turkapally,17.65366824,78.82549345,TURKAPALLY twd Veerareddypally
4411,RyZHAr9C,K.M.Stone Twd Veerareddypally,K.M.Stone Twd Veerareddypally,17.668,78.818,K.M.STONE twd Veerareddypally
4412,Tddrq1Ld,Vasalamarri,Vasalamarri,17.67507898,78.81339267,VASALAMARRI twd Gajwel
4413,crqi2mqI,Thirumalapur-M Turkapalle,Thirumalapur-M Turkapalle,17.69079902,78.81431133,THIRUMALAPUR twd Gajwel
4414,VkW4dpAV,Veerareddypalle-M Turkapalle,Veerareddypalle-M Turkapalle,17.71092652,78.81637394,VEERAREDEYPALLE X ROAD twd Gajwel
4415,hutdZy1E,Veerareddypalle-M Turkapalle,Veerareddypalle-M Turkapalle,17.71371665,78.82906079,VEERAREDDYPALLE twd Raghunathpur
4416,EO4Tj5gd,Veerareddypalle-M Turkapalle,Veerareddypalle-M Turkapalle,17.7139466,78.82903934,VEERAREDDYPALLE twd Turkapally
4417,Wc6xzOLB,Veerareddypalle-M Turkapalle,Veerareddypalle-M Turkapalle,17.71097762,78.81644368,VEERAREDDYPALLE X Road twd Turkapally
4418,KQ4osIOx,Thirumalapur-M Turkapalle,Thirumalapur-M Turkapalle,17.69091401,78.81439984,THIRUMALAPUR twd Bhongir
4419,mhgTDugI,Vasalamarri,Vasalamarri,17.67520293,78.8133055,VASALAMARRI twd Bhuvangiri
4420,0X9uPs9g,Ms-Vasalamarri Twd Thurkapally,Ms-Vasalamarri Twd Thurkapally,17.66801646,78.81808519,MS-VASALAMARRI twd Thurkapally
4421,fKAcQyF4,M Turkapally,M Turkapally,17.65452702,78.82563829,TURKAPALLY twd Bhuvanagiri
4422,lUQtjJDE,M Turkapally,M Turkapally,17.65338709,78.82559538,TURKAPALLY twd Keesara
4423,JXUDb5ge,Ms-Turkapally Twd Keesara,Ms-Turkapally Twd Keesara,17.652,78.817,MS-TURKAPALLY twd Keesara
4424,Rv6Bc0sQ,Malka Puram-M Turkapalle,Malka Puram-M Turkapalle,17.64729372,78.80529642,MALKAPUR twd Keesara
4425,X1MXVEbF,Kokia Tanda,Kokia Tanda,17.63948246,78.78651023,KOKIA TANDA twd Keesara
4426,O2sbMcXC,Madhapur- M Turkapalle,Madhapur- M Turkapalle,17.62999397,78.77497673,MADHAPUR twd Cheekatimamidi
4427,bIKefCJ1,Rama Swamy Thanda,Rama Swamy Thanda,17.61025369,78.7606135,RAMASWAMY TANDA twd Keesara
4428,xdPvt9HM,Cheekatimamidi-Bommalaramaram,Cheekatimamidi-Bommalaramaram,17.59683149,78.74890029,CHEEKATIMAMIDI twd Jalalpur
4429,r3XoTHIR,Khajipet-Bommalaramaram,Khajipet-Bommalaramaram,17.57969558,78.73592375,KHAJIPET X Road twd Jalalpur
4430,xwoqDZmV,Yavapur Thanda-Bommalaramaram,Yavapur Thanda-Bommalaramaram,17.58439527,78.7286818,YAVAPUR TANDA twd Keesara
4431,ocktb2FM,Jalalpur-Bommalaramaram,Jalalpur-Bommalaramaram,17.59625875,78.71690148,JALALPUR twd Uddamarri
4432,7In07HaS,Errakunta-Bommalaramaram,Errakunta-Bommalaramaram,17.58634364,78.70269656,ERRAKUNTA twd Keesara
4433,9nOITAWn,Rangapuram-Bommalaramaram,Rangapuram-Bommalaramaram,17.563,78.71,RANGAPUR X Road twd Keesara
4434,dGAMNXqK,M.R.O Office Police Station Twd Ecil,M.R.O Office Police Station Twd Ecil,17.52292133,78.65895912,M.R.O OFFICE POLICE STATION twd ECIL
4435,EUHi6UUy,Nagarjuna Colony-Kushaiguda,Nagarjuna Colony-Kushaiguda,17.48,78.582,NAGARJUNA COLONY twds_N
4436,2sEW07CI,Maisammaguda,Maisammaguda,17.56233316,78.45395923,MAISAMMAGUDA twd Kompally
4437,pQbjMk2j,Dulapally,Dulapally,17.54665821,78.46688345,DOOLAPALLY VILLAGE twd Kompalli
4438,ZWT6ml6Z,Mile Stone,Mile Stone,17.39762668,78.35009861,KOKAPET X ROAD twd Gar
4439,A6BA8Fxp,My Home Avtar,My Home Avtar,17.39888104,78.35541452,MY HOME AVTAR
4440,ttBFODpw,Sr Nagar,Sr Nagar,17.440269,78.442599,SR NAGAR twd Koti
4441,wb9ghXRP,Rajpushpa,Rajpushpa,17.3959,78.3545,RAJPUSHPA
4442,Pty1niHl,Smr Vinay Iconia,Smr Vinay Iconia,17.46783,78.33467,SMR Vina Iconia
4443,YoVdNTMy,Chirec School,Chirec School,17.46322014,78.34756136,CHIREC twd Premnagar
4444,A5VcZ1A7,Erragadda,Erragadda,17.45909819,78.43235136,ERRAGADDA Main Road
4445,Dl9PxnnL,Nrr Puram,Nrr Puram,17.45061611,78.4053192,NRR PURAM
4446,aaXbZ4bZ,Ag Colony,Ag Colony,17.44818168,78.42921832,AG Colony
4447,EoyaofRY,Janmabhumi Colony,Janmabhumi Colony,17.4156,78.3661,JANMABHUMI COLONY
4448,DImLALt2,Edunagulapally,Edunagulapally,17.46255491,78.23856711,NAGULAPALLY twd Kollur
4449,8gdPAohF,Park View Appartment,Park View Appartment,17.41460182,78.48583728,PARK View Apartment twd NTR Stadium
4450,4W7AHolA,Ntr Stadium,Ntr Stadium,17.41132452,78.48473808,NTR Stadium twd Nampally
4451,ebTSHfle,Bolakpur,Bolakpur,17.4217631,78.49694298,BOLAKPUR BUS STOP twd Secunderabad
4452,mUbbI4WL,Lalaguda Market,Lalaguda Market,17.43917555,78.52902085,MARKET BUS STOP twd Prashanth Nagar
4453,klyu6WPn,Lalaguda Market,Lalaguda Market,17.43909113,78.52900207,MARKET BUS STOP twd Secunderabad
4454,rw66fawX,Kusaiguda Bus Depot,Kusaiguda Bus Depot,17.46829634,78.56563566,KUSHAIGUDA Bus Depot
4455,9c7dnHNl,Ravirala Milstone Twd Kongara,Ravirala Milstone Twd Kongara,17.20737737,78.53421092,RAVIRALA MILSTONE twd Kongara
4456,VYQJVuq7,Kongara Milstone Twd Ravirala,Kongara Milstone Twd Ravirala,17.20722877,78.53422165,KONGARA MILSTONE twd Ravirala
4457,E58BnVjX,Sanat Nagar Ps,Sanat Nagar Ps,17.4564,78.4426,SANATH Nagar Police Station twd Secunderabad
4458,81FrZVMI,Erragadda,Erragadda,17.45611228,78.43418538,ERRAGADDA X Road twd Koti
4459,A6eHUbdc,Suchitra X Road,Suchitra X Road,17.49930797,78.47625911,SUCHITRA X ROAD twd Shapur
4460,Rhua1bWo,Bank Colony X Rd Suchitra,Bank Colony X Rd Suchitra,17.50107815,78.47250804,BANK COLONY X ROAD twd Shapur
4461,GKcjRqGW,Godavari Homes Suchitra,Godavari Homes Suchitra,17.50325375,78.469107,GODAVARI HOMES twd Shapur
4462,kbs5MRdg,Chermas Suchitra,Chermas Suchitra,17.50506611,78.46755266,CHERMAS twd Shahpur
4463,Olyx06Hj,Jairamnagar,Jairamnagar,17.50761667,78.46235994,JAI RAM Nagar twd Shapur
4464,jN9zttVG,Ayodhya Nagar,Ayodhya Nagar,17.51003623,78.45781088,AYODYA NAGAR twd Shapur
4465,kXGMDMvJ,Ayodhya Nagar,Ayodhya Nagar,17.51042504,78.4574461,AYODYA Nagar twd Suchitra
4466,EKblUEIB,Jairamnagar,Jairamnagar,17.50777501,78.46244574,JAIRAM NAGAR twd Suchitra
4467,LcThE1p9,Chermas Suchitra,Chermas Suchitra,17.50512495,78.46770287,CHERMAS twd Suchitra
4468,UulwUUq9,Godavari Homes Suchitra,Godavari Homes Suchitra,17.50332413,78.46910566,GODAVARI HOMES twd Suchitra
4469,MwR9HOcs,Mile Stone,Mile Stone,17.51668307,78.33460744,HMT COLONY twd Miyapur
4470,rt705acc,Rangapuram-Bommalaramaram,Rangapuram-Bommalaramaram,17.56549384,78.71428356,RANGAPUR VILLAGE twd Hajipur
4471,yqlfHu7V,Bommalaramaram,Bommalaramaram,17.56447098,78.73477578,BOMMALARAMARAM X ROAD twd Keesara
4472,o9b7GQoF,Bommalaramaram,Bommalaramaram,17.56393781,78.74003693,BOMMALARAMARAM VILLAGE twd Hajipur
4473,DIoIsz2z,Mile Stone,Mile Stone,17.586,78.74,J.P RAO PULE HOSTEL twd Veerareddypally
4474,jtbmfLGb,Rs Pally-Mturkapalle,Rs Pally-Mturkapalle,17.67772795,78.80079024,RS Pally twd Dharmaram
4475,vwOpQtAn,Kondapur-M Turkapalle,Kondapur-M Turkapalle,17.68748994,78.78725052,KONDAPUR twd Dharmaram
4476,mc5EJjHS,Kashireddypally-Markook,Kashireddypally-Markook,17.69882519,78.77906173,KASI REDDY PALLY twd Dharmaram
4477,MF1cGqhw,Mile Stone,Mile Stone,17.7051775,78.77822757,MS-SRINIVASPURAM twd Jagadevpur
4478,r7Sem7iE,Srinivasapuram-Aleru,Srinivasapuram-Aleru,17.71,78.785,SREENIVASAPURAM twd Turkapally
4479,H5drFyFd,Dharmaram-Jagdevpur,Dharmaram-Jagdevpur,17.71632001,78.78817853,DHARMARAM twd Turkapally
4480,cMdHS8kY,Mile Stone,Mile Stone,17.70524393,78.77835631,MS-SRINIVASPURAM twd Gopalpuram
4481,JgyeYjBP,Kondapur-M Turkapalle,Kondapur-M Turkapalle,17.6875743,78.78728539,KONDAPUR twd Turkapally
4482,EM0ZUnd0,Rs Pally-Mturkapalle,Rs Pally-Mturkapalle,17.678,78.801,RS Pally twd Turkapally
4483,7nDeObV1,Rangapuram-Bommalaramaram,Rangapuram-Bommalaramaram,17.56540698,78.71431577,RANGAPUR twd Keesara
4484,l78ME7fO,Plaza,Plaza,17.44373483,78.49049091,PLAZA twd Tivoli
4485,9xWJFapk,Mudfort,Mudfort,17.45709991,78.49503726,MUDFORT twd Hasmathpet
4486,HPTWBb6F,Bowenpally Market,Bowenpally Market,17.46892185,78.49482133,BOWENPALLY MARKET twd Hasmathpet
4487,9hjL75Ya,Mahatma Nagar-Bowenpally,Mahatma Nagar-Bowenpally,17.46899604,78.48334685,MAHATMA NAGAR twd Hasmathpet
4488,rlbZVnBb,Dubai Gate,Dubai Gate,17.47193351,78.48438855,DUBAI GATE twd Old Bowenpally
4489,Ubp68aIo,Hasmathpet,Hasmathpet,17.47525718,78.48553174,HASMATHPET twd Old Bowenpally
4490,f1fF6TqR,Mallikarjuna Nagar,Mallikarjuna Nagar,17.47615228,78.48233293,MALLIKARJUNA NAGAR twd Old Bowenpally
4491,CvSI0nMd,Old Bowenpally,Old Bowenpally,17.47663558,78.4788689,OLD BOWENPALLY
4492,TwAdDUGW,Mallikarjuna Nagar,Mallikarjuna Nagar,17.47621733,78.48235309,MALLIKARJUNA nagar twd Secunderabad
4493,AEahHsIQ,Hasmathpet,Hasmathpet,17.4754325,78.4856683,HASMATHPET twd Secunderabad
4494,ayG9wOFP,Dubai Gate,Dubai Gate,17.47174673,78.48439585,DUBAI GATE twd Secunderabad
4495,enDWe7zg,Mahatma Nagar-Bowenpally,Mahatma Nagar-Bowenpally,17.4690391,78.48340116,MAHATMA NAGAR twd Secunderabad
4496,WKVMpEgT,Nimh Bowenpally,Nimh Bowenpally,17.46901932,78.49021465,NIMH twd Secunderabad
4497,nBd4FmSP,Bowenpally Market,Bowenpally Market,17.46882743,78.49487901,BOWENPALLY MARKET twd Secunderabad
4498,fNx0jmHd,Diamond Point,Diamond Point,17.46232975,78.49104747,DIAMOND POINT twd Sikh Village
4499,1zrwZeDW,Ambedkar Open University,Ambedkar Open University,17.43152164,78.39504727,AMBEDKAR OPEN UNIVERSITY
4500,2gP2c9FH,Police Line-Amberpet,Police Line-Amberpet,17.38669599,78.51663675,AMBERPET Police Line twd Patel Nagar
4501,H1M3gvHq,Patel Nagar-Amberpet,Patel Nagar-Amberpet,17.38619622,78.52395348,PATEL NAGAR-AMBERPET
4502,6LBm7pBX,Sangeeth Twd Jbs,Sangeeth Twd Jbs,17.44244772,78.50516528,SANGEETH twd Jbs
4503,eLRnpEj2,Vivekananda Nagar,Vivekananda Nagar,17.4592082,78.39943579,VIVEKANANDA Nagar twd Cyber Towers
4504,21IF3D3F,Allwyn,Allwyn,17.52489848,78.27172928,ALLWYN twd Miyapur
4505,vCzs6zug,Miyapur Metro Station,Miyapur Metro Station,17.496817,78.371098,MIYAPUR Metro Station twd Koti
4506,Tepl3Oej,Gpra Quarters,Gpra Quarters,17.44,78.356,G.P.R.A QTRS twd G P R A Qtrs
4507,KykwcBgD,Venkatapur X Roads,Venkatapur X Roads,17.49643266,78.5069704,VENKATAPUR X ROAD twd Satya Alwal
4508,03dkU5wc,Chowdariguda Road Twd Tenugudem,Chowdariguda Road Twd Tenugudem,17.42216537,78.64886999,ChOWDARIGUDA Road twd Tenugudem
4509,6deukSg4,Anurag University Twd Tenugudem,Anurag University Twd Tenugudem,17.42073211,78.65689328,ANURAG University twd Tenugudem
4510,2Qqt3DKY,Venkatapur-Majarguda,Venkatapur-Majarguda,17.41417058,78.66569817,VENKATAPUR twd Tenugudem
4511,H1rV8v4A,Tenugudem,Tenugudem,17.4120589,78.67018287,TENUGUDEM VILLAGE
4512,45xNrREj,Venkatapur-Majarguda,Venkatapur-Majarguda,17.41404748,78.66573572,VENKATAPUR twd Jodimetla x roads
4513,FC67TZnN,Anurag University Twd  Jodimetla X Road,Anurag University Twd  Jodimetla X Road,17.42074795,78.65645526,ANURAG University twd  Jodimetla x Road
4514,vli9zu46,Chowdariguda Road Twd Jodimetla X Road,Chowdariguda Road Twd Jodimetla X Road,17.42221918,78.64855081,ChOWDARIGUDA Road twd Jodimetla x Road
4515,IbQv35GV,Mudfort,Mudfort,17.45712805,78.49508014,MUDFORT twd Secunderabad
4516,ktoX31SC,Ntr Stadium,Ntr Stadium,17.41198056,78.4860398,NTR STADIUM GROUND
4517,JiHrn13b,Bahadurpura,Bahadurpura,17.355,78.454,BAHADURPURA twd Afzalgunj
4518,xg6WKpek,Raj Bhavan,Raj Bhavan,17.4202737,78.46208029,RAJBHAVAN twd Yashoda
4519,sO7L6ftY,Villameeri College,Villameeri College,17.42259039,78.46226872,VILLAMERY COLLEGE twd Somajiguda
4520,1yl5ySc6,Yashodha Hospital-Somajiguda,Yashodha Hospital-Somajiguda,17.42501145,78.45719109,YASHODA HOSPITAL twd Begumpet
4521,ZJZftsfP,Ms-Edulabad Twd Venkirayala,Ms-Edulabad Twd Venkirayala,17.41498539,78.72372508,MS-EDULABAD twd Venkirayala
4522,VYKDGITi,Venkiryal-Bibinagar,Venkiryal-Bibinagar,17.4119184,78.76093806,VENKIRYALA twd Bibinagr
4523,XekORoiS,Venkiryal-Bibinagar,Venkiryal-Bibinagar,17.41188259,78.76096756,VENKIRYALA twd Edulabad
4524,U2AlvT09,Ms-Edulabad Twd Edulabad,Ms-Edulabad Twd Edulabad,17.41485134,78.72388601,MS-EDULABAD twd Edulabad
4525,QiwoqUY1,Spr Hills,Spr Hills,17.46,78.726,SPR COLLEGE twd Pcpm
4526,jXBmGLEK,Aiims Bibi Nagar,Aiims Bibi Nagar,17.47,78.777,AIIMS HOSPITAL twd Yadagirigutta
4527,qh2tTvzT,Bibi Nagar,Bibi Nagar,17.47356677,78.79266858,BIBINAGAR twd Parkal
4528,Ayxrae5T,Bibinagar Cheruvu Katta,Bibinagar Cheruvu Katta,17.47686649,78.79762933,BIBINAGAR Cheruvu Katta twd Jainapalli
4529,cqdAfvYM,Jain Palle-Bibinagar,Jain Palle-Bibinagar,17.50465523,78.79650951,JAINAPALLI
4530,zyznE3xa,Bibinagar Cheruvu Katta,Bibinagar Cheruvu Katta,17.47688249,78.79767358,BIBINAGAR Cheruvu Katta twd Bibinagar
4531,abupv0Hs,Aiims Bibi Nagar,Aiims Bibi Nagar,17.46977771,78.77738533,AIIMS BIBINAGAR twd Hyderabad
4532,ytLk4rgr,Ranigunj-1 Bus Depot,Ranigunj-1 Bus Depot,17.43187574,78.48681605,RANIGUNJ-1 Bus Depot
4533,d9QPbUrI,Sardar Patel Nagar Malkajgiri,Sardar Patel Nagar Malkajgiri,17.45,78.543,SARDAR PATEL NAGAR twd Prashant Nagar
4534,mjIDRwcA,Prashanth Nagar-Maulali,Prashanth Nagar-Maulali,17.44615362,78.54440331,PRASHANTH NAGAR twd Secunderabad
4535,CNGvqB4D,Sardar Patel Nagar Malkajgiri,Sardar Patel Nagar Malkajgiri,17.45,78.544,SARDAR PATEL NAGAR twd Malkajgiri
4536,d4Ho2vwL,Mazjid Laxmi Emerald,Mazjid Laxmi Emerald,17.43845135,78.53232533,MAJZID  twd PrashanthNagar
4537,YlENjS5C,Noori Pan Shop,Noori Pan Shop,17.43751491,78.53399634,NOORIE PAN SHOP twd Lalapet
4538,snY1bh4m,Shantinagar Lallaguda,Shantinagar Lallaguda,17.4357467,78.53734913,SHANTHI Nagar twd Lalapet
4539,lC9NVBlU,Shantinagar Lallaguda,Shantinagar Lallaguda,17.43570815,78.53730351,SHANTHI NAGAR twd Mettuguda
4540,1pmlHcrL,Noori Pan Shop,Noori Pan Shop,17.43748926,78.53389442,NOORIE PAN SHOP twd Mettuguda
4541,2n2EUxVL,Mazjid Laxmi Emerald,Mazjid Laxmi Emerald,17.4384667,78.53218317,MAJZID twd Secunderabad
4542,rR6WTLPT,Kanazi Guda,Kanazi Guda,17.48401258,78.49690139,KANAJIGUDA PETROL PUMP twd Kistamma Enclave
4543,4woK7DRR,Indira Nagar-Hasmathpet,Indira Nagar-Hasmathpet,17.48534801,78.49303901,INDIRANAGAR twd Kistamma Colony
4544,JxEJeQtK,Green Fields,Green Fields,17.4910081,78.49271313,GREENFIELD twd Secunderabad
4545,ExSDBfxE,Indira Nagar-Hasmathpet,Indira Nagar-Hasmathpet,17.48541197,78.49306047,INDIRANAGAR twd Secunderabad
4546,MOxH1GI0,Kanazi Guda,Kanazi Guda,17.48419934,78.49714011,KANAJIGUDA twd Secunderabad
4547,Mez2VlDa,Subhash Nagar X Rd Lalbzazar,Subhash Nagar X Rd Lalbzazar,17.48305833,78.49987596,SUBHASH NAGAR CROSS ROADS twd Secunderabad
4548,tFQWEsG0,Venkatagiri,Venkatagiri,17.414362,78.425119,VENKATGIRI twd Secunderabad
4549,1t6amxAW,Wipro,Wipro,17.43413694,78.29902947,WIPRO twd Lingampally
4550,8NxxGRSs,Tellapur (Bus Pickup),Tellapur (Bus Pickup),17.4702,78.2882,TELLAPUR (Van PickUp)
4551,XsRYKrvI,Fly Quaters,Fly Quaters,17.484,78.511,FLY QTRS twd Kondapur
4552,kMF9l8H1,Nagisettipalle,Nagisettipalle,17.64100141,78.66698764,NAGISETTIPALLY twd Kondapur
4553,CM5UHe9h,Potharam X Roads,Potharam X Roads,17.65571042,78.67924735,POTHARAM X ROADS twd Kondapur
4554,x30icy28,Mooduchinthapally,Mooduchinthapally,17.65212766,78.68886642,MUDUCHINTHAPALLY twd Kondapur
4555,PMDbMxjX,Lakshimapur,Lakshimapur,17.66318231,78.70253363,LAXMAPUR twd Kondapur
4556,ZgTJj5Ae,Thimmapur-Bommalaramaram,Thimmapur-Bommalaramaram,17.639,78.736,THIMMAPUR twd Kondapur
4557,Qdcgdso1,Boinpalle X Road,Boinpalle X Road,17.63559971,78.74307856,BOINPALLY X ROAD twd Kondapur
4558,cMR0V4yz,Madhapur X Road,Madhapur X Road,17.64697422,78.74464229,MADHAPUR X ROAD twd Kondapur
4559,4yQHsPRR,Nagaipalle Village,Nagaipalle Village,17.65060881,78.742522,NAGAIPALLE VILLAGE twd Kondapur
4560,yGmchHK2,Gopalpuram,Gopalpuram,17.67198285,78.75439613,GOPALPURAM twd Kondapur
4561,BgzMWGR3,Gopalpuram,Gopalpuram,17.67199819,78.75441758,GOPALPURAM twd Secundrabad
4562,AtLuf3Nz,Nagaipalle Village,Nagaipalle Village,17.65060816,78.74254145,NAGAIPALLE VILLAGE twd Secundrabad
4563,hYtqRDve,Madhapur X Road,Madhapur X Road,17.64696528,78.74466509,MADHAPUR X ROAD twd Secundrabad
4564,1nsfk8zP,Boinpalle X Road,Boinpalle X Road,17.63558053,78.74310404,BOINPALLY X ROAD twd Secundrabad
4565,pgeLpxJm,Thimmapur-Bommalaramaram,Thimmapur-Bommalaramaram,17.64257147,78.72760657,THIMMAPUR twd Secundrabad
4566,p1BvieJb,Lakshimapur,Lakshimapur,17.66312478,78.7024874,LAXMAPUR twd Secundrabad
4567,lgZefg1W,Mooduchinthapally,Mooduchinthapally,17.65212831,78.68877187,MUDUCHINTHAPALLY twd Secundrabad
4568,abTFXejZ,Potharam X Roads,Potharam X Roads,17.65572838,78.67931575,POTHARAM X ROAD twd Secundrabad
4569,UTIBdf6i,Nagisettipalle,Nagisettipalle,17.64097521,78.66699099,NAGISETTIPALLY twd Secundrabad
4570,EOqEbMbL,Gopalpur Milstone1 Twd Kondapur,Gopalpur Milstone1 Twd Kondapur,17.67779428,78.76128137,GOPALPUR MILSTONE1 twd Kondapur
4571,YyOhlMgn,Kondapur-M Turkapalle,Kondapur-M Turkapalle,17.68728544,78.78641099,KONDAPUR twd Kasireddipalli
4572,qYmMl6oN,Kondapur-M Turkapalle,Kondapur-M Turkapalle,17.68720364,78.78637612,KONDAPUR twd Secundrabad
4573,dzsInfwO,Kondapur Milstone2 Twd Gopalpur,Kondapur Milstone2 Twd Gopalpur,17.67774572,78.76128674,KONDAPUR MILSTONE2 twd Gopalpur
4574,RHq8bFwq,Bhel Metro Colony,Bhel Metro Colony,17.5373731,78.29733208,BHEL METRO COLONY
4575,psNKPl3k,Bhel Metro Water Tank,Bhel Metro Water Tank,17.53940911,78.28896463,BHEL METRO WATER TANK
4576,kGguxPyt,Shilparamam,Shilparamam,17.45374801,78.37936968,SHILPARAMAM twd RGIA
4577,g2d8ecJ2,Bitsphilani X Road,Bitsphilani X Road,17.56114984,78.57411817,BITS Philani X ROAD twd Anthai Palle
4578,dOio6rJg,Bits Pilani,Bits Pilani,17.54737033,78.57235201,BITS CAMPUS Bus Stop
4579,YPnZrZas,Pothaipally,Pothaipally,17.56742192,78.5393554,POTHAIPALLY twd Thumkunta
4580,8MT29Wxb,Sai Geetha Asharam,Sai Geetha Asharam,17.58117868,78.5009408,SAI GEETHA ASHARAM
4581,4xDclxFR,Mallanna Colony,Mallanna Colony,17.57897205,78.49917724,MALLANNA COLONY
4582,jnwgRQjX,Devar Yamjal,Devar Yamjal,17.56759067,78.5231924,DEVARAYAMJAL twd Thumkunta
4583,Y0oAD5fm,Green Fields,Green Fields,17.49107972,78.49271312,GREENFIELD twd Kishtamma Enclave
4584,ZAnA4Pwo,Surana,Surana,17.47122834,78.60108376,SURANA twd Cherlapally
4585,RYrAhtCx,Chinna Cherlapally,Chinna Cherlapally,17.47077037,78.60858455,CHINNA Cherlapally twd Cherlaplly
4586,1TX7aYKE,Chinna Cherlapally,Chinna Cherlapally,17.47072304,78.60857517,CHINNA CHERLLAPALLY twd Kushaiguda
4587,xutE8Tgf,Surana,Surana,17.471,78.601,SURANA twd ECIL
4588,XJ5K0Oum,Cherlapally,Cherlapally,17.47270713,78.58951539,CHERLAPALLY JAIL twd Kushaiguda
4589,Qu5RFHcj,Cheeriyal,Cheeriyal,17.51312618,78.6277771,CHEERYAL twd Yadgarpally
4590,wnthA4nA,Geethanjali Engg Clg,Geethanjali Engg Clg,17.52331678,78.62871051,GEETHANJALI Engg College twd Yadgarpally
4591,4G8WvMaU,Yadgarpally X Rd,Yadgarpally X Rd,17.53808557,78.63110572,YADGARPALLY X ROAD twd Dharmar
4592,qEVby5Kn,Drdo,Drdo,17.55975807,78.6289224,DRDO twd Dharmaram
4593,uIpPqUim,Dharmavaram-Keesara,Dharmavaram-Keesara,17.54742671,78.61148539,DHARMARAM twd Yadgarpally
4594,L7nGKCY4,Thimmaipally,Thimmaipally,17.54632695,78.61655217,THIMMAIPALLY twd Yadgarpally
4595,GkYXdQkx,Drdo,Drdo,17.55948956,78.62915039,DRDO twd Yadgarpally
4596,4nDtWBtf,Yadgarpally X Rd,Yadgarpally X Rd,17.53782342,78.63108158,YADGARPALLY X ROADS twd ECIL
4597,Ypsfsbuw,Geethanjali Engg Clg,Geethanjali Engg Clg,17.52301464,78.62881243,GEETHANJALI ENGG COLLEGE twd ECIL
4598,AL8XcSyT,Cheeriyal,Cheeriyal,17.51317734,78.62795949,CHEERYAL VILLAGE twd ECIL
4599,sOkRlkPj,Annapurna Colony-Ghatkesar,Annapurna Colony-Ghatkesar,17.458,78.688,ANNAPURNA COLONY twd BOGARAM
4600,WzKRY0SY,Kondapur-Ghatkesar,Kondapur-Ghatkesar,17.4628555,78.68978709,KONDAPUR twd BOGARAM
4601,JQU50HDi,Vignan School-Ghatkesar,Vignan School-Ghatkesar,17.47776512,78.693337,VIGNAN SCHOOL twd Bogaram
4602,j42GbuHv,Holy Mery College Twd Keesara,Holy Mery College Twd Keesara,17.4893491,78.69314252,HOLY MERY COLLEGE twd Keesara
4603,03hyXfbr,Holy Mery College Twd Uppal,Holy Mery College Twd Uppal,17.48946678,78.6931935,HOLY MERY COLLEGE twd Uppal
4604,aenarJJa,Vignan School-Ghatkesar,Vignan School-Ghatkesar,17.47775491,78.69336784,VIGNAN SCHOOL twd Ghatkesar
4605,hGxarGTb,Kondapur-Ghatkesar,Kondapur-Ghatkesar,17.46893599,78.69222521,KONDAPUR twd GHATKESAR
4606,iHWdnnvi,Annapurna Colony-Ghatkesar,Annapurna Colony-Ghatkesar,17.45792609,78.68812691,ANNAPURNA COLONY twd GHATKESAR
4607,0fvEMmf2,Ymca Secunderabad,Ymca Secunderabad,17.44349494,78.49866896,YMCA twd West Mareddpally
4608,pxT9JHNc,Padmarao Nagar,Padmarao Nagar,17.42554875,78.50763828,PADMARAO NAGAR twd Parsigutta
4609,16q3gfpc,Skandagiri,Skandagiri,17.42269522,78.50839466,SKANDAGIRI twd Gangaputra
4610,wvFA7vux,Srinivas Colony,Srinivas Colony,17.42102099,78.50875877,SRINIVAS COLONY twd Gangaputra
4611,yYiHoEB8,Bapuji Nagar,Bapuji Nagar,17.41827816,78.5059458,BAPUJINAGAR twd Gangaputra
4612,H4zCLXya,Gangaputra Colony,Gangaputra Colony,17.41604842,78.5070113,GANGAPUTRA
4613,PoYrojWw,Parsigutta,Parsigutta,17.41578535,78.51005226,PARSIGUTTA twd Secunderabad
4614,FMlvWHrO,Bapuji Nagar,Bapuji Nagar,17.41860319,78.50958824,BAPUJINAGAR twd Secunderabad
4615,FPIhqGJp,Srinivas Colony,Srinivas Colony,17.42096245,78.50886606,SRINIVAS COLONY twd Secundrabad
4616,IWsrvYyN,Skandagiri,Skandagiri,17.42264962,78.50837056,SKANDAGIRI twd Secundrabad
4617,yK2B8zG2,Padmarao Nagar,Padmarao Nagar,17.42640094,78.50686948,PADMA RAO NAGAR twd Secunderabad
4618,AQvI5lhd,Telecom Colony,Telecom Colony,17.49286139,78.4977355,TELECOM COLONY twd Secunderabad
4619,Obcbrjfd,Gangaram,Gangaram,17.8196,78.1304,GANGARAM
4620,bMAnJ4qt,Sindihi Colony,Sindihi Colony,17.44085417,78.47899095,SINDHI COLONY twd Begumpet
4621,Wtjnua8E,Patigadda,Patigadda,17.43904544,78.47648898,PATIGADDA
4622,xrvqzGBc,Ashish Garden Bus Stop,Ashish Garden Bus Stop,17.45755917,78.47801731,ASHISH Garden twd Patancheruvu
4623,xzlWznBW,Kakatiya Colony-Chengicherla,Kakatiya Colony-Chengicherla,17.43953794,78.60815439,KAKATIYA COLONY twd Uppal
4624,sSz5mDn7,Vijayanagar Colony,Vijayanagar Colony,17.39513545,78.45466122,VIJAYANAGAR Col twd Mehdipatnam
4625,JLLxTcbV,Rns Colony,Rns Colony,17.429,78.583,CCMB (RNS) COLONY
4626,cvqLl7gh,Km Stone Twd Rg Colony,Km Stone Twd Rg Colony,17.516,78.614,KM STONE twd Rg Colony
4627,kQMP3Iwu,Rajiv Gruha Kalpa Colony-Ahmedguda,Rajiv Gruha Kalpa Colony-Ahmedguda,17.51711643,78.60145389,RAJIV Gruha Kalpa Colony
4628,wYsg8NOO,Bvs College X Road- Keshavaram,Bvs College X Road- Keshavaram,17.63993236,78.66357923,BVR COLLEGE X Road twd M.C. Pally
4629,FjKA29TY,Balaji Venkateswara Jr College,Balaji Venkateswara Jr College,17.63577096,78.66443211,B V COLLEGE KESHAVARAM
4630,DIFRR5Sr,Bvs College X Road- Keshavaram,Bvs College X Road- Keshavaram,17.6398661,78.66363824,BVR COLLEGE X Road twd Keshavram
4631,JtUpvbva,Guttala Begumpet,Guttala Begumpet,17.43415234,78.40402721,GUTTALA Begumpet twd Koti
4632,933GfFpu,Masjid Twd Koti,Masjid Twd Koti,17.42608873,78.43699691,MASJID twd Koti
4633,hEng9Qxy,Masjid Twd Hitechcity,Masjid Twd Hitechcity,17.42604522,78.43725973,MASJID twd Hitechcity
4634,NHOecwgm,Guttala Begumpet,Guttala Begumpet,17.43440818,78.40407015,GUTTALA Begumpet twd Hitech City
4635,tDA2jebJ,Mayuri Nagar,Mayuri Nagar,17.514645,78.372589,MAYURI NAGAR
4636,8WMArdC7,Lingapur Tanda-Shamirpet,Lingapur Tanda-Shamirpet,17.64129216,78.68870616,LINGAPUR Tanda twd Mc pally
4637,pRXJY4GH,Lingapur Tanda-Shamirpet,Lingapur Tanda-Shamirpet,17.64127,78.6888,LINGAPUR Tanda twd Uddemarri
4638,8iF6XhdH,Icici Turkapally Twd Kolthur,Icici Turkapally Twd Kolthur,17.66525882,78.60717505,ICICI TURKAPALLY twd Kolthur
4639,a7nPBzTv,Icici Turkapally Twd Secunderabad,Icici Turkapally Twd Secunderabad,17.66523072,78.60717103,ICICI TURKAPALLY twd Secunderabad
4640,nJ0HhAkG,Court Complex,Court Complex,17.46500356,78.39030686,COURT COMPLEX
4641,3oMaKmK1,Lambadithanda,Lambadithanda,17.440615,78.3039,lambadithanda twds lingampally
4642,O6ZxE35t,Wipro Twd Khanapur,Wipro Twd Khanapur,17.434123,78.29911081,WIPRO twd Khanapur
4643,lxpgOwe2,Vatti Nagulapally,Vatti Nagulapally,17.42596845,78.29628825,VATTE NAGULAPALLY twd Cbit
4644,cEUYJJNP,Vatti Nagulapally,Vatti Nagulapally,17.42599404,78.29623326,VATTE NAGULAPALLY twd Lingampally
4645,9lbVuLzW,Sunshine Colony,Sunshine Colony,17.50617377,78.60054601,SUNSHINE COLONY TWD DAMMAIGUDA
4646,tSQiDfDA,Bibi Nagar,Bibi Nagar,17.47010005,78.79400969,BIBI NAGAR twd Nagireddypally
4647,kEhLYCmj,Brahmanapally Bibinagar,Brahmanapally Bibinagar,17.438,78.819,BRAHMANAPALLY twd Nagireddypally
4648,VxxNDUqD,Lakshmidevigudem Twd Nagireddypally,Lakshmidevigudem Twd Nagireddypally,17.43467944,78.81908298,LAKSHMIDEVIGUDEM twd Nagireddypally
4649,xEEdvOW8,Hindustan Bc Colony Twd Nagireddypally,Hindustan Bc Colony Twd Nagireddypally,17.42409485,78.82331484,HINDUSTAN BC COLONY twd Nagireddypally
4650,woulm5vE,Chinnaravulapally,Chinnaravulapally,17.422,78.827,CHINNARAVULAPALLY twd Nagireddypally
4651,7Zfqx3HQ,Battugudem,Battugudem,17.42076378,78.83900106,BATTUGUDEM twd Nagireddypally
4652,IOY7e8jl,Mamillagudem Bibi Nagar,Mamillagudem Bibi Nagar,17.41634097,78.84915589,MAMILAGUDAM twd Nagireddypally
4653,0j2mGg4v,Gurrala Dandi,Gurrala Dandi,17.41462998,78.85133084,GURRALADANDI twd Nagireddypally
4654,zrgPddeD,Kotha Tanda-Bibinagar,Kotha Tanda-Bibinagar,17.41080254,78.86495941,KOTHA Tanda twd Nagireddypally
4655,0DdXY6rE,Jampalle,Jampalle,17.407,78.881,JAMPALLY twd Nagireddypally
4656,UjmFD3FV,Reddy Naik Tanda-Bibinagar,Reddy Naik Tanda-Bibinagar,17.41288101,78.89044583,REDDYNAYAKTHANDA
4657,FAPYP9gG,Sirivenikunta,Sirivenikunta,17.40947005,78.91160586,SIRIVENRIKUNTA twd Nagireddypally
4658,8tXfFs6Y,Bollepally,Bollepally,17.40610859,78.9239949,BOLLEPALLY twd Nagireddypally
4659,jAzvVsbz,Vijayanagarm-Bhuvanagiri,Vijayanagarm-Bhuvanagiri,17.42345539,78.93264234,VIJAYANAGARAM twd Nagireddypally
4660,GDCnEsuT,Nagireddypally,Nagireddypally,17.42967752,78.93785957,NAGIREDDYPAL Twd Nalgonda
4661,YGWtZVl2,Nagireddypally,Nagireddypally,17.42972134,78.93762052,NAGIREDDYPAL Twd Bhuvnagiri
4662,Cah9bqGR,Vijayanagarm-Bhuvanagiri,Vijayanagarm-Bhuvanagiri,17.42331975,78.93265843,VIJAYANAGARAM twd Bibinagar
4663,XXcwxwmf,Bollepally,Bollepally,17.40630293,78.92490682,BOLLEPALLY twd Secunderabad
4664,yXOXpx5H,Sirivenikunta,Sirivenikunta,17.40924647,78.91142607,SIRIVENRIKUNTA twd Bibinagar
4665,qxhMfsEF,Jampalle,Jampalle,17.407,78.881,JAMPALLY twd Secundrabad
4666,t46odZkU,Kotha Tanda-Bibinagar,Kotha Tanda-Bibinagar,17.410736,78.86490583,KOTHA Tanda twd Bibinagar
4667,H2gV0Y6j,Gurrala Dandi,Gurrala Dandi,17.41466646,78.8512896,GURRALADANDI twd Secundrabad
4668,wRSHHv5N,Mamillagudem Bibi Nagar,Mamillagudem Bibi Nagar,17.41615919,78.84917467,MAMILAGUDAM twd Secundrabad
4669,HhCAqROY,Battugudem,Battugudem,17.42078143,78.83878112,BATTUGUDAM twd Secunderabad
4670,zEm2YgbZ,Chinnaravulapally,Chinnaravulapally,17.422,78.827,CHINNARAVULAPALLY twd Secundrabad
4671,5oZ769mM,Hindustan Bc Colony Twds Secundrabad,Hindustan Bc Colony Twds Secundrabad,17.424,78.823,HINDUSTAN BC COLONY twds Secundrabad
4672,asVT9slk,Lakshmidevigudem Twd Secundrabad,Lakshmidevigudem Twd Secundrabad,17.4347946,78.81898105,LAKSHMIDEVIGUDEM twd Secundrabad
4673,K0aCY7gW,Brahmanapally Bibinagar,Brahmanapally Bibinagar,17.437,78.819,BRAHMANAPALLY twd Secunderabad
4674,06F1LxVt,Bibi Nagar,Bibi Nagar,17.46997468,78.7938112,BIBINAGAR twd Uppal
4675,yDkSMUtI,Addagutta Petrol Bunk,Addagutta Petrol Bunk,17.44486772,78.51396963,ADDA GUTTA Petrol Bunk
4676,QtjWb2h0,Rio-Point,Rio-Point,17.443,78.519,RIO POINT HOTEL twd Addagutta
4677,Q9L2a991,Goutham Nagar Safilguda,Goutham Nagar Safilguda,17.453,78.529,GAUTHAM Nagar twd Malkajgiri
4678,Lrzmwn70,Safilguda Rly Gate,Safilguda Rly Gate,17.46200225,78.5328591,SAFILGUDA RAILWAY GATE twd Aoc
4679,5mnbbjoo,East Maredpally,East Maredpally,17.44904248,78.50896329,EAST MAREDPALLY SETWIN CENTRE twd Secunderabad
4680,CKdngtOs,East Maredpally,East Maredpally,17.44548332,78.5082069,EAST MAREDPALLY twd Secunderabad
4681,6GcHqENg,Rathifile In,Rathifile In,17.4345705,78.504878,Rathifile in
4682,yxaS0vFF,Safilguda,Safilguda,17.462,78.533,SAFILGUDA Railway Gate
4683,gYidQXQJ,Km Stone Venniguda Twd Bogaram,Km Stone Venniguda Twd Bogaram,17.51391141,78.68135691,KM STONE VENNIGUDA twd Bogaram
4684,BSrRCBqS,Km Stone Twd Keesara,Km Stone Twd Keesara,17.5138884,78.68125504,KM STONE twd Keesara
4685,wBas4JJY,Badesha Guda,Badesha Guda,17.500807,78.70382309,BARSHAGUDA VILLAGE
4686,jkQ9f3nj,Km Stone Twd Ecil,Km Stone Twd Ecil,17.517,78.614,KM STONE twd Ecil
4687,9FbdQDFW,My Villas,My Villas,17.45067752,78.59816011,MY Villas twd Chengicherla
4688,sqKHVSKU,Reddy College,Reddy College,17.39504236,78.49327051,REDDY COLLEGE TWD KACHIGUDA
4689,2sXkITgU,Reddy College,Reddy College,17.39524315,78.49322814,REDDY COLLEGE TWD BARKATPURA
4690,5TeB4xFI,Womens Hostel-Rnj,Womens Hostel-Rnj,17.51139092,78.36157816,WOMENS HOSTEL-Rnj
4691,JqLFUyjE,Police Lines Begumpet,Police Lines Begumpet,17.44319044,78.47770217,POLICELINE twd Patigadda
4692,GHPz3LyX,Shakti Sai Nagar,Shakti Sai Nagar,17.44180607,78.58151168,SHAKTI Sai Nagar twd Mallapur
4693,vEobImtc,Nacharam Ida Twd Nacharam,Nacharam Ida Twd Nacharam,17.43526,78.57296,NACHARAM IDA twd Nacharam
4694,LDXvwrqj,Karkapatla,Karkapatla,17.68304587,78.7277859,KARKAPATLA twd Damerakunta
4695,PoV8Vybf,Damarkunta-Mulugu,Damarkunta-Mulugu,17.70595425,78.75104606,DAMERAKUNTA twd Erravally
4696,iSDhVFbc,Kashireddypally-Markook,Kashireddypally-Markook,17.69920342,78.77935946,KASIREDDY PALLY VILLAGE
4697,MrPh9VUG,Damarkunta-Mulugu,Damarkunta-Mulugu,17.70582651,78.75116944,DAMERAKUNTA twd Laxamapur
4698,eZkdXW8H,Karkapatla,Karkapatla,17.6830484,78.72787981,KARKAPATLA twd Laxmapur
4699,JUMncv7J,Sai Dhamam Kaman,Sai Dhamam Kaman,17.55451824,78.70336175,SAI Dhamam Kaman twd Veerareddypally
4700,QwgSsbpX,Peerlapally,Peerlapally,17.73900978,78.8139385,PEERLAPALLY twd Jagdevpur
4701,WbkOu5yq,Ms-Zp School Twd Guruvannapeta,Ms-Zp School Twd Guruvannapeta,17.75515464,78.81231308,MS-ZP SCHOOL twd Guruvannapeta
4702,kvCgScNG,Jagdevpur Bus Station,Jagdevpur Bus Station,17.76773742,78.80629957,JAGDEVPUR Bus Station
4703,tzqJi0Lq,Ms-Gollapally Twd Guruvannapet,Ms-Gollapally Twd Guruvannapet,17.78825215,78.81352007,MS-GOLLAPALLY twd Guruvannapet
4704,IfYvxWxy,Gollapalle-Jagdevpur,Gollapalle-Jagdevpur,17.80517902,78.81589385,GOLLAPALLE twd Guruvannapeta
4705,UEfWONZA,Munigadapa,Munigadapa,17.81305979,78.81905615,MUNI GADAPA twd Guruvannapeta
4706,Z0wOlqDW,Wattipalle-Jagadevpur,Wattipalle-Jagadevpur,17.82703011,78.84820097,WATTIPALLY twd Guruvannapeta
4707,wy2th0A9,Chatlapalle,Chatlapalle,17.84607004,78.85549127,CHATLAPALLY twd Guruvannapeta
4708,WZNMBPgS,Kondapochamma,Kondapochamma,17.86505946,78.86711061,KONDAPOCHAMMA twd Guruvannapeta
4709,xQ3ODCdY,Guruvannapeta,Guruvannapeta,17.87759313,78.85862955,GURUVANNAPETA
4710,QiFe7Eyt,Wattipalle-Jagadevpur,Wattipalle-Jagadevpur,17.82661657,78.84774495,WATTIPALLY twd Turkapally
4711,McJOhLu7,Munigadapa,Munigadapa,17.8130649,78.81911784,MUNI GADAPA twd Turkapally
4712,qQOIYp2r,Gollapalle-Jagdevpur,Gollapalle-Jagdevpur,17.80514073,78.81590994,GOLLAPALLE twd Turkapally
4713,bhfENhP9,Ms-Gollapally Twd Turkapally,Ms-Gollapally Twd Turkapally,17.78835431,78.81362736,MS-GOLLAPALLY twd Turkapally
4714,atopDYYa,Ms-Zp School Twd Turkapally,Ms-Zp School Twd Turkapally,17.75524149,78.81234258,MS-ZP SCHOOL twd Turkapally
4715,WDOAuxbl,Peerlapally,Peerlapally,17.73881562,78.81399617,PEERLAPALLY twd Bhongir
4716,awORygLf,Jnnurm Colony-Bogaram,Jnnurm Colony-Bogaram,17.49922611,78.67124498,JNNURM COLONY BOGARAM
4717,2sGAk3kV,Rajiv Gruha Colony,Rajiv Gruha Colony,17.501057,78.394969,RAJIV Gruha Kalpa twd Pragathi Naga
4718,ul9mh93J,Jnnurm Colony Bachupally,Jnnurm Colony Bachupally,17.55003269,78.38072956,JNRM Colony
4719,IgXRU8TA,Ashoknagar Rtc X Rd,Ashoknagar Rtc X Rd,17.40899821,78.48979086,ASHOK NAGAR twd Mehdipatnam
4720,7kqAm5SP,Ashoknagar Rtc X Rd,Ashoknagar Rtc X Rd,17.40927974,78.48945692,ASHOK NAGAR twd Uppal
4721,5z4uZRNW,Shakti Sai Nagar,Shakti Sai Nagar,17.44174777,78.58156805,SHAKTI Sai Nagar twd Chengicherla
4722,k2bVmVXQ,Bolliguda,Bolliguda,17.43386057,78.59242391,BOLLIGUDA twd Chengicherla
4723,0XmwhZv3,Thirumalgiri,Thirumalgiri,17.471193,78.509826,THIRUMALGIRI twd ECIL
4724,XyegHCW5,Ntpc Annojiguda,Ntpc Annojiguda,17.43589757,78.66229711,NTPC ROAD twd Rajiv Swagruha
4725,jYsxAa2f,Rajiv Swagruha,Rajiv Swagruha,17.431,78.67,RAJIV SWAGRUHA-ANNOJIGUDA
4726,ReGLNvjS,Ntpc Annojiguda,Ntpc Annojiguda,17.43579765,78.66200745,NTPC  ROAD TWD ANNOJIGUDA
4727,wIiNMkpJ,Pilligundla,Pilligundla,17.42238,78.2101,pilligundla twd mokkila
4728,FAWHxv2m,Pilligundla,Pilligundla,17.42255,78.21018,pilligundla twd donthanpally
4729,ZXKNX5XB,Subguard Room,Subguard Room,17.53823263,78.51892769,SUBGUARD ROOM twd DMC
4730,Xpik5Wrf,Turkapally-Bollaram,Turkapally-Bollaram,17.54771738,78.51345624,THURKAPPLY VILLAGE
4731,DBtttMsY,Subguard Room,Subguard Room,17.53823263,78.51900279,SUBGUARD ROOM twd Risalabazar
4732,rdsFjozH,Hakeempet,Hakeempet,17.54587021,78.53514433,HAKEEMPET Bus Depot
4733,anRapeHF,Jonnabanda,Jonnabanda,17.52025804,78.50439079,JONNABONDA Bus Stop
4734,YEeFv3qk,Noble School,Noble School,17.51079332,78.5781045,NOBLE SCHOOL twd Gabbilalpet
4735,IeNtqDmC,Gabbilalpet,Gabbilalpet,17.51849182,78.57969724,Gabbilalpet twd Dental college
4736,e0bDAgyD,Prajay Water Front,Prajay Water Front,17.6577678,78.59904662,PRAJAY Water Front
4737,1B3YHV6Z,Ramalayam Bahadurpally,Ramalayam Bahadurpally,17.55970309,78.43868539,RAMALAYAM BAHADURPALLY twd Gandimaisamma
4738,iC5tZZCW,Bulkapur,Bulkapur,17.44487736,78.15889746,BULKAPUR twd Patancheru
4739,OFSU0oz8,Rajivgruhakalpa Bus Stop,Rajivgruhakalpa Bus Stop,17.45898,78.1502,Rajiv gruhakalpa twds patancheru
4740,vx33tKOE,Lalsahebguda,Lalsahebguda,17.5383195,78.40994686,LALSAHEBGUDA
4741,OqxSnL4E,Madaram-Ekiraya,Madaram-Ekiraya,17.4120745,78.75105947,MADARAM twd bibinagar
4742,GMsoyyez,Padamati Somaram,Padamati Somaram,17.43442259,78.76419123,PADAMATI SOMARAM twd bibinagar
4743,IAjYkHLW,Kunta,Kunta,17.45022973,78.77996832,KUNTA
4744,qy2nfPqG,Padamati Somaram,Padamati Somaram,17.4366313,78.76497343,PADAMATI SOMARAM twd Enkiryala
4745,g0w3puOZ,Madaram-Ekiraya,Madaram-Ekiraya,17.41209753,78.75115335,MADARAM twd edulabad
4746,zEirWk7F,Annojiguda,Annojiguda,17.43306475,78.65500152,ANNOJIGUDA twd Uppal
4747,dcv8qeRA,Potharaju Gudem,Potharaju Gudem,17.40916465,78.72341931,POTHARAJUDUDAM twd PILLAPALLI
4748,4dRf0y72,Maktha Anantharam,Maktha Anantharam,17.393,78.739,MAKTHA ANANTHARAM
4749,fwUTYepc,Julur,Julur,17.38596011,78.78489288,JULUR twd Pochampally
4750,9tgc8EtG,Julur,Julur,17.38242283,78.78631709,JULUR X Road Twd Uppal
4751,M8yKO3G0,Guvvaleti X Roads,Guvvaleti X Roads,17.37747727,78.73347758,GUVVALETI X Road twd Edulabad
4752,PBRqBLhZ,Dindigal Double Bed Room Stage,Dindigal Double Bed Room Stage,17.59953591,78.43098227,DUNDIGALDOBULBEDROOMS
4753,QhjHN9fV,Indresam X Road,Indresam X Road,17.54382591,78.2613498,INDRESHAM X ROAD twd Bonthapally
4754,s36L46Pq,Rameshwar Banda,Rameshwar Banda,17.54724386,78.27219397,RAMESHWAR BANDA twd Bonthapally
4755,JYml9tXs,Ellenki College,Ellenki College,17.54905827,78.28354239,ELLENKI COLLEGE twd Bonthapally
4756,gPHG37R6,Wadakpalle,Wadakpalle,17.5607,78.3001,WADAKPALLE twd Bonthapally
4757,bO2iK4iZ,Bommanakunta,Bommanakunta,17.56607432,78.30254581,BOMANAKUNTA twd Bonthapally
4758,XRIoCZLJ,Janakampet-Madharam,Janakampet-Madharam,17.577,78.3079,JANAKAMPET twd Bonthapally
4759,lsFioSNC,Madharam-Jinnaram,Madharam-Jinnaram,17.58569419,78.30888656,MADHARAM twd Bonthapally
4760,JmFQVJug,Ootla X Road,Ootla X Road,17.63057679,78.31999362,OOTLA X ROAD twd Bonthapally
4761,vWZM9r34,Bonthapally Temple,Bonthapally Temple,17.66096263,78.34934233,BONTHAPALLY Temple
4762,FyInjeRT,Bonthapalle-Jinnaram,Bonthapalle-Jinnaram,17.66602363,78.3727305,BONTHAPALLY
4763,i06PMTjU,Madharam-Jinnaram,Madharam-Jinnaram,17.58577092,78.30904483,MADHARAM twd Patancheru
4764,4Hj6Drf6,Janakampet-Madharam,Janakampet-Madharam,17.57694948,78.30795049,JANAKAMPET twd Patancheru
4765,0Hk2rY76,Bommanakunta,Bommanakunta,17.56609734,78.30270854,BOMANAKUNTA twd Patancheru
4766,PmehdscF,Wadakpalle,Wadakpalle,17.56088076,78.30026865,WADAKPALLE twd Patancheru
4767,lbsnCxTk,Rameshwar Banda,Rameshwar Banda,17.54722596,78.27220336,RAMESHWAR BANDA twd Patancheru
4768,sx69oCEC,Indresam X Road,Indresam X Road,17.54373647,78.26136589,INDRESHAM X ROAD twd Patancheru
4769,35Gk0DZM,Priceton College Of Engg,Priceton College Of Engg,17.44471401,78.71832155,PRICETON COLLEGE OF ENGG twd Ankushapur
4770,jzT7YTvM,Ankushapur-Ghatkesar,Ankushapur-Ghatkesar,17.44755581,78.72760087,ANKUSHAPUR
4771,dMe40PcB,Ankushapur Gate,Ankushapur Gate,17.45256586,78.72740775,ANKUSHAPUR GATE twd Ankushapur
4772,HLDv4XFS,Aushapur Gatkesar,Aushapur Gatkesar,17.45972509,78.73626173,AUSHAPUR
4773,PcfwJypY,Priceton College Of Engg,Priceton College Of Engg,17.44471167,78.71836871,PRICETON COLLEGE OF ENGG twd Ghatkesar
4774,6zX1Am92,Ankushapur Gate,Ankushapur Gate,17.45263756,78.72732997,ANKUSHAPUR GATE twd Ghatksar
4775,msqkNDZR,Nalsar Law University,Nalsar Law University,17.60264022,78.54649544,NALSAR Law University
4776,fLbvl89G,Haridaspalle,Haridaspalle,17.52681674,78.60252175,HARIDASPALLE twd Balajinagar
4777,wFjinmAv,Rg Kalpa X Rd,Rg Kalpa X Rd,17.52524151,78.60656619,R.G.KALPA X ROAD Twd Balaji Nagar
4778,K4Dm5uNm,Rajiv Gruha Colony,Rajiv Gruha Colony,17.517,78.601,RG Colony_N
4779,AeCxbKtK,Ms-Malyal Twd Malyal,Ms-Malyal Twd Malyal,17.568573,78.74723,MS-MALYAL twd Malyal
4780,QpS3yStV,Malyala-Bommalaramaram,Malyala-Bommalaramaram,17.57613641,78.75258029,MALYALA VILLAGE twd Hajipur
4781,Wh5gn4kw,Hazipur-Bommalaramaram,Hazipur-Bommalaramaram,17.56102967,78.77056383,HAZIPUR
4782,hi5PmO27,Malyala-Bommalaramaram,Malyala-Bommalaramaram,17.5760699,78.75262052,MALYALA twd Keesara
4783,JinaGZvz,Ms-Bommalaramaram Twd Bommalaramaram,Ms-Bommalaramaram Twd Bommalaramaram,17.568552,78.747314,MS-BOMMALARAMARAM twd BOMMALARAMARAM
4784,vfjrq7NI,Venkatapur-M Turkapalle,Venkatapur-M Turkapalle,17.64401692,78.86620396,VENKATAPALLY twd Yadagirigutta
4785,quIuUJZE,Dattaipalle-Turkapalli,Dattaipalle-Turkapalli,17.65233405,78.88466299,DATTAIPALLY twd Yadagirigutta
4786,Ib4yREj4,Mallapur-Yadagirigutta,Mallapur-Yadagirigutta,17.63113921,78.91050339,MALLAPUR twd Yadagirigutta
4787,ZlIo5akU,Yadagirigutta Bus Depot,Yadagirigutta Bus Depot,17.58272649,78.94509407,YADAGIRIGUTTA Bus Depot
4788,bKRNaXTs,Yadagirigutta Bus Station,Yadagirigutta Bus Station,17.5991504,78.93517702,KM STONE twd Yadagirigutta
4789,A013diQ6,Mallapur-Yadagirigutta,Mallapur-Yadagirigutta,17.63120058,78.91046315,MALLAPUR twd Ecil
4790,kRsT6YyX,Dattaipalle-Turkapalli,Dattaipalle-Turkapalli,17.65227527,78.88483196,DATTAIPALLY twd Ecil
4791,0PyRdAGi,Venkatapur-M Turkapalle,Venkatapur-M Turkapalle,17.64386607,78.86615569,VENKATAPALLY twd Ecil
4792,tlCR1N7F,Ms-1 Bommalaramaram X Road Twd Kazipet,Ms-1 Bommalaramaram X Road Twd Kazipet,17.56793845,78.73459339,MS-1 BOMMALARAMARAM X ROAD twd Kazipet
4793,FXPoxt8Q,Ms-2 Bommalaramaram X Road Twd Kazipet,Ms-2 Bommalaramaram X Road Twd Kazipet,17.57248494,78.73434659,MS-2 BOMMALARAMARAM X ROAD twd Kazipet
4794,6kjRXLmZ,Singaipally,Singaipally,17.54740867,78.54381357,SINGAIPALLY BUS STOP
4795,VOzM7prv,Thumukunta,Thumukunta,17.59103281,78.69791953,THUMKUNTA twd Uddamarri
4796,ELHkPIPM,Kesavapuram-Shamirpet,Kesavapuram-Shamirpet,17.58882884,78.69137227,KESAVAPUR twd Thumkunta
4797,GXRBqbXl,Thumukunta,Thumukunta,17.59113511,78.69798123,THUMKUNTA twd Jalalpur
4798,XDuzCqhx,Bandakadi Palle-Bommalaramaram,Bandakadi Palle-Bommalaramaram,17.60733411,78.70106041,BANDAKADI PALLY twd Uddamarri
4799,nWuDiSNs,Usharpally-Hyderabad,Usharpally-Hyderabad,17.61069851,78.69293332,USHARPALLY twd Uddamarri
4800,kwg5PoEp,Usharpally-Hyderabad,Usharpally-Hyderabad,17.61075219,78.69282067,USHARPALLY twd Thumkunta
4801,mp0tfQdc,Bandakadi Palle-Bommalaramaram,Bandakadi Palle-Bommalaramaram,17.6073878,78.70094776,BANDAKADI PALLY twd Thumkunta
4802,LSwmLzGP,Pallegudem,Pallegudem,17.41183074,78.77764289,pallegudem
4803,g7LTsgh2,Aliyabad Sc Colony,Aliyabad Sc Colony,17.6213716,78.60328317,ALIABAD S C COLONY
4804,TlhYQB2C,Safilguda,Safilguda,17.462,78.533,SAFILGUDA RAILWAY GATE twd Tukaram gate
4805,nkR7JK8k,Laxmapur Thanda,Laxmapur Thanda,17.66954987,78.68556259,LAXMAPUR THANDA
4806,YpbF1nPq,Erragadda,Erragadda,17.45154238,78.43476532,ERRAGADDA RAITHUBAZAR
4807,UosBGU1k,Vardarajpur,Vardarajpur,17.7356299,78.76575261,VARADARAJPUR twd Erravalli
4808,0SJboWgR,Erravalle,Erravalle,17.75968618,78.75653376,ERRAVALLE Village
4809,yRjqehES,Itikyal,Itikyal,17.76580993,78.77578017,ITIKYAL twd Jagadevpur
4810,k9iIItf9,Lingreddypally-Jagadevpur,Lingreddypally-Jagadevpur,17.76619818,78.79456645,LINGREDDYPALLY twd Jagadevpur
4811,fhnCKm69,Lingreddypally-Jagadevpur,Lingreddypally-Jagadevpur,17.76613078,78.79457295,LINGREDDYPALLY twd itikyal
4812,JGE4QDhp,Itikyal,Itikyal,17.76574508,78.77575324,ITIKYAL twd Erravelli
4813,2CGNnaku,Vardarajpur,Vardarajpur,17.73560691,78.76580893,VARADARAJPUR twd Damarkunta
4814,Wt1CQE0r,Uddamarri,Uddamarri,17.6173761,78.6781168,UDDAMARRI twd Yadagirigutta
4815,TyzK8aH7,Alirajapet,Alirajapet,17.78706582,78.77978459,ALIRAJPET twd Gajwel
4816,I3w9lJmM,Ganesh Pally-Jagdevpur,Ganesh Pally-Jagdevpur,17.80442832,78.7492919,GANESHPALLY twd Gajwel
4817,aBUCRvp8,Teegul,Teegul,17.81900451,78.76904393,TEEGUL
4818,dE2yypbf,Ganesh Pally-Jagdevpur,Ganesh Pally-Jagdevpur,17.80457133,78.74935627,GANESHPALLY twd Bhongiri
4819,kDbBTKwA,Alirajapet,Alirajapet,17.78710477,78.77973698,ALIRAJPET twd Bhongir
4820,l9a0FdnW,Jameelapet,Jameelapet,17.49402804,78.72532099,JAMILAPET twd Jiyapally
4821,9ntsra8z,Km Stone Jiyapally Tws Jiyapally,Km Stone Jiyapally Tws Jiyapally,17.50155908,78.72822313,KM STONE JIYAPALLY tws Jiyapally
4822,kxXI7iIS,Jiyapally,Jiyapally,17.50600489,78.73461485,JIYAPALLY
4823,S8IEJoFd,Km Stone Jiyapally Tws Aushapur,Km Stone Jiyapally Tws Aushapur,17.50159998,78.72828217,KM STONE JIYAPALLY tws Aushapur
4824,oUqxzvaD,Pedda Parvathapur,Pedda Parvathapur,17.54395629,78.71682644,PEDDA PARVATHAPUR twd Bommalaramaram
4825,r6w5hfdD,Bommalaramaram,Bommalaramaram,17.56388347,78.74006845,BOMMALARAMARAM twd Turkapally
4826,XGnUwOJl,Solipeta-Bommalaramaram,Solipeta-Bommalaramaram,17.60442729,78.7407732,SOLIPET twd PYARARAM
4827,VQjMZWAo,Pyararam-Bommalaramaram,Pyararam-Bommalaramaram,17.610053,78.725293,PYARARAM
4828,EntwbBNs,Ramuni Tanda,Ramuni Tanda,17.61815822,78.75199021,RAMUNI Tanda twd Thimmapuram
4829,hAFy7VbW,Ramuni Tanda,Ramuni Tanda,17.61798955,78.7519902,RAMUNI TANDA TWD SOLIPET
4830,rH6c9xXi,Solipeta-Bommalaramaram,Solipeta-Bommalaramaram,17.60441962,78.74078728,SOLIPET twd Ecil
4831,GwRAP6U9,Pedda Parvathapur,Pedda Parvathapur,17.5439256,78.71688009,PEDDA PARVATHAPUR twd Saidhamam
4832,6PIcO8hp,Sai Dhamam Kaman,Sai Dhamam Kaman,17.55445431,78.7037158,SAI Dhamam Kaman twd ECIL
4833,FUZGfnOG,Ivy League Academy,Ivy League Academy,17.57781912,78.60310078,IVY LEAGUE
4834,MmlTjshZ,Ivy League Academy,Ivy League Academy,17.57773216,78.60298812,IVY LEAGUE twd Shamirpet
4835,L4noKXAf,Babaguda X Roads,Babaguda X Roads,17.57847839,78.58898431,BABAGUDA X ROAD twd Ivy League
4836,FoF01h1z,Pathakota Markendeyanagar,Pathakota Markendeyanagar,17.356,78.813,PATHAKOTA twd Pochampalle
4837,elJ2sdg6,Bhoodan Pochampally,Bhoodan Pochampally,17.34852356,78.82090415,BHOODAN Pochampalli twd Kothagudem
4838,WTqNqrjM,Pathakota Markendeyanagar,Pathakota Markendeyanagar,17.3559532,78.81302117,PATHAKOTA twd Uppal
4839,YHkGN8cR,Premnagar-Hafizpet,Premnagar-Hafizpet,17.47848461,78.34972865,PREMNAGAR
4840,TJNfZ4qG,Vasanth Vihar Colony,Vasanth Vihar Colony,17.412,78.545,VASANT VIHAR COLONY STREET 8 twd Ramanthapur
4841,OgHDeDSt,Street No 8,Street No 8,17.405,78.544,ISI STREET 8 twd Ramanthapur
4842,9w9MbPiS,Srinivas Puram,Srinivas Puram,17.39,78.53,SRINIVASHPURAM twd VR Reddy Nagar
4843,Am4PmLeF,Venkatareddy Ramanthapur,Venkatareddy Ramanthapur,17.386,78.528,VENKATREDDY NAGAR Bus Terminal
4844,35qSj10f,Srinivas Puram,Srinivas Puram,17.39,78.532,SRINIVASHPURAM  twd Ramanthapur
4845,DHzdhyWw,Street No 8,Street No 8,17.405,78.544,ISI STREET 8 twd NGRI
4846,KAYsvEwm,Vasanth Vihar Colony,Vasanth Vihar Colony,17.412,78.545,VASANT VIHAR COLONY STREET 8 twd NGRI
4847,O40bGn6F,Infosys Pocharam,Infosys Pocharam,17.44622515,78.63570035,INFOSYS-Pocharam
4848,NP8QcC7k,Sanskruti Township,Sanskruti Township,17.4431547,78.65010112,SANSKRUTI Township twd Uppal
4849,Y3NZFyGu,Vikasnagar,Vikasnagar,17.50395633,78.60535433,VIKASNAGAR (Dammaiguda)
4850,n2v2Idx4,Ashoknagar,Ashoknagar,17.95224212,79.95350286,ASHOK NAGAR twd Kothaguda
4851,RQuX2cGb,Lingam Palle-Nuthankal,Lingam Palle-Nuthankal,17.31203726,79.7555387,LINGAMPALLY
4852,UJWNDZAs,Mahindra,Mahindra,17.44943231,78.51402956,MAHINDRA HILLS
4853,RfISwMJl,Ravi Society,Ravi Society,17.45465764,78.5185334,RAVI SOCIETY
4854,nvcJWrFM,Mile Stone,Mile Stone,17.48107563,78.48318994,RR NAGAR twd Samatha nagar
4855,mfgf9Gl7,Samathanagar Bowenpally,Samathanagar Bowenpally,17.48348301,78.48386317,SAMATHANAGAR BOWENPALLY
4856,7UeKeWZL,Mile Stone,Mile Stone,17.48105773,78.48320603,RR NAGAR twd Bowenpally
4857,cS84m4IS,Gudur (Bngr),Gudur (Bngr),17.489,78.828,GUDUR twd Yadagirigutta
4858,0iGqyur1,Anantharam (Bngr),Anantharam (Bngr),17.4979191,78.84197301,ANANTARAM twd JBS
4859,TvYbQcEG,Gudur (Bngr),Gudur (Bngr),17.48881954,78.82837682,GUDUR twd JBS
4860,biEPQKF6,Suraj Nagar,Suraj Nagar,17.43270647,78.59795091,SURAJNAGAR twd Chengicherla
4861,JxcTERsj,Reddy Naik Tanda-Bibinagar,Reddy Naik Tanda-Bibinagar,17.40754112,78.88946825,REDDY Naik Thanda twd Nagireddypally
4862,oRvxvMLp,Tekulasomaram,Tekulasomaram,17.40536774,78.95850956,TEKULASOMARAM  Twd Bhuvnagiri
4863,NfoqeCI4,Pallevampu,Pallevampu,17.41822586,78.96180192,PALLEVAMPU twd Pahalwanpur
4864,5seXgOC0,Pahalwanpurm,Pahalwanpurm,17.42750902,78.97607415,PAHALWANPURAM
4865,4GqyhX1K,Raheem Khan Guda,Raheem Khan Guda,17.45111251,78.79465342,RAHEEM KHAN GUDA twd Pochampet
4866,EKp3LW1a,Rudra Velly Bibinagar,Rudra Velly Bibinagar,17.409,78.786,RUDRAVALLEY twd Uppal
4867,bft9ruBS,Raghavapur-Bibinagar,Raghavapur-Bibinagar,17.42200946,78.79056036,RAGAVAPUR twd Bibinagar
4868,z55YJ9r8,Annojiguda,Annojiguda,17.43348155,78.65472795,ANNOJIGUDA twd Infosys
4869,2F9Gcjuo,Singapore Township,Singapore Township,17.43808031,78.65356922,SINGAPORE Township twd INFOSYS
4870,WpTby1yW,Ambedkar Nagar Boduppal,Ambedkar Nagar Boduppal,17.42812057,78.57679793,AMBEDKAR NAGAR BODUPPAL
4871,YWQZsqlI,Kendriya Vidyalaya Gachibowli,Kendriya Vidyalaya Gachibowli,17.4399,78.3557,KV School GACHIBOWLI
4872,nrtJcmVW,Devender Nagar Colony,Devender Nagar Colony,17.387887,78.551374,DEVENDER NAGAR COLONY
4873,cEq4TJnO,D Mart,D Mart,17.386738,78.548685,D MART twd UPL
4874,1oJ7o8hP,Bala Krishna Nagar,Bala Krishna Nagar,17.389354,78.540827,BALAKRISHANA NAGAR twd UPL
4875,QzrUjBf8,Sri Nagar Colony,Sri Nagar Colony,17.386817,78.535262,SRINAGAR COLONY twd UPL
4876,woDvGtOd,Kamakshi Puram,Kamakshi Puram,17.385189,78.532514,KAMAKSHI PURAM twd UPL
4877,0snHwxbc,Ram Reddy Nagar,Ram Reddy Nagar,17.383083,78.53025,RAMREDDY NAGAR twd UPL
4878,dTnFOap8,Koti Medical College,Koti Medical College,17.36617383,78.48263709,KOTI MEDICAL COLLEGE TWD CBS
4879,mabTAsMw,Rayagiri,Rayagiri,17.539465,78.94111,RAYAGIRI X ROAD twd Mothkur
4880,fPeM4R2m,Chandupatla-Bg,Chandupatla-Bg,17.50449824,78.98141831,CHANDUPATLA twd Veeravally
4881,wt5T13KV,Banda Somaram,Banda Somaram,17.4908176,78.98515361,BANDSOMARAM twd Veeravally
4882,BXHrIG0k,Veeravally,Veeravally,17.48619991,79.00838256,VEERAVALLY
4883,jRajDTi6,Puligilla,Puligilla,17.46071087,79.02981068,PULIGILLA
4884,szXRVuGN,Goligudem,Goligudem,17.4466689,79.02881604,GOLIGUDEM
4885,auxUHBnc,Rayagiri,Rayagiri,17.539352,78.940844,RAYAGIRI X ROAD twd Bhonagiri
4886,xmTc9CLz,Gudur (Bngr),Gudur (Bngr),17.48904468,78.82810595,GUDUR twd Bibinagar
4887,JLxIcMjZ,Bibi Nagar,Bibi Nagar,17.47637591,78.7969923,BIBINAGAR twd Hyderabad
4888,qoW76Eir,Balaji Temple-Chilkanagar,Balaji Temple-Chilkanagar,17.40974667,78.57112079,BALAJI TEMPLE twd Kushaiguda
4889,RQksDu9y,Balaji Hills Chilkanagar,Balaji Hills Chilkanagar,17.41481681,78.57105374,BALAJI Hills
4890,WzaoC9D2,Balaji Temple-Chilkanagar,Balaji Temple-Chilkanagar,17.41009855,78.5711825,BALLAJI Temple twd Uppal
4891,tZO3dOxA,Bandam Kommu,Bandam Kommu,17.51320547,78.31848087,BANDAMKOMMU twd Ameenpur
4892,8dgJh38W,Ameenpur,Ameenpur,17.5233,78.3237,AMEENPUR twd NarenderNagar
4893,enRDk2ug,Narendra Nagar Colony,Narendra Nagar Colony,17.53361879,78.31999898,NARENDRA NAGAR COLONY
4894,x4FDAsXy,Ameenpur,Ameenpur,17.52467464,78.32099944,AMEENPUR twd Lingmpally
4895,INkUZYxD,Bandam Kommu,Bandam Kommu,17.51314664,78.31853985,BANDAMKOMMU twd Lingampally
4896,XJM4PqGy,Yellampet X Road,Yellampet X Road,17.673,78.487,YELLAMPET X Road twd Toopran
4897,rQBIlvkP,Kallakal,Kallakal,17.71026739,78.47569585,KALLAKAL twd Toopran
4898,qerP73J8,Dandupally-Tupran,Dandupally-Tupran,17.760744,78.471726,DANDUPALLY twd Toopran
4899,RrfccBC2,Ramaipally,Ramaipally,17.78491918,78.4713614,RAMAIPALLY twd Toopran
4900,MLhA5joS,Manoharabad Toll,Manoharabad Toll,17.80108798,78.47184688,MANOHARA BAD TOLLGATE twd Manoharabad
4901,l3YoMmKf,Toopran Bs,Toopran Bs,17.84500784,78.47831368,TOOPRAN  Bus Station
4902,3Vx1aBMy,Masaipet Chegunta,Masaipet Chegunta,17.87922757,78.46931625,MASAIPET STATION  tws Chegunta
4903,4iLYYeUC,Ramanthapur-Chegunta,Ramanthapur-Chegunta,17.93163591,78.45820655,RAMANTHAPUR twd Chegunta
4904,UhdivIT2,Chegunta-Mdk,Chegunta-Mdk,17.96564985,78.46315719,CHEGUNTA bus station
4905,GcFizsYw,Valloor-Chegunta,Valloor-Chegunta,18.00072307,78.45244646,VALLOOR twd Ramayampet
4906,OfRShUrn,Narsingi-Medak,Narsingi-Medak,18.044735,78.429463,NARSINGI twd Nirmal
4907,mBL9gY4f,Zapthi Shivnoor,Zapthi Shivnoor,18.07319699,78.42996417,ZAPTHISHIVANUR twd Ramayampet
4908,e2kdiquQ,Ramayampet,Ramayampet,18.1163082,78.42939522,RAMAYAMPET Bus Station
4909,P2yp9uKl,Zapthi Shivnoor,Zapthi Shivnoor,18.07319512,78.43010366,ZAPTHI Shivnoor twd  Chegunta
4910,5KSM01Ta,Narsingi-Medak,Narsingi-Medak,18.04452253,78.42993738,NARSINGI twd Hyderabad
4911,nbVSLusu,Valloor-Chegunta,Valloor-Chegunta,18.00065742,78.45255781,VALLOOR twd Chegunta
4912,2xmZGEQk,Ramanthapur-Chegunta,Ramanthapur-Chegunta,17.93165367,78.45834464,RAMANTHAPUR twd Toopran
4913,SBP72M5m,Masaipet Chegunta,Masaipet Chegunta,17.87933454,78.46975476,MASAIPET STATION  tws Toopran
4914,sqFv3dyL,Manoharabad Toll,Manoharabad Toll,17.80105,78.47171,MANOHARA BAD TOLLGATE twd Toopran
4915,kmiZOZWv,Ramaipally,Ramaipally,17.78498813,78.47171009,RAMAIPALLY twd Medchal
4916,HQ3tAOjN,Dandupally-Tupran,Dandupally-Tupran,17.76,78.472,DANDUPALLY twd Medchal
4917,4M08jKPq,Kallakal,Kallakal,17.71016511,78.47593792,KALLAKAL Village twd JBS
4918,RAnpQzgj,Yellampet X Road,Yellampet X Road,17.67305622,78.48705232,YELLAM PET X ROAD twd Medchal
4919,dvhdyprS,Rampally X Rds,Rampally X Rds,17.45299064,78.62404093,CHERLAPALLY MILSTONE twd Kcr double bedroom
4920,SJ0nNBnq,Rampally X Rds,Rampally X Rds,17.45120463,78.6343227,KCR DOUBLE BEDROOM
4921,KWtzdPf3,Ammasani Venkatreddy Colony,Ammasani Venkatreddy Colony,17.42552431,78.5868771,AMMASANI TWD BODUPPAL
4922,Kc4v17Hg,Parwathapur Peerzaziguda,Parwathapur Peerzaziguda,17.391,78.605,PARVATHAPUR twd Pratap Singaram
4923,rmoiZyGc,Gandhi Nagar-Peerzadiguda,Gandhi Nagar-Peerzadiguda,17.39190226,78.61002356,GANDHI NAGAR twd Pratap Singaram
4924,jJjVhjCr,Kachavasingaram,Kachavasingaram,17.389,78.632,KACHAVANI SINGARAM  twd Pratap Singaram
4925,4rocHGGJ,Muthyalaguda,Muthyalaguda,17.389,78.638,MUTHYALAGUDA twd Pratap Singaram
4926,YUH7mlQp,Pratap Singaram,Pratap Singaram,17.386,78.662,PRATAP SINGARAM Bus Stop
4927,DJHDnxdl,Muthyalaguda,Muthyalaguda,17.389,78.638,MUTHYALAGUDA twd Uppal
4928,6ZoB5oWq,Kachavasingaram,Kachavasingaram,17.389,78.632,KACHAVANI SINGARAM  twd Uppal
4929,57dbRvE4,Aler Bs,Aler Bs,17.646111,79.052335,ALAIR Bus Station
4930,jrcu0OFL,Kolanpaka Bus Stop,Kolanpaka Bus Stop,17.69484667,79.0371241,KOLANUPAKKA twd Yadagirigutta
4931,zBP6uO9B,Pochannapet,Pochannapet,17.7504001,79.03785132,POCHANNAPETA twd Yadagirigutta
4932,fbCtXivi,Bachannapet,Bachannapet,17.79041789,79.0349257,BACHANNAPET Bus Station
4933,U5agpErJ,Ntr Garden,Ntr Garden,17.41450456,78.467324,NTR GARDEN twd Liberty
4934,uQLLADzy,Pocharam,Pocharam,17.55092926,78.24529381,POCHARAM TWD ISNAPUR
4935,eiRH8cpX,Isnpur Village,Isnpur Village,17.54626923,78.19964665,ISNAPUR Village twd Kesaram
4936,TiKlHPuE,Gundla Pochampally,Gundla Pochampally,17.56894723,78.48017916,GUNDLAPOCHAMPALLY Village twd Kompally
4937,8TVCxxW5,Mile Stone,Mile Stone,17.52404289,78.45400209,RAMREDDY NAGAR MILSTONE twd Shapur
4938,wT9oP0MJ,Ramreddy Nagar,Ramreddy Nagar,17.52654963,78.4562552,RAMREDDY Nagar twd Shapur
4939,6E8TdQbI,Ranigunj Bus Depot,Ranigunj Bus Depot,17.434,78.488,RANIGUNJ twd Paradise
4940,P3481XkW,Mile Stone,Mile Stone,17.51442558,78.88432905,JAGDEVPUR GADDA twd Bhongir busstation
4941,OWGvTP0j,Ramjipet,Ramjipet,17.58795281,78.98999333,RAMJIPET twd Siddipet
4942,nCNPHjQo,Old Aler,Old Aler,17.64274081,79.04240504,ALAIR twd Yadagirigutta
4943,VmZH5Qxe,Mile Stone,Mile Stone,17.64918706,79.04825997,KOLANUPAKKA BY-PASS ROAD ALAIR twd Yadagirigutta
4944,isVlzcpu,Narayanapur,Narayanapur,17.74685667,79.00537846,NARAYANAPUR TWD BONDUGULA
4945,owcrQWpH,Bondugula,Bondugula,17.76956,78.9665914,BONDUGULA
4946,SBCd2plq,Reddy Gudem-Aleru,Reddy Gudem-Aleru,17.633412,79.02736,REDDYGUDEM twd Jangaon
4947,4HxUcOrO,Bahupeta,Bahupeta,17.62366,79.016169,BAHUPETA twd Siddipet
4948,2KP2oFo1,Kandukuru X Road-Nlg,Kandukuru X Road-Nlg,17.60375267,78.99802588,KANDUKUR X ROAD twd Yadagirigutta
4949,3RqpChdc,Ramjipet,Ramjipet,17.58780451,78.99040371,RAMJIPET twd Ygt
4950,uHI8QodZ,Pagidipally,Pagidipally,17.49381122,78.83599095,PAGADIPALL Itwd JBS
4951,Zr3Rlqpu,Kondapur X Roads,Kondapur X Roads,17.4950449,78.32317846,CHANDANAGAR TWD KONDAPUR
4952,Drq7PRZ6,Gandigudem,Gandigudem,17.55920571,78.32823336,GANDIGUEM twd Bollaram
4953,yxovD8zE,Sundara Chaitanyananda Ashramam Twd Dundgal,Sundara Chaitanyananda Ashramam Twd Dundgal,17.60075854,78.40679526,SUNDARA CHAITANYANANDA ASHRAMAM twd Dundgal
4954,vBGMsC5m,Chennapur-Shivampet,Chennapur-Shivampet,17.7573929,78.37058338,CHENNPUR twd Narsapur
4955,Nv6gXEc3,Chinna Gottimukkala,Chinna Gottimukkala,17.75924324,78.35402814,CHINNAGOTTIMUKULA twd Narsapur
4956,DKIaR203,Chakirimetlu,Chakirimetlu,17.75162679,78.33061784,CHAKIRIMETLU twd Narsapur
4957,nBouRJRB,Mambapur-Jinnaram,Mambapur-Jinnaram,17.69563371,78.35547522,MAMBAPUR GT twd Medak
4958,nUvUmKAK,Nallavelly Gate-Narsapur,Nallavelly Gate-Narsapur,17.7031934,78.34381029,NALLAVALLY GT twd MGBS
4959,Zdiw5HsU,Khasila-Narsapur,Khasila-Narsapur,17.70366483,78.32692444,KASHILA FARMS twd Narsapur
4960,w3L3svMG,Kondapur-Narsapur,Kondapur-Narsapur,17.71536848,78.30255523,KONDAPUR-NARSAPUR twd MGBS
4961,5uAxOCM4,Khasila-Narsapur,Khasila-Narsapur,17.70374149,78.32681447,KHASILA FARM Twd MGBS
4962,tgyqKaLK,Gummadi Dala Toll Gate,Gummadi Dala Toll Gate,17.67324022,78.37181925,GUMMADIDALA TOLLGATE twd Bonthapally
4963,dtAMbDqA,Navapan Industries,Navapan Industries,17.53190966,78.2546312,NAVAPAN Industries twd Zahirabad
4964,GddRudvD,Mile Stone,Mile Stone,17.42416871,78.62228205,MSR COLONY
4965,xPZxqoqe,Vijayanagar Colony,Vijayanagar Colony,17.39539364,78.45454347,VIJAYANAGAR COL twd Masabtank
4966,uNKBHc8P,Mile Stone,Mile Stone,17.43583382,78.66227258,EMARAL HEIGHTS
4967,vSF6fPAx,Bibi Bazar,Bibi Bazar,17.3622202,78.48005177,BIBI Bazar Yakhutpura twd Chandrayangutta
4968,6GBKiD1d,Bharathiya Vidya Bhavan,Bharathiya Vidya Bhavan,17.49669561,78.31341145,BVB School
4969,Z6u3bDQo,Tourist Hotel,Tourist Hotel,17.38961398,78.49620936,TOURIST HOTEL twd Fever hospital
4970,CcrDYm2r,Rajivgruhakalpa Bus Stop,Rajivgruhakalpa Bus Stop,17.45898,78.1502,Rajiv gruhakalpa twds shankar pally
4971,lEBOA6ZA,Mallapur Dcpl,Mallapur Dcpl,18.59179185,78.28905411,MALLAPUR
4972,4M3Lx6wc,Test Stage-1,Test Stage-1,17.366,78.476,Secundrabad
4973,pBDZ1YhA,Kazipally,Kazipally,17.5704,78.3488,KAZIPALLY
4974,42916K32,Punjagutta,Punjagutta,17.42632288,78.45262886,PUNJAGUTTA twd Patancheruvu
4975,Ise92tr3,Uppal X Road,Uppal X Road,17.40245888,78.55947997,UPPAL X Rd Warangal Point
4976,lasPhPI1,Jangaon Bs,Jangaon Bs,17.71992468,79.16312204,JANGAON Bus Station
4977,WhtO6G7u,Raghunathpalle,Raghunathpalle,17.76044164,79.25688218,RAGHUNATHPALLY twd Parkal
4978,RBcn6wAv,Komalla Toll,Komalla Toll,17.77770391,79.28356648,KOMALLA-TOLLPLAZA twd Hanumakonda
4979,kIMp1oKd,Station Ghanpur,Station Ghanpur,17.85356106,79.36945148,STATION GHANPUR twd Hanmakonda
4980,0ZI5uhFw,Hanumakonda Bs,Hanumakonda Bs,18.00326893,79.56746837,HANUMAKONDA Bus Station
4981,iJQIySJW,Station Ghanpur,Station Ghanpur,17.85366796,79.36963756,STATION GHANPUR twd Hyderabad
4982,pFRHGDFG,Komalla Toll,Komalla Toll,17.77741415,79.2837336,KOMALLA Toll plaza twd Janagoan
4983,CftT47U1,Raghunathpalle,Raghunathpalle,17.75995593,79.25709404,RAGHUNATHAPALLY Bus Stop
4984,mFCGFGnS,Bibi Nagar,Bibi Nagar,17.47319227,78.79296017,BIBINAGAR Bus Stop twd  Hyderabad
4985,O6NcsRg9,Pashamylaram,Pashamylaram,17.53234629,78.18314747,PASHAMYLARAM twd Kesaram
4986,SHUoYZBX,Kyasaram-Patancheru,Kyasaram-Patancheru,17.50519465,78.16712111,KYASARAM
4987,UIGBc1Gl,Kesaram X Roads,Kesaram X Roads,17.52878107,78.17436205,KESARAM X ROADS twd Kesaram
4988,SD3Nvowl,Akshaya Solar,Akshaya Solar,17.499,78.146,COMPLEX twd Shankarpally
4989,veyAshdQ,Kesaram X Roads,Kesaram X Roads,17.52482714,78.66748627,KESARAM X ROADS twd Patancheru
4990,hW7ecgo5,Pashamylaram,Pashamylaram,17.53332522,78.18540654,PASHAMYLARAM twd Patancheruvu
4991,OTdOIFq5,Ecil X Roads,Ecil X Roads,17.4709776,78.56739666,ECIL MUNCIPAL OFFICE twd Tarnaka
4992,3SwcH9DN,Gowdavelly X Road,Gowdavelly X Road,17.60945476,78.45725432,GOUDAVELLY X Road twd Ayodya
4993,sG1SjRy0,Ayodhya X Road,Ayodhya X Road,17.58914332,78.47348571,AYODHYA X Roads twd Gundlapochampally
4994,ltJTKkTG,Kistaipalle,Kistaipalle,17.59548913,78.36388724,KISTAIPALLE twd Jinnaram
4995,tDKRlGTs,Korlakunta X Road,Korlakunta X Road,17.59673945,78.3360739,KORLAKUNTA twd Jinnaram
4996,ml8jFAUM,Kistaipalle,Kistaipalle,17.59554718,78.3639143,KISTAIPALLE twd Secundrabad
4997,EmoTuaN8,Manthapurit,Manthapurit,17.6178475,79.05000781,MANTHAPURI
4998,1dEe5tuj,Dilawarpur,Dilawarpur,17.59669703,79.0453005,DILAWARPOOR
4999,6RLBX55V,Ikkurthi,Ikkurthi,17.59990903,79.067878,IKKURTHI
5000,Sx8Glyak,Matoor,Matoor,17.57378775,79.10419106,MATOOR Village
5001,wFIY3CkO,Amman Bole,Amman Bole,17.57724627,79.12887889,AMMAN BOLE
5002,BVYAChOQ,Golanakonda,Golanakonda,17.59252729,79.13665317,GOLANAKONDA Village
5003,xRysrsec,Jeedikal,Jeedikal,17.6040687,79.16627989,JEEDIKAL twd Mothkur
5004,RAMWVpy9,Bollaram Bazar,Bollaram Bazar,17.51588101,78.52162465,BOLLARAM Bazar twd Shamirpet
5005,WFLtsdLD,Gopanpally Thanda,Gopanpally Thanda,17.43828129,78.30765831,GOPANPALLY THANDA
5006,aiO8U7xt,My Fair Avenue,My Fair Avenue,17.4616,78.2918,MY FAIR AVENUE
5007,lAwZpHnm,Abode School,Abode School,17.4533,78.2836,ABODE SCHOOL
5008,BQMPY4ht,Jiyapally Thanda,Jiyapally Thanda,17.5137,78.7398,JIYAPALLY THANDA
5009,IHz5ZffG,Khajipet-Bommalaramaram,Khajipet-Bommalaramaram,17.57982351,78.73599887,KHAJIPET X Road twd Cheekatimamidi
5010,wnwWZryy,Dharmaram Bs,Dharmaram Bs,17.62666423,78.80118211,DHARMARAM twd Bhuvanagiri
5011,4yWTAesZ,Ramoji Tanda,Ramoji Tanda,17.61963195,78.80867041,RAMOJI TANDA
5012,JXQAqbBE,Gollagudem-Ygt,Gollagudem-Ygt,17.6147,78.8125,GOLLAGUDEM twd Chinna Laxmapur
5013,Eb5Beiyz,Palle Pahad-M Turkapalle,Palle Pahad-M Turkapalle,17.60431587,78.81764721,PALLEPAHAD
5014,xQr2EqgK,Pallepahad-Bhongir,Pallepahad-Bhongir,17.60584107,78.8383761,PALLEPAHAD twd Bhongir
5015,C608LVhP,Pedda Tanda,Pedda Tanda,17.59631535,78.83870602,PEDDA TANDA twd Bngr
5016,5WUIxd14,Rusthapur,Rusthapur,17.58245207,78.84042261,RUSTHAPUR twd Bngr
5017,MGAUw3Ia,Hanmapur,Hanmapur,17.54392556,78.85297537,HANMAPUR twd Bhongir
5018,NNFvIWup,Pedda Thanda-Devaruppula,Pedda Thanda-Devaruppula,17.62986186,79.34806987,PEDDA THANDA
5019,DB3FwFXW,Ramoji Tanda X Road,Ramoji Tanda X Road,16.80889188,79.64076357,RAMOJI TANDA X ROAD twd Keshapuram
5020,BvCdGGJa,Dharmaram-Mnty,Dharmaram-Mnty,18.59765257,79.68961402,DHARMARAM twd Manthani
5021,GCf2rC1P,Cheekati Mamidi-Munugodu,Cheekati Mamidi-Munugodu,17.09815132,79.02253255,CHEEKATIMAMIDI twd Choutuppal
5022,EWuooQC7,Kazipet Railway Station,Kazipet Railway Station,17.97651357,79.51015957,KAZIPET twd MGBS
5023,DOwzj4Kk,Rangapur-Pargi,Rangapur-Pargi,17.20053117,77.9322052,RANGAPUR twd Nizampet medipally
5024,1iDHYTvO,Nagaram Village,Nagaram Village,18.44754527,78.77004023,NAGARAM VILLAGE
5025,u9xL8w6b,Cheeryal Narasimhaswamy Temple,Cheeryal Narasimhaswamy Temple,17.52691744,78.62270587,CHEERYAL LAXMINARASIMHASWAMY TEMPLE
5026,Hb6RhiCB,Mallapur [Pb],Mallapur [Pb],17.44666903,78.57356837,MALLAPUR (Van PickUp)
5027,PCwc1W1R,Ramaneswaram-Bngr,Ramaneswaram-Bngr,17.439,78.9448,RAMANESWARAM-BNGR
5028,L4AUOwHs,Reddy Naik Tanda-Bibinagar,Reddy Naik Tanda-Bibinagar,17.40741909,78.88948023,REDDY Naik Thanda twd Bibinagar
