Speed_kmh,Battery_State_%,Battery_Voltage_V,Driving_Mode,Road_Type,Traffic_Condition,Road_Gradient,Weather_Condition,Temperature_C,Wind,Vehicle_Weight_kg,Passenger_Count,Distance_Travelled_km,Energy_Consumption_kWh
111.50736643582246,30.41514793606419,378.09152521545263,Sport,Highway,Medium,Ascending,4,0.741770214307623,Medium,1822.967367715762,25,20.757508428820994,12.054316837893046
48.61232334330797,97.3855337784473,392.7183768879348,Normal,Rural,Medium,Descending,4,-3.495516154077721,Low,2091.8319138377155,14,0.6429176296592819,4.48870104769729
108.73332025589964,84.9126002160525,398.9934951463,Normal,Highway,3,Flat,Cloudy,9.248274673124495,Medium,1816.7024972222569,53,40.84282360003485,11.70137693672586
38.57948414974584,28.777904099769607,358.128273196106,Normal,Rural,Heavy,Ascending,3,2.8684089901268166,Low,1283.1026415009658,19,5.305228735924097,7.389265564508191
57.17243836125499,29.740159811814276,310.8881616031166,Sport,Highway,Medium,Flat,Rainy,16.75024402320902,Low,2160.3507875871123,25,5.825925674399545,6.761205202007953
27.123479737919965,67.55790839300951,345.91299077754365,Normal,3,Medium,Flat,4,1.6298736724197376,High,1275.0747733375897,3,2.510091060779996,4.31906050402437
76.85712506110127,47.59113393385466,378.7601146461644,3,Rural,Heavy,Ascending,4,1.2067481426024085,Medium,1831.921072182438,20,10.101039527342744,9.28572513709307
117.47773382097706,22.792468725848742,302.7725324761849,Normal,3,3,Descending,Rainy,34.464054284673225,Low,2320.2197624769533,31,8.923132449569461,10.154375379907354
72.41917152520544,63.33132062664425,305.6887438356149,Normal,3,Medium,Flat,Cloudy,36.4582615596884,High,1352.5936100364434,16,17.458505220815894,8.734982030592302
42.93769009362586,51.02760797486775,306.71577823828216,Normal,3,Heavy,Flat,3,38.38972938645595,Low,2118.616286213689,42,32.997592673126384,9.139607590819022
77.73809351886341,28.08611938973941,373.1035758328311,3,3,Heavy,Flat,3,25.622609929326035,Low,1260.2263032163964,12,2.809281958661103,9.3552963469904
14.750481415846508,84.15363138047861,350.1166628563172,Normal,Rural,3,Descending,Rainy,29.69574271581412,High,2490.9775040232,34,43.02776043272184,6.935742891556282
106.63908963184784,93.20614122230448,336.88979435205937,Normal,Highway,Heavy,Flat,Cloudy,32.61031398591831,Medium,2086.712294418794,22,16.39627290629214,9.893371837354756
60.37007409358037,80.5275147211304,310.5617045261736,Sport,Rural,3,Ascending,Rainy,24.651492660429906,Medium,2459.686504552757,39,30.369705820489063,8.731184312327246
53.92196904475705,85.79378480130218,373.2240250205889,Sport,Rural,Heavy,Flat,3,9.860939711613812,Low,2068.6911539894118,24,0.6990550993166389,7.207605094790329
70.30377461442231,37.31924538128939,332.10198105508994,Normal,Highway,Medium,Ascending,Rainy,2.037414929508585,Medium,1514.9680823278386,28,18.35381496191152,7.948397965703622
74.97406353472829,41.08583607348808,326.5324070064667,Sport,3,3,Descending,Rainy,5.677298822116754,Low,2404.273867692483,15,0.2023405040778794,8.19924324438179
8.613096747181563,36.68220322393502,365.2319201553551,Normal,Highway,Heavy,Ascending,3,32.81863231322332,Low,2014.6712402779508,26,8.35636785150311,4.3719906939719575
81.91406654680829,81.20507450924512,355.90108925968417,Normal,3,Medium,Flat,3,26.324375722907856,Medium,1948.7181657902013,48,22.447736480518792,8.607421884772135
29.031801637863552,95.83336631475976,336.24106418133016,3,Rural,Heavy,Ascending,3,15.51080935867682,High,1757.8454608960058,49,26.80086235529252,7.185772096022532
85.67431590079077,77.34697653871221,364.1487470805588,Normal,Highway,Medium,Descending,Rainy,-3.676771526879628,Low,1569.9720822310974,27,7.731137126095147,8.010846035355843
98.7041753261036,90.51734119036448,327.1221520384118,Sport,Highway,3,Flat,Rainy,6.97919666952474,Low,1889.0904405410463,46,37.28629225302105,10.104175318328322
96.47502090630245,71.0959275906538,379.4830261604327,Sport,3,Medium,Descending,Rainy,27.80038719065937,Low,1675.8750214545837,35,9.531282909478168,9.575673650868708
66.3001160889467,51.01279204470393,322.9318950307654,Sport,Highway,Heavy,Flat,Cloudy,18.057425579276032,Medium,2310.231725663948,8,5.880670098637158,7.300779003444786
62.420387077290144,54.06092919442442,315.8837695382016,Sport,Rural,Medium,Descending,4,14.598962251710253,Low,1237.4381045580842,18,16.7378831867826,8.552035881601197
17.145115360729406,26.025714573392385,378.2439409498875,Normal,Highway,Medium,Ascending,Cloudy,9.11557303509585,Low,1889.1189303400984,43,27.616290316681567,6.100899914978993
93.04153804837628,22.516575619682087,370.7892030697933,3,Highway,3,Ascending,4,22.31193237596608,High,2287.53435514455,60,49.44620063934544,12.824051271009102
32.569125653605724,75.6380483351262,318.26389757017984,3,Rural,Medium,Descending,3,38.48734234172601,Low,1235.8882827978782,32,20.993914908794,6.626022635287848
59.60345073815358,55.07431136089445,311.6245752689938,Normal,3,Medium,Descending,4,35.550563948387776,Medium,1566.9934791442995,40,21.35722122038133,8.658945042212396
34.11289115130201,64.17720544437036,383.8399088486692,Sport,Highway,Heavy,Ascending,Cloudy,-3.627592786207309,High,1266.9793236247044,13,3.060740158814432,6.282458616675993
16.059403559963176,64.6128998097933,377.6598482196688,3,3,Heavy,Flat,3,16.64292201625506,Low,1973.5049007550065,43,38.31440169064924,6.920138536434345
75.54692362700838,42.19006506666411,332.7257373699664,3,Highway,3,Flat,4,9.826118412112644,High,1611.7568967092518,11,9.170971792866062,8.303310681306469
6.51984417874846,58.071400866359255,365.8197408213367,Normal,Rural,3,Descending,4,17.977209805291043,Medium,2447.6490492907037,57,37.26569787081437,7.284021894666983
89.83742809514399,57.66081773341618,312.41601865478106,Sport,3,3,Flat,4,22.279616044227165,High,2001.181687716376,66,45.53978219872408,12.052701702422915
38.110415431334,51.07417769822856,350.7047659047678,3,Highway,Heavy,Descending,Rainy,4.001263059889606,High,1930.3426060976617,32,38.434216028358925,10.3035318977161
0.0161631605382384,85.65403067208564,301.873029206042,Normal,3,Medium,Ascending,3,30.17056312967153,Medium,2392.4116949492327,53,32.15842567856952,4.858111653316629
61.33549670846757,56.09312029500767,339.1601880921555,3,Highway,3,Flat,Rainy,16.378062253868485,Low,1490.6480278921913,43,30.23542314488262,7.853329085537799
5.622229023312375,68.29156196047903,307.4842821471405,3,Rural,Heavy,Ascending,3,39.640272470421074,Medium,1930.91493737965,45,22.736281331485568,6.121219414470381
33.14034693850794,91.64160963046608,347.51471801568823,Sport,Rural,Heavy,Descending,4,-3.8692676415397456,High,1905.6174254458224,27,7.31268048630721,6.696408185891189
84.83717849468594,89.2986898287138,342.1681646852894,Sport,Highway,3,Flat,4,3.537362928390632,Low,1306.748504604217,60,38.96404659517544,9.915802095342835
7.522754594623904,91.2337763023332,344.4385026638056,3,Highway,Heavy,Descending,Cloudy,26.033341025217915,High,2411.677722286143,47,23.918381292590432,3.539492587917388
100.72061908272028,41.60039971720112,304.5331302047994,Sport,3,Medium,Ascending,4,26.283088593650145,High,2110.3051519404803,49,31.319726574468653,12.143701309239464
0.4583907190299729,22.798599064645025,336.1616341281832,3,Highway,Heavy,Flat,Rainy,21.198470098762524,Low,2354.5376045838434,23,18.763359922780776,5.29110158899237
29.618864304228268,40.885343991626335,375.6483849099917,3,3,Heavy,Descending,Rainy,38.73820129107829,High,2477.2986029721105,10,10.116063712053672,5.44349069267198
88.90848673824857,42.29658764965669,336.891437335362,3,Highway,Medium,Descending,4,13.689175392397004,Low,1823.550150987569,43,40.3447723430343,9.15108250690218
37.952417967516816,92.74882613799744,371.517195260958,Normal,Rural,3,Descending,Rainy,13.766656543038373,Medium,2244.7577947119257,42,17.185750298132128,4.79120256207853
12.227086567921624,71.93941862703765,336.94787236337334,Sport,3,Heavy,Descending,4,35.9714363450878,Medium,1950.827656260952,45,43.34733344567345,6.568445609840438
43.22807025605135,26.536316768178303,342.32394414901864,Sport,3,Medium,Flat,Cloudy,19.22988018985648,Medium,2470.259963443837,53,48.28967263588182,9.796015556673057
32.447194366143066,30.83028768088809,356.3892112829266,3,Rural,3,Flat,Cloudy,10.91774477135202,Medium,1521.3906593399936,55,41.51642750763112,7.08677796135582
101.12542825926658,32.45409004335804,395.06819368070825,Sport,3,Medium,Ascending,4,27.35220936252366,Medium,1217.962322287474,24,6.49408846001345,11.147602658991469
37.601750110217175,70.43373985351386,310.8860446646655,3,Rural,Heavy,Descending,Cloudy,22.88517781843873,Medium,1441.731842647392,55,42.76504527513643,7.0573102695058045
94.67189661312086,78.83312204056026,303.2913768661174,Sport,Rural,Medium,Ascending,4,8.788452262896618,High,1366.4244166113835,39,26.015955488120294,10.611606077316974
107.02465737728816,88.77151284523168,360.7957183810045,Sport,Rural,3,Descending,Rainy,8.406795913654705,High,1768.0380047271256,27,12.146438884792556,10.3610296581218
52.05809034918354,95.25092406449944,394.9097088928426,3,Highway,3,Descending,4,12.802575888726466,High,1300.633264874209,22,4.748486077944668,5.350501383629159
109.19317726252704,36.13636459091534,398.9723132554715,Sport,Rural,3,Ascending,3,-1.7770970452912866,High,1486.2570582817052,18,13.997640972582742,11.752313421133302
45.27816647558314,44.781798777923925,348.4164247392002,3,3,Medium,Ascending,3,37.41776061194376,Medium,1325.1456446822622,29,6.957611400593123,5.71021105799679
115.68940997881298,39.22583045958645,346.80816210850986,Normal,Highway,Medium,Flat,4,3.235901808849928,Low,1832.7786117354497,24,1.3796646518514932,10.277919275362706
10.714742943068751,48.700925397291016,364.4963770745196,3,Rural,3,Ascending,4,3.722093604747423,Low,1546.810193712192,58,49.38944102079397,7.902831524163862
82.44231198038914,93.17320859389996,355.56347572049697,Sport,Rural,3,Ascending,4,24.11672822576849,Medium,1812.3094876322,58,41.59395819531102,11.2391577354925
59.25768485483144,66.00900535514893,363.4088057614118,Normal,Rural,3,Flat,Cloudy,27.591117128491504,Medium,1315.5545300578196,47,36.9735682285333,10.582493902087425
46.51785665467765,79.05535178595993,387.3999425537894,Normal,3,Heavy,Descending,3,28.15759568199426,Medium,1871.931865819548,25,9.73138718254461,5.529531285660885
75.9254254498321,59.20953889014256,374.6306169487609,3,Highway,Heavy,Descending,4,11.878376057690396,High,1369.0899624152448,31,1.4840483036473533,9.57216534924072
84.46285099611974,22.30863306688996,349.6877391686796,Normal,Highway,Heavy,Ascending,4,34.29980288094665,Medium,1329.1503868464677,42,24.311673740477083,9.312349900827677
0.5235923580370905,25.135638879825144,346.18644590001696,3,Highway,3,Flat,Rainy,19.479957778662,Medium,1603.0254158524772,33,37.11055205382251,7.852141863983689
20.034370649663845,63.03384250143086,363.9601748513116,Sport,3,Heavy,Ascending,Rainy,14.736439847314998,High,2336.7427194013726,43,48.14558443165215,9.21536295233619
85.56552607611825,77.50312278560205,345.5706284420298,3,Rural,3,Descending,Cloudy,31.467390738955032,Medium,2225.077823805573,41,42.20979606129742,10.001288508659036
79.96624962938478,37.22644220229852,345.777935126564,Normal,Highway,Medium,Ascending,Cloudy,5.960256215072697,Medium,2446.894742989156,58,44.68576756412842,10.881985476697956
115.92570061544126,77.75276591938433,301.6305901786505,3,Rural,3,Flat,3,33.70834495459836,High,1798.253843700708,26,12.0092711122773,10.481489170802814
91.32453483009397,84.853261878681,317.40641374073084,3,3,3,Flat,3,19.247322755421735,Medium,1606.1738499386106,8,7.850768279406099,7.826709195419165
114.09272492776056,52.9517982689689,348.8513639995753,Sport,Highway,Heavy,Descending,4,35.50261709529114,High,2462.178751413576,12,12.46431032765925,10.228197428837143
84.30486018417683,79.7135386275284,382.2653459050369,3,3,Medium,Ascending,3,4.072563897509163,High,1696.2985017482065,23,7.015115715592211,8.469874214667954
35.76626503673318,52.32239602627679,327.8727006727124,Sport,Highway,Medium,Flat,4,37.12283842010916,Medium,1211.8344280822705,41,39.94434280321843,8.700090997727651
12.643790670102778,74.2680503564016,352.2643433131149,Normal,Highway,Medium,Flat,Cloudy,25.95445338875756,Low,2266.141197955274,37,45.16184874219469,7.307512092661228
93.81886360139228,81.11976394556345,334.4962084759232,Normal,Rural,Heavy,Ascending,Cloudy,22.82478370610735,High,1419.9737032565574,38,15.43636711045985,9.224461766556294
77.29790657710991,99.35412946464886,310.4803989539589,3,3,Heavy,Ascending,Cloudy,13.993038376735331,High,2133.2861571375715,46,43.85861652866031,10.340969057953414
5.782321487195548,47.631732965087686,395.8298483071301,3,Highway,Heavy,Descending,Rainy,38.03417499845759,Low,1219.658457588068,21,2.8462554899297787,4.876572322363352
43.2060559081174,52.88326244596892,385.4673870250302,Normal,Highway,Heavy,Ascending,3,14.976383274018076,Medium,1344.287213342306,43,33.90009132739612,8.588989029051652
114.81597785811434,33.24960475281371,307.84924244669065,Normal,3,Heavy,Ascending,Cloudy,17.434432860140912,Medium,1828.6326192845609,30,26.421911173800027,11.59698840313413
60.04813748522415,36.32584467214456,371.9787262468285,Normal,Rural,3,Descending,Cloudy,30.167414886339067,High,1288.267434423774,35,13.909490451427136,6.746085863635573
51.92749632236456,75.47160020787021,334.75799043575,3,3,Medium,Descending,Cloudy,7.817909332571775,Low,2355.220164393082,46,38.43323465753772,9.137619991515892
54.92395261911528,93.36364721235807,399.4849807061793,Normal,Highway,Heavy,Flat,3,8.117289076620631,Medium,2174.8297796491333,19,10.681159344191745,5.527272490283655
25.06592688061965,51.568396132899245,330.2398519828978,3,3,Medium,Flat,3,29.8883959429549,Medium,1626.640905626221,18,20.86585942263505,6.538169616043007
44.24486050377543,34.3875557468433,323.87384453626,Normal,Rural,Heavy,Ascending,Rainy,0.786090513554857,Medium,1976.7765387157149,43,35.52198087003686,9.010626144115571
44.37759071846119,42.80795995063953,356.7890548305405,Normal,Rural,3,Descending,Rainy,32.03340341318605,High,2130.184755829033,20,16.977626158978918,8.166680200494277
6.282602422496688,56.40413638465109,383.5126163343204,3,Rural,Medium,Ascending,Rainy,23.13287537394317,High,2182.0189452162854,46,42.78247326092732,7.278272326072086
92.1081154221502,43.25202634922947,319.2518871819798,Sport,Rural,Heavy,Ascending,Rainy,19.2587694881472,Low,1714.3787408342414,56,43.284807830918005,12.540242699184638
49.98053182846548,38.6863266497493,370.94027697193314,3,Rural,3,Flat,Cloudy,5.309922198094668,Low,2368.440286957051,12,10.206267944428165,6.835302057425587
98.6615864179708,78.87875910056636,306.14065831411216,Sport,Rural,3,Ascending,4,30.3865676204984,Low,2424.3201490610672,36,22.075460434387463,9.172039765324431
102.04176013438745,20.627593699249857,391.8934743110497,3,Rural,Medium,Ascending,Rainy,31.222889027893714,Medium,1454.4298265938226,24,21.65743090015993,11.443272488438588
25.43928656383897,63.13844218691865,308.1074916147299,Sport,Highway,Heavy,Descending,4,16.7323840544433,Medium,2384.6104396608425,42,20.561252251509703,4.361634537022763
78.88241786041543,83.50134456238031,391.42313763441626,Sport,3,3,Ascending,Cloudy,12.512603868574397,Medium,2126.484664303044,22,25.1484096954953,8.962841117450026
56.6738164995578,41.29826290539746,349.0807249452703,Sport,Rural,3,Ascending,Cloudy,6.077282688577292,Low,2354.5794833785967,25,3.810879072859923,7.965740664902294
105.6188085505782,68.26332084896138,344.809111279592,3,3,3,Descending,3,28.940530769012877,Low,1752.180548717055,44,43.51549476717611,12.152200579345404
25.88888150117449,73.51200844948943,397.33070795003766,3,3,Medium,Ascending,4,23.77533654070178,Low,2059.556804041338,30,14.566747439820253,5.57949487858374
81.3375840372053,72.4019757124072,399.0384177698219,3,Highway,Medium,Descending,4,4.298396321508598,Medium,1505.9937117279198,8,0.1904384333452138,7.275334291424041
72.9302546703267,55.66797073589741,365.0178125961012,Sport,3,Heavy,Flat,Cloudy,30.75106358582053,High,2176.432278115698,29,34.286686240183634,9.403842025548585
35.43617730861993,47.72623903006234,312.71192918570483,Sport,3,Heavy,Ascending,3,34.69923910113068,Low,1956.2535540912183,26,32.55855697966761,7.33068866312424
16.392108438140713,86.87392584222508,350.6170085655202,3,Rural,Medium,Ascending,Rainy,-2.3338731763289355,Low,1825.2286454562225,45,49.15979444205454,6.700808608047893
78.19677125727318,80.67567655998914,352.91631009556625,3,Rural,Medium,Ascending,Rainy,29.758928711081857,High,2100.48609335481,45,35.990435998931524,10.12735924325885
88.63169497587968,45.700413873113,351.44464281353095,Normal,3,Medium,Flat,3,33.37608700424436,High,1918.0488524645248,13,16.702034796998284,9.534668266010726
37.875281251602,28.241535555376487,356.94918385200094,Normal,Rural,3,Flat,3,39.61785547635461,Low,2194.9613338250097,58,47.6356158347406,9.861724140467423
77.37991248267765,25.74460363563753,301.87247137943905,Normal,Highway,Medium,Ascending,Rainy,5.692067452181512,Medium,2315.966886859816,45,18.33075538319217,9.215746595240724
47.41570891338039,27.54207823191489,371.1227281470502,Normal,3,Heavy,Flat,Cloudy,11.695144234641376,Low,2240.788195791374,60,41.08010982678911,9.498527405621118
85.58482599391412,66.62954889536343,371.2394301952989,Normal,3,3,Flat,Cloudy,38.47859914903956,Low,1599.7586209641988,22,16.85013605533477,8.806784782303952
23.905832987286374,24.13297406631917,311.5469775177888,3,Highway,Medium,Ascending,3,-0.7693002367887001,High,2468.9549776327262,18,2.5305448431609574,6.186641601325042
106.82580031634092,46.95414999712307,357.0239442445801,Sport,Highway,Heavy,Descending,Cloudy,18.566852976163936,Medium,2044.663641786274,42,36.7158645636183,10.983193211324163
34.48915157586957,80.25597615313835,356.83611824357746,Sport,Highway,Medium,Flat,Cloudy,17.803506092704946,Medium,1620.5064189090274,34,17.575525444518096,6.779415624184543
44.13431853073835,43.54785332123025,368.24504201904,3,Highway,Heavy,Descending,4,22.294648249652365,High,1255.3551378595862,34,17.01049618186076,7.486788288480325
6.971034249641974,81.06464617441038,308.5397692135081,3,3,3,Ascending,Rainy,9.885667668083054,High,2484.5253326136726,31,35.82099618063836,7.831202867369545
13.381465478553167,79.63736305656442,362.6503307266096,3,Rural,3,Descending,3,36.66631399023061,Medium,1978.7226114756045,18,16.169689267395988,4.923830478361478
61.903428325479375,39.6661706106573,328.0751950746341,Normal,Rural,Heavy,Flat,Rainy,7.152756743158276,Medium,1495.8023412588964,19,5.9888339402299255,7.455535748110105
32.111121207356575,78.30577440741963,350.7002990496172,Normal,Rural,Heavy,Descending,4,24.236298291298105,Low,1838.460941452984,26,20.28506157008971,7.166679953649326
100.25762708906332,79.82213106176806,377.3323552704077,Normal,Rural,3,Descending,Cloudy,17.316716023972127,High,1716.802624365237,44,41.20981757348679,9.205916589994564
1.7632066385944611,51.79631405336215,370.5645936363013,3,Highway,3,Flat,Cloudy,7.000305361603596,Low,2436.774811606723,25,6.597203951522365,5.270274337962246
45.49128584063234,36.833638699321455,311.8903017677993,3,Rural,Heavy,Flat,4,3.4984208075092145,Low,1840.4592287265668,41,27.768590710615463,7.271307377516146
40.48146561229112,61.70166455134953,359.11847871160734,Sport,Rural,Heavy,Flat,Rainy,38.04529559159465,Low,1830.0679651377832,11,6.699738767791319,5.714819210284138
2.319315710112124,93.71180704001571,396.9116530940738,3,3,Medium,Descending,4,20.258115771810367,Low,2232.97962003897,32,2.5542241371301384,4.183540340011448
14.924207880061228,71.16933859456495,315.67694373350025,Normal,3,Medium,Ascending,Cloudy,22.18859105009988,Medium,1708.1850340627532,22,18.99761775080811,4.835628033021546
49.63712099023624,33.83379981018089,385.2907087725415,Sport,Rural,3,Descending,Cloudy,30.230295656889027,High,1455.4738528897772,31,32.928377484880215,9.036670640041846
59.1437501336936,74.62055397868158,370.2548080553777,3,Highway,3,Ascending,Rainy,-1.3448003630097571,High,2198.9183125080426,28,13.821867926494113,7.141403328420637
48.51476967058429,54.176242182546765,377.400331290976,Sport,Rural,Medium,Ascending,Cloudy,27.11939205085504,High,2383.141229335659,45,22.34198427209714,7.405308634690475
63.712521409451256,67.32230378842985,328.1958327142645,Sport,Highway,Medium,Descending,Rainy,2.431306190754417,Low,1259.4441234784808,50,24.617413144681823,8.595155809786915
71.41580098868178,78.72512280184864,328.78889293798426,3,3,3,Flat,3,28.32164882844052,Low,2317.870079187027,34,42.08038503896062,9.75777735180898
1.1908585353402756,61.19578812115559,390.6019455776488,Normal,Highway,3,Ascending,Cloudy,1.3597902232319772,Low,1769.2221545627249,36,40.96706249942704,7.638887898387635
55.691419134420464,85.11871796586469,335.98320320925586,Normal,Rural,Heavy,Flat,Cloudy,32.46221649431183,Low,1575.873521243282,20,0.2171257715610224,6.442761086705637
115.6199089065106,77.77244634533022,306.30153906928103,Sport,3,Heavy,Descending,Rainy,25.64573173271556,Medium,1250.9344383151188,26,20.75455781153655,10.07577363842658
62.28387361554584,69.20586720148086,360.059670357945,3,Rural,3,Flat,3,12.365062998358916,High,1467.179600814895,34,32.83894249480498,9.143355883464912
81.30507209507438,32.06342526658812,312.48176690418427,3,Rural,Medium,Flat,Cloudy,11.147549975616254,High,1632.730741193998,57,42.63456891102355,11.686647737979309
37.42366295002599,86.87592887292547,379.6596241407908,Normal,Highway,Heavy,Ascending,Cloudy,1.7026178600163808,High,1291.889515369512,30,2.5399993875578617,6.632574695783738
92.8789653783315,94.87244682558529,364.17464425010576,3,Rural,3,Ascending,3,35.68240100947524,Medium,1445.4270844397652,49,31.44959108870473,10.426676347346888
92.75057782513382,30.957209904743586,387.4726505221208,3,Rural,Medium,Descending,Cloudy,0.3338172781965589,Medium,2157.892575122766,62,42.11677292854915,10.808783148378184
62.55552571849668,59.059290354674445,378.4837249782635,Sport,3,Medium,Descending,Rainy,16.243482483810652,High,2092.9190611028303,22,12.828293427110378,7.076115833395748
117.12165879350565,40.71109935764036,311.21136483381963,3,Highway,3,Descending,3,5.6433304655411565,High,2200.79059241103,11,10.342290935196166,11.838094903703055
15.066025771518404,80.36186459404517,338.10706764344224,3,Highway,Heavy,Ascending,3,39.83473786085617,Medium,1414.835114420525,31,23.44568444156948,6.338744098541764
2.033719786749719,77.730370880376,377.4560249914587,3,3,Heavy,Flat,4,21.36298231834142,Medium,1255.9392164863252,41,48.13272113049979,6.586265817879003
92.41898541085152,31.270809645631896,341.7341473266326,Normal,3,3,Ascending,Cloudy,1.731302652595577,Low,1809.166832610823,35,34.67503108594696,12.352486100238522
96.8586644837859,90.16218170093096,397.2365484779978,Normal,Highway,Medium,Flat,3,25.04037989298132,High,1645.6201556392998,45,21.281803818938503,9.477561677695215
14.424867494469147,34.47784511824018,373.57404498934494,Sport,3,Heavy,Ascending,3,39.62240577501481,Low,2209.7530039399203,17,1.141053717213942,4.901110745241429
31.869939955032727,83.7807220518486,301.5499916690321,Normal,Highway,3,Descending,3,22.226947627691832,Medium,1900.474786998309,47,27.88062058555041,7.71013046138003
2.106283603995469,56.55842877024039,387.9985691560837,Normal,3,Heavy,Ascending,4,15.582059255028753,Medium,2410.534402875752,28,17.5045212896661,5.592754624468757
35.197033293667765,46.2617834846521,310.0804784868558,Normal,Highway,3,Flat,Cloudy,8.197155472839459,High,1279.5683082503556,24,9.367110743436523,6.802658674037637
92.77702487024058,32.65914101393708,314.0523724180086,Normal,Highway,Heavy,Ascending,3,-0.8544463327054421,Low,1672.7792748810696,20,25.05739029989121,10.373454270592095
62.15526332550947,33.409140491730355,373.4492400611051,Sport,3,Heavy,Descending,Cloudy,5.271083454544941,Low,1726.8127818659236,35,17.134993434963526,8.906734670042189
41.77147118019457,72.95124437607203,386.496855943048,3,Rural,Heavy,Ascending,3,19.91293508041932,High,1363.6562642780375,32,2.0323616713172448,6.178697823662304
44.608715388759634,64.03443103576964,353.6349627899556,3,Rural,3,Flat,Rainy,28.9203564392312,Medium,1957.9206459392751,54,36.30275040956025,9.141127808751524
0.1624350858561785,29.76683373209862,328.9049732945779,3,3,3,Descending,3,34.50689006033424,Low,1252.2631781478078,51,36.655887706128965,7.101588940871968
35.976063307828305,29.015828835066017,335.13155452531754,Sport,Highway,Medium,Flat,3,30.71705126677017,High,2126.5426671175637,30,30.9796893429604,7.880891842421817
77.57504899655166,25.78484598182332,334.28893295960563,Normal,3,Heavy,Flat,4,0.6459340617587959,High,1248.6761089951797,44,42.05695060946195,10.40558620976831
116.90333325796286,79.50138778988352,332.6678103809512,Sport,Rural,Heavy,Descending,3,29.805694825587103,Medium,2335.51367272656,19,10.238759034672206,8.935140833398558
101.64729923806794,76.95056681834313,324.290967182165,Sport,Highway,3,Descending,Rainy,21.172204576561253,High,1284.5350630522466,41,14.381457425545118,8.420400820373663
2.831395757463495,24.674479268366014,360.8867094629233,Sport,Highway,Heavy,Flat,3,16.109840087717068,Low,1793.2542392985724,19,22.98692356554561,7.118296014388678
107.82727256098072,64.82160604775784,390.04053185650673,3,Highway,3,Flat,Rainy,20.77438533124363,High,1402.0010184684163,4,3.102741680960267,8.404259611597759
93.98380959583513,26.77409241941519,330.7082413083341,Normal,Rural,Medium,Flat,Rainy,-4.636610205238062,High,1373.0589186955565,39,44.188934417417535,13.38944279082672
93.64513482851766,92.29966164871531,318.6694297461412,3,Rural,Heavy,Flat,Rainy,-1.9521390663037932,Medium,2137.580395957358,22,24.5823675345351,10.244211918728016
54.95949108042858,92.5693935344106,383.8577666371425,Sport,Highway,3,Descending,4,18.663217558284156,Medium,2206.526354525262,14,16.300695789644774,7.002024986664859
47.76063515454034,75.85863918505041,374.1783330889704,Sport,Highway,3,Descending,Cloudy,2.812866226670092,High,2160.9588132104336,20,23.950376023415156,7.41294867616505
36.34988745998312,94.095113715156,393.08370315599103,3,Rural,Heavy,Ascending,Cloudy,19.549342846004496,Medium,1725.1894066442178,32,16.323978104638304,6.068385505291041
7.883383074523893,84.91624243309525,316.551973560491,3,Rural,Medium,Descending,Rainy,10.939610734366685,Medium,2488.021848267584,26,14.384544679590968,4.321714027221558
27.38824361924389,86.28308607416395,314.42513141165915,3,Highway,3,Ascending,4,35.833540930363874,Medium,1641.9595928624572,39,22.456120118926023,5.718007942325242
29.592436197362957,65.57662804559466,354.14293943049967,Normal,3,Heavy,Flat,4,37.735754228700415,Low,1518.8634294888432,26,24.1470431520149,5.649020888901555
58.08924836522419,44.48473585729407,361.4433654835095,3,3,Medium,Ascending,Cloudy,39.09028508808338,Medium,2495.4570481401406,22,21.72393512927665,7.246204952002877
89.69332879160328,37.42392920931373,348.01734418595896,Normal,3,3,Descending,Rainy,35.45220981472684,Medium,2470.4598468641734,29,27.44175456498927,10.665410555629542
56.85717940775359,46.176001763114336,359.8966636323876,Normal,Rural,Medium,Ascending,Cloudy,39.36508830365498,Low,1969.38676683016,45,39.19061221401411,9.406508796283129
6.941333933659273,70.27963440712497,318.0379768875071,3,3,3,Flat,Cloudy,26.77662065827128,High,1471.7509317724562,27,2.957682764067593,5.003859572411352
114.93477611858448,33.81252286659191,347.9613754164083,Sport,3,Heavy,Descending,4,38.22440259554732,Medium,1510.0485035956171,44,40.59478246196328,12.076855144544249
113.12691829129346,40.69121893098573,365.8092560939668,Sport,Rural,Heavy,Descending,4,23.88066094555722,Medium,1877.1510786206093,28,11.503866178573448,11.6750984564875
94.222745177809,57.44486902363715,343.2706449248704,Normal,3,Heavy,Flat,3,31.414639309857407,Low,2208.9341655458475,17,12.67943653619767,7.601020711365071
118.95934818770648,38.644007881969245,367.94473358165976,Normal,Highway,Medium,Descending,4,0.9359496725669628,Medium,1300.6903877239474,37,30.013377804434203,10.810343746474828
65.33787993603156,67.09149357728492,345.11912805538395,Normal,Rural,Medium,Flat,4,25.71698144211511,High,2093.9715206985647,49,48.78599800851406,10.310317721865056
115.53220203038472,93.8540822765064,333.35995808422774,Sport,Highway,Heavy,Ascending,Cloudy,36.89964892008668,Medium,1334.0441041218694,15,0.9682267442696838,7.56323597732226
9.072604874010093,79.84714925625012,330.36050470870924,Normal,3,3,Flat,4,19.30217086897432,Medium,2297.3439677327806,31,33.68936612175283,7.378986621979529
43.88168979136456,73.31412913191303,341.0902058988588,Normal,Highway,Medium,Flat,4,3.4068871088639163,High,1891.7536889202083,43,34.875170575208415,8.177638453823276
27.0457521608119,66.6177180787023,302.30896226822006,Sport,Rural,Medium,Ascending,Cloudy,18.709985232625066,Medium,2486.6023176101435,33,28.725224620782686,7.393114169248202
23.499970096112403,59.03583274056519,366.8525138446114,3,3,3,Ascending,4,26.812344732676973,Medium,2178.8769018966213,8,0.5835367083713905,5.45471951952768
16.896353867121128,34.92510877077278,384.5105640980262,Sport,Rural,3,Descending,4,29.640482459382905,Low,1846.3972545953447,39,30.356954659651684,7.158108063537352
74.6896369879196,91.57683643414924,335.4627094443118,3,3,Heavy,Ascending,3,18.56659044693928,Medium,1383.5302942736878,26,5.839563321726906,6.542540140474495
93.7586226896766,39.8828801610269,304.60331361417184,3,Rural,Medium,Flat,Rainy,4.781561089839254,High,1905.1143485567263,10,3.995577693944262,9.689173091058924
69.39580793044328,27.30471020625286,398.6775597385558,Normal,Rural,3,Descending,3,36.70099548604363,Medium,1348.7781569459048,47,34.833473086756904,11.374770076034045
17.63552515058516,80.00121433829563,326.3698255451067,Normal,Highway,3,Descending,4,29.812783740401077,Low,2376.7111198467164,32,35.041704325348284,6.489437938928182
97.33485239201651,34.04924274649331,312.6621121690773,3,Rural,Heavy,Descending,Cloudy,7.180978027792181,Low,1499.088074077831,43,44.50660222286416,12.368708146146908
76.31456485964742,49.75167996329408,336.9752507973028,Normal,Rural,Heavy,Flat,Cloudy,31.531581282836846,Low,2324.97668423935,0,0.2686853985748785,7.792634273744754
46.57988473523946,22.26279426327838,373.8557040633557,3,Highway,Medium,Descending,Rainy,10.65381922831266,Low,1595.0733236674982,17,19.0001167205984,8.201626808664003
80.89563546432755,30.965435403235844,329.3916596890565,Normal,3,3,Flat,Cloudy,9.059410510077134,Medium,1488.4681374419376,31,0.7123727478689138,8.60910805061433
31.188597509139942,33.85629046079296,357.4703203919488,Sport,3,Heavy,Flat,4,33.83844823062149,Low,1595.5069803468375,43,18.2966610550928,6.697371404209059
41.42306501930526,24.352810220014234,341.5559994437142,3,Rural,Medium,Ascending,3,34.29558430677046,High,2119.820404412036,43,24.63373112289767,9.60138930743646
110.09830117583884,72.53255652982762,311.77639922766184,3,Highway,Heavy,Flat,Rainy,12.931663126854062,High,1882.78023969238,48,26.53348516134637,12.653064241971526
34.860540680570445,86.96062366424938,333.02870124921105,Normal,3,Medium,Ascending,3,-4.598473771329597,Low,1339.7142335980432,42,17.86104240697305,6.172639758979829
56.39859217895239,49.86523250927527,372.48705057140666,Sport,Highway,3,Ascending,Cloudy,3.3954529629996344,High,1378.17672243715,30,36.29253826851375,10.487010493004307
106.81693648752176,89.96611813745605,361.20038973314456,Normal,Rural,Heavy,Ascending,4,35.91833477010514,Medium,1692.0885744274517,47,20.83818664528579,10.55849140936168
84.92656203210329,37.06772596481012,311.9778379883561,Sport,Highway,Medium,Ascending,Rainy,35.4437201674776,High,1640.1065738077884,36,25.90461446143069,9.946489189665854
7.46438713976433,46.03123388489916,316.33224097143085,Normal,Rural,Medium,Descending,Cloudy,15.400513664205144,Low,2307.256034827818,43,40.02437128920975,7.089250612363736
17.676365313476442,32.058959442493475,364.0733359307445,3,3,3,Descending,Cloudy,8.685251827414536,High,1943.9291476367705,25,8.797708040086581,6.3033475041787135
0.940990892630018,69.64473563351989,381.3415414320869,Sport,3,Heavy,Flat,3,8.623673144732724,High,1442.7294819146332,30,16.112672104834804,6.067301116125329
75.71061482749961,53.58956726962455,334.9474495958169,Sport,3,Medium,Flat,Cloudy,35.373766118284216,High,1236.8458988961206,51,26.11933707333472,10.125589100553048
53.7208110492502,69.0626677473519,359.531075184345,Normal,3,Medium,Descending,3,9.612998993898245,High,1333.072037253601,54,38.40414942575016,7.9772752964713085
16.112982108273066,80.93399243153469,317.06435887521053,Sport,Highway,Medium,Descending,Cloudy,18.02111168830493,Low,2110.5351884329493,43,21.325235831701427,6.517722893155605
114.95209452681246,63.65624128263588,331.1376336905324,Normal,Highway,Medium,Ascending,3,27.8954972766804,Low,2301.2264471361023,22,3.731061936274737,8.571435267387125
63.55916687347439,70.21042839214303,302.02702056730527,Sport,Highway,Heavy,Flat,3,4.426646872423847,High,2217.299403776455,48,49.44264354041624,9.167873235557057
29.0271952935467,94.82002515154664,376.8275947799523,Normal,Rural,Heavy,Flat,4,6.422758671365214,Low,2226.8381182476182,38,35.424745061876365,5.985324175772955
60.07242853856491,43.92514476870745,340.10098197729667,Normal,3,Medium,Descending,Rainy,11.112785189280707,Medium,1539.2492299053883,47,36.16448328378634,9.581487464556352
81.55443992821293,48.733115090716254,381.6125573653954,Normal,3,Heavy,Ascending,Rainy,24.44005252063255,Low,2485.8118414027904,44,23.308735084921302,9.162567542805569
9.148706156827735,77.41626893674695,370.8372996022727,3,3,Heavy,Flat,4,31.787079301584757,Medium,1312.3310978537593,22,27.39729884143804,5.784014522421798
32.96445780574704,68.90444136443094,382.8744265728477,Sport,Highway,3,Descending,Cloudy,19.601759349894976,Medium,2267.4239379204246,54,49.70301734479722,7.5050227818661535
96.83585890607924,34.282632363177186,328.56586695828827,3,Highway,3,Ascending,Cloudy,0.9817931492330656,High,1325.862456132215,51,29.796273613504795,12.594407898532166
55.15978444831935,50.091784800839214,318.5108730427845,3,3,Medium,Ascending,Rainy,15.081048538137448,High,1547.7906961048889,17,11.024580357639254,7.651400666883276
65.58925704387539,57.4270410499772,397.19056826516703,3,Rural,3,Ascending,3,0.74608249554373,Medium,1844.038236616976,66,48.22254901199074,11.613581789617932
51.93792026513631,53.55118703747115,371.73277870408697,3,Highway,Heavy,Ascending,3,-1.0266273649987108,Medium,1269.3430019931957,40,26.934357854060835,9.413401344038231
5.267993117160614,34.261984665763265,383.40422679266703,Sport,3,Medium,Flat,Rainy,21.53275464331515,Medium,1712.4227490761923,21,1.1316001088589958,4.6193859002994
19.88997357841871,93.95440734274098,301.3133373709934,Sport,3,3,Ascending,Rainy,38.02954503090653,Low,1655.148696853328,47,28.710238751716656,5.8696881905483655
53.46499664902691,80.98550093551808,335.44616202958866,3,3,Medium,Descending,4,32.69253250003268,High,2041.3237062924068,8,3.616732590009144,7.017272710229336
25.102255848951337,58.50846656862818,374.2816690577332,Sport,Rural,Medium,Ascending,Cloudy,29.851206814412187,Medium,2133.417459285482,49,26.426656686647195,6.915063771620711
5.997483439161448,74.40488226454693,307.79828329899834,Sport,3,3,Descending,3,27.717518463940017,Medium,1317.6438905600066,49,41.284051025031786,5.146897145026316
101.23795968621884,91.78261377084176,356.7339929568936,Normal,Highway,Heavy,Descending,4,35.37075357110639,Low,1249.4890224845117,45,26.989431920495736,9.122349150026398
117.7431034996939,30.893931388925697,342.9072767455003,Sport,Rural,Heavy,Flat,Rainy,28.877578786425,Medium,2208.6587190746045,37,18.73532136209227,10.741487129034375
95.17714487960872,40.02984405655822,301.7616507141107,3,Rural,3,Descending,4,23.209480538534716,Medium,1886.388803229004,45,44.14222656671211,11.23673505160413
102.45419060456004,63.4160997805316,323.5975577119451,Sport,3,3,Flat,4,11.410603612317416,Low,1895.0277795929887,59,46.38674488868935,12.701097224346716
29.037255638045444,83.92082970818869,328.4791989066714,3,Highway,3,Flat,3,-0.4575249563093262,High,2474.931672570902,16,17.439800021748212,5.058622287283958
115.27523706158397,22.90039163532219,311.18599463463227,Sport,Highway,3,Flat,4,15.746501372980468,Low,1769.0639912744832,38,24.997644120452133,11.475563382974338
23.631084534411407,98.72145201570883,363.15369097426606,3,3,Medium,Descending,3,36.61529062654153,Medium,1455.0502779135747,57,49.14782257487786,8.502312396920896
114.17157724341988,56.39252823059177,324.2397876251889,Sport,3,Heavy,Descending,Rainy,21.239511941881865,High,2084.8334812273297,29,8.987232209796712,9.7791481406395
119.37831527591412,48.73849124973784,327.76194996193885,Sport,Highway,Heavy,Flat,3,3.302688095281012,High,2260.3814798370704,28,14.977846476686672,10.787762346506682
85.40673668952584,43.41795502718175,389.8238598200147,Sport,Rural,3,Flat,Cloudy,24.206048881637976,High,1853.069011624165,30,21.478280538159407,10.081345049184192
117.73724781501863,33.94853661206973,346.71230926931395,3,Rural,Heavy,Descending,Rainy,15.945800533622702,High,2099.3589669581406,11,5.13432604104844,9.519905023017587
68.34477354805244,83.32591271440222,339.21281469692724,Normal,3,Heavy,Flat,3,36.91210398623349,Low,1868.110826702104,15,13.674924169359814,6.768290313531678
31.14501398113084,96.43313317968772,372.3871038314717,3,3,Heavy,Ascending,Rainy,2.2422959527901165,High,1729.557935952664,25,27.27996547404519,6.731536215927841
52.43950627987451,53.09158038763186,390.9613796882912,Sport,Highway,3,Descending,4,27.040528682804315,Low,1244.561301118085,13,11.502053213483045,7.790485977817996
71.22731224545431,96.1936555802765,302.5036336237444,3,Highway,3,Flat,Rainy,25.672110916306075,Low,1425.865356602685,37,34.34562077165178,8.540770640989045
8.7697874432418,85.90380923480274,344.82388465553964,Sport,Highway,Heavy,Descending,3,39.25937103346771,Low,1823.6977357982928,29,17.44880695656993,5.571952206597819
74.68119175406953,58.48409019810546,361.0781356077947,Sport,Highway,3,Ascending,4,20.42104569782974,High,1715.4871458862776,31,4.580767321710872,7.586804366321019
117.74134041147536,73.92209433009062,331.85630981259897,Normal,3,Heavy,Descending,Cloudy,34.2208316170138,Medium,2295.748898613287,41,38.25019794099292,11.944422948391294
22.81291797404732,54.79873433363704,377.24077221232415,Sport,3,3,Descending,Rainy,-3.887872811085619,Low,1340.979703663328,37,28.41407357843077,5.627068656230467
95.111413954606,64.69787265700418,397.14770702702737,Sport,Highway,Heavy,Ascending,3,0.5301385700859678,Low,1265.16579497065,42,41.26097720871579,10.718235737358716
108.94785525355432,24.643706961480305,394.3427366250284,Sport,3,3,Flat,Rainy,10.567235778093874,Low,1313.2784480965531,27,18.07156569478004,11.06130269995153
113.2441911384265,75.70107802404266,326.5982539379942,Normal,3,Heavy,Flat,Rainy,22.8697328720757,Medium,2081.520470552712,6,1.0670338250775386,9.499919712339867
115.21627252865366,24.225971558730937,322.6338278437486,3,Highway,3,Descending,3,15.208570523533387,Low,1972.8155209746053,9,2.4297558472464518,10.107419892506256
62.57515664657663,85.36679575357196,395.7490531021221,Normal,Rural,3,Ascending,Cloudy,4.121331130596499,Medium,2021.886426503052,57,39.792946111570345,10.368813498596792
117.27694895898044,85.9957543568446,345.86284874314657,3,Rural,Heavy,Ascending,3,21.51416829511455,High,1403.9978968514663,19,20.590996484428118,10.344287566658547
90.87722485613268,38.96618300449717,320.8297723084692,Sport,Highway,Medium,Flat,Rainy,20.50145767036133,Medium,1871.2585983934416,68,48.82164669056775,12.651649867756367
19.40057234843543,45.89302248286402,370.6996963630418,3,Rural,Heavy,Descending,Cloudy,18.60013653343819,High,2197.9710403337854,56,41.53238773270719,8.114822725461316
57.2280127761564,58.50483028466346,328.44203239037915,3,3,Heavy,Descending,Cloudy,-0.924974955018584,Low,2089.039271272025,18,0.9044819439388212,6.025249985540711
86.19974104464048,67.73303255459851,326.72469750710525,3,Rural,Medium,Flat,Cloudy,36.71614717403039,Low,1770.2941463114512,57,43.51201198494081,11.461720130275756
29.68083789829,42.98829293935974,387.9249043077785,3,Highway,3,Descending,Cloudy,21.65148866656464,High,1334.5506673480188,32,10.722022076372411,5.88663513950964
76.87382202586649,67.398912370554,316.2479153376904,Sport,Highway,Medium,Flat,Rainy,6.879628623939576,High,2331.8452781037704,33,24.364619978508657,9.22304621072456
79.9920574855943,43.82296585834391,306.43929464662364,Normal,Rural,Heavy,Flat,3,25.93381856775343,Medium,1884.0656443971795,46,25.35545526209372,8.888020381358713
19.523969257027908,24.43925768568485,326.9186440171688,3,Rural,Medium,Ascending,3,9.30585958909993,High,2356.558987733976,18,3.080087987552654,5.7142429226415326
67.81023749433075,20.20220398655272,360.6945412838204,Sport,3,3,Descending,4,17.763521204849162,Medium,1770.310144726415,12,6.370715756463431,7.16387035269474
92.59522931743292,28.09208463347429,312.30878534032706,Sport,Rural,Heavy,Flat,4,10.350929697654234,Low,1508.116932418887,22,21.21006533112749,9.600153383268976
59.86747974431303,83.38005601312146,347.1594672276794,Sport,Rural,Heavy,Ascending,4,34.61773119419618,Medium,1599.636913313509,55,32.16678174011187,9.580912336452784
1.452374013132891,96.91450499066696,362.733711042532,Sport,Rural,3,Flat,Cloudy,39.72912630407186,Low,1743.5941256192837,14,13.294407169282984,3.4628069741214675
1.0846162895150613,54.15729594249754,384.8736992593174,3,3,3,Ascending,Cloudy,2.253192939755441,Medium,1998.4900731470125,34,26.36740820034043,6.6230712786817145
42.84352127640146,61.01471627599543,322.98695912022544,Normal,Rural,Heavy,Descending,3,-3.938947224953141,Low,2199.5842847327804,16,19.01885539190825,7.101677753388138
111.14328821181384,31.74785352587409,381.73463233827897,Sport,3,3,Ascending,Cloudy,4.869512814191911,Low,1515.4328214079858,29,31.55513893704809,11.785669830042233
27.44121355243305,64.08250821441257,323.4906261131239,Normal,3,Medium,Ascending,3,21.547839239392605,High,1444.0384968608553,26,21.279421334664068,5.128339089250297
76.12364266460246,31.572392160558145,367.67665412396406,Normal,Highway,Medium,Flat,4,2.827801280988988,Low,1463.456412709966,60,42.5964916860917,9.913170106107144
26.64910448319847,68.89714649590641,343.0673571482455,Normal,Highway,Medium,Flat,3,31.516799107276903,Low,2414.849712714972,39,49.188829020623295,9.128637468360749
38.60039875914583,94.66069340646833,311.468124237867,Sport,3,Medium,Descending,Cloudy,13.390175955749909,High,1413.133509817911,53,45.66128644294712,7.7521528603860625
101.76505075217808,35.65588314424317,371.42634628218485,Sport,3,3,Flat,3,22.47397333213583,Medium,1649.4662387016938,22,8.513351347549106,9.161189647064996
87.46337307239362,81.16509744456816,321.7762618549018,Sport,3,Medium,Flat,3,15.50280287302865,Medium,1831.6279063672248,26,22.91316616332593,10.06530059347553
11.447913277585275,21.880193825465923,317.66234260245915,Normal,Highway,Medium,Descending,3,35.649756472852914,High,1923.0645313075129,44,22.99500426082848,7.547332487817549
51.44424251837204,50.03977930572968,335.8322928589384,Sport,3,Heavy,Ascending,Cloudy,-3.4189098321975,Medium,2315.5106864253603,58,42.039272948206936,9.556897294159295
3.500371637431736,28.859880626440724,365.3290244759484,Sport,Highway,3,Ascending,Rainy,27.818585304546986,Low,1346.7489964708984,17,17.92374725859953,5.783286044211346
57.70681759236108,48.19803532765596,323.3996478790628,Normal,Highway,3,Ascending,4,24.347746000339,Medium,1340.417411112163,52,27.52513328216925,8.83865647482586
79.49208140412817,33.88295357111068,318.3661538781886,Sport,3,3,Flat,Rainy,24.228176394359195,High,1611.3325448493383,38,30.503022261331655,10.111563793640968
14.220314831778186,49.86439920983099,300.99536257133644,3,3,Heavy,Flat,Rainy,13.62952268671923,High,1737.1618947805891,14,5.6648872013004965,4.387029740184
34.66619266909988,53.40182448860243,347.16430971017235,3,3,Heavy,Ascending,Rainy,-4.294614718584612,Low,1685.9083605555174,37,27.9422604166558,7.27787723087748
47.740395060258834,44.04728982247347,342.8645569315183,3,Highway,3,Flat,Rainy,26.015832488558104,Low,1709.4723477592192,39,12.417390268896144,6.639856424613486
110.34372295872598,72.52975595785033,323.38677436373763,3,Rural,Medium,Flat,Cloudy,32.3262045763714,Low,2306.89150140077,23,10.41018232903898,11.287280263691056
119.19060185075568,93.50816410071278,305.3652164009691,Normal,3,Heavy,Flat,Cloudy,-1.1646360055693346,Medium,2287.668815604757,33,12.590747449598345,9.363864364636452
5.389355879473903,52.04762992842178,342.9255874595837,Sport,Rural,Heavy,Flat,Rainy,14.872787690978589,Low,2247.151697335522,23,5.057664733511285,4.998982323228927
91.32095081944703,35.38745251800172,378.8205111071632,3,Rural,Heavy,Descending,Rainy,2.316768427617439,High,2181.8648681206146,14,3.57953950603549,7.936711746095406
44.60688796828119,41.65782065567867,371.5282131327177,3,Rural,3,Descending,3,22.49220038933237,High,1252.5060443729706,47,32.37863183308715,7.663061288866339
47.0949823475376,88.32006587970952,386.07948898601705,Sport,Rural,Medium,Flat,3,30.35221943615665,High,1394.2040135436855,40,47.05484530798525,9.1044480697064
90.51179680164272,65.73117786161183,300.95826877131555,Normal,Rural,Heavy,Flat,4,25.001795421733284,High,2151.850436470651,28,34.4311810950888,9.911696155031008
110.21117185744905,56.40088258455658,396.64193168045983,3,Highway,Heavy,Ascending,4,9.312703171864849,Low,1973.297100327669,28,15.6615948697757,10.50296086605793
114.1114313403058,31.970937720714137,334.14122526274485,Sport,Highway,3,Flat,4,1.2879716274572717,High,2076.127951261198,21,16.818825088823083,11.725829269951562
69.25471032459849,55.97818466590255,399.0397796091965,Sport,Highway,Medium,Descending,3,30.7420665722708,High,2132.010801694897,41,27.115321240884185,10.011340748317744
42.85453911606034,42.279360268590935,325.2619460601775,3,Rural,Heavy,Flat,Rainy,9.576258632171148,Low,2384.774122632556,43,43.32846362795245,7.8548126347843485
94.5058903030535,95.45305022826794,347.15363875782447,3,Highway,3,Descending,Rainy,-4.003707571500824,Low,2025.6858288843853,28,10.202981062394253,8.147294676639062
30.120165991476032,90.7256087532585,335.3927676575304,Sport,3,3,Descending,4,20.713954645716285,Medium,1558.2376572782284,23,23.478716953522092,5.178222264369331
67.68888346002213,26.71220334625584,335.57607149943027,Sport,Rural,Heavy,Descending,4,6.100478960502025,High,1307.9207181279546,24,24.9974414498979,8.337556282829299
43.02941538298478,61.33227914089943,384.2282098748216,3,3,3,Descending,Cloudy,32.85426992611796,High,1761.7101478141124,58,46.56805874823458,8.841427386500069
78.79572884494513,38.00466764117377,374.6418939737339,3,Rural,3,Descending,4,1.4464841975850344,Medium,2122.8044350786126,38,26.854028620072118,9.917158312103693
28.847869547220828,52.86216716194325,399.2151435230048,3,Rural,Heavy,Descending,3,14.566038207666264,High,1566.4718209570756,47,39.06484779607845,5.864353251287795
22.99115348817909,90.14783986011652,361.3514682717512,3,Rural,3,Ascending,3,6.390859162495531,Low,1356.1031104421377,12,4.481278876972605,5.670954862593594
110.18869040105244,62.20116159108358,346.32566043945025,Normal,Rural,Medium,Descending,4,26.03207286494866,High,2498.365133608372,38,16.413488276691478,10.974713529706946
12.216441953944427,46.73722346966079,309.0073862946891,Sport,3,Medium,Descending,4,19.683890921083968,Medium,1744.5366748393626,28,30.61003031857575,6.221998538582303
60.7149489281918,36.63106832839976,399.6561419513857,3,Rural,Heavy,Ascending,Cloudy,30.59444736618682,Low,1481.209228918199,45,33.914132802808425,9.68259689427012
26.50233395556107,84.02598875251914,355.1530652932283,Sport,Rural,Medium,Flat,Cloudy,15.637565885064348,High,1413.9227204272304,43,44.27208631953589,7.656481905594491
4.671595599080094,69.96144122914777,370.04774696901416,3,Highway,Medium,Descending,Cloudy,-4.783620580502198,Medium,2321.617093869365,48,29.56214486664672,5.9288887219318696
4.322258194971167,57.445236834098495,340.67423871913115,Normal,Rural,Heavy,Descending,3,4.683841624277306,High,2265.4850417403577,24,14.550002609845262,4.740995597404055
21.02661265269928,37.39874830903824,354.7715708179236,Sport,Rural,3,Flat,Cloudy,39.96206986874231,Medium,1997.316765781577,44,27.00085241096654,6.656939174705967
104.01244254072004,46.739709932570506,394.2577731892888,Normal,Rural,Medium,Flat,Rainy,13.240524518927964,High,1911.3411644027892,37,35.60534746364633,11.255836130023662
33.8974492772432,96.78747413908148,316.6419437931603,Sport,Rural,3,Descending,Rainy,22.910579854880147,Low,2436.870706224844,45,39.23882576531783,6.0725126475071285
114.05510046903548,61.607195008466746,329.23725843302543,Normal,Rural,Heavy,Descending,Rainy,35.72192236264407,Medium,1496.747910365056,47,47.23475510739812,12.436091758428567
69.79467515870323,52.05594249946024,315.20597277780325,3,Rural,Medium,Ascending,Cloudy,-4.07641180347102,Low,1740.011674754736,16,9.618556868985678,8.16381703380562
52.39370277225193,61.71376338786591,379.22159038047744,3,3,Heavy,Flat,3,24.68233283788279,Low,1232.0645023678271,43,33.08116352096373,8.990536588874667
69.61066016033455,82.31908047196869,306.204526042183,Normal,3,3,Flat,3,7.976963829029653,Low,1744.166697316182,16,10.095406900796464,7.741615059998135
62.00380622715213,47.208714920229504,308.16316498513385,3,Rural,Heavy,Descending,Cloudy,7.566171490859416,Medium,1699.4814762999,38,15.961829216524562,8.602217107564373
91.05315045087902,34.29648967460871,329.84941127873685,Normal,3,Medium,Descending,4,5.11831314617381,High,2434.3412112071405,14,7.223948501669285,8.787384765336336
33.89952791674227,66.79488946712382,351.4188180921011,Normal,Highway,Heavy,Flat,4,32.022814733102194,Medium,1665.7021661979445,59,38.67238782090378,8.63751466930032
42.36604699203629,73.21632827848538,340.62748005595864,Sport,Highway,Heavy,Ascending,Cloudy,11.782647960092252,Medium,2285.2260371512,55,45.70857607184802,9.263305762954932
107.29131630399009,77.01744023668397,304.48163106708074,Normal,Rural,Heavy,Descending,3,-1.9797557782808413,High,2196.5717573691286,19,1.5934472323305413,9.540969658520288
113.57478157804866,90.55900726129038,395.7491557870952,Sport,Rural,3,Ascending,Rainy,-0.6416978952576597,High,1391.4536649778825,50,40.694050938078966,11.184092512634988
107.10698729837694,49.69392965512904,395.2869520358084,Normal,3,3,Descending,4,1.6876463209060928,Low,2451.532389776885,26,12.163593617378506,9.370157920945427
50.33375927487763,26.028391698311346,327.935632324076,Sport,Highway,3,Flat,Rainy,35.45174142629163,Low,2020.2554752243093,35,24.399763550794987,8.158178508190995
93.6438603608258,96.66788669047536,373.15256152685816,Sport,Rural,3,Descending,3,14.234954192830411,Low,1975.5156854874049,45,37.436137066107285,10.184649324230165
57.160287996131856,54.80095419499801,357.8575411383224,3,Highway,Medium,Flat,4,36.22222028197844,Low,1215.2170773203798,46,25.392030669515588,8.283335808697265
59.704782257532266,69.8606007738505,323.7476695005624,Sport,3,3,Flat,Cloudy,31.7865762742956,Medium,2108.9740317365854,23,11.63936995526927,5.82934324135266
24.561613086874075,73.30442585026339,326.2171551741615,Sport,Rural,3,Ascending,Rainy,32.70471795660316,High,1272.3175237614826,59,45.317668475908846,7.939370112310896
70.93563639102197,63.72109669609628,349.11531743104507,Normal,Rural,Medium,Flat,Rainy,7.90743150093247,Low,1440.9950554052018,41,29.71977388191897,8.66642466517712
22.336307730401757,36.420602378901606,341.92369414973604,Sport,Rural,3,Flat,Rainy,7.2091485719291075,Medium,1328.2072773634186,52,46.56965360193615,8.888775770717722
39.78776388806325,80.41144400929132,329.1229328231264,3,Highway,Heavy,Ascending,Cloudy,20.20307709270226,Medium,1691.667699962933,48,42.34740276301764,8.542395729778693
102.6036241943922,84.30015794432653,380.7511596305149,Normal,3,3,Descending,Cloudy,13.806623289547783,Medium,2234.424952772729,59,43.84172336347466,11.777175573786192
24.849097105302626,64.23804688139518,348.1462917637385,Sport,Highway,Medium,Flat,Rainy,17.9077309735156,High,2119.596009834432,16,18.14946547603293,6.504771204143846
8.538994220811936,59.08489284678733,365.4848062389128,Normal,Highway,Heavy,Descending,Cloudy,-2.605810916403524,High,1338.7036863001374,53,49.36702501543482,8.301149554949196
8.280911113537957,29.115054650238825,318.9273500167876,Normal,Rural,Medium,Flat,4,38.72155860681376,Medium,2237.9995506190453,37,42.63448373827481,8.365985222903614
112.89414246037296,26.716132919982705,353.3507662516487,Normal,3,Heavy,Ascending,3,-2.3824036471944594,Medium,1799.101282658581,27,16.94658887680846,12.335348793170825
60.83045255542015,47.1651876450823,331.79760494466217,Normal,3,Heavy,Descending,4,3.047408394784929,High,1242.420011254463,37,44.83112633699206,10.670090764749665
49.1294486180422,44.86769244139146,352.64136103948783,Normal,Rural,Heavy,Ascending,Cloudy,25.51902361758661,Medium,1490.974398342211,43,37.78911223303245,9.351930199557824
97.30542972095022,96.29251607706168,378.0825833410928,Sport,3,Medium,Ascending,3,1.9975698277862417,Medium,2220.741186358141,30,36.28433758511634,9.386856341791198
100.29911134926192,82.68981939547439,376.89132100912616,Normal,Rural,Heavy,Flat,Rainy,-0.1908532531494939,High,2153.2896606000586,4,0.4106689399483394,8.60569416259577
39.86292397387256,72.7939436207248,335.4220678034276,Normal,Rural,Heavy,Descending,Rainy,1.9129171616914968,Medium,1444.856460089661,1,1.2261390924077231,4.669938365141334
83.23416689685543,61.41184712140841,369.4277117079639,3,3,Heavy,Ascending,3,-2.2135890552615907,High,1249.3987843410418,48,34.77014744009722,9.830314516571086
92.5347379022264,33.38940245813211,394.1289950394277,3,3,Heavy,Ascending,4,6.309343311625495,Low,1583.7625271816592,28,14.006308890099762,10.953207935325365
78.55808242391454,98.27653377474272,362.56693299249065,Normal,3,Heavy,Descending,Rainy,7.200367195666656,Medium,2233.4049663550177,31,3.020065523638668,6.009739385783417
18.191408976011925,50.0032558592168,314.84101233826374,Sport,3,3,Ascending,Rainy,17.437993939674477,Medium,2419.9076266309166,17,14.368957932478391,6.8061281060005925
105.10597002204683,28.554048195779583,367.9708629279095,3,Highway,Medium,Ascending,Rainy,14.74251327421488,High,1944.7513254071223,53,41.911682774331,13.883965745185163
64.69134632832105,59.503911657259685,310.49043863493114,3,Rural,Heavy,Flat,Cloudy,16.31710368169803,Low,1318.4350114603326,24,23.583528678350685,7.738555256423661
33.896691164400444,89.91984092904666,387.2110408793027,Normal,Rural,Heavy,Ascending,4,22.721777689400614,Medium,1852.7120017354423,44,30.81740500774708,6.107987564198341
51.02738225252327,90.98328014218636,351.666049580194,Sport,Rural,Heavy,Flat,Cloudy,5.393264406229472,High,2498.428783846029,35,40.04522017213304,7.134398841030913
4.508530847868886,20.87727328451578,338.51407363115794,Sport,Rural,Heavy,Flat,3,1.0616858991352824,Medium,2420.269716238552,30,16.236386147034683,4.934346972485079
15.344016146690109,90.90365958011198,305.70065946496925,3,Highway,Heavy,Descending,3,34.54952253904946,Medium,2491.174305072022,8,0.6561808202186997,2.941566150635413
91.8656100619033,41.71873739998868,338.078373459211,3,3,3,Descending,Cloudy,23.527360280602807,Medium,2109.2391239336766,35,16.233722181966677,10.92862862572381
0.0013961706439369,23.117789117473848,390.32066679157896,3,3,3,Ascending,Rainy,-2.2701517729340166,High,1753.915133968872,38,47.83825165505286,8.575422963423893
49.98789941787506,87.82322162902994,302.09829962863034,3,3,Heavy,Descending,Cloudy,38.24732424553691,Medium,2361.068428122768,19,24.166020787529774,9.074460367868838
62.70122173027061,89.10934047905667,347.4648157781805,3,Rural,Heavy,Flat,4,26.1880826020784,High,2363.734601958103,35,28.53339942851989,8.567400896164624
6.556130400116675,67.698486387388,393.1158091110622,Normal,Highway,Heavy,Ascending,Rainy,1.826708893915523,High,1387.674282946918,30,38.04542505407338,6.775898175638535
116.76937955667994,65.95470058370867,339.4840999765021,Normal,Highway,Medium,Descending,3,38.61104942543803,Low,2208.001613855115,18,5.835175591139743,9.1742661188221
27.135039749960637,85.04962180971356,342.81756874621504,Normal,3,Medium,Flat,4,11.443330446233489,Medium,2395.1023752892515,32,36.7234047448537,6.90290152842038
36.503846356353705,82.90476421682239,357.856005519912,3,Rural,3,Flat,3,39.30295359391466,Low,2368.0755799424305,35,14.957946877725542,6.962667603645116
36.47310147060328,91.20843787541632,346.29373335771834,Normal,3,3,Descending,4,-0.3525966773020181,Medium,2118.883702652677,19,19.46925863064599,6.028277265888428
27.64999945408199,64.21979580773628,316.8601691237552,3,Rural,Medium,Ascending,4,2.1986147665973075,Medium,1898.5658360128452,41,13.547544220751938,5.458040257648326
0.1768586503573699,97.41176741862468,301.855553906986,Sport,3,Heavy,Flat,4,24.583879789367987,High,2209.7740436174754,25,7.761922751729616,2.4793446150353504
87.52137529055956,99.69174647466708,360.9811657978702,Sport,3,3,Flat,3,-4.003544067526704,Low,1871.0025938118315,45,18.136922553092187,9.670171611525042
116.02145997591424,29.32356879989061,392.0806587007812,Normal,Highway,Heavy,Descending,Cloudy,-4.158966145179394,Medium,1617.60429024145,19,4.8224835422254815,10.178105688679862
26.91521799420541,87.96350076432977,310.63641330271656,Sport,Rural,Heavy,Descending,Cloudy,30.639227450120515,Low,1536.6200418271612,63,42.254425188858015,7.818502063426208
79.5656630164107,59.98578061988712,321.0952719252753,Sport,Highway,3,Descending,Rainy,2.550114928291914,High,1902.8543920597217,34,15.366722952404164,9.178173057798377
89.02755923504581,51.00530706398657,337.0229485824973,Sport,Highway,Medium,Descending,3,36.34554966644233,Medium,1792.741344668167,52,32.71550418450989,10.715636498791964
101.81104549086297,69.0457847906172,380.874222902112,Normal,3,Medium,Flat,Rainy,14.165327297711729,High,1881.8438484439823,15,14.905108223763936,9.3434725467074
50.71550364163309,24.47724458096056,326.9260316470978,Sport,Rural,Medium,Flat,Rainy,34.314355943467405,Medium,1538.9059810983977,30,10.614131683510884,7.343886673951776
36.35170867685151,60.51688950136639,388.2054404278769,Normal,Rural,Heavy,Descending,4,13.79936128389378,Low,1967.7580579196624,58,35.71148921000193,8.85374627025306
39.03541608276373,89.67124560213334,305.49578746500663,3,3,Heavy,Descending,4,18.860350223746305,High,2060.696745683093,55,31.23779064495249,7.102762424767702
85.51455997182154,37.0769212911175,394.0956621258935,3,3,Heavy,Flat,Cloudy,9.243137275438574,Medium,2248.903561787215,13,10.983436067825576,9.447932891574911
98.01353598067632,54.11119158155401,356.0747077873765,Normal,3,Medium,Ascending,Cloudy,24.61343879901708,Medium,1966.9836494618128,39,30.643597804480475,10.34339639922266
21.79367613079232,95.15847101719004,365.8777678487704,Normal,Rural,Heavy,Flat,Rainy,9.319052467437976,Medium,2182.892043077111,27,0.3495837192019917,4.333264726888353
44.512920978931824,54.28510702445578,336.7689522536353,Sport,3,3,Descending,Rainy,5.042654403252216,High,1420.200923756753,31,8.928038869350592,6.795549832141417
108.232823609898,48.669410586591866,378.19942855110605,3,3,Heavy,Ascending,Rainy,-1.3528709616784655,Low,1357.3815031912711,47,36.41492352205067,12.821880653551045
96.8032223633687,55.24293184987026,316.6566250084406,Sport,Highway,3,Ascending,Cloudy,-2.4048793477468977,Medium,1433.5334175242908,28,20.566518259656156,10.289359438878956
118.18300833149708,61.55622132140451,304.8911825278487,3,3,Medium,Descending,Rainy,8.768845894103002,High,2300.144658362934,12,10.261081458751478,10.778582403705718
90.50979116184968,70.55930753051751,339.5516943107557,Sport,3,Heavy,Flat,Cloudy,28.141300536216495,Low,1922.9948517183916,21,25.34522721331073,9.59077993323136
47.18342412335068,84.05542407333849,385.369571398104,Sport,Rural,Heavy,Flat,3,4.2529029854627325,Medium,1791.9098009885695,49,23.314328350904677,6.9019890072150805
70.87654007935653,56.16817646114514,375.4926836637695,3,3,Medium,Ascending,3,8.465235256277346,Medium,2190.80725091416,47,31.73342099584626,9.868496141582568
79.32171050967844,85.39847480721123,351.7155970488958,Sport,Rural,Heavy,Flat,Rainy,35.73271383349557,Low,1361.30129018532,3,3.7196621650191153,7.818869289447194
9.414697958054871,62.69765290816645,357.21377471653534,3,Highway,3,Ascending,Cloudy,23.76208731150943,Medium,1208.0703528488457,59,40.9855465632272,7.576953645077632
65.33963509246381,47.078440829438215,312.9892826298756,Normal,Highway,Medium,Descending,3,36.387507523988944,High,1604.2542528355132,8,3.0080112685645,7.988497789929901
85.11849941671315,72.63606624955314,384.0681508617582,Sport,Rural,3,Flat,Cloudy,36.00517153016354,Medium,1523.562634265119,24,22.74737819953637,9.40224628226622
20.078556480127247,77.41778037947931,378.69596829641966,3,3,Medium,Ascending,Cloudy,-2.146519288143953,Low,1599.530078698666,44,35.55260388104993,7.497137852552828
93.67580609106686,64.643918050359,365.6470393886943,3,Rural,3,Ascending,3,37.97541962177642,Low,2465.640151264456,23,17.30607062977888,9.24205559970966
70.0527336616934,24.529197850777877,346.6191036328938,Sport,3,3,Ascending,Rainy,-2.696991842243495,High,1938.069465634922,44,45.51491464919857,11.509210157928171
114.26661428371136,33.590630012865994,396.4459268279512,3,3,3,Ascending,Rainy,36.65285129868191,Low,1965.845476062344,38,37.78606963214786,11.656914162972177
5.0906757848270034,42.82381767121826,387.9031971876471,Sport,3,Heavy,Ascending,3,19.60300464955221,Low,2052.370074135138,32,21.359798436386228,6.15687057915913
31.83913650665604,42.610048476119445,364.44304935146187,Sport,Rural,Heavy,Flat,4,18.993531229482617,High,1717.043105148996,28,9.27293704926546,6.213100859151326
72.18646551597888,73.87366401974964,337.1800997717288,Normal,Highway,Heavy,Flat,Cloudy,27.096882817891853,High,2472.668691345745,13,2.2676015376637024,6.505595154949425
35.587189464711685,21.467892933890607,361.8022278681513,Normal,Rural,Heavy,Flat,4,34.56450718427785,High,2465.239847749596,56,40.103049938293296,9.001879800770228
85.73089968854906,80.45454216396159,357.5440926530665,Normal,3,Heavy,Flat,Rainy,22.76520500475656,Low,2200.0189066467374,33,9.794284868225676,7.648579432149859
91.08063390263172,41.227397984554656,339.42419878349165,Sport,Rural,3,Flat,Cloudy,14.142993420159469,Low,1475.199818353395,12,13.55674130150385,9.690803713406424
12.301915687976932,44.80174769728819,330.6673971688076,Sport,Highway,Heavy,Flat,3,0.0350204343148066,Low,2344.2558779979145,20,0.6178803162239773,4.950810688018216
61.66253570481213,62.23278623551394,340.7010792237322,3,Rural,3,Descending,Rainy,30.51441876526954,Medium,1331.195848638857,16,1.009521559880323,7.807972356512086
61.06686667092671,37.2740480751166,357.3911406033398,Normal,Highway,Medium,Descending,Rainy,0.7732071611862308,Medium,2018.863273175819,9,11.597879864983232,7.963404338613228
44.31369242586493,90.7577050860422,342.81348447110946,Normal,Highway,3,Ascending,Rainy,27.68646375396593,Low,1794.3796840290856,38,43.65613746495485,7.632608086694372
111.95098350836064,26.829502346125224,326.3574488201384,3,3,Heavy,Descending,3,18.75662256019117,Low,1250.9803749784348,57,39.06307011797981,13.00022586982518
99.30075838478656,55.55058898408519,376.0963317760809,Normal,Highway,Medium,Descending,3,12.362616614113085,High,2375.079113305213,32,38.51666843912089,11.340177131089094
83.66512582915641,87.95378155639119,353.1467495957413,Normal,Rural,Heavy,Flat,4,22.584387381401545,High,2449.420697878159,33,41.3690352399685,9.873325537252576
85.71919628819971,69.26751155369885,306.76751632256,Normal,Rural,Medium,Descending,3,29.75602387335444,Medium,2379.612895715326,9,9.412017089506053,7.178150321196502
55.40593725757429,43.38636126741068,336.83165056261254,3,3,3,Flat,4,37.351282830277945,Low,1450.2068378630083,42,48.95535793823774,9.36644001082889
110.5193425315891,53.660816622116855,388.49134572119937,Normal,Rural,Medium,Descending,Cloudy,6.911359727700996,High,1632.8764716552796,26,11.686412354096433,9.5623220044071
83.35145127039425,76.53555042740118,375.5236531199952,Sport,3,Heavy,Descending,Cloudy,37.62085720952642,Medium,2442.4528270897194,9,7.581499561868205,7.059835781922864
87.47772739869798,97.86085946911194,332.32467839440073,Normal,Rural,Medium,Ascending,Cloudy,38.242662069450645,Medium,1338.3511273132126,13,14.802770215581043,8.20036424889079
103.40290845448143,91.45109747035468,393.8183152044509,Sport,Rural,3,Ascending,Rainy,31.61337315158561,High,1958.2961665778157,31,26.569621773624903,10.323968622798096
32.88859072106292,47.39462467059014,307.660290835821,Normal,Highway,Medium,Descending,Rainy,34.66467287240571,Low,1831.1792312972927,19,6.309087958439957,5.422731523438482
96.84850846400435,99.8558303430286,396.1234703892189,Sport,Highway,3,Ascending,Rainy,26.159238117272725,Medium,1397.4682195241062,33,36.95718906687166,10.235317622478162
23.428872354779045,20.28037308248466,324.57050924846754,Normal,Highway,Medium,Flat,3,-3.240625103092189,High,2352.5507406133056,20,18.639181783334347,6.492486406873034
41.44103426938654,22.210380464673207,300.9094180302419,Sport,Rural,3,Ascending,3,20.878534511742643,Low,1374.4007586744704,37,28.46398512729648,7.865354779045944
40.27325451238112,85.9072412136955,343.3808036518327,Sport,3,3,Flat,4,28.62420533323474,Medium,1970.5190490654304,38,36.738377580138994,8.125693158854215
117.42305620669688,35.957014946644165,335.8970429687009,Normal,3,3,Descending,Rainy,37.37664106178508,High,1613.635147045953,52,45.10449800502134,14.54592006016179
102.78446684975124,24.86154147169927,353.90890052067937,3,3,3,Flat,3,20.670333115849317,Low,1743.3754822300302,35,40.9854136394909,12.961201614678378
84.14038339083118,38.971845858920176,379.6772860569845,Normal,Highway,Heavy,Flat,Cloudy,30.73903052158225,Medium,1474.7674984977648,47,26.91968685516662,9.461913716601789
87.24681139384681,54.08801231846881,384.2430802150447,3,Rural,3,Descending,Cloudy,26.72674228950223,High,2012.0697850184567,42,49.55952748468236,13.334367952272098
67.44873532830853,78.44530163467239,340.1229999611692,3,Highway,Heavy,Flat,3,7.636129984641183,Medium,2485.2807304033568,27,26.53398548160988,8.780637467895286
113.65088005302228,69.94684212409643,342.984574370635,3,Rural,3,Ascending,Cloudy,1.9627633818111356,Medium,2283.6060269765157,36,26.8450106972141,11.696526258442663
59.55105034588338,39.00969740483363,314.81777303294734,3,Rural,Medium,Flat,Cloudy,28.79073979050552,Low,2088.167613549579,12,8.008560930576984,9.271084310143229
45.66212518438734,60.26163584804675,304.7547608881163,3,Rural,Medium,Descending,4,5.519576253077833,Low,2183.295664830963,17,7.521154752128623,6.261032220342627
19.56424043179092,94.0971284318855,364.1214990235025,3,Highway,Heavy,Ascending,Cloudy,6.011119958356341,High,2291.0726817308896,28,8.51818620314313,5.199788134992764
94.34467827132696,85.20062215870061,306.44376255526925,Normal,Rural,Medium,Ascending,Rainy,23.97758074152914,High,1814.311223580285,52,29.631885911866917,9.710941880174447
88.13327184907098,45.85518278654347,373.3830119421456,Sport,Highway,3,Flat,3,30.50808088132878,Low,1937.1574675090064,44,20.81707848292271,10.082561065990356
46.12260462289618,98.5811649084557,353.90901450222475,Sport,Highway,Medium,Flat,3,21.20494417875563,Medium,2364.127581914596,24,19.355636633055003,7.239416281026846
3.0232096751075237,76.68963203481047,319.85829782260834,Normal,Rural,Heavy,Flat,Rainy,34.82424192455821,Medium,2104.7315343305954,25,6.465158797262276,4.6795453948687
100.67967932616128,24.995948453342542,353.952294351265,Normal,Rural,Medium,Descending,Cloudy,4.514947116280352,Medium,1376.830167004205,33,19.116401567761063,10.907323225349453
1.370158014488836,22.81285706309109,318.2997716602099,Normal,Rural,Heavy,Ascending,4,6.35864932933328,Medium,2213.396488686682,33,18.961694635591936,5.715146202579298
84.44397355548611,33.4726359208024,343.8737207510412,3,Highway,3,Ascending,4,23.662997687085003,Low,1229.5182119529277,53,31.07863738684648,9.882345408468291
116.43085316712684,78.22846944401175,379.9560316242229,3,Rural,3,Flat,Rainy,32.32156830782336,High,2301.785091279665,26,19.48164398832389,11.563172377326538
52.51935937778442,34.699114067394234,346.19192934106377,Sport,Rural,Medium,Descending,Cloudy,19.27083107552051,Low,2224.7891189696893,19,20.9962245061802,8.033291910016738
28.19680859951433,60.91894153670668,314.8699318297548,Normal,3,Medium,Descending,Rainy,-4.532829201385422,High,2279.9697811576502,26,13.699893666970588,5.814248481638321
84.5845212052058,27.46080961446654,372.3828681822945,Sport,3,Medium,Flat,4,25.462440814312348,Medium,1230.6703098389548,18,6.662045205348289,9.589392239482583
98.05537704187022,93.6708926264156,318.6768416270009,Sport,3,3,Descending,Cloudy,31.611209485807063,High,2464.1834843590414,40,15.070543189165148,7.650559212564324
65.57163792934168,47.51684908668541,373.85498743701095,3,Rural,Medium,Flat,Rainy,7.4444632553188335,High,1998.3716360531096,32,2.233990482910506,5.737383244033473
116.04423303073754,92.65056452485048,347.9352289215833,3,Highway,3,Flat,Rainy,-2.5610797002979653,Low,2240.0629111388143,22,10.265127437378103,9.26718240889311
6.200246598955332,95.59005135284356,345.37417590943016,Sport,3,Heavy,Descending,Cloudy,18.30783901483967,Medium,1936.526834382353,34,16.315127403761853,4.727140875873158
60.575471796543376,20.490291785094463,385.1435037857475,3,Highway,Medium,Flat,4,-3.103015084207096,Medium,1641.6741110272046,22,7.367749967106545,8.140961461567247
86.21447367870601,57.13081497589856,370.8603524340669,3,3,Medium,Flat,Cloudy,13.720753476185994,Medium,1584.9928775855903,31,33.281985802106895,9.647520071793435
103.51685653790148,21.97248445655143,303.2910796954939,3,3,Heavy,Flat,4,-4.198196998836705,Medium,1290.9141447705013,24,14.110174908628892,11.921179431821978
21.510673428934805,92.69542130423248,329.6174314601602,Sport,Highway,Heavy,Descending,3,5.123502530857143,Low,1905.269426251279,43,30.81482592917147,6.390983488500357
96.00041781164175,61.47260357876607,387.0920660849899,Sport,3,Heavy,Descending,4,12.497010334910946,Low,1386.665901772556,43,32.22989205596418,11.182356009792493
66.32484908622543,25.995521015879746,301.83261685451987,Sport,Highway,Heavy,Ascending,4,0.0267650385366033,Medium,1937.7725999923305,20,22.419685093314687,9.52800359998604
47.58644183879559,28.82213826212535,354.525344626197,Normal,Rural,3,Ascending,3,0.1370156794907462,Low,2012.3910885340365,32,22.51041152150605,6.945482493817655
15.805803429491228,50.68072195941912,372.7825669173944,Sport,Rural,Medium,Ascending,Rainy,32.21777831465317,High,1774.7049073595404,31,29.11501679853053,7.025895242903365
103.83549106906948,95.21873542983116,362.1856085484576,3,Highway,3,Descending,Rainy,-3.135925995917022,Medium,1403.2222924085647,16,13.196571973374612,8.355282251901427
18.872784981565843,75.43273212544648,376.05322021044367,Sport,Highway,3,Descending,4,26.00348119031406,Medium,1762.5195897093135,2,1.160123862867381,4.526134613722133
37.17454310509191,89.40950929513059,372.5691848914746,Normal,Rural,Heavy,Flat,3,31.65169222072082,Low,2342.273566521047,31,32.28672743696645,7.322079917742768
34.805463835492425,49.31653170719837,369.2030695153113,3,Highway,Medium,Ascending,3,0.8825059361037519,Medium,1795.4621305234748,46,30.46541665238881,8.676069479209465
104.56968410290251,23.457095963999866,382.1539860925652,Sport,Rural,3,Ascending,Cloudy,3.7916830531062686,Low,1645.5482955868445,32,23.87141511713634,10.517397562916832
80.72435930506776,97.94541097635312,364.56906684495385,Sport,Rural,3,Ascending,4,23.86719857177632,High,2018.6931457617716,40,43.80070396437236,10.264168093070657
95.60176766296468,21.37383925298956,340.2418494256982,3,Highway,Heavy,Descending,3,9.204097573444852,Low,2004.5209455531517,35,25.480379153689302,9.84987925569408
30.05614785509988,95.81213224648712,347.19091099145874,Sport,3,Medium,Ascending,Rainy,16.43903820557051,Medium,1317.80144754285,29,15.244383718918336,5.783928336804299
74.98489195283987,49.49419390793157,371.672478268145,Normal,Highway,Medium,Ascending,3,32.62012187258794,Medium,1507.437738942092,46,35.70526944277617,10.286166487187616
68.60951797724984,20.80723240175052,387.63060296667936,3,Rural,Medium,Descending,3,1.209242712293043,Medium,1842.7261065060595,53,48.12393566778289,11.629202115513152
99.93964521459252,75.13257853796065,327.2218800839776,Sport,3,3,Flat,3,22.88436348571177,Low,1676.230394629016,37,36.87025650210363,11.275045190344088
108.73044725775128,98.44322432250831,334.2076795971071,3,3,Heavy,Flat,3,37.407897502636,Low,1615.9439850284407,61,45.45150941505186,11.804777911093684
1.458812577286417,97.2500578270074,393.0739396362413,Sport,Rural,Medium,Descending,Rainy,-2.414001664077326,Low,1779.4278182833764,21,5.724442486505066,3.004880987690718
80.88239028705512,32.87496089619347,357.85117924094453,Sport,3,3,Flat,3,-2.2996955756857456,Medium,1577.4083188518475,17,6.13721797064675,8.798418080425787
6.220295894367482,34.4998244852924,317.8961817135001,3,3,3,Ascending,4,19.96340676779367,Low,1651.713215404463,30,7.814824743093056,4.695034735662672
65.86303980928271,65.24311316957281,366.3695138912383,Sport,Highway,Medium,Ascending,3,38.20341082424481,Low,2205.7187309001524,31,35.17243639741571,10.73174585317546
34.515927485241384,70.98438611426596,399.076215553938,Sport,Rural,Heavy,Ascending,Rainy,4.921313906505496,Low,1863.3002871052597,29,19.546382441580924,7.017153592320482
36.81319194265694,79.15343309326926,382.34535644704,3,3,Heavy,Flat,4,9.885638637229023,High,2334.712662697029,44,23.93778534122197,7.871978158306897
42.35502041428279,34.4840288377718,374.57411365514025,Sport,Rural,Medium,Flat,3,-0.5608411453456856,Medium,2433.1283342528136,19,13.169813749357234,6.920200095367528
74.55509388595321,96.72056694115476,320.8046654266269,Sport,Highway,3,Flat,Rainy,11.30112536965824,High,2398.700491459827,40,36.83167975817234,9.76624237081172
40.08599588025231,71.09914050313904,387.6139784684007,3,Highway,Heavy,Flat,4,-3.0050383990964025,Medium,1529.8244204406672,49,42.282864330130295,8.989561446654658
87.92388607083365,87.76375350964439,352.57888435355466,Normal,Highway,3,Descending,3,12.509229898513444,Medium,1814.751708761904,14,8.094685346256657,7.293144339362798
48.54328626886437,63.20525722273374,388.9290022071956,Normal,3,3,Ascending,3,19.996949872391397,High,1895.5678377896695,18,9.7174329104464,5.877530433655979
8.202384037195035,53.14214780719061,332.9827829424879,Normal,Highway,Heavy,Descending,3,38.87521720079176,Medium,2307.847981115413,38,17.03609824628742,5.121306880675112
94.05118109809288,98.17463252759968,306.20510526354326,Normal,Rural,3,Descending,4,31.827459083887742,Medium,1926.7268693756848,41,14.080313085774089,8.777774723516034
34.29099895112472,66.56970966558688,347.5975968659746,Normal,Highway,3,Descending,Cloudy,31.99294348489072,High,1528.5301377433952,29,26.623675937508963,6.312167192633401
51.93202555191152,89.34988662393431,326.9837604817878,Normal,3,Medium,Ascending,3,5.266494605748871,Medium,1911.8008479655723,48,37.65370264750639,8.98436570320809
82.25326598662818,96.2633917093032,371.5229289776298,3,Highway,Heavy,Descending,Rainy,-1.0744384024019702,Medium,1257.5698425165328,60,39.6843573533431,9.639595730038108
39.89473885784544,74.02837016069273,395.71065528560325,3,3,3,Flat,Cloudy,22.13836168469096,High,2284.378581621114,28,10.50163941868598,8.022960847305955
6.790278737605875,63.91509428149399,369.0974151151564,3,Rural,Heavy,Ascending,3,18.45121877750953,High,1935.799186812569,18,8.861534521686526,5.647256457027879
44.87052564153763,20.28086807285205,388.69339297092034,Sport,Highway,Heavy,Flat,Rainy,18.24267444599341,Medium,2047.2323723701047,40,18.24834434495844,7.31375740839615
113.33382992331642,23.20157125912048,345.30240136012065,Normal,Highway,3,Descending,3,-0.0946406209680574,Low,1461.220868932825,30,7.471425743986541,10.823355586823231
77.00812767582698,36.068097284089305,377.16407371953017,Normal,Rural,Heavy,Flat,Rainy,17.224820241849663,High,1925.5748198970623,31,4.6806735785528994,9.095887382114638
80.57749784006484,34.88067454847962,384.3043436671703,3,Rural,Medium,Descending,3,1.7660083269805762,Medium,1889.8279574478963,11,12.204819598926674,8.531438784842342
75.87385843651678,40.38070361598763,371.08756275835424,Sport,3,Medium,Descending,Rainy,13.99515671703272,Low,2005.520231433447,35,19.757794466975287,10.219680683401478
23.87905667513241,44.394771015812864,350.7777286069565,Sport,Highway,3,Ascending,Rainy,-2.202681530983279,High,2301.6460666482158,34,29.433299122530844,8.18055199594843
50.200063692273616,48.80523948405826,362.5866109615368,3,Highway,Heavy,Descending,Cloudy,33.560166973385606,High,2193.8999987475854,40,36.19161209563984,8.488372279601508
90.1127758035982,53.643015205510125,370.0506995678881,Normal,Highway,3,Ascending,Cloudy,-4.406896116233698,Low,1910.9367317862548,28,11.21829417045623,9.199295279960976
12.164747706379098,27.909307076481173,325.3084403221427,Sport,Highway,Heavy,Flat,4,37.26954127503984,Low,2361.42401354032,42,40.9513237714036,7.84330323676137
33.34233313076547,23.388954556222565,380.9579260914985,Normal,Rural,3,Descending,Rainy,33.83013202280225,High,1665.9438526727215,8,1.7801710016810035,5.550577502420524
33.15829301590243,73.91555592584187,395.03245389672736,Sport,Highway,3,Flat,Rainy,28.86736326561864,Medium,1840.316066095807,40,22.257895237188187,7.619775619836094
51.84227131134072,62.98678598744622,346.5239315179936,Normal,Highway,Heavy,Descending,Cloudy,39.21477620285761,Low,2044.264204746922,28,31.69051964122163,8.305823480664982
117.6442489130622,55.53153617760957,370.1067183109877,Sport,Highway,Medium,Flat,4,-2.57810012925876,High,1772.9966965685094,16,14.6340749771669,10.945053709896143
8.100305602058633,70.75519529346819,373.7025905790354,Normal,3,3,Flat,Rainy,23.8718697723556,Medium,1669.843677831398,30,34.216228152389974,4.765772740881766
62.244119325671406,86.21435257628323,366.224754752148,Normal,3,Medium,Descending,3,33.21859407122722,High,1346.1125272048646,38,43.365968417703726,8.961717534743519
21.52376184146525,54.21543272929637,354.71151083286355,Normal,3,Heavy,Flat,3,0.6977693438846213,High,2026.6693210857384,21,4.559379392550644,5.91539833260538
116.48118544916927,71.28955720415834,388.1647954574811,3,Rural,3,Descending,4,21.31487403999373,High,1450.3882749020029,26,25.676765060897758,11.415791347529987
13.596420567295704,96.2857779068127,344.8926709268894,Normal,Rural,Heavy,Flat,Rainy,12.726485891260232,High,1379.7314691706674,25,1.0366481061672972,4.117753584696249
48.43212028339095,87.16995966892486,306.1102956486604,Normal,Rural,Medium,Ascending,Rainy,14.6122201006192,Medium,1436.7987600934769,14,14.050756881129232,6.271093473091939
88.54619818015274,54.08006484019276,384.455637571216,Sport,Highway,Heavy,Flat,Cloudy,36.06358384233518,High,2095.0246459770715,10,6.933319879003577,9.368170559911388
84.54653136329344,71.57734702517944,367.3981272316551,Sport,Highway,3,Ascending,Cloudy,19.23931526236296,High,1379.8670034416543,54,31.251322740882927,9.626762339903795
50.72743642727187,34.16567375327518,384.92586264996464,3,Rural,Medium,Flat,Rainy,-0.8032079819154125,High,2469.106815354482,38,12.509314986483291,7.795997284115907
41.58290015432619,64.8417747916072,313.85474424446943,Sport,3,3,Ascending,3,37.1747278229993,High,2186.1037893175544,24,14.191668670656917,7.422291561441926
47.71348542634447,98.50626329107544,303.07529405097165,Normal,Highway,Medium,Descending,Cloudy,3.334502675330297,High,1710.5551202446054,11,10.360951571654304,5.783179673135806
31.713151579036712,61.465209216201785,393.43745403825017,3,3,Heavy,Ascending,3,35.16865674124288,Low,1971.26757770008,26,12.265744997183676,7.103002104597173
24.639952644815978,94.21106393521178,314.7728305850574,3,Highway,Heavy,Flat,3,38.6914324488412,Low,1209.9146360368477,18,11.332999747494975,5.606996999484127
57.9647637070668,52.58679364026086,380.9652332070452,3,Highway,3,Ascending,3,34.5026858422313,Low,2297.891517097669,47,34.92377891350145,9.324592206421142
32.22405072811288,99.9075861747705,382.3209942180636,Normal,3,3,Ascending,3,25.47102000140142,Low,1552.575039738832,57,47.79493895130959,7.110385940017107
34.49539978767001,66.33760281820463,370.8705200549003,Normal,Rural,3,Flat,4,28.459831892039062,Low,1293.448816315758,22,24.56254810285037,5.755048147698596
78.81072761694685,23.381519538874763,313.1262211092871,Sport,3,Medium,Ascending,4,26.494025969413983,Low,2185.554570674436,54,30.059351006059124,10.836462052143652
116.22447980398708,66.94038373531104,366.7398624560808,Sport,Rural,Medium,Flat,Cloudy,15.72359745347782,High,1628.456161438105,38,40.92349655505082,11.63669839441148
72.43646406712502,41.96581565436773,388.90865833268657,Sport,Rural,3,Flat,Rainy,7.34888734353342,Low,1937.803505664152,20,23.85769677756336,9.145871663819603
9.237536047795952,22.59850576287157,342.5531644800883,3,Highway,Medium,Flat,4,7.825122847796337,Medium,2297.2410140924767,32,15.171015949817887,6.939404579139354
9.070033662488036,85.66826437557307,341.3516854378599,Normal,Highway,Medium,Descending,Rainy,27.90255375787619,High,2208.7107688572787,66,47.55364359249852,6.279955647612473
114.17078650146792,42.05837095846047,344.2858309579419,Sport,Highway,Heavy,Flat,Cloudy,23.17164017442476,Low,1637.887830076879,52,45.31721196465232,13.496776754712885
35.67489483688004,83.72388432371989,308.22718906762066,Normal,Rural,Heavy,Ascending,3,21.319781528611607,Low,2329.3055624884023,20,11.095952165086002,6.143070211057646
11.048038329897052,43.05740663646936,389.2025569029973,3,Rural,Heavy,Ascending,Rainy,24.36739770659789,Low,1705.5048888411693,49,35.18351471742044,7.4772920136632175
71.88535045804579,35.54610830990194,386.918286398051,Normal,3,3,Ascending,4,29.86538059439,Low,1850.0309684559152,45,32.392262872701096,10.620240486135378
74.83785339483194,97.9148459283542,399.79093217902863,Normal,Highway,Heavy,Flat,Rainy,28.67534115904901,High,1996.1962711935712,45,32.51667919760323,9.473429181867935
77.82057841424258,48.93162622040157,358.51831414984133,3,Highway,Heavy,Flat,4,-0.2571617393419174,High,1292.2750672160132,60,41.54709064527466,10.766514879382196
32.08824334290496,68.11009691545283,375.11916364513854,Sport,Rural,Medium,Descending,Rainy,11.33657723680215,High,1976.3129871730437,49,33.73787049640376,7.087248116738467
1.813282105737004,68.79851942515772,320.26719063073045,Normal,Highway,Heavy,Descending,4,6.878521155283856,High,1950.6424130742996,42,25.94839176704876,5.11216511638386
115.80184433453664,64.83787857388015,366.75288182241695,Normal,Rural,Medium,Descending,3,19.22073980008653,Low,2335.542817395447,57,42.318690042408,11.524161060938004
30.1071654829323,93.17565948169717,364.9732848757391,3,3,Heavy,Ascending,Rainy,-2.2362762932789537,High,1659.763034882856,16,13.31556580189672,4.91429994484026
81.1231545663057,73.95528570934948,390.1208735841613,Normal,3,3,Ascending,Cloudy,29.31088213716281,High,1514.8452814101347,41,33.99335354184952,8.963564155859594
84.79558438544515,52.29864032839441,383.0792722839074,Normal,Highway,3,Descending,Rainy,-0.2062699806774279,High,1819.4688841546556,33,35.10586190670301,10.605787215774356
73.20089004953829,88.99043076194192,393.8466462617763,Normal,3,Heavy,Descending,4,7.213091165977806,Low,2093.5311443964733,62,43.52897851111248,9.955221187652675
37.54888730563778,34.48503192927716,386.8833472701608,3,Highway,Heavy,Flat,Rainy,30.22336773494714,Medium,1930.462508502437,50,49.91555107962635,8.890679287229677
32.53155045168789,63.5389406088334,386.8693894898852,Normal,Highway,Heavy,Descending,Cloudy,-2.67980076865812,Low,1379.6686735779035,36,27.92180953053101,7.262812942824016
71.72019392432438,96.0440297555005,306.3723326688718,3,Rural,3,Flat,3,24.70904808501962,Low,1652.2591187125147,43,24.272255050587432,8.397129245578498
103.931476033403,70.03181039043301,384.5961952695956,Sport,Rural,Medium,Descending,Rainy,36.601522230747385,Medium,1282.9214924620237,33,30.074093221021435,11.319191009308952
113.60804747080746,85.3574760379901,360.7478394503118,Normal,Highway,Medium,Flat,3,22.79370177345045,Low,2161.1242075586606,53,32.96801297072747,11.990562471311597
12.708696528450917,72.28485804361543,338.0444451765961,3,3,Heavy,Ascending,3,27.06958693306349,Medium,2347.8328196808125,34,35.67791281355251,6.809806980629067
18.579433511726386,87.14966908303123,305.6514624388062,3,3,3,Flat,3,30.65200926351461,Medium,1259.374906345218,25,14.13290603244729,5.426686236653094
113.36835105396956,95.55903038761949,367.7673774768047,Normal,Highway,Medium,Ascending,4,5.001084498376816,Low,1883.0557383683167,23,24.40291621829605,9.252716775868876
88.3842274001751,41.83373820261895,332.8201750537618,3,Highway,Heavy,Flat,Rainy,21.143376310565344,Low,1935.7740433877357,28,18.608936921605583,11.090019715065582
105.95925897957277,33.57288650053751,346.77762649860347,Sport,3,3,Flat,Rainy,8.907552221358511,High,1770.476245301884,22,2.0347868096931325,10.41417625964358
24.315916096241175,58.7192600266032,368.1728437055134,Sport,3,3,Ascending,Cloudy,6.227292065138737,High,1853.5538564981373,34,30.515219477915235,8.076016790523179
70.51030453312822,76.14899414593727,391.1774547024143,Sport,Rural,Medium,Flat,3,3.660538678849949,High,2123.463753544196,54,43.753244676391205,10.927198180407473
84.13675133009684,38.17530025457729,382.54369156049984,Sport,Rural,3,Descending,4,21.344377688621982,High,1828.843332417725,63,46.08148783224424,11.71295653056715
81.61342625363672,20.32811603441337,345.05971291036,3,3,Heavy,Descending,4,30.75393669492123,Low,2395.5477741370305,27,25.919440275594525,9.529335735870042
48.97820290400377,47.434809266936426,338.7783157446379,3,Rural,Heavy,Ascending,Cloudy,34.41500788848005,Low,1903.135936985312,32,38.31764038497395,8.62264233646951
1.8473870029570167,97.50874683742308,323.9779738844047,Sport,Rural,Medium,Flat,Rainy,14.286367576383672,Low,1293.3356574375648,52,35.64939574656486,5.0916008941324025
69.95112681651158,75.59739684846774,337.24267511759683,Sport,Highway,3,Flat,Rainy,11.78045500890725,Medium,2439.3220588205386,36,11.522009030993791,8.352403665452567
30.372184701553053,52.10603551529792,311.10463872918984,Sport,Rural,Medium,Descending,4,25.928810594526595,Medium,1390.8539121988042,19,3.239236126162968,5.140998098949844
54.03050953714684,35.406087787747225,397.11055083647545,Sport,Rural,Medium,Descending,4,30.116165883355777,Low,2219.797870020122,52,37.41803460663041,8.798103315979992
114.90972181005807,48.48717390037976,357.39174439595786,Sport,Highway,3,Ascending,Cloudy,6.399370150257846,Low,1884.9773924133424,21,14.20645009287178,10.439926127866611
47.88423811709217,33.587154664099835,312.7805842795213,3,3,Medium,Ascending,4,8.37808978949665,High,2163.1601905499224,45,27.514184272669088,9.55346036045885
100.7761927997312,28.50446570503611,335.2806009265906,Sport,Rural,3,Flat,4,19.002699361792764,Medium,1867.458849435773,35,26.25081238032089,12.190453978447232
22.62487268991013,92.5393898058043,354.7039143620656,Sport,Rural,Heavy,Descending,Cloudy,14.997355952797466,High,1276.66126043239,37,40.91190788826013,7.426250401946502
80.69525976300346,99.81202707003789,353.2885636640869,Normal,3,Medium,Ascending,3,26.7604479876875,Low,1687.4037085964112,42,32.26781847829971,7.571974999332935
117.24083453267322,33.12915516766323,303.55033687186324,3,Rural,3,Flat,4,17.701824594448567,Medium,2006.891776652684,34,42.37265093523102,13.809138595641391
12.227172104752416,24.361804710262376,395.0841034229112,Sport,3,3,Ascending,Rainy,0.0219597575162211,High,2017.546884092481,58,37.63657548072933,9.087653507061049
0.9983930672630414,46.37848857169699,327.5375681474945,3,Highway,3,Descending,3,2.467893765464705,High,2464.9577748389283,41,49.99158280479339,6.985156933299303
52.02993511591372,56.93273446091322,301.6184668931891,Normal,3,Medium,Flat,4,35.58589797192878,Low,1988.2221078856187,63,43.2073609453148,8.198498440554554
11.115057966164064,36.38569976606836,307.64440089502824,Normal,3,Heavy,Ascending,3,5.2329264173468015,Low,1572.370870814758,32,10.632722370739218,5.767601705641429
89.80612196114777,44.11399294388468,358.0194903247977,Sport,3,Medium,Flat,4,-2.7461258861944904,Low,1256.4531371063736,49,48.0733070652514,12.719221075696382
109.74583966182708,36.06965885533262,313.7785520675097,Sport,Highway,Heavy,Ascending,Rainy,27.915455122925135,Medium,2224.939761448024,17,17.07270200068238,10.33806610887826
52.08251672505106,81.9408454745961,304.17247928535033,Sport,3,Medium,Flat,4,25.78050147300884,Medium,2356.07759340388,47,30.431217180976628,7.75553405131876
31.04539705865292,77.00623545978087,337.96264664127114,Sport,3,Medium,Descending,Rainy,22.00342083946689,Medium,1997.729452483713,67,47.07340108867135,7.926704579376689
52.12839828079317,70.79612126087854,362.2761192340189,Normal,Highway,Medium,Ascending,4,17.601526950914227,Low,1827.090016826799,27,10.78684770244451,7.021516367233075
86.81373814200012,50.97742856633638,311.1839804841612,3,Rural,Heavy,Descending,4,38.63111593210688,Medium,2319.2824730349275,62,42.87921820794903,11.09763883708544
1.0864993896445174,92.72327530513888,331.33278321513154,Sport,Rural,3,Ascending,3,0.3924533163304007,Low,1512.4629027472938,57,47.66231499493469,6.405884557168435
70.73447873816366,97.5626033228016,341.77606716245424,3,3,Medium,Ascending,Cloudy,17.957325216016752,High,1718.3517087118212,42,42.70213237422465,12.00720973680275
73.59500218648549,33.89114501003296,315.94600977867674,Sport,Highway,Medium,Ascending,Rainy,20.382022456151965,High,1859.953520486118,36,40.976649313727215,11.533230708266256
76.52258962751226,37.84101131295024,350.607389846671,Sport,Highway,Heavy,Ascending,3,-3.98781867286223,Medium,1264.1844019451516,18,13.304256876490513,9.629389450947963
29.042649597705264,62.05048224002957,308.5214086901771,Normal,3,Medium,Flat,Cloudy,13.539659116195232,Medium,2095.1526936992022,40,20.4142730289396,6.616256833514339
85.68632680537522,27.300045542579625,304.65184963450685,Sport,3,3,Ascending,3,30.22609564248885,Low,1445.1278260349657,57,38.04066828293153,12.145276812148776
10.966978359813169,54.91587190584902,351.9835367155135,Sport,Rural,3,Ascending,Rainy,16.19944398593196,Medium,1633.099140483383,14,5.996454456595776,5.686820557450604
23.912440376016097,66.54330118221681,324.7896972750876,Sport,Rural,Heavy,Descending,Cloudy,34.38753024059126,Low,1738.840658073819,52,44.429789312418734,7.967878027596495
105.29640559853785,61.76588569098665,309.53738078980274,Normal,3,Heavy,Descending,Cloudy,24.015951935025665,High,2030.0634284987816,33,10.591822662471982,9.707274744488265
88.64677808718797,46.47268664624208,342.3912587487632,3,Highway,3,Flat,Cloudy,29.473841382244338,Medium,1285.1292492797188,47,28.283853359631717,10.410339898607452
1.64946648136143,63.39566448617654,391.5140739517395,Normal,3,3,Descending,Rainy,31.201606083656195,Low,1643.1202577797144,19,5.342469362125704,5.001615499754784
29.805151244376024,96.70407634070784,372.4192446654155,Sport,Highway,3,Ascending,Rainy,26.027510774806,Medium,1556.670257414156,27,9.340978337833048,5.897002875925343
25.728777959179748,36.48139234331008,381.5615915347028,Sport,Rural,Heavy,Flat,3,28.7221297011858,Low,1201.9752487442777,33,29.316453073620384,7.905019384354021
32.49675936443671,72.38650867152029,387.1913988758636,Sport,3,3,Descending,4,26.288974291956144,Low,2099.1494735839424,46,31.768643857866135,7.011141491977687
29.70717243358637,23.471735532484143,397.2627741396419,3,Highway,3,Flat,4,19.770868680413045,High,1506.715416648064,41,13.560600794651895,7.519517185895996
7.503155489141489,25.313312358514796,376.3246573514173,3,Rural,3,Ascending,4,20.493983451794485,Medium,1416.3698718206456,6,6.042956015111411,4.445615240181084
55.07286199161844,64.1462579378868,360.840792193948,Sport,3,Medium,Ascending,4,3.5448152186560584,Medium,2237.354841554826,42,27.522840840679358,8.422895337005594
87.92801697433981,28.39513442623596,336.5425880302247,Sport,3,Heavy,Descending,3,32.23476550205756,Medium,1250.9577991516055,36,42.04782818896948,10.6996572657953
72.80780696609237,21.787743074148587,318.1643236557716,3,Rural,Heavy,Ascending,Rainy,9.046179119735443,Medium,2370.31193201845,36,10.152135019187268,8.948158045104664
80.74460023176957,33.72103981184178,368.66598739832943,Normal,3,Heavy,Flat,3,19.1081597109399,Medium,2092.972160995024,41,34.609108951592525,10.394611627581854
9.7379014243487,65.18793367996595,399.4949986121942,Normal,Rural,Heavy,Flat,Cloudy,6.229550107413219,Low,1423.2702516476018,38,19.355465386351558,4.871102720019956
114.17888522121449,76.26727636151459,346.7358684618919,3,Highway,Medium,Ascending,Rainy,26.313924059780238,Medium,1655.1339345720694,49,47.16009435515931,12.129380236918433
100.61902006116298,36.1982851313104,372.3679368092808,3,3,Medium,Descending,Rainy,38.8826028482771,High,2434.978071576797,3,4.22040010332622,10.945756194405456
96.61083821947952,73.46075497665396,349.5092449993156,Sport,Rural,Medium,Flat,4,31.08731055913333,High,2004.49795689116,24,2.0944208839836342,8.316119616756831
98.7580566050121,34.598106487938345,343.19334233634765,3,Rural,Medium,Descending,3,22.85929668494051,Low,1991.3329279548807,34,6.302982269373734,9.042602468209337
111.92526097593137,69.07659413050057,341.0305613559915,3,Highway,Medium,Descending,4,20.537794018394543,Low,2048.9924197464475,56,39.14399752331776,11.314805469330134
65.31047593364373,52.95677439166391,350.46246829316976,Sport,3,Heavy,Descending,Rainy,17.039706580881806,High,1801.559082186652,49,46.14620966808415,9.25847371054409
24.033842144115106,72.30396074668934,336.6895661865375,3,Rural,Heavy,Descending,4,4.22371442936201,Medium,1417.4944371454194,47,41.14158459695209,6.919433712030807
74.01403294230494,99.6042201983398,374.8773321821808,Sport,Rural,Heavy,Flat,Cloudy,10.660452332991047,High,1396.1584451256897,32,35.91981734550102,9.639051762322412
89.14577924015268,95.02535721860497,387.4272026591517,Normal,Rural,Medium,Descending,Rainy,13.287733337708527,Medium,2093.5038376925213,6,2.9734744379076377,6.836261900383338
88.55008720248304,20.34254062688829,388.2885306645184,Normal,3,3,Flat,Cloudy,37.50560836784547,Medium,2349.1237140438006,31,10.76919836968288,9.588237662625264
62.57388290002561,90.83510114898446,322.7698713425826,Normal,3,Heavy,Flat,Rainy,14.151228431620556,Medium,1590.274152647055,63,46.77541522351095,8.584016821574659
8.215046320029366,25.31926361398132,389.5909138731491,Sport,Highway,Heavy,Ascending,4,21.37856596581667,Low,1854.4246408388556,55,31.17737371215525,8.546698257200214
44.53355261161534,96.2437268927876,334.1551231855105,Normal,Highway,3,Flat,Rainy,36.50910432752914,Medium,2489.9091966402084,32,23.46937795221256,6.237917747570681
110.49199301560289,42.54605432797477,330.9307665485298,Normal,Highway,Medium,Ascending,Rainy,18.32918835151044,Low,1534.309555250236,39,32.650374136561084,12.816443679280772
70.13386917089112,50.56278643290168,372.6756057398236,Sport,3,3,Descending,3,6.315240093881547,Medium,1707.278107121895,31,9.01182862575398,8.424412851272171
64.59983319068562,27.331056414058228,330.46963400862893,Sport,Rural,3,Ascending,3,12.14527479691349,High,1672.5780748760758,49,44.65416121155444,11.952964156710475
32.26242172586322,28.981820666312768,305.296640560971,Normal,3,Heavy,Descending,Cloudy,11.899264020375233,Low,1242.36158700747,42,32.84955104803094,7.646993211880978
44.21387038998947,78.13924521834556,337.3617772310308,Normal,3,Heavy,Ascending,3,27.16229041159696,Low,1862.3720661793268,20,23.61509928898423,6.846211713111762
107.44153069838032,95.54657885986332,372.1465600358349,Normal,3,Medium,Flat,Rainy,8.325432870701164,High,1471.2812524521569,30,22.923041952566138,8.990542359952332
79.97556570322028,68.85987959634477,332.69584202701765,3,Highway,3,Flat,3,27.86298599921774,Low,1367.176876169745,57,41.13663908319395,11.087852481594378
94.48644321027994,77.26800124214489,362.95590559951467,Sport,Rural,Medium,Descending,4,35.01592203490265,Medium,2123.540799196672,13,15.46264013291504,10.501831629597229
54.52145076811861,80.95757956777229,366.01194442631305,Sport,3,3,Descending,3,10.123285527117034,High,2195.4885769511598,10,6.942876881920686,7.463020493730563
75.62966633473894,41.02514196423534,373.3736011726356,Sport,Highway,Heavy,Ascending,Cloudy,1.0903495110596078,Low,2355.558995513573,19,9.36491026367196,9.7342538394348
29.806033049184904,23.618370473617198,389.7130466310937,Sport,3,3,Ascending,Rainy,23.734945793588924,High,2414.3721107228366,29,4.148686046738528,7.148268094653773
84.65529963401835,20.149819513533487,343.2564499268432,Normal,Rural,Medium,Descending,4,11.23845103857974,Medium,2329.7857481726,45,25.44236005692452,10.66764443106622
51.31216004440048,48.05194263632149,316.6432076662457,Sport,Highway,3,Ascending,4,19.029377521506007,Low,1359.243071899743,35,33.895183830481294,8.573929629896332
53.10546177776947,39.31713825593729,331.8925715431889,3,3,Medium,Descending,Cloudy,23.53745343278248,High,1490.717484259818,52,46.70586154157696,9.31348371547585
77.9186789492258,24.985418003934853,343.2167255173986,3,Highway,3,Ascending,3,13.348432482741018,Medium,1359.2178831241988,48,37.565667203108674,11.53870819097744
112.3536745762712,34.362263399493344,371.3891469328113,Normal,Rural,Heavy,Ascending,Rainy,36.61125033055336,Medium,1659.581890227972,41,29.1972246607312,13.194555117707866
7.680761593034511,29.959911861435824,301.31221255616333,Normal,Rural,Heavy,Descending,Cloudy,12.982659437671243,Medium,1361.2933993038848,47,43.21130137985491,7.985534102345353
98.96918848164093,93.19027044938964,331.5785383439879,Sport,Highway,Medium,Flat,4,8.8318447258013,Low,2049.260485598709,37,44.62143170403147,10.468352711442904
35.08597324946317,31.221377076733518,377.9842581019317,Normal,3,Heavy,Flat,4,34.85538494944994,Low,2131.730140082257,33,35.648043510805074,8.312417778372076
53.27033454076534,63.011877119014336,367.0857703330696,Normal,Rural,3,Flat,4,1.1335775541614366,Low,1407.4718007673407,20,2.908601251591389,6.5733848898633385
2.6295994530010747,67.44847640897316,373.1739973585605,Normal,Rural,3,Ascending,Cloudy,0.589401795351554,Low,2008.0488654952865,36,14.658939462353826,4.486334153631775
36.125529340117566,63.4791566166907,381.1810769439195,3,3,Heavy,Flat,4,37.10641934225316,Low,1229.8862285880064,21,16.87567932259924,6.416388152260095
60.31574911561566,27.92451473727904,378.3235718877962,Sport,Highway,Medium,Ascending,Rainy,4.403578634925205,Low,1764.68135029885,40,49.869332545170735,10.815014515482687
6.7411292816926816,45.5038689400441,368.2183166152778,Normal,Highway,3,Descending,4,1.679683163108824,Low,1570.9407703075071,44,23.26171255577728,3.835054362905595
58.93148752597982,24.10162659705226,343.9661532370591,Sport,3,Medium,Flat,Cloudy,19.082573680879683,Low,2498.0433400581187,58,38.11807377431091,10.072219763612912
111.25327546301128,51.65359312770528,398.3598328878154,Sport,Rural,3,Flat,Cloudy,-2.894519020536612,High,2399.6200046780214,54,40.7084839688043,12.312794740738957
12.647186172936626,35.08791450172736,356.90731955900736,Sport,Rural,Medium,Ascending,4,22.900675032740203,Low,1391.8350929511466,56,32.697679936973685,7.87944020058193
91.73288736906052,64.93060266275037,320.2769209368839,3,3,Medium,Descending,Cloudy,15.381885925257912,Medium,2392.5820288183163,23,1.0119955606513806,6.977013524580545
49.16052640511912,75.42467150792804,329.2812855104784,Sport,3,3,Ascending,3,23.818538398663005,Medium,1744.4267886113516,13,1.065539245825923,5.978992498035336
78.62084574292057,62.56958881637652,369.356245597047,Sport,Highway,3,Flat,Cloudy,7.777160658973772,High,1949.6425658562848,38,40.95701803809493,11.999308884092628
31.228391758227524,54.738935728911656,392.4739565199464,Normal,Highway,Medium,Flat,3,35.74624964570238,Medium,1893.8937538777427,42,36.98807467422527,7.778167435746696
19.139071504962995,50.9866736685354,317.8720129205898,Normal,3,3,Flat,Cloudy,7.176132072640556,High,2144.003517282488,47,26.852214780155094,6.220863499812662
19.25551371254717,87.3353414477603,308.2346495745786,3,Rural,Heavy,Ascending,Cloudy,23.690410849428726,Medium,1635.443831806735,25,12.51839925209522,4.602203167781804
8.459033477177357,37.5494452052216,388.1531048042006,Sport,Highway,3,Flat,Cloudy,37.52913327824311,Low,1290.5873620955708,7,4.427013608054845,4.217923270091064
22.277604588149163,78.73746716230951,391.52779789128346,3,3,Medium,Flat,4,13.036417975357718,Medium,1742.915021734406,25,8.296991495739539,4.220078762919292
79.7063261986762,80.59858597920952,327.63793453159,Sport,Rural,3,Flat,Cloudy,2.2641937731780244,High,1907.8572156906257,32,29.058156342811262,9.680898737513736
105.80287342122097,53.53600058165876,337.728572437124,3,Highway,3,Flat,Rainy,-1.9227885839674803,Medium,1921.388145245074,24,27.336749131949293,10.245943216178803
97.69508227093942,43.784047938051145,366.0187997497858,Sport,3,Medium,Descending,4,38.33580985634228,Medium,2230.376919704124,38,47.06921971359509,12.836834854315567
82.21611718493808,57.64331888367802,332.99300208424745,Normal,3,3,Ascending,3,29.36656686972725,High,1257.4936042612876,61,47.86810823195975,12.390889633835965
13.25182360933232,27.45711407141588,387.7158708270053,3,Rural,Medium,Descending,Rainy,36.35284270318529,Low,2484.522670585765,50,28.842741636554276,6.957649001199662
34.70249355551398,23.6744025783272,310.75787027138625,Normal,Rural,Medium,Ascending,Rainy,26.447487392191515,High,2487.73450375931,46,42.08748675025576,9.368844236545666
37.17682503869628,28.928255956151343,303.7982220960195,Sport,3,Medium,Flat,Rainy,10.41018268852106,Medium,1328.7218687375869,51,40.63125085394299,9.093480085742536
29.994833567714547,34.971602516978095,320.84862067427895,3,Rural,Medium,Flat,Rainy,0.5357463692521076,Medium,1647.2227309735583,43,37.643590690033264,8.310608657304083
61.80067916516678,60.33414562704344,328.6087778204969,Normal,3,Heavy,Flat,Cloudy,36.81880866737503,High,1967.4038784009656,40,21.923166970084523,9.373850713795743
64.2664577855607,87.93093089288976,311.2926591288875,Normal,Rural,Heavy,Flat,Cloudy,17.03285698589235,High,1685.3235785319353,45,19.531375034312028,8.964577469139279
42.82631702053322,38.85138655997496,306.56904293406467,Normal,Rural,Medium,Ascending,Rainy,12.842904832493026,Medium,1833.9120941472609,22,13.280285300515828,7.788394981277598
42.45469904837232,94.81296085974223,375.56077135017983,Sport,Highway,3,Ascending,4,21.000642755760545,High,1623.7068637390057,49,46.86104092784266,8.172516536569507
99.42667174872976,96.39263271480029,316.4276565902257,3,Highway,Heavy,Descending,Rainy,-0.2048305356018929,Medium,2125.7733207090573,44,41.73782496077372,10.148504102854496
94.71514179836228,96.71236838761642,391.3922199066304,Normal,Rural,Medium,Ascending,3,8.914171871851778,Medium,1673.222417876942,18,8.93807719378943,7.852490954514688
36.935499801689474,87.0050187741059,336.7999661448096,Sport,3,Heavy,Flat,Rainy,23.704424819417515,High,1758.8523439384198,17,12.697908238114591,6.334777841525726
109.65461326479112,49.10600326381765,367.0605809721345,Sport,Rural,Medium,Ascending,Cloudy,-0.4944674139280138,Low,1948.6800567505768,35,29.108247293645714,10.284129538024134
114.33780204030072,25.814712880209846,322.54021147688,Sport,Highway,Heavy,Descending,3,1.085924153419776,Medium,2459.9616415526275,19,20.73862869986592,10.204726246670324
39.2091050436049,65.50549854131958,324.0322768491867,3,3,Medium,Descending,4,17.9764538840975,Medium,2034.3458089116823,34,10.77349252592084,5.640295160192951
42.530993855166585,64.69451551497869,357.4709202867575,Sport,Rural,Heavy,Flat,Rainy,23.0555706070491,High,1325.9974941947082,49,39.57871193116962,9.568348775160224
60.67609841063506,87.99806136876765,356.0642925145986,Sport,Rural,Heavy,Descending,3,3.4150767607205825,Low,1614.5708069812376,14,0.1775011233507759,5.081348048855411
112.93449750404082,99.6792840756884,376.8729228012081,3,Rural,3,Ascending,Rainy,-3.5111914495028684,Medium,1745.6289075440186,41,17.22949902021606,11.285983174822478
105.15833197707738,60.65258452481181,375.7813305694266,3,Rural,Heavy,Descending,4,38.12651017450403,Medium,2162.2259662450315,57,46.47456063704424,13.33291181048003
12.308155510030776,47.61632248318274,367.0687764663661,Sport,Highway,3,Descending,4,-3.7628303952849422,Low,1780.9382173059355,58,38.06232310751106,7.248351633536088
47.127689192569946,34.87213692450136,344.9130565893491,Sport,Highway,Heavy,Descending,3,-4.907658131571146,High,2056.835485883089,34,20.124120403627533,8.699240903863162
66.40454276997262,20.383985985389657,389.0640386280617,Normal,Highway,Medium,Descending,4,9.550325597268989,Low,2291.3431832352376,57,46.443548087259295,10.516222624772473
60.3758967061848,60.729095399110335,362.2578490221299,3,Highway,3,Flat,3,5.010392594900569,Medium,1335.6388588319849,39,45.05007996601742,9.389623204939449
23.26356815242712,64.44149333620766,399.0198490462357,3,3,Heavy,Flat,4,20.81138629441949,Low,2195.461453926825,25,2.7239278232760973,5.20518223340796
103.05801254017857,85.99507838539179,381.9369817934359,Normal,3,3,Flat,Cloudy,35.239399457848606,Medium,2169.253737185501,16,6.484260754633897,8.44945791386809
81.23289395962048,60.36615743142405,304.4309811238326,Sport,3,Medium,Descending,3,16.649845259769158,High,2265.626093216526,46,19.422791865448094,10.16786526495616
100.54900498221645,93.31746789328452,332.0593907080318,Sport,Rural,Medium,Descending,Rainy,29.79855439676368,High,2442.886410570427,62,46.47694281270196,12.101013652771575
103.05171352193666,70.24667812571484,357.1875716470952,Sport,3,Medium,Descending,3,35.915216731552746,Low,1602.477368035786,39,42.22583797134754,10.910399365569704
89.80270243988878,87.22689905768665,372.14695378714873,Sport,Highway,Medium,Ascending,4,3.522984412279337,Medium,1757.7266405274677,8,2.4833095386261137,8.193523582540303
52.70527214996608,31.86413878461977,355.0336497761941,Normal,Highway,Medium,Ascending,4,16.973989875490265,Medium,1541.4865987989208,37,25.66531379343859,8.974646232646506
73.26561060185095,88.42689042418517,378.6130422462182,3,Rural,3,Ascending,4,23.893149981942827,Medium,1625.2373151326012,41,36.04063944111626,10.61456884332634
19.243848734369177,74.01150835550787,328.26556527573445,3,3,3,Ascending,Rainy,9.934745706415503,High,1628.7737467108052,35,13.86854203857198,6.764915852556029
80.83745009698892,33.61864259506645,318.39120512328253,Sport,Rural,Heavy,Ascending,Rainy,28.28884499447913,High,2330.7075244866364,52,36.15397253942798,11.216315208787725
21.51039068871369,35.18108465168087,305.391668378977,Normal,Rural,Heavy,Flat,4,26.73917388498212,Low,1281.7678129859498,39,18.54930187058899,7.132087928262887
83.27395086121882,94.1200495235377,357.3313744571522,Sport,3,Medium,Flat,Cloudy,13.94924278681388,Low,1463.5081876372728,24,13.77541938396772,8.288822539640512
27.55177929047624,22.577228836029832,368.8599520675496,Sport,Rural,Medium,Ascending,3,-1.0420810958992357,High,1993.7256785969707,17,19.68898486883393,7.592513110549625
14.106156018026397,57.00279546365649,332.61497171193616,Normal,3,3,Flat,4,-4.479404743283918,Medium,2194.753216691754,51,47.544969914185096,7.702840643118092
19.83413881715489,45.078023194728125,361.35841848558766,Normal,3,Medium,Descending,Cloudy,11.620730297238271,Medium,2106.590170178665,47,45.27418935901248,7.752011344868918
0.2390562262884321,73.20619519987424,305.2157230853329,3,Rural,Medium,Flat,Rainy,-1.306901969708078,Medium,1260.5483783864363,52,45.70616919710517,6.475649930856739
86.24875414242364,87.17035100551936,309.92933462968034,3,Highway,Medium,Ascending,4,30.173099944371742,Medium,1789.9326956800764,45,45.87721751202735,10.426415057451614
87.88812588700549,48.830249724525565,370.1754772258498,Sport,3,Heavy,Ascending,3,10.044660247104137,Medium,1439.815664604865,13,8.995877147248978,8.767580710366246
61.792001989591135,54.15216698582697,336.80697052172985,Sport,Highway,3,Descending,3,24.97442241062636,Low,2484.584868599709,66,44.81346381287395,9.137615138794068
19.363536126646043,98.55342276011314,367.13340311030055,3,Highway,Heavy,Ascending,Rainy,10.587054428520624,Medium,2498.5595521578543,37,10.692594144606986,5.638710909584734
10.02652050128277,82.71332077433622,383.17211202799183,Normal,3,Medium,Ascending,4,30.81722875726081,Low,1266.1681057928795,41,41.922967324800325,5.9686999524147
2.295475972474441,91.77633047454331,385.2622437476117,Sport,Highway,Medium,Descending,4,34.978562347890154,High,2068.0413669670693,35,27.140754410727183,4.592150556149495
19.889781235826483,55.10097765213038,317.2167645464451,Sport,Rural,Heavy,Ascending,4,32.6881367168233,High,2256.984422616897,14,12.07411764959204,5.209581861246792
106.9026641979776,38.72609631872922,348.6285572351346,Normal,Rural,Heavy,Ascending,Cloudy,16.801310379093398,Medium,1622.2138296491012,27,19.986168608335277,11.658633112614572
28.984421004201813,52.94907723091613,373.3926723632487,Sport,Highway,3,Descending,Cloudy,-1.2221775108580777,Medium,2101.7273671190287,33,21.725571353440472,7.350262141762542
42.51255926606588,77.28735342652108,377.3980596266911,Normal,Rural,Medium,Ascending,4,11.726999760704327,Low,1443.969095260152,33,36.68524543911643,7.408693997592659
12.641458137759985,28.754432386878342,378.46759807288777,3,3,Medium,Descending,3,14.10051976172872,Low,1366.346899254667,24,30.34047143023498,7.20686853426054
26.68335656978044,41.63752844932071,322.81673343805846,3,3,Heavy,Ascending,Cloudy,38.21143048855936,Low,2402.892361820354,45,40.85742972490248,7.31347608040958
62.30694849362462,23.73087203692723,319.2534817723773,3,Highway,3,Ascending,3,20.447378734319305,Low,2035.296441826848,44,19.900568871132688,10.489499201280376
72.9303219714783,54.587819067050525,359.0012468273696,3,Rural,3,Flat,Cloudy,23.838080480339872,High,2262.0314122892205,41,37.20516773070879,9.723518245184328
29.44227769994533,86.19565887836906,374.108579773822,3,Highway,Medium,Flat,Rainy,30.190161145093327,High,1892.527125541508,62,39.660944592436906,6.592975275849419
6.927859107014065,21.973095063840866,331.91395155341934,Sport,Rural,Medium,Ascending,Rainy,20.569111024465244,Low,1401.1429639310054,15,3.2508997382780658,5.982899686202853
46.92394429528784,74.02588214457327,310.4705156862421,3,3,Heavy,Ascending,Rainy,21.931807413224288,Low,1689.6517404606527,39,18.84434448780724,8.478903809369397
28.104404511160094,94.59966996109917,371.6746382910077,Sport,Rural,Medium,Descending,3,6.039750880057239,High,2346.1540388344947,62,44.31087567581011,8.35035992416194
26.346470787576237,38.95422892089458,329.9697831380005,Sport,Rural,Heavy,Ascending,3,-2.351002659742598,High,1220.2885508767347,55,35.27829832933029,8.77447868187516
115.18353632561464,75.49078725821185,316.6362724311722,Normal,Highway,Medium,Descending,4,27.462364559906604,Medium,1469.3309216586506,31,20.98047273626689,11.04999703474567
73.95605831108689,98.00815208801605,314.7723528397132,Sport,3,Medium,Flat,4,33.19081138094917,High,1529.2725774963749,23,9.230415200841248,7.234714096138617
66.82541318065151,96.98224481219704,331.49095475267166,Sport,Rural,Medium,Ascending,Rainy,13.540008249629672,Medium,1541.8945080175436,11,4.920880763242026,7.172769137192766
49.89301242279864,38.79433544233146,359.2678065913745,3,3,3,Ascending,Rainy,19.70115039616944,High,1328.1627033478735,27,11.544605368258628,7.476258965623983
51.47332001161731,28.026484256965496,335.84022386938165,3,Rural,Medium,Ascending,Cloudy,8.827835230106663,Medium,2302.685601511669,23,12.310152865249364,8.495703125131906
64.9086004605697,31.862603031673277,302.06618515934315,Normal,3,Medium,Descending,Rainy,15.259926705958062,Low,1407.3680960056013,29,18.59603109797632,9.605541825333102
83.57157684433287,76.16285347857138,309.6908434677811,Normal,Rural,3,Descending,Rainy,4.400037681990479,Medium,2278.5767015515103,28,8.928389963908243,7.12533267911222
84.25753154181953,78.06071003626204,329.0503247198619,Sport,3,3,Ascending,Rainy,29.194906364723245,Low,1661.5803109648964,26,7.3877719491265905,8.211690773395855
20.603268924653943,73.93892493025592,365.9704482147092,Normal,Rural,Medium,Descending,3,17.136030449879282,Medium,1794.5135191418756,34,42.215937135749016,7.848787716444733
60.013530249195234,46.886271019379045,309.8515073468534,3,3,3,Descending,3,19.62204489449855,Low,1801.7060914864503,39,12.551958284241897,7.71285206854109
49.43497140409224,33.58215518064977,356.0656853500682,3,Rural,3,Ascending,Rainy,-3.331036478244957,Medium,2127.0934688863863,24,28.12410792342081,8.819254077774568
104.4632359523261,66.46088735618025,311.98858708240044,3,Rural,3,Flat,Cloudy,23.007927653200632,Medium,2150.6897843158586,25,10.045047446928558,11.264101853580373
75.77027054620517,58.69443566062933,321.16153273493813,Sport,3,3,Flat,Cloudy,4.119511540350526,Low,2032.894436448135,48,24.63849995638936,8.68531909717213
63.90048796991782,78.30673176978428,317.2188527555763,Sport,Highway,Heavy,Descending,4,12.252758996419246,Low,2205.899028616518,22,13.907929476179762,7.945623739750536
13.847357061470085,55.30880629484972,306.72286355708104,Normal,Rural,Medium,Ascending,Rainy,13.572206504312897,High,1210.7941327408228,31,4.4313039381661445,4.348593200966573
72.67654671880938,47.09117557491747,367.1329817386591,3,Rural,Heavy,Ascending,3,15.19296688696408,Medium,1856.2535605588337,64,49.11057389573894,11.245755080532842
14.06446868162801,43.47828618872115,346.3403547386034,Sport,Highway,Medium,Descending,Rainy,5.234637510164347,High,1881.2329472255008,38,22.94452521514931,5.254507772888759
40.46478906789025,36.91762560397972,383.1053440897338,Sport,Rural,3,Flat,Cloudy,33.254960112203825,High,1511.1417931581036,18,19.7130651745926,7.642569966445254
17.141035777719825,41.25971009493291,309.8890839982317,Normal,3,Heavy,Descending,3,14.253256781708014,Low,1923.2821805283183,11,10.03619430846586,6.190289776782769
83.04883764292427,27.58643510752811,314.47329333380725,3,Highway,3,Ascending,3,22.54605060587176,Medium,1807.304580628038,40,24.818757431539208,10.00759280531494
24.750253660338316,47.74856087431117,330.64577313504503,3,Rural,3,Flat,3,22.627189556219783,High,1813.7460013094185,52,31.797427374686556,7.395982994132206
47.02312478256312,22.925584989036658,376.5865986938808,Normal,3,3,Ascending,4,22.31431034896144,Medium,1353.9856903320235,21,15.302038898125558,6.866419539235251
107.48097331425345,34.913107773306145,330.57588231556986,Normal,3,Medium,Flat,Rainy,20.16931040273187,High,1765.841299790748,31,24.07287818054176,11.057721683802342
24.517966007876435,79.74163556955432,340.84187074986926,Normal,Highway,3,Flat,Rainy,32.01815867191549,Medium,2196.3599471174066,24,11.930344146184298,5.270229114587738
60.93660767505349,46.03751909412981,330.16035662971643,Normal,Highway,Medium,Ascending,Rainy,31.567801618623516,Medium,1732.9869885860576,24,26.43288277800612,8.706133738844878
50.31259933992264,73.45896135818751,308.022429180103,3,Highway,Medium,Flat,Cloudy,13.771505767218656,High,1833.7479506108768,34,39.38200255966937,9.460347621060333
2.174884925487568,77.3507340477822,393.94336228961873,3,3,3,Ascending,3,23.613072165877977,Low,2457.7765352166502,24,3.104650963912867,4.000874326743174
95.13097362873754,66.49482741856909,354.8538992071189,Normal,Rural,Medium,Flat,3,-0.3726839962990969,Medium,2333.319569524134,33,25.94016448150504,10.085508384412694
8.285508757751966,96.69581930923188,378.7833188185497,Sport,3,Heavy,Descending,Cloudy,-0.9152294779242452,Low,2407.3102045572223,28,20.0282178073553,5.1131829808988725
56.91060251723443,21.71518932984906,365.8357092185296,Sport,3,Medium,Flat,4,16.596238248456785,Low,1300.9795159405382,11,3.794662942262685,7.821914358403267
67.281395392674,79.09221204705136,351.4254279061975,3,Highway,3,Flat,Cloudy,35.50918106227096,Low,2004.154879617481,57,47.03140233902905,10.041011860858545
75.41117479375045,96.70293151523263,308.967825665938,3,Rural,3,Flat,3,24.2499866135663,Medium,1490.4354369808025,31,13.066164923094654,8.042556871555064
82.63579551694507,88.98173834823514,364.2733545270305,Normal,3,Heavy,Ascending,4,25.114739019141737,High,1725.5167488339448,46,28.274115595742646,10.62298091549056
30.39268602272581,33.43141534440107,315.5370355936832,Sport,Highway,Heavy,Flat,4,2.0952990435775583,Low,2083.6752238894223,35,18.693750528826754,7.37384522608149
1.1974531990139248,46.14562450013857,341.43831693562765,3,Highway,Medium,Ascending,3,15.39869999209775,High,1952.5893685141305,32,13.629522080575782,5.188596864586135
86.81323948258944,33.79614719011723,362.9113143480431,Sport,Rural,Medium,Flat,Cloudy,13.035592524302212,Low,1857.4520091307584,46,26.40631446604872,10.424576372974975
64.27879192170943,68.10466910517633,378.2229000472123,Normal,Rural,Heavy,Descending,Rainy,30.23402560393869,Low,2258.782967412685,51,34.48252696352726,7.831750987793984
100.33412438486984,76.97503855835939,368.50451757086194,3,Highway,3,Descending,Rainy,1.2020843547520617,High,2087.3782182067084,59,39.29820652312264,10.999064786365231
98.56660354808332,45.36590154904466,367.1533529054629,3,Rural,3,Ascending,Rainy,19.2635953298862,Low,2267.3586383254205,41,31.73283130470165,10.97942243132236
101.19914013454598,63.16052591874364,314.9042209175208,Sport,Rural,Heavy,Descending,Cloudy,36.01081761469833,Low,2411.511920560647,35,26.36216989244075,9.857781550807232
58.211359197544816,75.2736456056956,334.6128540071588,Sport,3,Heavy,Descending,3,35.16069503435791,Low,2125.5620425447555,53,38.885356310802266,9.28507333113306
40.03540750042388,53.70718532888387,304.2912272660194,3,Rural,3,Descending,Cloudy,33.355169938647414,Low,1714.014038828684,39,25.92104939934321,6.342596696990664
94.9869843109644,88.32124243643675,371.9476893176465,Sport,Highway,3,Flat,Rainy,11.87433908213725,Medium,1476.6118542763295,43,48.71391916122869,11.700859869640524
54.15529356351059,81.72399482302538,395.2585981317419,Sport,Rural,Medium,Flat,Rainy,37.3495310794776,Low,1552.1899171880689,25,26.384361142672248,7.845593974987806
22.013063568412143,25.17324350804565,326.4110390179076,Normal,3,Heavy,Descending,Rainy,31.23852288967173,Medium,1715.6190975633226,37,15.930632513438292,5.637774965393751
102.59688234737692,69.69002392726632,308.7696709162309,Sport,Rural,Heavy,Flat,Cloudy,33.301359365840646,Medium,2162.1184349014484,32,22.373463311012,10.548256738720925
105.90718521268168,38.826044076779965,347.55700767536536,3,3,Heavy,Flat,Cloudy,36.95592074462442,Medium,1252.201074905627,45,24.55050490662717,10.867846841413035
55.957170736820416,64.60146117338202,385.6698223127569,Normal,Rural,3,Ascending,Rainy,37.16505695263364,High,2258.565917601088,38,14.245955776443342,8.318735585452309
9.083967277174496,96.5510754106373,355.197419527178,3,Rural,Medium,Ascending,4,5.802923346699588,Low,2185.575411055098,26,8.021266980934433,3.868086664957967
46.53913079003175,90.32496036418,304.6777150190113,Normal,Highway,3,Ascending,Rainy,0.7459470299725091,Medium,1849.2416490067912,17,21.626032368359727,6.869990480448775
96.4245191355124,52.361312249210535,397.4272240527946,Normal,Highway,Heavy,Flat,3,26.08937246070919,Medium,1719.5668747935651,54,44.86193769992457,12.76440459906252
108.21288342554745,43.32110866754827,382.8649909962601,Sport,Rural,Heavy,Descending,Cloudy,20.344628048671407,Low,1346.5061677972617,17,12.851005505979916,10.93419105699441
24.4167290997115,38.75245955266072,313.159407705151,Sport,Rural,Heavy,Ascending,4,9.734192753436943,High,1576.6120486897191,41,18.154751378873375,7.373429401215826
8.036833443032583,62.601189580521606,392.1797756503509,3,3,Heavy,Flat,4,25.800227804965704,Medium,1342.516495362468,32,37.91037845872541,6.390875229937654
105.28205437594065,29.139876260644503,345.06882886051886,Sport,3,Heavy,Flat,3,-2.2101405207835216,Low,2264.549869847864,5,4.205437277810354,10.508092818674784
46.72859267746504,63.942000650259885,337.1897990574941,Normal,Highway,3,Ascending,Rainy,-2.8756257576852464,Low,1862.1392219755671,45,41.27102049480781,9.707272276536118
65.01131571210759,20.106691159263363,346.10533305271883,Sport,Rural,Medium,Ascending,Rainy,10.943976289079204,Low,1520.8228139068606,48,36.04191303896638,11.214724969791153
116.16789744609108,45.90797045966759,383.4571956870947,3,Rural,Heavy,Ascending,Rainy,3.723098054447238,High,1223.5161530772557,27,27.533230623740355,12.230623516765686
7.9877673497067425,37.5947451064465,365.94796782867854,Normal,3,Heavy,Ascending,3,27.335022283190987,High,1881.0972592745643,16,10.552991836702574,5.220329127325744
77.79816089425147,97.69750319686256,305.92484523997274,3,Rural,Heavy,Ascending,Cloudy,37.66098270586864,Medium,2177.71322503157,33,4.724660202223256,8.617015788655769
8.89265070898405,78.17938556559832,395.7604371116171,Sport,Rural,3,Ascending,Cloudy,24.77323361580815,Low,2196.4419213141928,15,11.662783522328825,4.244887493780801
45.05627141598004,47.97227043697902,314.77841334783176,Normal,Rural,3,Descending,3,24.46529652074037,Medium,1478.7540654603508,40,38.09861244147955,8.920221513173562
96.4577454232136,27.42760692244964,374.5567951735351,3,3,Heavy,Ascending,Cloudy,-4.703199196118757,High,2493.580615216367,66,46.681381489596085,13.728496446818166
52.01666793067613,61.34404757524992,363.6136530428131,Sport,3,Heavy,Ascending,3,18.05246372760836,Medium,1939.4138911342168,34,36.92062077289669,9.0080976402099
119.66188246835404,37.075830506083385,318.7528047946561,Sport,3,Heavy,Descending,3,31.769559407882177,Low,1631.6091477197056,28,26.428089384219952,11.604620860395716
67.08711419359226,62.91436367186862,317.0732076113049,3,Rural,Heavy,Flat,4,24.435416440210798,Low,1710.650071192925,44,47.539068593132725,9.067472039535296
38.539458316314416,86.8289883343114,387.0327593704692,Normal,3,Heavy,Descending,4,5.2502073091975525,Medium,1361.767904009254,45,41.44551023470547,7.989669186826725
26.413359108570376,69.26340416811084,341.9694923499597,3,Highway,3,Ascending,Cloudy,33.181386179224035,Low,1841.3626028503284,30,32.82628231168554,7.452511336792408
42.06246411433942,70.70307356360019,365.4576514174138,Sport,Highway,Heavy,Flat,4,38.3969525896832,High,2179.284069149478,6,1.991444391096011,5.576667347042577
44.7039928511461,63.28242312502492,350.4071003856673,3,3,Heavy,Descending,Cloudy,7.55467813751217,Low,1732.2331267382056,40,14.457902055280169,7.483254784327444
8.245641326875317,94.18125061051272,372.735351707596,Sport,3,Heavy,Descending,3,4.319245397461302,High,2326.908454772143,30,15.479683559113948,4.123557669057855
44.34890393121278,94.55221475364826,347.92423750393306,Normal,Rural,3,Ascending,Cloudy,10.233710709370415,Medium,1819.778091426124,14,17.427538613506535,6.530040427329046
55.70862236870699,61.017856085884176,328.7379915255568,3,3,Heavy,Flat,4,-2.157877225504801,Medium,2370.792771719628,33,19.530344289400794,7.822527370275558
86.72853026865656,44.46075897148035,336.33833709964966,Normal,3,3,Flat,Cloudy,34.3044702889094,Medium,2114.16489449277,60,46.97452667851967,11.88038771691623
78.80753816659296,56.76696047035552,385.9077694450343,3,Highway,Medium,Flat,4,36.81847662396165,Low,1271.5126120661682,57,37.1194331641581,10.872205779142677
85.05187862749851,34.92463297564925,346.8034692922727,Sport,Highway,3,Descending,3,23.498636783490863,Low,1287.1227041190805,58,34.62755585415248,9.308185142896868
1.0036418252228518,70.90754522544714,321.34493322446093,Normal,Highway,Heavy,Descending,Rainy,29.39506657840507,High,2240.138320974841,20,21.383096444705576,3.7799156775737055
26.120087949664324,60.007386862578656,393.46053880772536,Sport,Highway,3,Flat,3,25.089280484582023,Medium,1663.870826193971,43,16.943725454242216,5.80114939133997
79.40211460798278,28.264038225062396,379.6600456498377,3,3,Heavy,Flat,4,11.980940318044109,Low,1446.0185959020268,27,6.066951719686986,9.291479460840335
58.078724181569655,35.811822489569224,305.5666146056199,Sport,Highway,3,Flat,Cloudy,23.44190629244196,Low,2324.916625292099,38,22.7294241324362,7.908519447826243
0.6376170802015135,58.37055649596215,399.8942961980518,3,Rural,3,Flat,4,32.63440768938008,Low,2478.2986660956785,9,10.346584536236032,5.252244383925397
96.53935709181869,91.00711925750866,369.4926696440102,Normal,Rural,Medium,Descending,4,31.44583346060952,Low,2251.372705813641,24,19.61141914677617,8.996503262021825
92.7371487948405,65.31125765048779,316.0266599040587,Sport,3,3,Ascending,Rainy,-1.3524113112496463,Low,2142.668367873328,33,7.903923900334901,8.78385592249395
65.81029955922752,74.52280001667766,323.71676812985964,Sport,Rural,Medium,Descending,Cloudy,15.817043224440267,Low,1201.2461277095297,38,17.265395919654313,8.239863470016783
7.975599093152654,47.12228397951278,369.2445481241547,3,Highway,Medium,Descending,4,12.87946587807625,High,1337.7661041024726,6,2.244670559205089,4.891074797060413
91.98180594391016,65.71291144353874,377.9761055279122,3,Highway,3,Descending,3,28.840393560093908,High,2072.226929409426,22,0.4005577276790576,7.553082396024983
70.04563052776368,55.7903858110454,323.90359431498064,3,Rural,3,Descending,3,17.561917279560248,Medium,1732.4338554570595,47,43.508470221781664,10.12544429528988
93.8351972589551,72.73039300985286,325.6968853899271,Normal,3,3,Descending,4,10.736549885623882,Medium,1225.3179216155247,27,32.099078933898696,10.056631132084602
90.20963908750085,24.04604528632083,330.71206948720607,Sport,Highway,Medium,Flat,4,26.78573922669407,Low,2163.13056649167,44,29.42456604123079,9.954443723431789
96.36024863494046,59.46401729911673,359.8018364836637,3,Highway,Heavy,Ascending,4,16.311033415115443,Low,1744.3945987490292,36,25.73832141476559,10.711580547171849
62.16096796855498,43.67941001151736,317.1816178301277,3,Rural,Heavy,Descending,4,6.548081248883875,Medium,2056.4725370966544,55,36.36378594708868,8.795124581237243
16.8389421832218,46.09480490223274,310.4243198884777,Sport,3,Medium,Flat,3,35.06876151746015,High,1808.8364687171963,55,36.834663690913125,7.0914687665397445
80.53889680556264,96.87339452464492,367.88640890855135,Normal,3,Medium,Ascending,Rainy,0.087153166887326,Low,1234.4470287110655,37,46.76904326036186,10.388698321445432
74.45685420623647,34.61558501691062,377.909793979317,Sport,Rural,3,Descending,4,-4.186053190153105,Medium,2026.7019384850369,37,12.29608395004254,8.79065560808105
89.07038246389047,44.89962020628775,350.09294044165057,3,Highway,3,Ascending,Cloudy,1.4759964691617729,High,2224.511779040753,56,39.28142061242982,12.09081053935304
20.38572072608824,60.79140605846974,336.38327102683854,Sport,Rural,Heavy,Descending,Rainy,2.3639464073804897,High,1402.7698255260616,56,49.55877123726761,8.087173659085803
23.397023988034707,89.0421558519699,343.20427135264765,3,Rural,Heavy,Descending,3,19.211899002140456,Low,2358.406803993478,20,1.548190790548885,3.843209325600348
106.84914206631942,53.33360665650964,338.8407833871952,3,Rural,Heavy,Flat,4,23.118947528666688,Low,1436.030292052645,37,18.7618727439761,10.518888172811655
89.9973358142485,79.50922247105368,395.9984908237675,Sport,Highway,3,Descending,4,15.187501032645962,High,1749.6876253616724,38,21.85818979373596,10.043145079883514
108.98741864403875,88.5099278571842,376.8089905219141,Sport,Highway,3,Ascending,4,4.187706037553911,Low,1885.3431304317364,44,41.109433350243584,11.387070354083868
91.04583853967048,44.80130846574792,320.808721485011,Normal,Rural,Medium,Descending,4,0.9485904457266344,Medium,1608.0254852572837,6,0.7857964267062819,8.172759224466532
71.65863671883622,51.4200146830968,338.418915205398,3,3,3,Flat,Cloudy,17.14683861056769,Medium,1850.594358640691,48,29.97111465353994,9.613807705509668
78.49592844334484,48.5244978950685,354.401229136311,3,Rural,Heavy,Flat,4,20.446738942891542,Medium,2133.8633060723487,44,44.639682619763086,11.10650816691481
106.6953508728012,86.62846468943368,361.2985862063688,3,Highway,Medium,Descending,3,8.678261726656332,Low,2128.791760815555,27,7.466590216780836,7.069032002426072
69.45681054143286,23.547748956288093,346.8183896028767,3,3,3,Ascending,Cloudy,4.919797630343837,Medium,2398.9675452315614,35,5.867123481462688,7.580920057344561
75.88695891940648,44.6736871062944,381.0126635011959,3,3,Heavy,Flat,Rainy,-1.373327291865774,Low,2320.7182102434053,62,49.98934329146281,11.313473346330497
18.77720592043207,74.35268460761039,376.7606019458232,Sport,Highway,3,Ascending,Rainy,-3.818998085349529,Medium,2480.637256228133,63,41.31535084147958,8.396323043652119
56.87054641393232,65.23547996522741,350.5157918628167,3,Highway,Medium,Ascending,Rainy,-0.2418606123719051,Medium,1973.9936920616992,35,34.901183919163785,9.008604878938195
85.96765343497188,54.90314874349554,385.44293867817305,Sport,Rural,3,Descending,4,28.39357355277733,Low,1720.6690636051276,30,20.00916350651307,9.93577380871026
32.51312379796385,63.19585817771075,375.1089530442386,Normal,Highway,Heavy,Flat,Rainy,10.480839256925025,High,1512.1275486948591,40,42.7127524110273,9.621223086982733
24.27050166294419,35.80676686626546,377.8581848720643,3,3,Medium,Descending,Cloudy,-3.7661488069144,High,1517.1601814918672,59,46.14637297649644,9.90982367406844
37.65921698692986,54.45732972864083,395.6400779433417,Normal,Rural,Heavy,Descending,Cloudy,17.867437233445507,High,1396.2011982509318,52,36.64718654846341,8.258772996558324
28.980075359140013,60.13623873410793,326.64669412092024,Sport,Rural,Medium,Descending,Rainy,19.12302700998814,Low,2144.667066265676,31,19.96492950934994,6.601836193587243
25.7895164443675,92.09512975636814,326.7648162366849,Sport,3,3,Ascending,Rainy,14.290995082557709,Medium,2050.5149864316327,29,29.21850168097716,7.038232964709882
50.98210114417044,40.866813024318105,388.895225569064,Normal,Highway,3,Flat,Cloudy,-0.0192734584031342,High,1579.9824549385185,28,5.016011422357182,7.787981595652883
108.94062166602409,89.42628017319461,377.222637338568,3,Rural,Heavy,Descending,3,28.97353289226836,Medium,2359.7787289036005,7,7.985221707870463,9.738629310210216
60.84715760864619,71.53931206607855,392.65455414356273,Sport,3,3,Descending,Rainy,26.00867147064786,High,1917.9722488989653,44,39.17356341031783,8.001340862942149
22.550445697838764,21.62726648540808,306.3130160324453,Sport,3,Medium,Descending,Cloudy,12.762811222221467,High,1289.724738031948,23,1.5628420604402904,6.575161046973448
9.236600325704888,77.97050695195149,362.7757077261597,Sport,3,3,Descending,Rainy,12.13669105366306,Medium,1279.8862024125556,28,2.5548802653889946,5.150160235172385
83.53873741655103,22.844150203924407,314.46283381234474,Sport,Highway,3,Flat,Cloudy,2.017080172567441,High,1386.143035105396,39,25.45037223013904,10.08733055681765
45.93585173236654,99.79049014510504,350.38971982925824,Sport,Highway,3,Descending,4,28.909720618948725,Low,1474.642378481856,30,8.609410885309504,5.727970683891281
98.61971359024312,89.81093501529583,315.5746931853444,Sport,Highway,3,Descending,Rainy,21.98082569528948,High,2353.668543856742,33,14.755833474774768,9.067706118035831
79.14129223689243,43.78749980320365,312.8078508984879,Normal,Highway,3,Ascending,Rainy,-1.1392949519174458,High,2211.982892938725,17,20.001688096873394,10.752037552419496
95.54897406496424,40.59289841573644,301.21683453820333,3,3,3,Ascending,3,12.012855629661107,Medium,1462.2413807223668,50,26.16054449254663,12.005553003011284
32.63352473021385,50.51528656844872,363.0238812382904,3,Rural,3,Flat,3,35.660242415582616,High,1523.0400579258549,20,14.248382591737167,6.6776272855752685
83.08307069532698,48.49335722515544,335.9022616690086,3,3,3,Ascending,3,15.35685707453018,Medium,2027.8244297859865,37,24.228968807715223,10.713263721683704
31.68743816324625,49.787025470830486,310.5188284878972,3,Rural,Heavy,Descending,3,9.621737468525971,Medium,2332.9799947930205,31,18.59716049984107,7.475764637835136
112.688217534035,45.46212368955843,332.28377777313096,Normal,Rural,Heavy,Ascending,Rainy,23.97028339518677,High,1611.74786064517,16,4.143452367943035,10.10880273919945
76.36491378400493,69.69067254786651,316.8944091451585,Normal,Rural,3,Descending,Rainy,4.133756995782623,Low,1883.145545578217,48,43.36965641345929,11.265408724691408
38.94141602104105,33.141093097649915,394.169483150166,3,Highway,Heavy,Ascending,3,18.57115291932308,High,2357.490813398663,26,14.140158569942026,6.651543770892704
32.34142347507272,87.67850339568105,332.0004885761348,Sport,3,3,Ascending,3,25.12852391036405,Low,2201.821297368504,42,30.50772598075068,6.371535689722761
22.91119020859722,84.99219872250522,333.395352328939,3,Rural,3,Ascending,Rainy,33.4695287188785,Medium,2358.9622957741567,30,28.533030742067048,6.869365183721849
83.35691506724733,58.11865662842163,383.9858003399586,Sport,3,3,Ascending,4,26.16269362500415,Low,1561.4960058410554,14,10.038422439248206,8.073726446286408
26.245873559751274,88.21839722228381,364.7755761286004,Sport,Highway,Heavy,Flat,Cloudy,12.2984408725854,Low,2098.214392376087,20,1.594912704476996,3.891899742350695
71.43639191129868,39.77160560242346,371.01716074030014,Normal,Rural,Medium,Descending,3,29.551007800673997,Medium,1348.21637201741,39,42.860877599118,11.114788285284444
31.75620323104288,21.405236456317358,363.600180398896,Sport,Highway,3,Flat,Cloudy,35.42799676318788,Low,2001.070215361336,37,24.934723788315623,6.978967059826215
79.43627337526424,69.53663400238584,394.6196283948565,Normal,Highway,3,Flat,4,16.49936310969728,High,1595.2331974714027,19,20.78192898616044,8.968977452427541
97.7927674248647,56.63275255717723,320.7000831558045,3,3,Medium,Descending,4,-4.797464653252294,Low,2111.9244087752363,44,38.16923470006432,10.019198748001394
93.36302917735838,65.37316370366966,398.9039241755796,Normal,Rural,Heavy,Flat,4,34.64131116783298,Low,1384.436944876741,19,1.7546301936924753,9.32879380579207
91.3021597116938,91.94715272147224,383.09561775565135,Sport,Highway,Medium,Flat,Rainy,2.4448896223937924,High,2065.2543497676984,47,38.28424265754694,10.146308681855164
22.526688683070248,97.59404588527548,358.8972588876342,Sport,3,3,Descending,Cloudy,0.6846477241167994,High,2121.074875843744,19,20.5048317223488,6.750644724129668
10.606193638142244,70.75625118044825,366.2371624396249,Sport,Rural,Medium,Flat,4,8.845535458301418,High,2314.303210139975,40,27.626022895484617,6.730151496499021
83.87385941848628,81.12444718819506,364.8825876500614,3,Rural,3,Flat,3,12.099268542584252,Low,2093.1995683416026,35,37.64671810327243,10.592664057872636
44.20166565532216,26.70467467897314,305.8396224059154,Normal,Highway,Heavy,Descending,4,30.971951418399343,High,1879.7235663076065,52,27.38584854196537,9.252755314349562
51.88154716840168,32.85724679132045,321.80164985319385,3,Highway,Heavy,Flat,3,12.51325233009079,Medium,2219.4075480619117,25,3.1824339507293997,6.9399177736107625
3.737891135206928,78.65638439623812,396.1470884524749,Normal,Highway,Heavy,Ascending,3,-2.803047514061751,High,1569.763129999058,48,36.45718447236296,6.5052785252233445
31.149173913005903,54.50923651104016,353.43644288593794,3,Highway,3,Ascending,4,23.618275599577533,High,2080.7064310884216,41,39.3384475364396,8.712412431002022
4.041168464935683,55.677221632352456,337.8353603261912,3,Rural,Heavy,Flat,3,25.204946054350376,High,2141.886044389809,37,23.14846858612479,7.389774691523477
105.50229271214972,44.688614530834926,376.2038463389075,Sport,Highway,Medium,Flat,3,31.639941437444666,High,1710.3035614110645,45,22.009064375226025,10.494816138149329
29.207601986223658,68.5885106782195,352.45189426558096,3,Highway,Heavy,Descending,Rainy,12.948973629750927,Medium,2485.656473079298,29,12.671085425813338,6.737948486129378
66.88046034876096,34.81320363329621,301.3162771431898,3,Highway,3,Descending,Cloudy,-1.126801570654532,High,1662.9166289753955,36,32.24372159581368,10.437937008303011
4.6775184793356495,70.15330234511165,373.6237596715118,Normal,Rural,Medium,Descending,Rainy,19.887802496254867,Medium,1309.838520213376,46,44.11122684805756,6.607990116306335
80.02168695667896,33.903908570819176,373.2217560052861,3,3,Medium,Ascending,Rainy,0.4448822159877963,Low,1594.5166933812116,28,32.83284016916271,10.819818016332553
38.76328149049127,25.10608277677709,316.51487121099746,Sport,3,Medium,Ascending,Rainy,-4.231610463906054,Medium,1329.2682795428796,40,38.58911196157263,10.087209483771684
107.7503024349199,46.42861509592488,395.6660088424213,3,Rural,Medium,Ascending,Cloudy,30.036256233310556,Low,1641.095404731074,52,41.88903666909933,12.474375207616426
106.5741826720843,38.49122736078782,322.3908131541114,Normal,3,3,Flat,Cloudy,13.15347701522728,High,1366.2347482262091,15,11.384595243872893,10.6936539196821
39.034874203409736,91.11933108450658,345.77493673821994,Normal,Rural,Heavy,Descending,4,18.625232742809622,Medium,1771.3953230169718,18,20.165006272442763,5.945959295144894
108.11530748285617,24.396276309490126,311.4735961260915,3,Highway,Medium,Flat,Rainy,24.82821412458403,Medium,2211.3681116872685,27,21.854384798165025,12.427554423159265
119.53892081985346,34.12909540592983,360.32823194505886,3,3,Heavy,Flat,Cloudy,13.046245002005726,High,1287.6759690306533,22,27.989128207565862,12.38081208411216
99.04987969487377,63.89756844664396,337.54511200572125,Normal,Rural,Heavy,Flat,4,-2.699078338517192,Medium,1932.0403031095225,4,2.5541878546629526,7.632793734962934
101.38456173062748,58.48537526779789,335.31734622097053,Sport,Rural,Heavy,Ascending,Rainy,6.373464596858227,Low,1256.97585907314,48,29.46151783403037,10.172873484488289
29.88104833309079,23.668161469976123,382.6976877220947,3,Highway,Heavy,Ascending,Rainy,3.7453536102075455,Low,2349.991919984135,13,4.517222020833302,6.235775307743444
69.20428786293076,20.58019424121156,300.95617128504784,Sport,Rural,3,Ascending,3,38.98273093709195,Low,2397.797439906324,54,40.347837574901526,10.857708408769748
8.070709676084142,99.045435356892,379.7946770892423,Sport,3,Medium,Flat,Cloudy,28.277745431145696,Low,1840.0651966787168,62,48.15479718763244,6.485317434659862
11.390152418600366,72.70677602870705,357.1448565748079,3,Highway,Medium,Ascending,3,15.319749921843664,Low,2200.0005126545598,20,14.558974394200137,4.562704215102031
119.86711344399488,49.23249047212455,398.6098513480199,Sport,Rural,Heavy,Descending,Rainy,-2.1484671594118554,Medium,1970.784215856304,25,25.380094728065988,11.564052327062676
39.19670993110931,57.6345798130593,358.9443220604249,Normal,Highway,Medium,Ascending,Rainy,0.2132735115221748,Low,1642.8617413891225,50,41.17705849583774,7.085410249448179
89.78206944586157,41.32400963634296,305.5379134147958,Sport,Rural,Heavy,Descending,Rainy,31.58048061721366,Low,1518.683036958148,26,15.801234901760411,9.252250166820236
96.79980636321798,47.58990269545678,305.0645326443726,Normal,3,3,Descending,4,37.54520922266503,High,2186.17456137826,16,7.9731068981058,8.884168905134443
102.96279252086752,71.92355738145712,388.3152986371832,3,3,Medium,Descending,3,-3.58924169861022,High,1758.9742829462502,59,36.97921993272352,11.446236722087228
119.71539568825878,90.62494390938966,384.1214145511053,Sport,Highway,Heavy,Descending,3,35.96787052097241,Medium,2396.309995638755,52,34.94824489567381,11.565150525397476
28.979578230824146,34.730401846494786,334.5890075582023,Normal,Rural,Medium,Ascending,Rainy,12.125367102369635,Low,2468.3995304222626,38,28.54027848754134,6.122438466652064
4.842099223163965,87.2289204308255,361.8032484181137,Normal,Highway,Heavy,Flat,3,4.613469729415327,High,1473.5104718092805,47,47.22739609215133,6.180511638256826
49.34298215935031,29.724530361461525,348.95913570556,3,Highway,Medium,Ascending,Rainy,-0.3995439164064338,Medium,1929.3822965715983,48,47.76060294296845,10.129822780463376
15.609680379473634,37.19937788707129,396.7164055136052,Sport,3,3,Descending,Rainy,29.72870238789377,Low,1898.014513356643,40,43.091316576013774,7.332155891338558
2.691106699446615,22.97402304397168,394.99609008768914,Normal,Highway,Medium,Descending,3,16.100971833181614,Medium,2328.5285201908787,12,14.721702262387812,4.760364960871626
43.25121925697833,31.26494896743996,398.3839008540775,Normal,Rural,3,Flat,Cloudy,32.45907018708655,Low,2098.280447781066,28,11.34575994454105,8.252603118604416
94.04859012902836,93.38425163712404,386.6448780634264,3,3,3,Flat,Rainy,5.177071904123295,High,1989.590758430384,40,41.80346064526178,11.419946708723703
67.9416829470085,56.75509972947029,390.9551590775101,Sport,Rural,Heavy,Flat,Rainy,25.53556165745911,High,2082.7323334839143,50,32.60290847829743,9.435927779561252
37.533358705242485,26.21326894226829,321.72787787671365,Sport,Highway,Heavy,Flat,3,0.3154767189757628,Low,1706.294775487789,38,19.86668891634571,6.4746887439926
78.52104065912637,96.7781470431169,383.10067889897743,Normal,3,Medium,Ascending,3,-0.9612192139353626,Medium,2448.3789422701675,35,20.546848180705883,9.690099905804246
27.842181637057287,90.319384620692,370.8857113204275,Sport,Rural,3,Flat,3,1.0029932662788177,Medium,1274.9133314838425,51,42.681275926136834,7.716721190443317
1.725773528650203,80.3746016694513,396.278650882807,Sport,Rural,Heavy,Flat,Rainy,31.400558525213825,High,1237.8676815290255,21,8.246038434874583,3.943970996884028
91.72240637237128,94.67782335580463,357.126182844262,Sport,Highway,3,Descending,Cloudy,24.5028880944688,Medium,1740.2666571396053,64,47.204273148832606,10.074241991814832
74.8491701836811,37.61035366686113,308.51671667105563,Sport,Rural,3,Ascending,Cloudy,2.468375137014621,Low,1400.9487315923925,35,31.69744314623067,9.975993226234849
91.4763149401152,86.90954344080691,359.73988911871527,Sport,Highway,3,Flat,Cloudy,12.314749480833342,Low,1908.240419551804,62,39.588750895383775,11.56828830418454
4.672562002519873,75.1992957083445,368.6580928021288,Sport,Highway,Medium,Flat,Rainy,29.36587043904056,Low,1211.712874979587,32,18.606241065625884,4.861342312501147
100.45435533967826,89.58073996541506,322.03210287124284,Sport,Highway,3,Descending,3,7.855347523624925,High,1797.587867195845,47,29.386128376910317,9.938737235180914
74.3431440043564,83.75292525941038,339.41133835127283,Normal,Highway,3,Flat,Cloudy,36.45686705408931,High,1583.4019324051978,35,37.52452564867319,11.16500053759529
67.60744208551682,47.719605054146,359.850341405168,Normal,3,Medium,Ascending,Cloudy,36.15712561076157,Low,1463.0684505481113,45,21.812985613171243,8.337239419516436
74.95368577374379,81.95188296138045,337.4105737316506,Sport,Rural,Medium,Descending,Cloudy,19.88053715626256,Low,1778.0443991566735,29,24.448023446151428,9.016073119421518
103.73198962420368,40.996504238791225,337.4947717238664,Sport,Rural,Heavy,Ascending,Rainy,23.43884211184517,Medium,2310.913650360918,45,29.145783460320114,11.214074502290613
70.43238078706885,46.28737304224438,313.3086639172797,3,3,3,Flat,3,24.394825902452343,High,2052.0130895051725,27,3.2640088474820512,7.992252840861934
69.71404558658152,28.632457377838094,394.0746723077666,Normal,Highway,3,Flat,4,6.631080598978404,Low,1407.9241448173125,63,43.17300741576344,11.03426075389862
118.88149884789188,94.8061292784375,375.0494384495096,3,Highway,Medium,Ascending,3,11.439462492579416,Medium,1848.534976237525,40,43.34722899405171,12.222204880052596
90.80762004822816,43.28026907202252,300.1243438866102,Normal,Highway,Medium,Flat,3,1.11734997204481,Low,2411.172454461053,22,14.142741873068514,10.470678533516065
53.07525665413623,61.64979721371615,376.5613284022165,3,Highway,Heavy,Ascending,3,36.61921037442411,Low,1770.992269431524,51,44.003144584932784,8.273151767012036
84.88764000395133,51.30662691729541,373.9794992657859,3,3,Medium,Flat,Cloudy,27.57322474129985,High,1811.7101014241443,48,37.28522090217167,11.467104643594716
46.70765660301462,96.79424964668011,300.9730960155523,3,Rural,Medium,Descending,3,-2.91396801503086,Medium,2423.7649576986933,23,24.21125125190141,7.630081913116035
27.46505549801988,46.8039336750786,336.9604297613765,Normal,Highway,Medium,Ascending,Cloudy,19.72243525440625,Medium,1376.5506378791056,34,17.453424833931575,6.403794013342369
71.62222522653113,82.28366571381513,360.67476903255306,Normal,Highway,Medium,Ascending,Rainy,10.43831806320817,High,2155.553931049491,16,20.029008120645887,8.115016299209028
111.38185177367416,88.4332923704944,345.2750651858036,Sport,Highway,Heavy,Ascending,4,31.68795446776341,High,1588.9098200919225,48,26.76750388002032,11.357840089693331
111.49674240185551,54.84851979847727,377.79861187205074,Normal,Rural,3,Descending,Rainy,10.471003952508076,Low,2325.659156430984,25,20.68478302439041,10.829123948091592
41.02863337265884,50.2537451562345,342.5458332634434,Normal,Rural,3,Descending,Rainy,23.986755607040276,Medium,1270.6712306023785,35,21.06989237304669,7.935322496839981
63.3212959466034,79.81966567461023,315.3862969453837,Normal,3,3,Flat,4,2.458315005545765,High,2487.522038603629,38,10.23585634381498,7.2046644994276825
25.396307828383343,93.03167842449872,397.6415624273829,Normal,Rural,3,Flat,3,20.143997034207644,Medium,2199.1914658944665,29,35.41981905729392,7.826598632354764
119.475733139866,80.39453864577906,324.2039992776047,Sport,Rural,3,Descending,3,8.224857964909715,Medium,1569.6328773012458,29,30.51861949023348,12.69946077488306
117.73414894415228,38.170109247349245,371.7692310541332,Sport,Highway,Medium,Descending,Cloudy,2.419979006313075,Low,2189.1126617880536,58,49.595884202378976,12.58815428537226
77.94107156489368,91.06461979501644,314.3156311664072,Normal,Rural,3,Ascending,3,22.86666161214052,Low,2399.860694296325,22,7.148085789703262,7.781163488306704
96.5296871612968,51.00653339494664,332.90126137839326,3,Highway,Medium,Ascending,4,23.73885400069191,Low,1346.792608527325,11,5.775543601877541,9.494122606332418
85.812019354044,66.09835294223474,344.2027608430424,3,3,3,Ascending,Rainy,39.2509201510204,Medium,2387.6518772139384,31,25.845021726876443,9.55357709487507
71.17898628473618,86.51484954341689,319.2232004527064,Normal,Highway,3,Ascending,3,25.109772684750205,Medium,1668.2267501269887,33,7.684339099152698,8.04512101597084
6.401759638667723,35.07158139203938,344.99595763686096,Sport,3,Medium,Descending,Cloudy,18.20694723372077,High,1208.3970970865594,38,30.569995438227423,6.849893996581513
54.57172110631933,82.76081085420425,315.716282299175,3,Rural,3,Ascending,Rainy,36.067937938813735,Medium,1346.1472616130532,24,9.886143922583502,7.32497533711232
80.97435626008927,67.69302383285421,355.900653898589,Sport,3,Medium,Ascending,Rainy,32.27263684098051,Medium,2350.2321084652704,38,24.20162504376484,11.266688193735714
81.30379366604215,91.46733134620864,366.3713252520194,Sport,Highway,Heavy,Ascending,Cloudy,19.69358252980804,High,2477.466408604202,37,30.60444134713678,7.606620937484541
44.77471421068603,33.757632147483434,306.2434284028011,3,Rural,Heavy,Descending,Rainy,18.010708498336328,Medium,2363.983617540536,39,22.956235372842684,8.423782758011871
113.00303839896368,53.65457896327428,387.1132121082168,Normal,Rural,Heavy,Descending,Cloudy,37.38861335721446,High,1773.9976213924365,26,16.067266699399532,11.474357076407472
20.08284386841372,86.627447429347,318.5140885042035,Sport,Highway,3,Ascending,Cloudy,22.770716978151885,High,2449.8331346261016,38,39.13757252237839,7.335828523187163
60.04313354586727,21.53853627654081,322.5362425320324,3,Rural,3,Ascending,4,27.12006261262781,Medium,1728.9052849449115,60,42.74743541385947,10.2453145883415
82.90607718609874,28.97610934125143,366.1349840083063,Sport,Highway,3,Ascending,4,-1.0994431033758594,Low,1347.8048900421131,25,13.974686728903988,10.888592475963032
83.6562967070171,99.24521702053876,346.8751060434414,3,3,3,Ascending,3,27.323752956216666,High,1643.2239452943452,34,40.68834736005682,8.96069919333294
77.83667481225787,42.43153428722805,349.9395599171066,Normal,3,Medium,Flat,4,6.910682899300745,Medium,2497.947512666039,17,19.642537589931965,10.564721262669584
33.03458561422322,98.04345549791628,312.81549845631326,Normal,Rural,Heavy,Ascending,Rainy,0.199206544283129,High,2013.7292784091885,34,24.43241956077698,7.236524544230874
18.74478824239464,34.60252408069391,380.5735821876408,Normal,Highway,Medium,Ascending,3,33.23497489623894,High,1641.9983238128489,37,11.664309422933172,5.480595628702006
76.3128392192053,48.88755544058685,361.705424610421,Sport,Highway,Heavy,Ascending,3,26.10359889937357,Medium,2011.432826320524,53,31.323616410504982,8.918560240359325
71.91625393673253,80.22955556028565,313.5382043309456,Normal,3,Heavy,Ascending,Cloudy,13.340394050715869,Medium,1757.876578414935,19,5.136243167169997,6.01873099467247
21.52272123470892,72.62227257905428,337.3999367025596,Normal,Highway,Medium,Descending,4,14.413752679362991,High,1264.4131696542872,28,29.622712545939905,6.258476112713472
84.6166974684676,66.48979199432445,381.04099327350303,Normal,Rural,Medium,Flat,Cloudy,3.8702974994417367,High,1461.465919406338,57,49.48693228350433,12.009032638531153
54.62063900803877,62.3919340644006,356.83550459866206,Normal,Rural,Medium,Flat,3,-4.570205204017614,High,1225.0059394635211,33,37.697968730408846,9.5725822402418
80.13127099237835,87.47523549317921,310.86487791329307,3,3,Heavy,Ascending,Cloudy,10.721161280621953,Medium,1531.2298896793554,45,44.76246150085781,11.224684805121584
100.48404957241809,38.79588502667141,337.27770457892865,3,Highway,Medium,Flat,Rainy,1.6786461857163495,High,2161.434542444291,37,23.263357455710484,11.721492211475196
20.367411429230778,55.39767415948148,324.26943984557346,Sport,Rural,3,Flat,Rainy,13.97770580592919,High,1451.3141727139628,32,7.191056481086334,5.24808613572267
2.297384159620401,32.43618337251658,351.7465553653726,3,Rural,Medium,Ascending,3,32.52212895684813,High,1886.473292610318,37,14.494248501852097,5.35801468531877
93.4923103674944,67.67532765845635,384.33611288719896,3,Rural,Heavy,Descending,Rainy,0.1639463531223874,Low,2112.084834436016,6,2.546580743484686,8.319952932382257
73.16369101831391,40.04355394170561,343.626713480442,3,Highway,Heavy,Descending,4,-0.8710879038734092,Medium,1913.287142618669,40,25.140367524104736,9.0803856818108
83.95674835465461,46.70736514747087,343.3342030368323,3,3,Medium,Flat,3,35.59459989845029,Medium,1219.9816997083517,54,32.51837690747836,11.453855314094028
100.57859699863712,57.70005732988225,390.5350902327037,3,3,Medium,Descending,4,28.531280309724544,Medium,1672.34456215796,38,21.28171696834672,10.21529916889402
96.33731217894008,22.141646856250222,357.6185412507272,Normal,Rural,Heavy,Flat,Rainy,-2.6118560472084464,Medium,1774.119651104509,25,28.203924459281566,10.384882134070368
115.31041763145896,27.35503487366701,356.6191087397407,Sport,3,Heavy,Ascending,Cloudy,-1.4193281634087285,Low,1645.5793558950056,37,16.10304219127482,11.951474509058826
64.31220946225419,74.87433765665756,326.19098918753895,3,Rural,Medium,Flat,4,25.821590266701737,Medium,1910.142908213405,21,4.384318888879144,7.163283735812917
58.619475919188645,54.31759845740058,360.7722747837127,3,Rural,3,Descending,4,11.665489096645878,Medium,1867.0997856557408,37,21.656749722865204,8.026194528258088
48.22646398688761,89.18321775999163,357.59104674173966,Sport,Highway,3,Descending,Rainy,27.5877982994999,High,1443.6853132680144,27,27.435109988516047,7.327450848413183
18.442925141304546,75.57376029153596,339.6851470341864,3,Rural,3,Descending,4,13.200433118521495,Medium,2177.566243589693,42,49.13347617512228,7.580529231884631
68.71286794584269,20.6480753317858,399.0695565899181,3,Rural,Heavy,Flat,4,38.55040092945254,Medium,1409.5128284045447,30,17.42894288916057,9.148186502419115
33.24150291911745,69.33698646137078,388.1890964948087,Sport,Highway,3,Descending,Cloudy,26.2487475517293,High,1796.654981310327,29,33.92070590810214,7.916792175885146
110.55690146555706,27.49798928477731,374.9586290076816,Normal,Highway,3,Ascending,3,-2.902290581944631,Medium,2183.192860676334,56,41.14895961399612,12.635858466576169
69.9828965132517,82.47465438323954,353.73455884130004,Normal,3,Medium,Flat,Rainy,9.87257986948148,High,2106.440972355726,43,16.835997312681588,7.473466498977178
71.14082166097322,99.32061506228015,346.20598018946305,Sport,Highway,Medium,Descending,Cloudy,20.36227837612132,Medium,1761.8416501260472,57,46.50356883294416,9.123248809194417
42.5909593052412,62.49590353932092,318.48973952231995,Normal,Rural,3,Descending,Cloudy,1.384313719016081,High,2225.596532147011,41,17.00768122978049,7.229867598561066
6.2387222373248985,74.62236001553043,330.5737474014624,Normal,Highway,Heavy,Flat,3,-4.886586496611694,Low,2127.885264557578,39,48.49323505641621,7.079142602247424
3.8092518447586334,38.98513287158012,377.396079982321,Normal,Highway,3,Flat,3,-1.4311340455227666,High,1699.896692461724,15,0.2076302018451153,3.863364073856618
50.8002172983837,55.00781950030348,345.37489539375514,Normal,3,Medium,Flat,Rainy,18.59185649632756,High,2364.167393702487,51,31.74524883709507,10.474609834532382
10.147845371668542,88.48762657891069,388.2269516569501,3,Highway,Medium,Ascending,Rainy,23.451479089850693,High,1384.5473780800005,35,39.51731976273262,7.145147517652815
72.8216346648167,33.3938358197001,314.79111363455286,Sport,Rural,Medium,Flat,Rainy,-0.8193480937604383,Low,1666.0267579853737,38,14.075014906019783,8.259100850237402
105.7167606767589,41.24284844910097,350.83470960136367,Normal,Rural,3,Flat,Cloudy,24.932043575752598,High,2107.1525726134737,15,5.940808657809395,10.373907715685334
105.94977798224666,55.634694022882414,364.6965684021309,Normal,Rural,Heavy,Ascending,4,22.77058707646041,High,2334.87068616976,17,1.3159852001227537,8.654577923878483
79.08544921586788,76.97991134752112,351.6848456307926,Sport,Highway,3,Descending,3,37.29536419050682,Medium,1619.353648493842,27,3.8129061244858,6.912740203047712
25.34781977675172,50.0707163836539,388.9226891584987,3,Highway,Medium,Descending,Rainy,32.83039712030215,Medium,1929.615119399361,50,27.19739873387542,7.888708254873322
103.55961976306465,94.2185823826403,398.956328182914,Normal,Rural,Medium,Descending,Rainy,37.44588386825343,High,1215.3916747801177,37,41.97445343692619,12.3428055953723
106.33121223758498,27.556564101497536,311.583465834137,Normal,Highway,Medium,Ascending,Cloudy,38.47484304205448,Medium,1682.0956344927106,32,3.250230176747882,9.362212608927202
23.598430194355046,49.66433580358781,312.9954904076921,3,3,Medium,Ascending,Rainy,14.83638411908299,Medium,1630.2155086760215,20,5.747700858795258,6.592314804239546
88.49113029248127,76.71632987427375,313.0324113560121,Sport,3,3,Descending,Cloudy,16.955980657510484,Medium,2295.2121783381745,15,0.3546398054932452,7.902886847811433
34.38234587125476,38.07894125291939,368.1177096070528,Normal,3,3,Flat,4,7.672988573009546,Medium,1296.1696977405063,38,14.185642198302554,6.379493814446182
96.31683748235156,72.51305073837383,337.26760954958377,Normal,3,Heavy,Descending,Cloudy,17.879458116767662,Medium,1280.7489437437853,37,46.07019466694146,13.041778400980334
119.66854798843232,33.13735665818768,373.3314661265906,Sport,Rural,Medium,Ascending,3,1.7821614189645354,Medium,1775.5126496525422,37,13.886771093378597,11.202062532845783
3.6031206395271376,24.47842278893491,340.5471472886979,3,Highway,3,Descending,Cloudy,25.21439323411891,Medium,1729.6057053321072,36,22.096640905806726,6.800640165678466
107.68390389491184,29.681257339891907,362.7606721332064,Sport,3,3,Descending,4,-3.878035940073671,High,1410.0279097063385,31,9.02997404800742,9.506591440043696
74.71566403183897,94.39878265073078,376.9858005678893,Normal,Rural,Medium,Ascending,4,5.603249032849739,High,1542.347453511888,27,5.902598367695765,7.433350547422174
116.80591429977854,64.14007063516411,354.82159106549204,3,3,3,Descending,3,4.36322641860918,High,2466.4528326131312,31,9.201482885738628,10.471946860235777
55.80114210317132,83.70766203837192,353.9503590450006,3,Highway,Medium,Descending,Cloudy,37.20500821399243,Medium,1867.1373336642137,31,10.600598420645666,6.063431018972121
101.68655166856485,46.6123600724041,308.82343252856344,3,3,Heavy,Ascending,3,1.5205788268532112,High,1314.2090009089204,11,6.601412406435262,10.621088242479749
7.487288231793268,67.41269183083574,341.0781742909435,Sport,3,Medium,Ascending,4,35.084895285239234,Medium,1264.670869122014,48,39.59849527401331,6.223027064459996
40.233486009395484,59.59617069639933,354.57771532249376,Sport,3,Medium,Ascending,Cloudy,0.5961199615673696,Medium,1254.519230636587,44,23.914557355680763,6.250148721212929
8.041984530145196,95.65903675218352,346.198082566641,Sport,3,3,Ascending,Rainy,24.281409382620808,Medium,1705.7247530330194,26,27.034494435318315,5.7645489671039165
117.04117601748848,79.80597088432883,390.07820001884255,Normal,Highway,Heavy,Flat,4,9.394868567800216,Low,2325.3025849561536,32,18.795063707098617,9.94966793625353
98.0368688726204,78.44341051972633,390.65306321194896,Sport,Rural,Heavy,Descending,4,9.22010658461462,Medium,2282.7915713383413,13,10.616067758567176,7.580455793603624
102.30569054951646,23.708261554742364,382.1917380588762,3,3,3,Descending,3,39.92219950546593,High,1678.2523153959723,33,4.785693060661733,9.569041426011632
112.5558277720673,63.97357352029529,337.529807537312,Normal,Rural,Heavy,Descending,4,5.171928600681584,High,2206.750660332614,22,3.888692582922975,10.554435591626437
10.212418334374242,57.35931631214519,371.7299151687535,Normal,Highway,Heavy,Descending,3,4.115203057049916,Low,2177.922994120629,20,9.338587084709973,4.204434068407387
46.271711101600005,94.22738132849555,339.528846106961,Normal,Highway,Medium,Flat,Cloudy,21.52006370940836,Medium,1827.8940773657423,47,42.52379204559993,7.828101049945969
8.524186685280256,40.58735905516258,323.2593598975759,3,3,3,Descending,Rainy,28.333857866285783,Medium,1725.7039604875545,35,10.905604959963028,6.011429823095719
25.295172186003438,41.58667626328754,334.29026435508814,Sport,Rural,Heavy,Flat,Rainy,39.21270355855514,Medium,1434.713207319514,41,17.805497625881994,7.179754878859118
27.52389324452068,52.90769991052003,307.0964633285536,3,3,Heavy,Descending,3,26.563619840685732,High,1562.4022836527192,27,28.68030702313319,6.5222219763104325
56.29286532570944,39.46957707251008,333.1777509004648,Sport,Highway,Heavy,Flat,Rainy,20.284197981268427,Medium,1640.30406696085,48,25.61951393993473,9.995656588974004
32.22746009443711,30.33471342469996,346.0742217261172,Normal,3,Medium,Ascending,Rainy,13.410927299113943,High,2256.533191655836,49,33.32444942360275,8.198797850571708
12.117372818131331,88.59318773206407,395.548089478083,Normal,3,Medium,Flat,4,21.780076403769986,Medium,1918.838860900328,14,9.796309994597625,4.562120342514271
20.098930691292924,64.66212195231327,331.3410586219625,3,Rural,3,Flat,4,22.037574853871128,Low,1461.188884984379,40,26.250041542422174,5.334225860513216
17.673067626250912,88.90901751652534,390.2453539205521,Sport,Highway,3,Ascending,Cloudy,4.797017223894569,High,1324.5758941223046,35,38.41068305607018,7.27978143213682
116.7692157494758,86.49078123229567,322.8858275823497,Normal,3,Medium,Ascending,4,25.204385269021152,Medium,1845.662975854438,44,19.43659704224276,11.336737776633544
91.11510083021685,42.56338838317369,319.0968897759249,3,3,3,Flat,4,4.199070579898184,High,2066.2115819110268,42,48.59753047956429,11.91613300210442
116.13137583234744,63.81899554594192,351.89954564321647,3,3,3,Flat,4,17.04796705279116,Low,2264.548696719473,33,28.93967670134745,10.123246229274107
52.76885838094903,26.65741621920564,367.2511369297406,Sport,Rural,3,Flat,4,6.694128068346053,Low,2236.5090699005264,51,33.77384523515059,9.805625996453491
33.40421779951879,93.22015072246067,304.43322508022817,Sport,Highway,Medium,Descending,Rainy,9.076046067838798,High,2271.402434112222,34,23.008478208782225,5.765425868231175
95.7951836651024,52.341017205212246,322.1065865047217,Sport,3,Medium,Descending,Rainy,22.62446589982134,Medium,1782.2015549149903,49,42.90675711324146,11.651927390406223
39.150470164937616,51.49409471112171,345.5683666501316,Normal,3,Heavy,Flat,Rainy,-2.098169836798988,High,2325.3547601965142,43,22.62919750743472,6.840128403448995
35.926004844641795,44.220429649436255,333.10043359831815,3,3,Heavy,Flat,4,-4.458433310409765,Medium,1777.9907262665852,43,47.11978764787255,9.461888521257125
27.900719064939743,56.85309957685631,371.2621079348322,Sport,Highway,Heavy,Descending,Rainy,0.8779004296439634,Low,1418.5576777601775,37,15.44377809512761,4.131867881325392
15.561477386908242,40.14075092363584,351.1160596041317,3,Rural,Heavy,Descending,Cloudy,2.591814013352389,High,1716.5921145310792,57,43.30438834702922,8.116726922277657
30.77556732201192,49.98818182374436,316.03591056039,Normal,Rural,3,Descending,Cloudy,3.904283562053527,Medium,1642.0326007349863,47,32.003723366451254,7.403067454003164
42.63836981686652,83.99576388679054,389.44653793150906,Normal,3,3,Ascending,4,29.82689815965159,Low,1709.8298836401627,52,39.972828003342,8.437874440901627
80.87930497748765,86.74044028681375,329.290567548336,Sport,3,Medium,Descending,Rainy,15.10860851670454,Low,2056.2050419704947,16,1.9812941011867853,6.538133865954877
7.507781066334189,44.33459821028129,373.1131108964423,Normal,Rural,3,Descending,Cloudy,16.147126022992246,Low,2053.991471903636,17,13.936254622487295,5.270374068136208
25.260832759841158,57.52115444422303,377.99157791054097,3,Rural,3,Flat,3,23.995037328499457,Low,1492.3719751969988,58,42.36923480503232,8.063301683429033
97.08283683500116,89.90558210240418,396.3157700256102,3,Rural,3,Flat,4,27.809894578578145,Medium,1610.709739594963,35,15.984851301780187,9.082261047098957
17.630630830052493,24.21386654637577,349.8507466524101,Normal,3,Heavy,Flat,Cloudy,-4.842124270095378,High,1973.961366014916,37,35.66150213267759,7.872516779021155
41.117417582702586,91.13159695966284,361.5835515464432,Normal,3,Medium,Flat,Cloudy,33.55264011123263,Low,1309.3669986974608,65,49.61022184761301,9.613677562561628
103.7590706229768,37.53474765218654,333.4876293479534,Normal,Rural,Heavy,Flat,Cloudy,39.47956812733488,High,2095.263455081896,22,8.940720608468274,10.307256935720355
18.59103733721312,74.28313953715006,367.81792934120665,3,Rural,3,Ascending,3,0.4813344507289772,High,1432.5599968641734,40,20.935542431136703,6.387443802819173
9.928420274182788,66.60413571076802,346.338348586632,Normal,Highway,3,Descending,3,24.29862626456066,Medium,2305.924478745904,34,8.339822867230797,5.104938108210168
58.1445594096013,64.23525985514017,343.7652364724422,Sport,3,Medium,Flat,3,-4.891381051956059,High,1722.06395466389,23,7.798894080094405,8.22970204461042
36.29034135342437,88.74881798022571,385.54675291161055,Sport,Highway,Heavy,Ascending,Cloudy,-2.793673122143794,Low,1487.047626415549,45,31.68883704252922,9.08785037251283
67.6090037380625,28.125771491572905,305.01688434986886,3,Rural,3,Descending,3,7.825045903872489,Low,2068.166531180167,21,9.649664234697193,7.498406221591853
96.45658685801702,47.762242026050885,388.1962427831869,Normal,3,Medium,Descending,4,33.088183798883534,Medium,1920.2400473731489,44,24.184432051963977,10.247258158780957
16.45781857832918,63.06021970758125,385.2069837828557,Normal,3,3,Descending,3,24.362540564698183,High,1423.516316444454,51,48.89927953373626,7.351484975989672
69.6838901465142,84.90310831568318,350.6366253561789,Normal,Highway,3,Descending,4,15.06194193875471,High,2275.3093526243947,16,16.723161153734065,7.189879535206823
60.66105124678367,37.31544667293372,349.0202854205628,Sport,Highway,Medium,Descending,Cloudy,14.736931312107677,High,1789.275797071344,65,43.69412934960459,9.846287602591492
17.289454321583946,84.2343873099421,336.180736803549,Sport,Highway,Medium,Descending,Rainy,15.9724108458907,Medium,1397.9183242008753,25,19.878616564763004,5.110691123165179
74.87981826347789,51.97107859951486,399.4173791681735,Sport,Highway,3,Descending,4,8.99648985104517,Medium,2235.036540495096,36,13.216959039560845,6.744592922489324
32.836850143292594,35.11310851469563,311.1169332753841,Sport,3,Medium,Flat,4,34.497153293148145,High,1373.4648262470423,33,16.87895998547557,6.644081051287306
58.540118225281496,80.71891523547862,359.0215235628607,Sport,Rural,3,Descending,4,20.55411090399088,Low,2458.450052336456,20,6.471555219455171,7.260333612135779
9.872678913247428,27.271912117963826,368.1681590112417,3,Rural,Heavy,Ascending,Cloudy,16.777748358663377,High,1774.3527508126317,42,33.981359282092775,7.29488184245582
55.15008686563477,61.18138992603544,393.43300082169446,3,Rural,3,Ascending,4,15.928447142069675,Medium,2146.6889470146034,48,25.500095239842054,8.688909004108897
36.77561616513844,25.110062708951077,378.02034968567614,Normal,Highway,Medium,Flat,Cloudy,37.112191010407415,Low,1787.5580486184472,45,30.73014011092934,7.527262567185678
98.68574534224253,48.51342841262301,364.3847202811546,Normal,Rural,Heavy,Ascending,4,27.56478676988568,Low,1443.831468428309,12,15.22432960873307,10.44968052400368
6.837447239684193,68.0861439205114,311.68123168121224,Sport,Highway,Medium,Ascending,Cloudy,1.5166549622463543,High,2185.548241122696,28,32.707901773944144,6.793488994045128
50.2328729901996,64.48924331897705,337.3733516831467,Normal,Highway,3,Ascending,Rainy,14.663657647446929,Medium,1576.1641276838625,10,8.313484525753209,7.802935991793693
55.01177089577256,52.37243343237332,313.8841642547985,3,Rural,Medium,Descending,Cloudy,7.97674946865355,Low,2087.143182845807,28,32.65838852845981,8.31915443056317
87.00072915589425,54.32383951776926,388.12127324655137,3,Rural,3,Ascending,Cloudy,39.40908959785732,Low,1534.5845339154214,32,4.14879409339527,7.873900648135658
68.91450901082533,38.14156426806132,374.9621155563643,Normal,Rural,Medium,Ascending,Rainy,13.692806784093136,Medium,1513.440761299068,41,20.073630462095224,9.72077266939362
80.06548046330172,56.47060707392824,375.75367867972295,Sport,3,Medium,Descending,Cloudy,-1.945845363659794,Low,1794.679302804504,54,30.526677130486657,8.910509592125676
93.24591427821072,96.26038845766674,365.2256517773544,3,Highway,3,Ascending,Cloudy,13.504540065826196,Low,2261.111176624202,48,42.7803454759996,10.949236322854352
103.46435683898264,88.03623342270323,350.7043536936709,Normal,3,Heavy,Ascending,4,9.460762627267089,High,1997.7229676048555,52,40.63950980213245,10.798344360835078
37.66505960669646,31.618629526107505,314.99710594634973,Sport,Rural,3,Descending,Cloudy,21.981219118521157,High,1284.069517346975,46,26.39480884317764,6.9743589455494215
64.56272464366836,22.38246298567368,332.9694886705052,Normal,3,Heavy,Flat,4,5.173517885306342,High,2154.0241052652946,41,44.18019779867034,11.200849778884182
100.81296941270398,94.68194501733043,313.69157924768905,Sport,3,Heavy,Descending,Rainy,-3.3811857635278253,Low,1953.7023016369087,40,25.344557966096776,10.239168913831678
118.73413571580676,62.13997999045981,372.4913142852344,Sport,Rural,Heavy,Descending,Cloudy,-0.6853831178498888,High,2010.6351888531708,42,25.90661910951593,11.54853239597442
106.74231732525158,63.02702585194461,316.0228776022005,3,Rural,Heavy,Descending,Rainy,7.741641529046442,Low,1659.6516089655404,33,36.05562696919963,11.439400680362446
44.57607151492522,82.45743965652179,370.21135501716856,3,Highway,3,Flat,Rainy,10.674518418989845,Low,1923.010146355122,48,43.9013379062798,8.48240947492136
23.41998206623805,45.17511790970613,369.2255389595905,Normal,Highway,3,Flat,3,32.55027430201298,Low,1683.4553081483868,37,30.175553164975064,6.453783221470131
58.72710448879064,58.55260550688017,345.9304478991289,Normal,3,Heavy,Ascending,Cloudy,7.153135780647316,High,1305.957372509712,53,47.21516862039072,9.571384544015766
88.99697422032507,97.493033051739,313.52286541180524,Sport,Rural,Heavy,Flat,Cloudy,-3.582812593577924,High,2297.7593646429523,17,11.706044696025428,9.762267560114
59.10828849039571,73.77189495459257,331.4800826134037,3,Highway,Heavy,Descending,4,30.13300674412844,High,2081.4347395976183,66,46.22304050871652,9.623802357533958
57.98170359764022,32.29960255966287,332.0093109075551,Sport,Highway,Heavy,Descending,4,34.10129065400332,Low,2071.5707157698403,16,11.160482466536838,6.403114397281132
100.58765052981607,30.658139838748266,370.03851331432935,Sport,3,Heavy,Ascending,3,17.15378068302375,High,1451.7823939857954,25,26.368133307534816,12.449516773618624
43.36845348806237,36.34118066664043,311.37430194137244,Sport,3,Heavy,Flat,3,7.821725384041184,Medium,2062.6755348145366,34,39.821986631575925,10.045505503191224
103.17536097739747,81.3369339536574,382.9068646216091,Sport,3,Medium,Ascending,Cloudy,29.746294605328718,Low,1501.6398109989573,34,40.09904994811072,10.519770108472317
48.816576114206825,43.63016030724928,376.1007290185914,Sport,Rural,Heavy,Descending,Cloudy,-4.599571699310428,Low,2093.795093235724,38,13.980147182256273,7.937003105674133
39.387972681400726,21.711107734006383,318.6306918174274,Sport,Highway,Medium,Flat,3,36.581270309855256,High,1633.5896300071845,50,49.29617149280241,9.940913488721389
54.47878934396388,95.53394908045294,371.91643817788895,Normal,Highway,3,Descending,Cloudy,33.94892401947901,High,1404.767922756222,31,4.122110763762291,6.657162667110268
91.49363504098422,33.577073311592855,366.8513181467822,3,Highway,3,Descending,Cloudy,19.517494447967607,High,2378.143654869991,23,1.8356590785721727,9.573421885342515
15.120243343679313,20.76465489184549,374.81208001109263,3,3,Heavy,Ascending,Cloudy,7.491153455940486,Medium,1336.0454218252423,64,42.09232000628232,8.402350564937484
23.570305904642087,38.97052819066584,318.89285554486946,Sport,Rural,3,Flat,3,-3.521980276295105,Medium,2190.3241616002447,35,40.969043637711465,7.916980700388937
114.17337907957103,38.80230296945069,315.75903221564687,Sport,3,3,Flat,3,39.9920687588588,High,1332.3083695896985,33,35.66959057602633,12.029239740010738
21.058995285762883,53.76042006765785,323.64839859227544,Sport,3,Heavy,Ascending,Rainy,29.29331753674078,High,2090.135535984259,44,42.55362380333487,8.37887736445089
68.12727815172654,93.63118652000294,336.58717031489755,3,Rural,3,Flat,4,10.241944411367127,Low,1343.5012730560734,15,6.964206885744952,6.323262618201135
69.51773599943255,90.33479342232783,379.3664981035801,3,Rural,3,Descending,Rainy,-4.132761276254694,High,1861.4718118067456,33,4.874808491994988,7.615689469615722
58.75493544602938,56.55156439859424,373.792393747885,Sport,3,Heavy,Ascending,Cloudy,23.768127780734694,Medium,1444.3943994067054,68,48.473191392235385,10.12049046391452
77.36942982921823,52.87199239934452,392.5451592278533,3,Rural,Heavy,Descending,Cloudy,39.4106802588263,Medium,2326.55605753099,49,31.24947584034802,10.541210239756577
27.57920709571421,64.4007269179881,305.8629559098616,Sport,3,Heavy,Ascending,Rainy,26.818271888470026,Low,1721.929940105405,54,46.000352684937305,7.4645630868883694
66.31947213320979,39.47632095774126,301.1556281014186,Sport,Highway,Medium,Ascending,Rainy,-1.232851614358763,Medium,1220.0542543501704,45,45.33151688819034,10.18122627449792
44.660790629627655,24.174799357309027,369.9138829700799,Sport,Rural,Heavy,Descending,Rainy,13.102526747810028,Low,2016.609627847066,54,32.69167798453805,7.452219932089333
79.40007115550269,95.13793089369652,327.92874957941655,Normal,Highway,3,Flat,Cloudy,-0.0867441772598862,High,1778.680880581663,34,31.46087819518988,9.61559814880654
16.946825204777937,34.935918790173815,333.4078895533818,3,Rural,Heavy,Descending,Cloudy,36.04722473204264,Medium,2317.661086223054,27,18.0612956182766,6.505652703504914
68.50529002073715,35.872058339657315,354.68020259145123,3,3,Medium,Flat,Rainy,9.868651192866135,High,1763.087431116363,19,7.540591792004417,7.345849466619746
22.232442645998844,57.79682630831581,310.24131231267984,3,3,3,Ascending,3,28.0019438203302,Low,1734.4826241621788,44,34.36158713852619,6.567669233004388
33.437167573804366,59.32906758722645,364.26944165480495,Sport,3,Medium,Descending,4,-1.188933889590202,High,1790.3211797770718,61,40.91124244032518,9.611958934117132
26.24517603882999,21.474736776059355,332.514744623115,Normal,3,3,Descending,4,0.778661310794778,High,2317.8102236927434,28,27.276725126871437,7.653764034824118
21.94053358425805,31.836379101917657,363.2715124300992,Sport,3,Heavy,Flat,Rainy,25.57694479228081,Low,1962.8693299845024,8,2.638370091755812,5.93262191145447
99.08531418728003,50.25238548485934,383.40069130733855,Sport,3,Medium,Flat,3,32.95659767629761,Low,2070.1711463062848,23,7.331393514119086,9.641962813480292
34.28490811930684,74.69845548084312,317.11113333374294,Sport,Rural,Heavy,Ascending,4,4.065248034907553,Medium,2136.534152002532,26,5.187820886918913,6.912902296377189
111.25485382373392,38.27347654655487,393.087309291452,Normal,Rural,3,Ascending,3,13.825176069867856,Medium,2418.7701791728546,37,32.92579926658727,12.700075012222534
116.3911830414229,53.841155699341016,353.0688141062444,Sport,Highway,Heavy,Ascending,4,22.8737665616407,Low,2288.776770428578,48,28.28297544812971,10.109433647475608
68.55125639245168,64.58760517731734,392.2927765173968,Sport,Rural,Heavy,Ascending,4,30.832435266712267,High,2405.4695401361523,40,23.378364667789665,8.413131443123069
17.160134719887168,91.08739956986336,320.7730082201778,Normal,Rural,3,Descending,Cloudy,23.268847467067648,High,1646.2964222395508,47,27.21608693945814,6.082815763738258
44.94578920554975,46.08564018616987,360.45626646042376,Sport,Highway,Medium,Flat,3,-0.7058335710840478,Medium,1479.2920547731812,14,13.87014663347747,7.301998071907544
95.72787160178568,30.68466126907868,340.3887117323605,Sport,Highway,3,Flat,4,19.42686977503378,Low,1464.40636551007,60,40.255885858930846,11.434264388360788
44.08688744364846,59.14177807180866,377.4222191156013,3,3,3,Ascending,3,34.807300666445656,Low,2315.141419795853,40,16.494408043488033,7.336277951912305
10.44206619633465,79.73772813472496,360.5908943213296,Normal,Highway,Heavy,Flat,Rainy,34.061067446079285,Low,2279.768600145288,41,32.25062957492275,6.26220221676201
66.81418931138255,28.78878056421868,349.45154569583184,3,Highway,3,Ascending,Rainy,21.325702348793257,Medium,2045.535094815716,44,19.60462490693568,8.719914364951919
101.41450217952418,53.97467933575683,391.29854064310086,Sport,Rural,Medium,Ascending,3,39.80632930468775,Medium,1281.825099191621,5,3.701109596152485,9.020156923949394
95.51116645722028,21.422811300998674,337.71170641716805,Normal,3,3,Ascending,4,-0.2694324927040066,Low,1613.4626045976102,27,12.921876078617675,9.332904116112651
21.01477681564239,22.68473453178009,321.99802048981815,Normal,Highway,3,Flat,Rainy,16.536791082624376,High,2154.461674099038,49,48.25840653703387,10.268077964917683
80.731753729496,58.63626905733325,360.8101186852092,Sport,3,Heavy,Flat,Rainy,29.88056377087332,Medium,1523.1394058562048,30,9.60780231003037,9.21079539506617
26.460511612277653,43.85578385207435,362.40284371728137,3,3,Medium,Flat,4,1.346715315137165,Low,2011.276597004152,15,5.335941808699256,6.70295286640877
26.184904146260667,87.60858392043298,343.90946215718753,Sport,Highway,Heavy,Descending,Rainy,38.773739266728455,High,1905.5635884369012,36,14.628494392126475,5.238302501506416
104.8886127966222,68.17234449011634,348.6610043689382,Normal,Highway,Heavy,Ascending,Rainy,10.932094533264024,Low,1541.4740862783424,53,43.90850280743634,11.503872109560406
29.96027432882762,56.314636939439225,395.95534142999,Normal,Highway,Medium,Ascending,4,10.75628892903659,High,2414.6394400845365,34,15.370718573885313,8.553069168154456
31.58968158216134,52.63482968434371,373.26856913968015,Sport,Highway,Medium,Ascending,3,4.593743551354278,High,1533.7607640377428,28,20.927268967497746,7.854756036120948
0.0784068913559465,59.77963841516506,311.0601751482577,Sport,3,3,Flat,3,7.9607858829967455,High,2363.2285016876103,35,15.572838372988144,6.7445448818188805
104.48028409506212,23.235106497012907,321.2130070870611,Sport,Rural,Medium,Descending,4,20.99150050328938,Medium,1903.2114949057625,63,49.449780778963536,13.937638641184352
95.11137758509616,91.4234685136528,397.5576634435559,Sport,3,Heavy,Ascending,4,14.320943007292954,Low,1319.376416928099,55,49.99376744715055,12.101966088777305
75.27947221088137,99.86425245871666,372.6465553793531,3,3,Medium,Flat,3,3.702018024702859,Low,2283.71218193955,26,24.19036038719088,8.832165449198662
90.03189167266108,34.51896998869589,391.5045126144653,3,3,Medium,Ascending,4,31.41129731424112,Low,2228.861657483207,32,39.26280290746914,10.989699596814964
18.24582809093901,29.63063718196958,330.3861463988722,3,Highway,Medium,Ascending,3,-2.199231179417315,High,2280.2668891235016,13,11.080985894563034,5.641036487538147
54.99883135050905,31.486197075887617,374.1866860086593,3,Highway,Heavy,Descending,3,32.55937350251223,High,2029.5931093309816,30,18.77732782003879,8.62703000112457
42.146326481853706,72.88216465874937,371.4002708523511,Normal,Rural,3,Flat,Cloudy,7.372242609156061,High,2125.100314222268,29,33.99904960429404,7.911862622780235
11.25318315084198,72.91526707606198,329.4689985439375,Normal,Rural,3,Ascending,Rainy,17.31564998931873,Low,2379.1753742138435,40,14.387787188202976,4.442632633642358
58.33565822579089,87.83393298227287,355.08163254507053,3,Rural,Heavy,Flat,4,12.147904236477633,High,1366.0078512575903,12,11.312467268373572,8.365995331891147
110.48875804111624,80.14611107410026,362.7415111270295,Sport,3,3,Flat,Cloudy,20.67709510253713,Low,1307.9491976616264,56,46.11967031157646,12.738584292099093
4.807094286083338,55.97517386954718,348.1131810827465,Normal,Rural,3,Descending,3,30.81954978130789,High,1362.598330681364,21,12.290473987492394,2.7441316105305686
34.97530961925526,69.02842892522551,382.7178706658013,Sport,3,Heavy,Descending,4,39.51939070636128,Low,2331.093135490833,16,3.057963165149603,5.380009590808208
24.904912344684416,75.06277362944063,383.28690417979897,3,Highway,Heavy,Ascending,Rainy,8.772661554425571,High,1931.8144545724488,37,37.57929189734338,7.131768212350985
28.57759843988356,61.018917622818016,385.0600548301557,Normal,3,3,Descending,3,19.921198556359016,Low,1428.8848656501225,37,12.23908756764719,5.7520549728553725
109.01214622552504,58.05207875613093,380.3423569098163,Normal,Highway,Medium,Ascending,Cloudy,15.970339694874884,Low,1384.2256888418503,25,22.564188954197338,10.360451319706652
56.16828650811482,71.60779565141226,348.80834771971445,Normal,Highway,3,Flat,3,39.95176716909043,High,1779.0506219740362,28,5.666695994899307,6.337731756605752
55.95592955277826,64.5979639180523,338.1438298149007,Normal,Rural,Medium,Ascending,4,31.4011133724752,High,2260.4542726837763,22,3.5189273624941846,7.229223749832208
91.26907709463389,71.51538442687283,383.1376283714371,3,Highway,Heavy,Ascending,Rainy,12.868773636108674,High,2246.7297354300795,48,23.07623901955171,10.643253455269615
18.539064480591097,69.02838191706911,349.0201458556267,Normal,Rural,Medium,Flat,3,16.45955750234409,Low,2306.628989627204,40,16.920708275967538,5.4012651875192
58.4718424920061,77.53572484109237,324.63713986279816,3,Rural,Medium,Flat,4,6.0680467491967,Medium,2199.628153434351,45,25.34566882390695,7.883794446838067
51.598225694527166,71.42428070263009,350.7343532322216,Normal,Rural,Medium,Flat,4,28.986129388697197,Low,1280.1057525640815,49,48.29258443748408,8.238434973896563
71.62928286559874,61.57939891498138,314.18498219192423,3,3,Heavy,Descending,3,33.034530387029896,High,2136.21697550482,17,20.4286754837724,7.777673780421091
119.94692439005264,74.54374490275092,369.1629490598799,3,Rural,3,Descending,Rainy,38.42440706303142,Low,1874.6496775135788,33,30.172589476768785,12.038774884009875
92.33386728984566,55.95855721483424,333.5921281623906,Sport,Rural,3,Flat,4,20.462300356800867,High,2144.335877220102,18,4.9700095768564445,9.257886983662084
47.74388436209127,39.33369807780808,326.06587984474544,3,Highway,Medium,Ascending,Cloudy,25.180735100684775,Medium,1829.5675615242749,48,44.307288489242666,9.37454981228255
99.30636627288564,20.11345761071324,395.6508746234745,Sport,3,3,Descending,Cloudy,15.072647425125671,Medium,1828.6007664263768,45,40.31246906187536,11.797773542196342
20.485003597497624,64.79713177166745,377.68809957583073,Normal,Rural,Heavy,Flat,Rainy,22.410782965193967,High,1363.975059287609,41,26.168109579112578,7.038698415921271
3.655642357075215,67.25241812869129,378.7069502723932,Sport,Rural,Heavy,Flat,Rainy,10.693706360805889,Medium,2376.792814131961,37,9.250506026403873,5.04826924046334
24.533804695712767,97.76391718205714,362.3721969279184,3,Rural,Heavy,Ascending,Cloudy,28.196010243428766,Low,1687.0082833449856,31,21.35490097744601,6.071759138844673
40.84938673371116,48.91826672754205,383.9172810510297,Sport,Highway,Heavy,Descending,Rainy,-3.978483541053017,Medium,1957.0863200554452,17,14.939461395841535,7.299706795189996
61.26969089514719,51.53065942626494,375.9162481163381,Normal,Highway,3,Descending,Cloudy,-3.7194417638607375,Low,1469.3031463692582,41,49.7263860941198,9.513081097674483
73.81549686494398,36.14396650737522,359.87737041336163,Sport,Highway,Medium,Ascending,3,27.225440058396916,Medium,1679.5555682578092,45,24.592830597817745,9.811845362214802
109.2726860657306,25.642743618985754,396.11244018517175,3,Rural,Medium,Descending,Cloudy,36.88072614063248,Low,2331.750650139824,24,21.169431938751615,10.125062571299672
61.18248114605492,81.82435942893925,319.1594949684423,3,Rural,Medium,Flat,Rainy,23.451202049640088,Medium,1472.4791747820022,13,8.536009973887321,6.6084506926847695
60.153077355087525,39.974485147146,394.3379718994751,Normal,Rural,Heavy,Flat,3,27.69377345516636,Low,1467.9372973449806,16,12.031536573539334,6.6640037074914265
6.029161178757856,68.71238888240303,340.1438161998865,Normal,Rural,3,Flat,Rainy,32.07704310481754,High,1538.6488433477373,47,35.60822693797135,6.744703774969057
4.189386318746857,75.02184284363852,352.8398983401487,Sport,Rural,3,Flat,Cloudy,11.275341900861076,High,1947.0594143249773,44,26.79197569547871,6.318067014745004
66.13919542996464,57.69893498333182,312.2739319544309,Normal,Highway,3,Ascending,3,-0.134885409826623,High,1876.8946873344955,44,17.965762503964747,8.900721428290126
52.58143358980134,90.10816904217532,354.0107438921791,3,Rural,3,Descending,4,36.989152926254334,Low,1427.918602454283,17,14.92098292528522,6.842093801770185
100.70164739763584,55.50358727837831,361.1206751858193,Sport,3,3,Descending,Cloudy,37.23567542510981,High,2099.559727171337,32,10.116938287557694,10.321292197167258
19.28155016542142,42.79268984334121,399.7701541808524,Sport,Rural,3,Flat,3,14.882825000743557,High,2379.8020378264955,7,1.7915048535324485,4.288672969493141
2.996599454045952,91.6812418369298,397.5192411071527,Sport,Highway,Medium,Flat,4,4.77263456475762,Low,1458.4775405319758,48,48.8597834335085,4.208775889022274
53.88465215161511,88.92514273999652,396.6397291874287,Sport,Rural,Heavy,Flat,Rainy,35.15594722464951,High,2074.839973101398,49,37.68020651044043,9.052604738478204
28.4974268102709,33.12319576611304,334.83880601020576,Normal,3,Medium,Ascending,Cloudy,26.879201368836394,Low,1962.299968193964,63,46.40075367418852,9.138357855722369
5.953724800660494,22.07688146831368,399.1266498745043,Sport,Rural,3,Ascending,3,-4.629724225386719,Low,1627.6206487019415,35,20.686288233074997,6.154317841947824
86.95179442171548,27.198844507969653,345.54781515951106,Sport,3,Heavy,Descending,4,-0.1526134343412879,Medium,2003.179804260172,58,43.48219924072852,11.819785772614203
13.391159994869696,42.923791884305366,385.1836258761901,Sport,3,Heavy,Descending,3,39.2439839247285,Low,1472.881554670358,31,12.886871103299711,5.9161981937906525
72.9983400009326,97.78078413933686,321.6319969018972,3,Highway,Heavy,Descending,3,-3.2842319536334896,High,2284.141283474538,29,25.540757213987035,9.474549406699598
33.7259700200267,64.681292252866,350.5833179656602,3,3,Heavy,Ascending,Cloudy,7.7149754663629935,Low,1228.8757124744131,14,10.203724048717367,6.569593463120208
20.819526042602643,49.8609385623415,396.60120961276056,Normal,Rural,3,Flat,Rainy,19.682335511776134,Medium,1937.181869806283,34,38.53982455025679,7.789142621591751
45.5701827503181,91.09728756901973,394.7031396923428,3,3,3,Flat,4,3.2960027292495493,Medium,1614.4142364432455,38,24.930340145959523,7.316349662570011
96.17349314675444,56.25090651827997,368.37348778214266,3,Rural,Heavy,Ascending,Rainy,5.442433886333154,High,2345.768935901263,21,26.86001962589961,10.648730919509758
47.05122922854872,45.21909027208169,379.781432255306,Normal,Rural,3,Flat,4,10.883536895290096,Low,1849.1761484530791,38,42.98678602220793,8.485056151679624
90.09235790532668,95.2975622996526,317.64266966024013,Normal,Rural,Heavy,Descending,3,7.129942074532911,High,2243.2344510521525,46,36.98694913157782,10.793116115064636
15.058355615898083,87.96141329541425,372.16585494841576,Sport,Rural,3,Flat,4,31.151030256400325,Low,2400.9664483064994,42,48.31667124095936,6.462725307747268
92.7325703598095,87.49347003355527,361.8050808335372,Sport,Highway,Heavy,Flat,4,17.512351302667216,High,1634.654416902784,16,20.32626635921395,8.402295310665172
28.43199898879784,60.98277944401705,309.1551735751246,Normal,Rural,3,Ascending,Rainy,7.537906640992469,High,2344.4444135428434,24,23.12659065131235,5.820101826459235
81.28717558666473,83.1550719052364,311.3159006589676,Sport,Highway,Medium,Flat,4,9.089321507261428,Low,2144.1626064969378,26,30.80540041941315,9.60136677896123
67.89378658091957,34.34826874116415,310.8443617751262,Sport,3,Medium,Descending,Cloudy,-3.206076818538588,Low,1340.6267162403522,23,22.72029132955989,8.521166574133657
111.49736606540247,65.85783660449948,372.43569348298354,Sport,Rural,3,Descending,Rainy,-2.777356571860598,Medium,1335.095933402681,30,21.03880744544787,10.295601726128082
46.47870215703768,98.70767382780366,314.17152082475724,Normal,3,3,Ascending,Rainy,27.305840486149783,Low,2262.5490080580826,30,17.094529922304538,5.791830811585998
7.939822660132854,43.27667444143693,346.77322711144706,3,Highway,Medium,Ascending,Cloudy,0.080987668200132,Low,1808.8109164864468,41,41.61102254442192,7.105530468729163
2.2986582661503485,83.54818633981401,335.69818058777577,3,Rural,3,Descending,Cloudy,16.410854860680182,Low,1843.6953522611077,36,26.721119245770677,5.071893286736021
99.22302731673038,59.23827257664538,355.0504140770218,Normal,Rural,Heavy,Descending,Rainy,32.90645392851086,Medium,2358.620500329077,42,30.409416145960616,10.41413122011062
62.96827651937186,23.184454657766985,370.6476487219403,Normal,Highway,3,Flat,Rainy,11.580407757724052,Low,2374.944337903265,18,10.28336914248551,7.808207530895087
93.02928622019392,81.04155182525339,368.4722537221332,Sport,3,3,Flat,Rainy,10.558850215481767,Medium,1346.51778009263,27,12.663646372516444,8.392009747973068
28.131072001381764,33.48553155136902,351.5519915914377,Normal,Highway,Medium,Descending,3,34.28717241041373,Medium,1685.7428198279265,21,17.055681100197948,7.301242040850838
41.410049461588045,70.51788537062001,346.43348736103854,Normal,3,Medium,Flat,4,33.918267849235264,High,2363.7948000498927,22,23.32191191777741,7.536274641975561
3.6124646653582726,26.85313552375783,339.7815595122259,Normal,3,3,Ascending,Cloudy,34.60615606571277,High,2265.810652847153,19,2.291972450187368,5.430475648536505
115.37907894889346,95.74939179967718,386.19099483043794,Normal,3,Heavy,Flat,3,20.73612820592915,Medium,2137.31146734664,44,44.43072894321065,13.02508435847219
80.14414880409761,43.33791097442887,333.0851804872645,Sport,Rural,3,Flat,3,37.85369231079672,Medium,1332.5573649046903,53,45.19524149720645,12.140400801097648
111.98461053111674,38.11717533419159,325.9365821167495,Sport,Highway,Heavy,Ascending,3,31.853377651781976,Low,2007.552936067627,31,33.11782801061205,12.80375962864762
31.85956889148868,30.330912325306745,374.3315493655271,Normal,Rural,Heavy,Descending,4,13.703549212856592,Medium,1956.4068221605744,42,15.871036424380495,6.27494965851933
73.3756333470793,95.68017546712382,335.97634616967264,Normal,Highway,3,Flat,3,23.329981387301725,High,1417.3171793891318,20,19.32738340264677,8.862769694120686
81.41999619511654,76.95229939530441,384.6998599757269,3,3,Heavy,Flat,Rainy,0.4805087241239363,High,2206.016426654117,55,36.72914484366719,8.2175495312385
38.10596403091061,79.3328710974471,332.78887186371446,3,Rural,Medium,Flat,Cloudy,19.80994836778832,Low,1605.5700804073715,41,14.385921173465643,6.086459567922476
101.7731082018756,59.95236491041957,370.1944824574588,Normal,Rural,Heavy,Ascending,4,6.84170875994209,High,2006.8134398714656,54,30.485009328390458,11.254611415920907
113.65937554802974,57.978222821638674,304.5109006285336,3,Rural,Heavy,Descending,4,7.759625193011599,High,1670.3861315483114,61,45.32292679918228,11.918862590466215
106.18261412352052,28.80169943931813,338.556288011032,3,3,Heavy,Descending,Rainy,0.6573204817566172,Low,1309.7137770363968,17,20.58134681968336,9.877190267568109
88.6880371127247,64.78728764671934,334.32301749675514,Sport,Highway,Medium,Ascending,Cloudy,11.118965060826692,High,1882.233360203098,28,29.39373332174637,9.923031200641674
33.295761566994486,39.75331960870324,381.6678739275923,Sport,3,Medium,Descending,3,16.662564863462094,Low,1598.6360762223517,47,46.43663037473301,10.292877466765455
33.79392505267581,98.17162662403248,396.705540322831,Sport,Rural,3,Flat,4,22.01594985340884,Medium,1292.7069043518666,16,17.09502013885754,5.088994665600117
115.60323845352455,83.72647520121178,346.0881276692961,3,Rural,Heavy,Flat,Cloudy,8.719120132118931,Low,1458.061590920372,45,38.006023301101216,11.218735242497877
1.2341395122830434,53.03936481543101,382.4836277153758,Normal,3,Medium,Ascending,4,30.65117054395412,Low,2004.5124999481852,40,37.78058060920161,8.111938776173048
85.92599678905734,32.10730069532264,369.9694700957365,Sport,Rural,Heavy,Flat,Cloudy,18.44319827216731,High,1331.79659919928,65,46.431910170889296,12.470717104282503
84.74953950663146,82.82653529110272,396.7385987663693,3,Rural,Heavy,Flat,Cloudy,23.71234490300788,High,1313.706243367756,53,42.943607027239125,10.429544193267123
74.72274491397569,29.76430136650528,381.1108514342825,Normal,Highway,3,Flat,Cloudy,7.516462404033978,Low,2427.2280397401064,47,37.46652636089288,10.524584660133442
118.8130615304239,35.14670027976564,307.74780659637304,Sport,Highway,Heavy,Ascending,Rainy,31.636114555551917,Low,1339.7803928578394,27,31.86211986240249,14.580215622987744
37.42553229164703,36.92164141953819,371.3281722382236,3,Highway,Medium,Ascending,4,23.092350275467176,Medium,1688.8776468024246,21,12.13529572080807,7.1864535651185335
40.79662365518978,64.55125106184755,353.54997154223736,Sport,Highway,3,Descending,3,33.805693725212066,High,1373.4341576285335,27,33.565368766131165,7.686088582224841
9.472728353586666,82.9645323192293,301.6436057932327,3,Highway,3,Ascending,Rainy,2.197821052223252,Low,2421.049819914925,41,13.894528960976578,5.031768186557736
53.13577638524849,45.145190297975375,325.13129587254434,Sport,Highway,Heavy,Ascending,3,12.129847011894938,High,1825.509819354476,45,22.056978307273845,7.54313896349799
31.32582314818177,26.77358514202315,392.1755245026893,3,Rural,Heavy,Ascending,Rainy,0.0857282825766851,High,1344.4550147479013,58,35.51396197803528,7.744062114947168
41.2064042613173,57.16307708195353,392.6061372786753,Normal,Rural,Medium,Flat,Rainy,4.698728990697662,Medium,2199.461375153333,39,33.7772229580821,8.184852990438884
100.14861483067531,79.84881929279484,379.8850460200634,Sport,Highway,Heavy,Flat,Rainy,12.75463770181915,Low,2215.022564019021,34,20.11983473503633,9.424710103649051
112.2581416232995,37.73310744699106,398.1779603277989,Sport,3,Medium,Flat,Cloudy,35.25618584467184,Low,2371.5593023442425,26,9.215516730205222,10.268154934963288
22.287968640622275,37.593963843149936,380.65452246242046,3,Highway,Heavy,Ascending,4,20.06683010823568,Low,2117.3520029812757,28,24.25870845894674,6.787438480334524
44.7010717864159,95.77816218773688,301.02041872852453,Normal,Rural,Medium,Descending,Cloudy,9.86702488214162,Low,1271.1311559933758,21,13.571648731565483,5.295165309926307
111.43566745384727,96.33229816953424,328.7834340301512,Normal,3,Heavy,Descending,Cloudy,28.610462329581654,High,1915.405011233876,26,12.846180486797316,9.444046880208203
7.417015282706716,99.23725856492612,303.06241822377626,Sport,3,3,Descending,Cloudy,-4.114278221256434,Low,1699.2518163538243,34,16.406999913783583,4.727675737150955
11.083263373365424,84.61276812598241,309.41079687375594,3,3,Medium,Ascending,Rainy,11.654149505920056,Low,2173.155365381376,34,35.34126414843268,5.454001509394867
19.534918704747525,35.054733533435645,321.8840816950776,Sport,Rural,3,Ascending,Rainy,22.03742634670203,Medium,1968.2077110575613,35,24.914563015195245,7.491355861927769
71.42554009522497,36.95852166394091,350.3558546325522,3,3,3,Flat,3,21.24567867379909,High,2142.760677029892,40,18.721231743524758,8.60925025808758
18.056672520719697,47.21801932179136,384.75320034620177,Normal,Rural,3,Ascending,4,22.34010470991224,Low,1434.5770932350167,62,45.0396812283393,8.166815847448245
116.169165774088,45.45060250667927,386.1966756157108,Sport,Rural,3,Ascending,Cloudy,4.517534416650971,High,1768.192292114789,49,35.368355647491484,12.879057077219567
53.60574327102244,96.52221992624072,361.6201858557296,3,Highway,Medium,Ascending,Cloudy,10.168561884706545,Medium,1761.7356250772707,30,24.783176083830696,7.711354565086017
60.18215524201997,83.1259186305355,392.81759390662353,Normal,Rural,Heavy,Descending,Cloudy,36.9204453451582,High,2475.2669950570807,46,21.122289305177663,8.576619120493547
29.599033896648777,77.92070337292431,350.00623265902084,3,3,3,Flat,4,38.82889890790138,High,1224.8432116442543,44,40.96295187776021,8.76871579712569
56.51523029216802,34.87705792465054,388.9036044133202,Sport,Rural,Heavy,Ascending,4,9.041725809935263,Low,2260.855824705241,35,8.728932246980758,8.883324927027175
79.42963591644138,92.76204474898636,345.4065256332012,3,Rural,Medium,Descending,4,24.002666653393945,Medium,1326.2451358835335,51,33.241280879313955,9.956587916141643
90.14125643448511,86.2296303604939,327.72250074218823,Sport,Highway,Heavy,Descending,Cloudy,5.858355061160763,High,1304.4914724543285,4,1.148663415013658,7.653605241390658
90.46416992518957,33.0913473062339,391.6412918100428,Normal,Highway,Medium,Flat,4,11.58379001381715,High,1626.6294410959008,27,0.4473395818482789,8.972010672259191
69.3469335232906,89.6936265568778,338.79350756788693,3,Rural,Heavy,Ascending,Cloudy,30.65506135671837,Low,2110.996962079273,52,46.59600628859125,10.51746641793548
108.52317299926288,41.7798029096377,350.34041088444616,Normal,Rural,Medium,Flat,Cloudy,17.553042850288705,Medium,2081.980220884166,43,25.74803005423445,10.699825097933504
98.08894167673311,26.469579666568485,332.88606325306773,Normal,Rural,Medium,Flat,4,33.23154819286929,Low,2016.2448373620389,17,15.824359535625256,9.248847022027046
90.84577376383506,72.5457845211368,366.283760029073,Sport,Highway,Heavy,Flat,Rainy,23.29331105465756,High,2206.916433541548,32,39.7553405948218,10.859613507884148
6.672662601655275,72.30437275074645,399.5031225006036,Sport,Highway,3,Descending,Cloudy,23.301453331576685,High,1502.0914691596545,66,49.24291749819154,8.40968278965849
0.8253554663579177,27.594560765249447,302.551354886477,Normal,3,3,Ascending,Cloudy,-3.47539873334787,Medium,2023.9977783014688,14,1.8172481918347545,5.380791555134791
25.49367326345676,45.50814471492659,389.9848006007102,Sport,3,Heavy,Descending,Rainy,28.73516616588593,Low,2029.4488095018328,32,1.994238642901788,5.20462488362014
79.62283126961427,99.42515698044308,300.39260569892656,Normal,3,3,Flat,4,39.00399375777237,Low,2050.6361666336484,61,42.75362441295016,8.586412041582026
49.3436986659055,74.27413336069895,336.4227881146211,Sport,3,3,Descending,3,16.286285211402312,Medium,1972.7897255719777,27,27.88006850824909,8.913360287715093
48.28875111591741,78.40601332826634,316.8606806289514,Sport,Highway,Medium,Flat,Rainy,2.136100673162748,High,1487.9797606888717,35,44.14881291292989,9.35949027285108
106.15042658755364,37.03338284834445,375.73417806725513,3,Highway,Heavy,Ascending,4,38.96399521212427,High,2388.58856752407,36,34.76268954099273,12.275365088598278
107.46754177582064,26.302565680313144,305.06108407571736,3,Rural,3,Ascending,Cloudy,8.055664366803985,High,2468.8060170920903,42,23.58222401237108,12.709240771713311
109.10103168643028,42.15213517927501,355.3484953584328,Sport,3,3,Flat,Rainy,13.413908008172667,Medium,2095.9427261459214,35,8.151161648275883,10.334788220011369
37.66536918180328,39.91187081545536,329.49261338453124,Normal,Rural,3,Descending,Cloudy,-1.518511365431075,High,1777.3036324993868,39,19.554071233897336,7.6783004589824015
82.92669752871141,38.76352805984425,313.36702488647023,Normal,Rural,Heavy,Descending,Rainy,-0.0123410438411646,High,1898.3480072493296,54,39.37854011867924,10.024060533803484
32.59598175292436,35.420345750963165,377.1818212102641,Normal,Highway,3,Descending,3,4.745455175173285,Medium,1340.8829735032284,17,11.772485725846602,5.194811009033859
22.87317996893397,65.98045525243235,321.74168342552565,Sport,Rural,3,Flat,Cloudy,19.680972929059045,High,1672.414667546394,39,35.64708805014722,8.474218004455619
22.155894881684304,46.24827806734574,322.3675212054939,Sport,Rural,3,Flat,4,20.100514083898364,Medium,2468.974660154516,22,12.442494498420736,6.270948979324667
41.052914503631285,85.62760120380244,327.5076785137923,Normal,Highway,Medium,Ascending,Rainy,22.280972027929685,Medium,1912.0389413892997,31,23.230365470335435,6.400194351206557
51.59491437357861,34.71579342779072,358.6766763828027,3,Highway,Heavy,Ascending,Rainy,21.271763065341837,High,1928.8158066672167,33,4.363057015114028,7.683796044342803
99.7139005266082,57.17016566948356,365.9665931690748,3,Highway,3,Descending,Rainy,17.28566423875365,Low,2440.1738297263223,36,22.80442309102097,9.880613505357063
14.38693121672545,21.0926269140864,301.7602523701345,Normal,Highway,Medium,Ascending,Cloudy,31.094439457094907,High,2352.2604344474285,49,30.6738569610212,7.052898434108688
88.1911016873873,58.53458579641536,324.18696361137904,Sport,3,Heavy,Ascending,4,37.02548638182426,Medium,1939.3312911452365,50,28.20957027634881,11.106266290814744
63.77458970271664,24.467057670117956,343.09708425052827,Sport,3,Medium,Flat,Rainy,7.13925999756532,High,1549.6881036768,31,20.38267906837574,9.4358341225549
34.5534411211191,98.21788094981147,333.1976952161233,Normal,3,Medium,Ascending,Cloudy,0.8587157037895707,Low,1352.0108398019274,34,18.547794259291067,5.904087430451772
59.13835014393895,83.24737029203303,388.41706585108864,3,Rural,Heavy,Ascending,Cloudy,14.12892822576811,High,2322.7468534031805,16,13.842397998046424,7.645476048279455
35.993048373242715,59.20891813091643,378.7708730886419,Normal,3,3,Flat,3,-3.8109931207710823,Low,2396.118971472858,49,38.37849287879962,8.05729453395257
71.52983462859672,26.926988654348023,362.58902155388273,Normal,Highway,3,Ascending,4,34.74934931702544,Low,1842.5703977507171,40,39.1536410748431,11.202877388303396
52.0612707426293,67.39563526323315,333.804241599704,Normal,3,Medium,Flat,3,5.786781711084586,Low,1322.9131360682925,48,24.20307474169559,7.05694678612681
19.728663489465447,80.70110005615021,370.067234484616,3,Highway,Heavy,Flat,Rainy,19.718348338673277,Medium,1988.0921496933524,45,19.189832068237003,6.591185629588439
13.989968946683607,35.257380240379625,384.3638012845794,Normal,3,Heavy,Flat,Cloudy,0.179274545341407,High,1677.6998186244368,34,31.90740631790516,7.014448274730731
65.60348184865562,65.45666726299928,359.4830377358987,3,3,3,Ascending,Rainy,19.89658026594779,Low,1405.2188588416034,48,27.930842872549054,8.765663098031315
108.2895639943324,85.13687187062943,378.4461466893379,Sport,Highway,Medium,Descending,Cloudy,-3.245294619416102,Low,2394.8864065306043,35,33.39604777384198,8.611700436422705
41.27492238692226,81.4598222117053,374.9104961399748,3,Highway,3,Flat,Cloudy,29.59630130150764,Low,1511.2837676620195,17,15.370175057312576,6.228332863881574
87.96001286671479,84.23936142937224,357.17373111603223,3,Rural,Heavy,Flat,4,37.99396581897616,Medium,2124.5099706000115,32,39.43864300842609,10.022572899767209
79.03936259277204,90.34587398957758,331.2183216821511,Normal,Rural,Heavy,Flat,Rainy,8.813922922461794,Low,1758.1912170934854,21,15.905466261519296,8.292146383352701
111.78658971713772,95.01456817275762,374.5782158001272,Sport,Rural,3,Flat,4,6.619657470443167,High,2276.297127474749,44,20.994291266545545,9.70222351102169
98.5177220758969,52.44169241628288,320.67963663576063,Normal,3,3,Flat,Cloudy,15.15977372140781,Medium,2111.085374562272,30,6.707894137432813,10.37281754596104
67.99263106865556,65.50152820183018,377.9488346471534,3,3,Heavy,Descending,Rainy,22.898814711266912,High,1360.1080385041246,59,42.78292918241666,10.041818168827458
78.84365978809288,83.25276208364886,380.4546692142533,3,Highway,Medium,Ascending,Cloudy,3.50331078963136,High,1784.495255053739,29,32.24925994391223,10.453826517346732
107.80637599008418,75.77118511566266,382.2144879570373,Normal,Highway,Heavy,Flat,Rainy,31.14885987682949,Medium,1537.725121858594,34,11.840824233641625,10.027147698947632
47.94225415043218,99.6416182611503,347.29159709784574,Sport,Rural,Medium,Ascending,Rainy,3.934066600768485,High,2127.659812964833,42,42.60073088473534,9.989508373991296
39.215364702933286,21.09421208837153,319.2480767770422,3,Highway,3,Descending,3,-4.75366010073314,High,1908.0954747455376,33,35.269171098302394,9.41256593080135
1.2973300362235607,48.41065722526325,309.9723600066069,3,3,3,Flat,3,18.591276261350853,Low,1642.2355830982076,21,22.164794749562244,5.361249136445792
99.18612890297572,42.4822341016162,374.3361250487925,3,Highway,Medium,Ascending,4,0.18173700246603,High,1628.2981910932376,41,49.49315728143022,12.65343766235396
96.1176840484038,40.98526801324277,388.6261384529813,Sport,Highway,Heavy,Flat,Cloudy,26.420742642417885,Medium,1348.833090711104,38,16.92676652804566,9.693771332809296
12.534542172018169,37.802382599910864,365.08383588369065,Normal,Highway,Heavy,Ascending,4,2.5361498140827337,Low,1477.9683833783042,7,5.06752338015368,6.380680982471641
69.22288573592402,76.72990726521832,314.41600603883694,Sport,Highway,Medium,Descending,Rainy,31.782117798401597,Medium,2127.5061218749106,51,36.69960651427487,8.954668932969986
55.67780378002649,26.780757862025748,393.4896448517574,Sport,Highway,Medium,Flat,4,16.16656597941991,Low,1992.8758246272864,51,37.87674708488328,10.032117778329113
14.245091461093375,79.32870671546706,398.910201453932,3,Rural,Medium,Flat,Rainy,20.48250570774981,Medium,1662.27472977118,2,3.0423587911737924,4.599776488968724
117.66818724728682,75.47406736130188,343.3378609934922,Sport,Rural,Medium,Flat,4,3.3963324386220286,High,2286.950287310674,50,40.98901418799399,13.107109191138544
25.76350649560265,40.06433060007171,359.48252892737713,3,3,Heavy,Flat,4,1.6009634888708293,Low,1829.736706253444,58,38.819481542287306,7.492292684630011
8.068101610867338,40.2267026532129,377.72285200016574,Sport,Rural,3,Descending,Rainy,23.40816099340954,Low,2232.764400661921,53,46.48685895409668,8.685222823844319
71.38168554022914,70.30884682756017,373.6389790050045,Sport,Highway,Heavy,Ascending,Rainy,6.495727690375833,High,2215.5341962942484,27,6.015601215389131,8.094745968657513
88.66400125596392,80.97368843869423,396.77871919334495,Normal,Rural,Medium,Flat,4,12.3666505742991,Medium,2302.398635844429,24,30.080396958216944,9.959544729867275
3.893213525662436,90.11884904698924,311.4883091078789,Sport,3,Heavy,Flat,Rainy,16.575211927164368,Low,2304.7032193799005,28,11.04918482700612,4.232588772733192
79.04611664724266,88.17116510835805,358.0724866142806,Normal,Rural,Medium,Flat,4,5.333512251142286,High,2082.7813782152443,37,20.03215345724657,8.68274987827605
63.87502511417453,97.19063953310824,369.1931419673092,3,3,Medium,Flat,Cloudy,30.794071475186666,High,2174.25054141428,26,13.328032372211322,7.189541363072015
12.39180106500581,66.51079162692089,389.009842418767,3,3,Medium,Flat,3,37.27409840090075,Low,2209.9793548619427,21,22.51995533000206,4.649586286922574
20.702865233563447,92.69244490722878,387.4109627718151,Normal,3,Medium,Ascending,Rainy,14.435192292710248,Medium,1419.9072202890572,6,5.732528788205115,5.491309718451603
68.15691567792966,84.68106186083287,397.799979356129,3,Highway,Heavy,Flat,Rainy,36.28967730199437,High,1590.318276836186,35,15.24542384217846,6.922491710710851
35.5629136215946,91.57340994512109,351.2078453937679,3,3,Medium,Descending,4,34.72072678040613,Low,1335.5116597452136,9,3.63884456112516,5.749253316154814
112.59788743815793,20.93012810282933,383.0760866813226,Sport,Rural,Heavy,Flat,Rainy,2.4721252924056607,Medium,1446.182771128883,34,24.64241620375295,11.485497248538772
98.24882753808608,97.27223934926488,342.72817081273274,Normal,Rural,Heavy,Ascending,Cloudy,2.8021875620310945,Low,2211.773427991543,41,14.904492161443653,8.27549031120594
118.02806478163956,57.882413027718265,342.2313877856032,3,Rural,3,Flat,3,16.483227766167264,High,2431.24356403791,50,29.55639673555663,12.268679999879152
31.16050067404968,83.85463916598744,325.3348364472859,Normal,3,Heavy,Flat,3,18.663573065437912,Low,2075.726106750124,34,22.8766644528664,6.5992516748154895
116.36683593575724,30.17632954702247,381.82372870192296,Sport,3,3,Flat,Rainy,10.35083765435762,Medium,2351.8620191528457,31,12.268269169427224,11.53534734119827
51.74806437498695,51.67528766511793,398.5815105813516,3,Highway,3,Descending,Cloudy,9.081444092737774,Low,1613.3696865233069,29,5.236716907936931,7.690802956579649
41.70225543765056,41.71685304167927,325.6341728347258,3,3,3,Descending,3,14.411528041069552,Low,2299.5342543984525,59,37.69050275151116,8.423733323974009
6.041943236322389,43.33270164007496,305.61315880210725,Normal,Rural,Heavy,Descending,3,26.07156766296404,Low,1640.421716573435,34,31.69331444888012,5.858209036179274
6.3318309431523145,29.860449596070534,381.55424374190073,3,Highway,3,Flat,Cloudy,-1.2022865144653516,Low,2362.4167423855506,27,1.7432068163460526,3.909517138328173
83.04135071359856,84.46110660344056,362.0230052534756,Normal,Rural,Medium,Descending,3,26.97619015805532,High,2237.459589630436,46,49.46934144253366,10.06896989792545
54.95147933208335,20.73938516648625,395.9698800551005,3,Highway,Heavy,Flat,4,36.68081177344607,High,2478.676341089326,42,32.16026470242126,9.797445313707987
27.18259512433269,45.0004365588162,325.2239219076952,Sport,3,Medium,Descending,Cloudy,29.35780189784633,High,2275.454524789222,20,10.438321258149504,5.695526763934025
73.67643675902792,33.9528434573132,307.1027658001281,Sport,Highway,Heavy,Flat,3,3.625458535577158,Medium,1717.6725561826645,35,42.04079396639138,10.100377885398457
30.34297419001334,67.12311524866723,349.24422608665014,Normal,3,3,Descending,Cloudy,-1.0633465050286124,Low,1343.103714176497,46,44.11682601815164,7.030465687659985
69.31581052133072,40.340192209163504,308.5466022965147,3,3,3,Flat,Rainy,17.067118404529253,Low,2336.555029859984,48,28.72690129988701,11.391992464911594
43.10504963792284,40.71987636224797,326.17900011027075,3,Rural,Heavy,Ascending,3,38.03827401305442,Low,1942.548265593403,62,44.29005267402208,8.706208420218035
98.82626719341827,59.06705151962549,312.5977860819168,Normal,3,3,Flat,3,31.857667932496938,High,2315.584014148349,14,1.5556709948216323,8.593772709941987
98.48353929201352,72.21512314727406,322.4132179660079,Sport,3,Medium,Flat,4,20.32301375558468,Low,1703.2675889483728,67,47.26381888725194,11.657536099245636
57.28204777468816,29.70437636521309,310.6144652821392,Sport,3,Medium,Ascending,4,1.434164053791676,High,1237.6340035092237,11,2.954460342938083,7.381424349959702
42.09829312020187,34.040916197239696,395.39059994272856,Sport,Rural,3,Descending,3,27.1226551950218,High,1268.1415634831592,37,32.15526419162585,8.501456540050832
43.50717558709135,39.77397956756141,327.85627134497355,Normal,3,Heavy,Descending,Cloudy,31.58492073734041,High,2071.6480232188364,27,17.360142383296022,7.614108672803323
96.68574308018614,97.89985712943684,344.38975859925654,Sport,Rural,Heavy,Descending,3,37.07811113916294,Medium,1348.8013425225267,21,2.061686337163648,7.809906302325479
39.38153793571344,51.77219999543362,389.8611807634222,Normal,Highway,Medium,Descending,4,22.545230537196183,Medium,2169.100594355491,43,46.47148651606548,8.248060732928426
25.087124844821524,67.91920725048212,367.7321587961474,Sport,Rural,3,Descending,4,18.150961659043386,Low,1745.275390277387,35,6.854347196844831,4.332929602453768
10.16260102503682,39.32342501727823,361.8037480561774,Sport,Rural,3,Flat,3,22.863191960545567,Medium,1932.0402929248787,53,42.70183495245655,7.64599200700095
56.00317450612901,59.23676201259903,370.5563190360837,Normal,3,Medium,Descending,Cloudy,37.446362709634506,High,2241.5773889552597,14,16.58421594989688,7.940829094417979
57.855851870381024,25.92953395087665,382.8822257105382,3,Rural,Heavy,Ascending,3,23.265718877797788,Low,1528.9928775940575,36,37.0840837365891,8.800157389751497
100.90904524834886,22.779371673786155,387.7669267851761,3,Highway,3,Ascending,3,6.591633222716842,Low,1736.7733126424628,37,12.785617411426111,10.20729585224838
26.54864357352768,57.49868214571681,364.2639670665026,3,Rural,Heavy,Ascending,Cloudy,23.62681335740558,Low,2148.424511109727,46,29.21335349261005,7.967218565706869
45.71895284020799,51.892743001472965,389.0007274694058,Sport,3,Heavy,Descending,Cloudy,34.588505776069965,High,2393.956084398828,57,39.997734976532456,9.212683205631624
97.00868866724292,30.950425575346216,353.5397527425477,Sport,Highway,Medium,Ascending,Cloudy,20.51509128682076,Low,1577.3896899434235,30,28.352373533473585,11.086361517379604
98.83483328987684,75.0081143136587,327.72908562684233,3,3,Heavy,Ascending,3,17.621447260436835,High,2009.539827715372,42,15.39697292578397,10.217808859912624
46.15332911745219,99.43227927194116,388.0076708883845,Sport,3,Medium,Ascending,Rainy,28.00161622761316,Low,2436.578146517253,24,11.74844312217052,4.882329393113864
55.094882794401705,51.651745695737,354.1472827413087,Sport,Rural,3,Flat,Cloudy,24.74449128151655,High,2043.5078457532431,10,8.822799279409557,6.741795694442473
36.39430690191395,69.96469087339156,390.6137587567234,3,3,Heavy,Ascending,3,-2.449058047083999,Medium,2360.625834516693,51,41.95674484995802,9.620654959701938
111.90658541031743,97.03807538915883,304.0167813950581,Normal,Highway,Medium,Descending,Rainy,27.639001340384382,Low,2421.648806919903,40,30.58603699420189,8.58419061401526
14.237251888989636,86.52279779575002,339.75157515412354,3,Highway,Medium,Descending,4,13.339724353873804,High,2408.145409157385,33,25.483028445396823,4.852630956548675
112.0499307601764,57.08417786421486,394.7805018362468,3,Highway,Heavy,Descending,Rainy,37.34042260138317,High,2186.020209604304,16,12.554076123053925,10.058781705921453
82.06397422024119,78.99915875679355,324.96500927583025,Normal,Highway,Medium,Ascending,Cloudy,38.68613447883436,Medium,1917.72413219369,27,21.74428710217948,10.131508693831153
63.78865832240774,30.250803220041924,394.15362460384927,Sport,Rural,3,Descending,Cloudy,15.19324681560476,High,1325.7786892611232,46,31.041134136897345,10.1206944874029
3.919087294139505,60.968308437103936,395.390246112925,3,Highway,Heavy,Descending,Cloudy,38.59576809960652,Low,1489.51798273437,26,3.68689451025114,2.526825235975099
57.071543018641,42.32482217439493,388.21423142258607,3,Rural,3,Ascending,4,8.986923173019832,High,1532.4972644515046,35,18.099675335339164,9.845862928453426
48.92977260032787,32.89309503169289,356.3668045093299,Sport,3,Medium,Descending,Cloudy,25.718998965339,Low,1243.2374446880544,17,12.051232222215964,7.982010112277488
19.346257437014707,54.10247250036279,364.6939449080638,Sport,3,3,Ascending,Cloudy,-1.6225380000762062,Low,1332.500391280461,44,32.36109382248266,7.375122486658474
78.76915242007883,30.48116435468916,386.9616998449869,Normal,Rural,Medium,Ascending,3,1.5245206831951243,Low,1583.1837077617838,52,30.35282349730347,9.779356635787645
116.5381088841943,75.91880865395885,377.5897082389184,Sport,3,Medium,Descending,3,33.903665607001834,Low,1317.9632249330573,14,15.040833182794028,10.730587081265496
67.46265732774302,56.49920352426684,363.0093849455412,3,3,3,Descending,4,35.22028176836336,Medium,1420.3955100537394,28,2.1773730331325702,6.839713967561854
85.7703931732735,62.49157060517311,398.2259407870703,Sport,Highway,Heavy,Flat,Cloudy,18.96750363863851,Medium,1270.742876588624,20,9.22235626525844,8.626723025567717
8.214054307922014,31.71007509345256,368.5676636333694,Sport,3,Heavy,Ascending,3,10.289804212611187,Medium,1741.4924444788162,31,8.08709757218599,6.885967873508491
50.12003949803937,31.18173288747956,397.5481992447761,Normal,3,Heavy,Ascending,Cloudy,15.296076929377772,Low,2267.725479174989,43,28.462877314622613,9.170625673232092
13.963018219739505,66.67323482080992,305.73884746070905,Normal,Rural,3,Descending,Cloudy,34.13310201150952,Low,2255.916997464184,13,8.547643672083058,4.4793679023467226
73.53550026438126,98.80077982635572,313.8960370742212,3,Highway,3,Flat,Rainy,4.494704017941306,High,2376.3575584775244,30,24.16848427821762,8.611302966436101
112.61785898569856,27.70004665901805,345.14588460004904,3,3,3,Flat,Cloudy,8.269160408571837,High,2169.2793533631625,25,30.764988982426765,13.63625591503621
79.41332789659663,42.8585142852625,338.4879460884315,Sport,3,3,Ascending,Rainy,30.34493204137455,Low,1517.7745437216608,64,43.9903225916857,9.587891737820366
9.216365797730584,89.556729323031,378.2734841357028,3,Rural,Heavy,Flat,3,37.08712506623871,Medium,2113.106865392569,26,12.326875392372166,5.204671799906089
42.55994459820994,25.781760980418955,316.0614026469204,3,3,Heavy,Descending,Cloudy,-0.8182696993023066,Low,2179.968464427592,8,9.377055518838231,6.363059879960337
66.07960553290218,90.0708577093561,397.6095179111488,Sport,Highway,Medium,Ascending,Rainy,31.16975356085331,High,1906.039803873436,33,8.745366273339704,6.676354489783342
48.38493073599027,61.9428786699801,331.5065875260914,Sport,Highway,3,Flat,Rainy,24.028073811932096,High,2249.113775174729,44,18.085422544652907,6.497994270076172
100.03728125702068,52.66134191411407,342.89237077401594,Sport,Highway,Heavy,Descending,3,5.3847195008822,Low,1292.6455953496577,40,32.494142843995185,10.421541820203242
97.7605205651987,44.77444514811647,327.4745032440023,Normal,Rural,Heavy,Ascending,Rainy,29.01177384991456,High,1973.2147629767803,43,33.62593479391458,10.833820997368056
73.41972241238658,43.76937265022735,357.93636173265475,Normal,Highway,Heavy,Flat,Cloudy,27.756222924969755,Medium,1823.861394089037,12,10.626998842765548,8.95754951257288
44.81495341592463,44.4642065959583,305.8628700422584,Sport,Highway,Heavy,Flat,Cloudy,1.3913415197235135,Low,2246.7753594987284,9,6.648549247855816,7.38823097297058
30.640364851589297,90.78424647681568,314.9677505570449,Normal,Highway,Heavy,Ascending,Rainy,17.60129758351249,Medium,1366.3487743266317,22,22.489028893055632,5.580554801360057
12.70491818557552,77.90361841398284,374.5797703418724,Normal,Highway,Heavy,Flat,Cloudy,29.123098728279963,Medium,1476.4111696339378,21,7.145444969618994,5.429805878201663
42.587722018386486,73.57784062649205,318.6500583404804,Normal,Highway,3,Flat,Cloudy,3.619485706351563,High,1926.299553792007,44,40.664745172992106,8.28559084475082
49.58070206492634,83.89993191616006,323.5514451556663,3,Highway,Medium,Ascending,4,15.824471007602655,High,2431.3669185403664,16,4.285684229514011,6.554123067643856
81.09875101248883,40.5691730403316,379.2982235724838,Sport,Rural,Medium,Flat,Rainy,0.4333506112890131,High,1308.1598727975113,46,37.629456776770006,10.600891602053268
78.97917891570881,69.44342496654045,309.33011783572533,Sport,Highway,3,Flat,3,8.807571581840213,Medium,2166.390131205013,32,2.228130984338087,7.504562835322577
8.412976756950833,56.80529911663608,343.7473822770841,3,3,Heavy,Flat,3,4.807520540569039,Medium,1467.0189626129943,56,40.36850738815023,8.53358408164392
47.43111785173893,82.59533081601546,302.3063386997227,Normal,Rural,3,Flat,Cloudy,17.728200702618516,Medium,1337.0835285103492,27,31.394868611932665,8.463739514398117
21.81346406608343,44.74048883786284,334.6807399317904,Sport,3,Heavy,Descending,Rainy,1.35469006693386,Low,1713.1959479966044,29,16.18641798232848,6.844743053367036
18.81752463801668,71.45428934959166,369.8981402610754,Normal,3,Heavy,Flat,Cloudy,12.24178399266308,Medium,1957.9686826962516,36,20.335372888754243,5.927445488899379
99.27625796846952,90.57699294538509,309.01032797172286,3,Highway,Heavy,Ascending,Cloudy,7.382330724354674,High,2275.1233235237405,44,33.713500303809866,11.250422679923624
5.029826005950904,52.172038095594296,388.833462677876,Normal,3,Heavy,Flat,Rainy,28.572201139313957,Low,2025.099405962012,32,9.362844385665555,5.149361393383246
50.30194510825456,25.32976698939692,390.9499042940716,3,3,Heavy,Flat,3,26.48513979109047,High,1839.1672858040097,46,44.527001387562905,10.37739285758672
20.184438691982184,61.28406578734342,310.4990375125135,3,3,3,Ascending,4,-0.7281261650469757,High,1571.3675762696953,36,24.196067996175543,5.283750486071134
105.51962588141689,47.67779902456208,399.07324363757766,Normal,Highway,3,Descending,4,37.906774954506325,High,1580.3189563310857,33,38.030960770293824,11.771230619865005
66.84486159300421,73.778030443774,329.75295533954886,Normal,Highway,Medium,Ascending,Cloudy,28.510731313604,High,2201.7498806445706,38,25.38413168614434,9.234927052917008
27.765676365221765,96.08263397988848,308.4101671131606,Sport,Highway,Heavy,Flat,4,22.718141308649574,Medium,1348.277577540994,19,22.668733500401903,6.567095118986305
60.291274459965166,58.84866543974776,300.50671144972625,3,Rural,3,Flat,3,16.496567265310812,Low,1390.4158975831413,30,23.53381656164461,8.880072403053504
87.7783631643739,57.29521841244271,340.8522895763863,Normal,Highway,3,Flat,Cloudy,3.006508934444753,High,2135.65729269484,21,18.219923067594863,9.079900974599624
114.97416107033206,72.36678401531682,362.98099857061175,Normal,Highway,Heavy,Descending,Rainy,38.29071896440572,High,2449.354638067386,53,36.66443436396091,11.736571812779244
26.45352050945027,28.27980028748541,333.2179249903313,Sport,3,Heavy,Flat,4,-4.646373048391632,Low,1356.3044643329874,47,42.323006942704126,8.798434393337583
106.3418126555214,40.28049511400117,383.6717365474623,Sport,Highway,3,Flat,Rainy,26.16165104034449,Low,1992.2539077194344,42,42.73439354888198,12.585735324658234
112.11649370009884,93.51834604003189,371.660627556505,Sport,3,Heavy,Flat,3,17.834994604223432,Low,1510.9449034484917,31,6.145171125310449,9.367671768693318
109.97046534384796,73.5954090691013,335.01615319680326,3,Highway,3,Ascending,Cloudy,35.61618505110583,Low,1233.485159334272,45,38.09225847699637,12.911471349282056
76.24972282342918,21.0755235186733,373.43096666086046,Sport,Highway,Medium,Flat,Rainy,12.13137757096492,High,2281.94795288414,30,10.077735523293358,9.173920160163345
75.57847853216492,36.37003780472159,394.04877369692497,3,Highway,Heavy,Ascending,Cloudy,18.338998853557783,Low,1861.185985182844,11,0.7076994167261783,7.785086099036407
48.38527598205873,74.62698128231193,309.3095998543017,Sport,Highway,Medium,Flat,4,28.40527263610237,High,1231.0569372027437,16,13.845405860434408,7.013305080671224
90.28774587645457,81.15193620500594,330.6103960157617,3,Highway,Medium,Descending,Cloudy,-2.8595055504864964,High,2364.0892927299465,30,14.714143051774697,9.01366089656103
63.75528220211183,87.18876581392335,346.33259391166933,Sport,Highway,Medium,Descending,3,-2.5486141538740306,High,1896.390812815584,45,40.50847379876306,8.559551635852062
81.29256854739533,43.37414427056359,349.79901277547685,3,Highway,Heavy,Descending,Cloudy,4.525273697706794,Low,2158.1876049279285,60,37.14557613061421,11.632526137089496
51.41494846185545,94.482287702205,354.2195644886074,Sport,3,Medium,Ascending,Cloudy,1.589106258815292,High,1750.556254425854,21,4.325760057377882,5.420902532552614
87.77957568517668,64.2357514862314,330.0626906538649,Sport,Rural,3,Ascending,4,-4.710043924974821,High,1440.3482545160073,19,16.365469258607202,9.572869275248596
98.93658211254588,75.72312179103143,366.7259645982349,Normal,Rural,3,Descending,3,23.03454199477948,Low,1805.2452975318647,16,12.639862349340255,8.53599251912588
17.572350792337936,67.73910902239264,364.508450352983,3,Highway,Heavy,Flat,Rainy,30.817208535520336,Low,1573.974055588449,31,29.81321387052307,6.273477739348631
99.95156586890737,29.81920437396964,357.7821506271614,Normal,Rural,Heavy,Ascending,Cloudy,38.0701739351016,High,1585.7560704230127,46,27.12144746524469,11.695655055471272
64.83558381483687,97.0491727507904,311.37617217108766,3,3,Medium,Ascending,Cloudy,14.84051429523632,Medium,2037.0415576975597,32,33.97774899830264,8.515942676632742
101.35990909082692,29.83004639153221,347.6967891095944,Normal,3,Heavy,Flat,Rainy,7.587429620870575,Medium,1322.303551571766,39,45.545418616051016,13.039116735739512
51.75620476092176,40.39055651289469,335.62268874893755,Sport,3,3,Descending,3,33.87561019503239,High,1716.1188917775598,37,21.11157052344653,7.517972112910098
45.484858245964205,85.09023041783841,349.1038469838123,Normal,Rural,3,Descending,Rainy,32.99780257777265,High,1910.639012354912,31,32.830608143883914,8.016181467775185
109.80728790206668,69.48775692008812,392.1866435515026,Sport,Rural,3,Ascending,Cloudy,23.11794449201665,Medium,2122.8147141545605,49,45.92578933777613,11.555399196789892
30.14031210580816,87.05193323010856,348.05313431584085,3,Rural,Heavy,Ascending,Cloudy,7.291706738887058,Medium,2022.769041439219,36,27.129861163084584,5.782662992913217
101.30547903433715,61.25889506992359,301.3980791839512,Sport,Highway,3,Flat,3,35.88329177076705,Low,2352.120541923719,38,15.483220904507256,8.194923207874483
58.08246870112849,50.15945882933079,343.8836738084131,Normal,3,Heavy,Descending,4,3.0280601511300578,Low,2490.0995672882063,18,20.20471770500693,6.689587119118848
61.691453106151165,93.7476399638228,382.0648180049382,3,3,Medium,Ascending,3,-3.0359073360341475,Medium,2418.650451219216,59,37.755221467230406,10.23390876504127
37.016193778738085,22.900185401183588,378.0060923218168,Normal,Highway,3,Ascending,Rainy,30.847822812731398,Low,2193.398084638072,37,36.028556789489464,8.23799237104801
68.76506407428188,88.49041762824368,351.3390073528181,Sport,Rural,Medium,Descending,3,20.364657719550635,High,2091.81983130861,45,37.44592854415891,9.22993185568775
39.02534355314536,38.46542281502253,324.97690128593155,Sport,3,3,Descending,Rainy,6.091051770333632,Low,1246.0611893407824,31,37.19051482483939,8.032435595928831
4.712329708998277,87.89890622031743,346.5088662914545,Normal,Rural,3,Flat,4,25.19030480440957,Medium,1893.548456479804,51,46.03089904462908,7.842392865143523
32.63983264132273,31.13572907335085,356.3702219418192,3,Highway,3,Descending,4,29.502243571574432,High,2062.8319714803483,34,38.223856777389805,9.87319415887762
0.7654852087908814,66.41751709524324,399.9871438274134,Normal,Rural,Medium,Descending,Rainy,33.00456781040321,High,1736.822062315494,41,42.78631059754047,6.441106064368968
117.4025744468228,91.04863352091776,364.4178090169377,Sport,Highway,3,Descending,Cloudy,7.695670718588403,Medium,1700.2355966719936,31,28.728211365739558,11.384709920257883
115.8896651783697,57.88317175191124,369.42649300626135,3,Rural,Medium,Ascending,Rainy,-3.8485646936622775,Medium,1905.2844281160096,50,32.244152198414625,12.691106502306411
47.4186356966766,79.72533390427144,349.1454143568052,Normal,Highway,Heavy,Ascending,Rainy,17.951746901208374,High,2378.6318939129505,68,48.38920175356072,9.048057647698313
87.40450252075752,84.37372942844468,335.448955078253,Sport,3,3,Descending,3,33.5235369158677,Low,1539.2068798620692,40,43.52801371163926,9.657024428902236
41.496731809251,78.91953669734234,381.2952983647206,3,Highway,3,Ascending,4,4.351960176787218,High,1718.77126739486,39,38.8902760077677,8.916299385363248
80.53117885031713,94.02637894996786,349.4932324339236,Normal,Rural,Medium,Ascending,3,13.95064629033423,High,2049.0141486437906,44,34.30718065298495,8.593923942246501
96.6516051655175,55.74673844159429,399.4690129964525,3,3,3,Descending,Cloudy,6.538933078819992,Low,1441.809437955895,23,17.990060065030068,10.342567488926948
113.61074936306888,33.85003513321246,345.7120574268044,Sport,Rural,Heavy,Ascending,Cloudy,-4.398680685924064,High,2285.37465467295,51,27.45146563139761,12.79948904718384
48.02547310196064,23.824885096198383,306.80002836475774,Normal,Rural,3,Flat,Cloudy,35.43358433995061,High,2065.8873659645947,11,2.850896604799528,7.872945650507853
93.99575795472572,39.716789571000405,368.25781370900825,Normal,Highway,Heavy,Ascending,Rainy,1.0773952019046202,Medium,1657.9406776313715,24,20.866720805248804,9.517215335443534
31.911414075854253,31.45580031041937,304.6641450925811,Sport,Highway,Heavy,Flat,3,29.50452020890781,Medium,2138.817106272246,34,5.683631244975548,6.546111829462769
118.8398764552378,64.63589931475843,325.0501596884704,Sport,Rural,3,Flat,Rainy,10.597145430624725,High,1563.1504985477804,51,36.45911284198589,12.285939421319576
3.092351851722137,34.795626976938564,335.3738252779904,Sport,Highway,3,Descending,Cloudy,7.495685900799934,Low,2206.799165755312,51,44.62665009228234,5.896497685388721
72.42345678013452,23.11469658314969,373.9483585621328,Normal,Rural,Heavy,Flat,4,37.346299892741584,Medium,1291.8944689743244,9,8.78674148489148,8.451078910150326
79.14071779815926,22.879186309493427,349.4235926407613,Sport,Highway,Heavy,Flat,3,24.57397690332891,High,1754.7775835897642,27,12.359600851612363,9.814306194993526
82.56546684889545,86.52555986918892,302.8645931310257,Normal,Highway,Heavy,Ascending,Rainy,25.91151978646641,High,1540.1305152219584,60,42.86334903341008,11.252502561718618
14.44650945469068,67.31599451544199,361.6849851275922,Normal,Rural,3,Flat,3,29.184381330423008,Low,2261.7105035507952,26,29.33302555239011,6.954031370847879
112.62357401677563,48.646824151470256,341.14362374266625,3,3,Medium,Descending,Rainy,10.342000121019888,Low,2178.571181812664,29,29.456613252974943,9.844394305634069
21.74199348600993,91.53824341921975,392.1834509967107,Sport,Highway,3,Descending,4,20.36490163130979,High,2294.419794729546,32,28.187530595828253,6.051384017179975
74.73040838878093,25.615728912617087,349.9562311140235,Sport,Rural,Medium,Ascending,4,7.160050482109854,Medium,2047.031954732874,9,10.991211960188553,8.05855226216716
26.7211294947702,98.42576581822608,370.8975145939339,3,3,Medium,Flat,Cloudy,32.55436819645911,Low,2233.9191429011958,34,12.240820458500812,5.402127586361734
36.865970042552505,69.30334322035688,321.88684923295466,Normal,Highway,3,Descending,4,21.9688320684397,Low,1770.4247500230529,40,47.48719146239056,8.922506596975975
65.57502500737492,34.67714031750788,376.0973564531653,Normal,Highway,Medium,Ascending,Rainy,5.953307171850293,Medium,2081.47464093247,42,36.20116059012943,10.967879329560464
50.06321022774918,74.32552791815749,372.0955310483672,Normal,Rural,Heavy,Ascending,Rainy,35.48912828448002,Medium,1240.4529697255782,27,4.612680904561212,6.482872604044193
19.227072117180757,81.070500782685,390.4081708541309,Sport,Highway,3,Ascending,Cloudy,21.13780002177333,High,2344.941991101383,18,11.224619755764753,4.008318920733973
20.512368290501797,54.34742266966196,303.3821641719199,Normal,Rural,Medium,Descending,Cloudy,17.27637264658359,Low,2090.205746563941,48,31.39306450692574,6.073409592440918
50.17737457953596,88.9306084996438,344.7500697617451,3,Rural,Heavy,Flat,4,-3.4480586105614783,High,2325.9253950340494,41,14.24492280750508,6.290994838833512
90.87395739306008,32.058592583717626,367.915540273963,Normal,Highway,Medium,Ascending,4,35.94109023222756,High,2202.1165279052066,27,12.661509434729982,10.378646366287482
107.75575762173465,42.307006686208666,309.5163900080215,Sport,3,Medium,Ascending,Rainy,37.852326221412014,Medium,1572.2896852236424,22,10.197164850856684,11.263044916599744
10.09531947112594,27.47938892671918,341.06040671489126,Sport,Highway,Heavy,Ascending,Rainy,20.31693825270117,Low,1554.744298472731,30,9.367770490478913,5.637620358439522
47.17246890712813,36.87022724858817,394.2146603066195,Normal,3,Heavy,Flat,Rainy,14.913100912655082,High,2239.530410845577,30,30.705196030334847,9.120354378308315
12.029467646745196,39.0983049528916,343.5934490891128,Normal,Highway,3,Ascending,Cloudy,11.180427970211063,Low,1440.1219493676956,55,45.30185631169719,6.781040062067481
1.991097675911746,93.4106552737368,398.5404783480632,Sport,3,Medium,Descending,Cloudy,7.062159214121605,Medium,1343.8595610769648,36,18.120479612881,4.948053515604246
79.4062419172748,26.24877510009249,305.68390610798195,Normal,Highway,3,Descending,Cloudy,20.85382020118928,Medium,1219.5548664929577,10,6.163279208670973,9.229066247215789
72.29393303599053,54.19320961501676,371.78297761408913,3,3,3,Flat,3,0.7642773856554417,High,1587.9564596942507,33,6.3025372000029,10.07472370454241
19.562293657786345,62.59189497815304,358.10162362482697,Sport,3,Medium,Ascending,3,36.36281237103131,Medium,1329.0445657399562,60,46.6911162744424,8.99881197547201
28.05753997116769,91.89544430417288,350.05396771321256,Normal,Highway,Medium,Descending,Cloudy,2.9181432126019367,Medium,2242.1924891257945,49,26.48390035808166,6.257863432820594
2.8449304373422057,99.81569749289709,397.08474014850094,Normal,Highway,3,Descending,4,28.54809680545828,High,1829.906980276275,22,23.36764698281991,6.261772806888838
100.19366468332844,80.27104919358686,312.9650400491129,Normal,Rural,Heavy,Ascending,3,8.809949756589317,High,1528.2697913862903,53,44.54798807311034,12.876260548484655
116.96287152582616,97.66327924552236,389.59989516809134,3,3,3,Descending,4,5.173198495540524,Medium,1982.713019649331,38,25.40493557369793,11.706389209790846
16.255144415362896,82.96809060286989,369.124041113661,Sport,Highway,Medium,Descending,3,20.104113070965088,Medium,1291.4581459960584,45,24.081884753145463,6.381310863173364
27.77702565183577,97.05621127771332,325.89960732996326,3,Rural,Heavy,Ascending,Rainy,29.430624152177728,High,2143.957626668552,38,46.33996142675817,8.495651922954885
104.20914287363208,76.58165807555642,390.1669145632293,Normal,Highway,3,Ascending,Rainy,27.70315010231416,High,1851.8109584239,32,23.77551023540282,9.445823378915138
111.17565575474218,26.381074036085685,342.9294917861013,3,3,Medium,Flat,Rainy,5.519035790374337,Low,1208.4192799964117,40,19.608957681122774,10.852291070853392
50.35528593681724,52.15361495941412,381.4227328073071,Normal,Highway,Heavy,Ascending,4,9.872605762132045,Medium,1614.982298789187,25,29.12494038513802,7.382374115984413
6.074696672288895,71.72778270419764,338.88365170474,Normal,Highway,Heavy,Descending,3,34.09744823501693,Low,2175.250085406086,56,48.86385342353711,8.049353564127875
4.727020043138328,48.05748075634008,385.0930827433241,Sport,Rural,Heavy,Ascending,3,27.545968503238363,Medium,1444.549721628656,48,48.19506922575714,7.822995144791869
68.87398392828125,41.87071344910229,363.6629118445049,Sport,Highway,Medium,Ascending,4,27.07122574086529,High,2450.440435233498,36,38.80251006070298,9.982413419504658
47.14741306718148,66.19194137064727,314.1046633583727,Normal,Rural,3,Flat,Rainy,7.100728434935094,Low,2365.6178876174754,45,25.01411487844281,8.096755282441288
3.438291309318542,94.6801501361948,364.9663163469528,Normal,3,Medium,Ascending,4,30.6401938453496,Low,2211.7103474347405,57,44.08493924765119,6.449309670909445
69.9902870775068,22.798549881292285,319.13447627018724,Normal,3,Medium,Descending,Rainy,11.1288007944597,Medium,1302.1128660504098,25,21.02721062112032,9.162857852617451
1.3563043906826966,81.53849628331501,341.19226278941625,Sport,Highway,Heavy,Descending,Cloudy,13.062573407168944,High,1659.9884869233938,43,32.043137932542514,5.485474156955648
94.48463497791276,77.81818224357016,317.0295584252034,Sport,Rural,3,Ascending,3,7.940249005032673,High,1587.6565486415836,22,9.053399497425028,8.79628823669384
36.77193872440459,97.11627403106296,302.20161156671185,Normal,3,Heavy,Descending,4,0.4625611167658876,Low,1378.9129139313998,48,33.098253573419015,6.00830536509647
4.830960361107852,94.45689778660348,321.18865394499574,Sport,Highway,Medium,Descending,4,13.917710334810916,Low,2499.504563612897,36,13.877685209814697,3.7777753858632392
70.60226651797839,80.97860496353543,353.63720237241256,Normal,Highway,Heavy,Flat,Rainy,-4.2377224134934135,High,1391.356925438629,35,38.61047378457925,9.775726086206154
47.72212973196656,61.632701174607895,348.1560967777346,3,Highway,Medium,Descending,4,15.515960774226688,Medium,1609.9258105059,28,20.76060404956395,6.773985066818514
116.85604960285794,36.34140425868159,350.1497095536064,Sport,Highway,Medium,Ascending,Rainy,27.62528971464188,Medium,2344.183888338018,45,19.9806482488787,13.538768603557807
65.30383950044427,63.61885746604595,324.7686878446601,Normal,Highway,Medium,Ascending,Rainy,38.23352647440138,Medium,1387.7009690381174,35,37.3542246076343,9.476273956925551
33.02870172444099,81.22815951357231,368.5161200614186,3,Rural,Heavy,Flat,3,-1.4624084945284963,Medium,1810.38636353985,45,21.32340009457701,6.123391418664511
85.13266375607697,91.65353701103145,370.4263286820346,Normal,Highway,3,Flat,Rainy,7.658081687897278,Medium,2468.397169909311,44,35.7296657267574,10.823718388379156
32.57904030512536,83.17696073684392,335.79678255596656,3,Highway,Heavy,Flat,Rainy,17.23589732252651,High,1521.475027855461,42,42.76777147127445,9.05945368421318
108.5091949689078,35.62135481528432,388.1170088474174,Sport,Highway,Medium,Descending,4,2.6674576915862342,High,2113.975682060458,36,6.930243870488757,10.677417830435257
44.96663646088517,67.97490513824475,364.4023216635548,Sport,Highway,Heavy,Descending,4,0.25728349343371,Low,1304.051542888515,19,24.0032475002668,6.813620658905813
65.98422753314463,46.57387676250856,371.3039275258632,Normal,Highway,Medium,Descending,Rainy,15.354314745274774,Medium,1981.1335236227744,55,47.25108533887077,10.495781035533843
6.068772458907463,20.73645339125144,327.73399179389395,Sport,Highway,3,Flat,Rainy,21.132873800149305,Medium,1640.7643930284703,46,40.62785442666596,7.900837527857701
51.134548554267695,36.01767486309328,300.0611635155587,Sport,Highway,3,Flat,Rainy,31.9093476945863,Low,2109.433891635449,59,48.6832520728164,10.249832383095992
99.8836247593194,29.057651994675943,386.5375612102109,3,3,Medium,Ascending,Cloudy,39.90115398073805,Medium,1762.75700706586,64,43.02939199192856,12.386071678667948
96.67785664360105,87.41752988315748,382.2424384579808,Sport,3,3,Ascending,Rainy,29.84218509942331,Medium,1588.6982405210588,42,15.579968914162247,9.236255850923255
26.91822706242315,40.68050017182496,312.31918880428304,3,Highway,Medium,Ascending,Cloudy,4.960320338484412,High,1909.8102509344385,25,9.039715241920597,7.600612956744321
27.12948852126752,42.77583751100444,337.41051349563065,3,Rural,Heavy,Descending,4,28.65901309425614,Low,1381.5929867969355,16,10.606036041798935,5.632970208949721
98.07663746558842,96.79492574391074,366.1339308388583,3,Highway,Heavy,Ascending,3,19.171913094358704,Low,2258.761561843068,12,10.922947642315464,8.116844107660462
111.64781042031906,50.32693784390817,365.2110857218728,Sport,Rural,3,Ascending,3,15.28643090665475,Low,2175.92220957609,16,3.879246103238869,10.682264777877124
11.443310552760426,20.766851211551565,386.0350334808557,Normal,Rural,3,Ascending,3,37.10778222582714,High,1908.4586230455511,64,45.34907513954074,9.538578527395602
54.00703673114703,42.707691867690926,314.02681616354283,Normal,Rural,Medium,Descending,3,26.59416641138477,High,1677.1627916866132,24,25.17717460547918,9.333932596205218
40.49451347570748,29.543966448145,342.99397477851187,Sport,Rural,3,Flat,4,25.676188309478107,Medium,2389.7940088960754,13,5.153432768385056,5.80049383078331
104.48261465489271,28.224684938868315,309.7224417926425,3,Rural,3,Flat,3,-4.470981587257991,Medium,2024.7959199966376,31,38.155816179488944,11.769429363616698
10.022989761602252,26.19898321085996,338.9595248438628,Sport,3,3,Descending,4,33.92821711209024,Low,1570.2401721349718,40,16.34947253185587,6.076724142342902
25.33511310696449,67.46075761403019,301.51074455877045,Normal,Highway,Medium,Ascending,4,30.698521483464,Medium,2248.721191296011,9,3.6447716404827273,4.847252151983041
90.29620051037932,35.147817890388694,389.8273065110127,3,3,Heavy,Descending,Rainy,8.452384506869915,Medium,2025.525612252462,36,9.568852226986138,10.000233203482995
6.15526187774587,48.89942352328084,352.7043996828681,Sport,3,Medium,Descending,Rainy,8.145103562797392,Low,1365.1164015108943,56,32.911736275658505,6.765279936927127
59.10424568571471,88.96141729040134,384.98022608023535,3,Highway,Medium,Flat,3,-2.593469297664498,High,1348.5032179913492,38,39.72091415032728,9.76289050721167
53.0528441615664,53.94705118370205,305.9904701003364,3,3,3,Descending,Rainy,-2.711460932209528,Low,2419.5365252637275,27,12.758467856260948,7.460559879499004
40.12814147864984,93.255308004131,322.7458110472921,Normal,Highway,Heavy,Ascending,Cloudy,25.08675310577566,High,1574.2855754611276,34,28.895207714167555,7.465558346920492
47.34867783827085,59.8350442716485,325.93799952211805,3,Highway,Medium,Flat,Cloudy,3.3806925808500736,Medium,2062.5273791178734,21,0.1435406348482572,5.538807662575739
63.59287043162795,51.90692918718046,338.6691494638788,Sport,Highway,3,Flat,4,36.559653242734775,High,1247.3640349876337,13,13.99153478328398,8.705704278379802
19.364083006605973,80.03111416725613,380.2866372397546,3,Highway,Medium,Flat,Rainy,32.90819926112286,Low,1923.4525178470817,33,9.163527709892271,5.402613164583364
68.63950539403113,25.85400790144017,338.6557873731493,3,Rural,3,Descending,3,10.699832201448269,Low,1500.467229119648,19,3.919656610003807,7.876014695908968
96.65187951599836,27.158270638593397,320.4653529646327,Sport,Rural,Heavy,Ascending,3,12.103084831559595,High,1381.5141501640437,21,24.246375390678125,9.890302149756533
91.21931157481907,72.15789711383685,306.4990260338768,Normal,3,Heavy,Ascending,Cloudy,9.727445238465128,Low,2205.55406332454,41,31.5876741901269,8.535126554389851
18.46798856325284,58.95525705913986,307.9491748352688,Normal,Highway,3,Flat,Rainy,-0.8422289063708313,Medium,2252.40545402143,25,2.4141800474720063,4.102039911276535
17.90993636897687,83.23322002553681,376.00472059609774,Sport,Highway,Medium,Ascending,Cloudy,-3.585642905740192,Medium,2129.775904026508,20,6.980769841848983,5.31437942796019
32.180924129389595,93.30166698748252,344.4802991036633,3,Highway,Medium,Flat,Rainy,15.345992125295378,Medium,1214.542898683977,52,46.621329820195626,7.94892969931353
43.32896716092446,51.0693502137238,372.6181122000015,Sport,Highway,Heavy,Ascending,3,37.436805152117245,Medium,1570.3819803362692,32,11.233330874088493,7.116286606046203
49.01466976901792,67.71280212677169,368.22871217636975,Sport,Rural,Medium,Ascending,Cloudy,36.27621943686108,High,1669.2496463674463,59,38.02338855304498,9.581053978560274
81.56366602000143,60.05573022362479,313.53624617602577,Sport,Rural,3,Ascending,Rainy,31.4427433504614,Low,2098.105291007121,48,37.411976250123,9.793445027116432
6.8016518599002485,98.52885245139464,314.2887934192267,Normal,Rural,3,Flat,3,23.28677173493521,High,2182.206786178945,40,16.146966868569706,4.298639407244246
4.160724507127966,86.48675258852761,375.53420154341336,3,3,3,Descending,Rainy,33.5300083011152,Medium,2016.211398636287,27,10.28543327240667,4.535055318281266
47.02926755326908,92.93901666218828,372.1268293485417,Sport,Highway,Heavy,Ascending,3,18.178083297920388,Medium,2225.814848159428,33,12.27313262542475,6.771823774138135
83.65964305655766,40.347207006208336,337.80307668743103,Normal,Rural,Heavy,Ascending,4,3.107205985928428,Medium,1755.489841165304,47,28.33835845248012,10.352003354505262
23.212241154777907,81.80211385300754,307.742226333284,Normal,Rural,Heavy,Flat,4,25.787665650515432,High,1904.3984867878023,30,19.11983511895548,6.572931646010537
76.9805377507502,41.23785799981192,301.2098021698452,3,Highway,3,Flat,Rainy,36.42907158303229,High,1283.5252276003964,47,24.828711375944994,10.391653783065172
31.179376552835937,36.69940267427119,328.81569494617446,Sport,Rural,Heavy,Flat,Cloudy,-4.117770616741395,Low,1755.3122205090524,61,40.59946290986819,7.681732223868522
106.33033305762196,95.54129277244408,300.9222273587227,3,Highway,3,Ascending,Rainy,6.314982349356884,High,1762.4230475450006,23,25.1645896013372,9.11001746502371
107.482793311994,21.54435333742933,323.00726211037033,Sport,Highway,Medium,Descending,4,6.944718607207214,Medium,1994.9761424387427,48,49.76192339434993,13.736452367949468
35.674464513759176,97.23109629307436,341.95007402113384,Normal,Rural,Heavy,Ascending,Cloudy,-0.543220762268259,High,1691.265258481811,34,33.32510681049371,7.315194655911002
27.59925047558886,31.940951759104497,312.1415765311954,Normal,3,Medium,Ascending,4,5.147239962934721,Low,1509.991483166932,11,10.44165814044781,6.310759618643786
49.35647664794775,85.55504654346146,310.42777578315463,3,Highway,Medium,Flat,4,12.279193506013849,Medium,1508.875176038864,44,25.025987227951067,6.965540635744452
28.863790221617847,42.07380424544824,389.6437435718736,Sport,3,Heavy,Descending,Cloudy,37.29259411817458,Medium,1374.034763154924,42,40.68954432598686,7.378520874670091
80.68606119500444,48.05618619445819,358.5470029022889,3,Rural,Heavy,Ascending,Cloudy,33.71195961070584,High,2111.3294451233933,11,10.993246590986193,9.447554024479684
99.12776214579426,37.34061690575879,393.4455686762781,Sport,Highway,Medium,Descending,4,37.57028009181776,Low,2009.3388953718631,41,36.49816471831304,10.460536590690644
80.77105570934604,66.84112339848637,334.58261637856793,3,Highway,Medium,Flat,3,0.4257299525052644,Low,1953.0248959225848,16,1.769106806124855,8.149244794059241
98.92205366992194,47.847643800629925,367.7144937329163,Normal,Rural,Medium,Descending,Cloudy,-3.73781922713345,High,1890.325518045068,63,47.13742818685797,11.969728346417758
47.639059464896896,72.59144315957306,320.46916746217903,3,3,3,Flat,4,-0.0552576015002745,Low,1677.798748526546,51,33.201751295780866,7.562157784370298
18.758036485063304,21.25178543536528,361.8340317279941,Sport,Rural,Medium,Descending,Cloudy,36.14330356836822,Low,2199.331926619949,29,8.212258179658877,4.534737114012088
88.55411368771105,25.14999068120317,312.95857300099846,3,Rural,3,Ascending,Cloudy,2.086988734099778,High,2398.6314145944043,36,43.72730549898196,12.539050196596689
43.25694061698647,27.972892218499894,300.2080639176286,Sport,Rural,Heavy,Ascending,4,20.768651795763617,High,1771.9859459579588,17,4.182851976361629,7.938132427991694
80.5524990274959,53.51949482481849,393.1531801409579,3,3,Medium,Ascending,3,5.241206643734289,High,1731.8151877309629,39,20.35585528594644,10.701561847839203
32.477273037811884,85.18369381279808,355.48943761752093,Sport,Highway,Heavy,Descending,Rainy,-4.071405878744024,Medium,1411.545824209789,37,36.87377204601173,6.346984969219878
9.74755617680072,91.05423283027062,392.69406627820393,Sport,Highway,Medium,Descending,4,-1.1920396035840053,Low,2071.921446908222,41,46.87659070542693,5.382475349285684
119.1098154585316,39.58485920487206,333.3831523702072,Sport,Rural,Heavy,Flat,3,26.94086603348859,High,1925.5199423911572,29,17.505632315277424,10.857252871762594
18.744180951671915,65.94957793912113,332.7786069161757,3,Rural,Medium,Descending,4,3.20649034060026,Low,2484.3973951091502,41,41.54251042507369,7.848451512709143
118.61051927561772,81.46919941540804,340.0655001773032,3,3,3,Descending,3,5.311264244506575,Medium,1959.6201168009452,14,9.917937657497005,9.114496896534964
117.27359190797368,43.10635439356869,370.6040983958168,Normal,Rural,Heavy,Flat,Rainy,11.97654253706586,Low,1575.1941260533558,11,1.852007421322702,9.476140453645286
95.25817246896476,52.72061893890186,356.5808634186174,Sport,3,Heavy,Flat,Rainy,24.575870206127803,High,1931.822860246299,24,1.5351730662981815,8.177787666866346
79.13075544983971,61.91793621485712,392.5354907099118,Normal,3,Medium,Descending,Cloudy,16.12175768318498,Medium,2480.103802537402,45,32.942707511598535,8.611956987376217
69.33684603013016,30.78998771264381,302.54409011324395,Normal,3,3,Flat,Cloudy,37.507459719719634,High,2140.3357340313946,18,7.794944566185113,8.919418569647906
103.93218544534017,22.078583498062425,370.8195937972537,Sport,Rural,3,Flat,Rainy,14.53819858328485,Low,1367.1505014009267,30,2.611183088447369,9.230163382555675
34.73274259433855,32.22446474546266,333.03276893665543,Normal,Highway,3,Descending,4,3.9608914088862255,High,1646.1114038315302,47,48.8397015389984,9.093148625988071
56.12174549818525,70.14828970028267,318.0233651818461,3,3,Medium,Ascending,Rainy,19.126427773405364,Medium,1588.2904493683404,18,12.176412189650978,9.464263896078435
74.32679632398023,25.88946092269453,351.0395622520099,Normal,Highway,Heavy,Descending,3,15.290032679269014,Medium,2313.870912683641,29,23.1814687006796,8.417738488469405
49.34285710433893,35.175709188010266,350.5063784179996,3,3,Medium,Descending,3,30.42122523407634,Medium,1994.5117026095693,33,30.69274884208388,9.723097356783333
51.29837449083216,47.0283108556243,313.70110286884284,Sport,Rural,3,Descending,3,37.08045537427671,High,2253.132595102465,25,7.30835622755316,6.187340402664693
39.63416010025013,26.229605144509307,320.18960561328896,Sport,3,3,Descending,Rainy,32.63328526164283,Medium,1429.119869463521,24,17.922726148362898,6.897564184964359
67.70781800214432,35.33594169293075,340.8164664901555,Sport,3,Heavy,Ascending,Cloudy,12.5067876216674,Low,2380.445376456255,36,32.42057155394669,10.522553870675525
102.06894336181392,92.90158311868088,340.8811412392315,Normal,Highway,Medium,Descending,3,4.7252255031111865,High,1275.8042962242826,36,32.02410970198387,9.697361307623318
24.18340536075754,21.54393057815878,331.75581396196844,Sport,Rural,Medium,Ascending,3,36.15200216562673,Low,1687.288343256973,44,42.118659705961406,7.433388630669149
112.13196465041295,72.27455393394897,314.8545151509981,Sport,3,3,Flat,Rainy,12.36728431467256,High,1218.3937575723614,46,21.927379394462243,10.43495650691386
82.69051844978756,50.7527144732148,300.437367910098,3,Rural,Heavy,Flat,3,29.659298055191957,High,1439.5633423390664,59,44.50239851509251,12.157766372064868
98.79278552160362,73.8118991545897,397.02350624280206,Normal,Highway,Heavy,Ascending,Rainy,39.52873035458008,High,2450.8936255886606,32,34.14141750270921,10.330292755732827
66.7428831156014,67.09533762907236,394.3499229703927,Normal,Rural,3,Ascending,Cloudy,20.984920668187424,Low,1302.0439308076184,48,28.14904922558274,8.31688361400587
93.54200417088762,37.87990034837154,348.3650379176135,Sport,Rural,Medium,Descending,3,16.59462107659985,Medium,1389.028550583094,19,5.945127620414674,9.051081645525828
1.9440476807360647,87.77675900587109,399.5051753275006,Normal,Highway,Medium,Ascending,3,26.49418521165469,Medium,2402.303734119176,49,28.77772521593231,5.841781682682527
98.20565097354422,59.355230608748535,367.3654330782243,Sport,3,Heavy,Flat,3,3.7268941355788394,Medium,2123.2269331214197,33,29.7741336885333,9.955025858092949
4.816663090243982,85.80288151307774,306.88575376075414,3,3,Heavy,Flat,Rainy,16.970788245939257,Low,1729.053731234175,31,37.964338704745735,6.237056815949452
106.7896051635435,52.481002895057536,311.7718199082627,Normal,Rural,3,Ascending,Rainy,9.05488406996466,Medium,1289.3955626048346,48,35.98503946742776,12.669090715530444
119.0355296686372,98.77484431321912,391.6110843869637,Normal,3,Heavy,Ascending,4,2.390254180405595,Low,2220.550646803017,33,26.546010949363147,10.408657350639642
35.28809546121334,81.6391486801037,363.0052202149628,3,Highway,Medium,Descending,Cloudy,22.45614470639288,Low,1840.5445871183529,51,29.682175652344355,6.417434317712884
25.23822675429524,97.27601640900588,384.3183626657351,Normal,Rural,Medium,Ascending,4,20.9067738456166,Low,1619.9219262211896,37,38.63990133053242,6.660639335127661
91.84360366296488,61.14611831278871,389.8269649633844,Sport,Rural,Heavy,Descending,4,29.25416198841429,High,1668.975553117604,17,17.636869080626372,9.78660856623987
30.363160910430388,57.89529058325604,344.7942011282386,Normal,3,3,Flat,4,34.28365559086126,High,1856.8607993668552,34,6.835058668466324,5.268529191010295
103.8674859806644,80.43630474602062,304.8525951576693,Normal,3,Medium,Ascending,Rainy,4.9169193709400165,High,1916.602670001616,43,43.72753908708059,11.57694315197344
12.341111058897203,90.4233010410744,318.8280348897322,3,3,Medium,Flat,3,30.08661934242101,Medium,2263.528402131563,62,48.25443688352316,7.487627649812132
15.11462356552299,97.13166366924465,306.65719473024353,3,Rural,3,Descending,3,11.532332233881808,High,2203.214838690982,32,21.522311452831325,5.036897294202239
117.49818661207388,45.96415248259998,318.87398456985073,Sport,3,Heavy,Flat,Rainy,23.29625208070412,Medium,2197.176298976271,70,49.516458484956885,14.211505855774854
80.86066779240056,83.89636590741111,341.0532926455877,Normal,Rural,Medium,Ascending,4,33.26080124181151,Medium,2148.087382216371,33,16.202476250201695,8.834256116698167
101.62646693147434,36.85164781084293,311.8196810514985,Normal,3,Medium,Flat,Cloudy,6.528330187861849,Medium,2185.122989685915,3,3.4220472951274497,9.68247549285704
38.91952528218216,63.645947739635616,316.6733247805343,3,Rural,3,Descending,Rainy,22.04325777846267,High,2080.8819827534203,48,28.6657331013187,8.25574043367956
81.17804994247253,34.387851872735936,344.58217820716794,Sport,Rural,Heavy,Flat,4,16.614349474008144,Low,2328.4305154045906,52,43.42321415889269,9.850661036232436
71.30901927703167,47.79178894002711,334.01709503884894,Normal,Rural,3,Ascending,Rainy,30.575978205282357,Low,1924.6905849379136,45,30.912342729996045,10.821422752548154
72.37801441475364,94.50866937651674,346.7658124188041,Sport,3,3,Flat,3,26.375858452349732,Low,1877.097537488364,27,0.5704146973552978,5.932169991682521
81.90389514452659,31.68725598184689,342.9172027759062,Normal,3,Heavy,Ascending,3,29.633432615645876,Low,2111.684772230527,2,0.6904508026847771,8.294681861199319
69.04310077549182,70.59207161081572,364.4478025979884,3,Highway,Medium,Ascending,3,7.957440832144366,Medium,1415.8077650037071,48,36.24511853593452,8.88651671599346
51.48748431631992,67.43634183419226,393.7189548875855,3,Rural,3,Descending,4,26.69603323400932,Medium,2210.0372279855555,60,42.28261548613515,8.470953161741113
33.11072332566562,29.65906821671892,310.78643384442427,3,3,Medium,Flat,Rainy,22.26126434168284,High,2417.002596182476,35,12.726531785229003,8.008206815034994
92.22975970958424,46.07832350150497,309.9260149309195,3,Highway,Medium,Flat,4,15.550620522059052,Low,1585.1379542591171,38,23.559539732453043,9.981334326533668
27.152691600382344,65.03852036122126,385.2806111090902,3,Highway,Medium,Descending,Rainy,12.025466066566764,Medium,1994.35844433202,49,48.05843593432491,7.423734415492962
83.0825167385297,34.97428871907922,350.6396704652459,3,3,Medium,Descending,Cloudy,9.92200138579439,Low,1242.4092676813536,35,23.08264677213384,8.139245121677291
27.9999387179192,84.04989251302523,376.6405023568442,Sport,Rural,3,Ascending,3,-4.564653741372652,Low,2195.569721474467,11,6.87712356045985,4.324502367840231
75.03962039453447,97.77252076278,321.5421903607281,3,Highway,Heavy,Descending,Cloudy,2.630134808805444,High,1927.568625141851,60,45.59148503292696,9.684936078946045
89.64939205548347,37.18075199699776,382.8862573167552,Sport,Highway,Medium,Descending,3,-2.345980449946708,High,2075.750570025104,26,24.80886669280216,9.585895441901888
26.245666668784704,34.95295718324607,392.3846624192696,3,Rural,Medium,Descending,Cloudy,33.17608941833512,Medium,1385.8905359243458,17,17.280916408238916,7.05285227332493
7.1931961033569936,56.39480574379557,363.5483015546488,Normal,3,Medium,Descending,4,33.70399916867869,Low,2252.291246969042,4,4.961892848060352,3.6131228619751647
15.716849159300889,79.82122217120258,310.58790214738025,Normal,Rural,Heavy,Flat,3,33.078700151017046,High,1532.717238546716,44,22.967588024081905,4.684819053191076
72.71963607252306,42.52804881882011,389.5294814156339,Normal,Rural,Medium,Ascending,4,31.806389395920213,High,2090.229864281451,54,38.50667117612487,10.330127417104976
101.93356874708826,21.590392695782437,379.24877273700713,Sport,3,Heavy,Descending,4,4.95987040875896,Medium,1971.0842945392749,30,35.88749873756025,12.517296118834254
5.399618548250924,63.29765024263152,375.08777765144896,3,Highway,3,Descending,Rainy,17.130377852980327,High,2049.928879966877,32,24.87972375044909,6.726266942966266
88.09815108499755,96.5280454213846,303.67281889059154,Sport,Rural,Heavy,Ascending,3,35.85296973857786,Low,1265.3084728480055,45,36.00481376670524,9.55433455573329
40.95823751400626,51.30214843255565,379.8962525256972,3,Highway,Medium,Flat,Cloudy,29.190180732117888,Medium,2164.4057413005903,19,17.60295236222053,7.390930182519707
57.423404390342704,53.61076433464803,313.7951010468357,Normal,Highway,3,Ascending,Cloudy,-4.91808713205376,High,2233.8246470859785,31,36.78988330625676,8.536811153607367
111.46314598146787,97.51213736912304,322.23861761968885,Sport,Highway,Heavy,Descending,3,15.674195938170705,Medium,1817.260570098134,15,4.378134496692887,8.214775528888046
39.83658056830146,75.56860893013827,357.7134834869257,3,3,Medium,Ascending,Rainy,-4.519841033315542,Medium,1731.5193575082096,21,10.041778267402206,5.828956824423953
55.84043207273832,77.53375382737002,326.49807729168833,Sport,Highway,3,Flat,3,7.629747114130367,Low,1645.3081151412912,63,43.89839377443355,8.581269055258165
1.6418897712817326,65.01616042968541,366.134820631192,Sport,Rural,3,Flat,4,14.609309855209826,Low,2406.2464784269514,39,14.753404807516487,4.983544552611731
9.791846400580605,97.96873686905931,360.80704476990815,Normal,Rural,Heavy,Descending,Rainy,35.180468169262554,Low,2181.5887306439954,16,10.376475583934594,4.112435627999107
31.030990936174085,75.1093187540445,310.81495980132627,Normal,Rural,Medium,Descending,4,24.44729278662969,Medium,2108.204345407643,14,4.541229147943765,4.733024251720885
3.3422688985289284,91.60262012841356,365.60145795915065,Normal,3,Heavy,Ascending,3,11.311805447045842,Low,2403.288612013132,24,19.708454220379497,3.813204389326633
75.76503912579011,75.9503092586577,392.395490982493,Normal,Rural,3,Descending,Rainy,17.079470610381446,Low,1653.3999998049776,21,3.4424055429634097,7.423422428747384
51.1678028161947,78.80926598723167,316.1109905185833,Normal,3,3,Descending,3,31.78252698686383,Medium,2019.179511561552,40,24.89932495175204,7.5474182020111185
65.77742432736264,43.23287377137972,359.7062020942888,3,Highway,Medium,Flat,3,8.484501960117093,Medium,2091.8738796849,50,45.96831637463464,10.168767256778324
20.957662307559545,44.27829584110552,334.18653719366944,3,Highway,3,Flat,Rainy,22.676564896089992,High,2495.095806313076,54,39.378003825235645,8.00848940934124
35.51184353239393,82.63877196608234,345.9611671773604,Normal,3,Medium,Flat,Rainy,6.80110977495327,High,1755.3419487293024,6,2.129621106234361,5.833621128456146
79.65893698232702,43.73650313359197,328.700017907897,Normal,3,Heavy,Flat,3,16.598354675064815,Medium,1720.2353675217107,39,15.057932388836054,8.004946522533062
115.83632683564798,65.02160566412253,335.4130636347695,Normal,3,3,Flat,Cloudy,-3.89036733970715,Medium,1309.8343016037811,20,9.463449720102515,10.935879798402793
6.050012832265104,39.94818487253616,302.8911823266557,Sport,Highway,3,Flat,Rainy,33.35238937712614,High,1327.9882301619675,22,3.440298772165084,4.928090498804988
106.84611850263192,85.35867046472555,398.15517379172206,Normal,3,Medium,Ascending,Cloudy,-2.8243025819519025,Low,1865.3387786911417,9,5.521163344184936,8.068815584420928
69.22574415734502,28.8401080982152,362.4799922072749,3,Highway,Medium,Flat,Cloudy,5.09622249272943,Medium,1422.5365472690185,40,45.41640419088866,11.15846008689624
67.67034801067484,86.35573118093316,350.0705590493885,3,Highway,Heavy,Flat,Cloudy,10.008034553146471,Medium,1294.810081934045,25,15.57315243168348,8.335391897939251
60.03342422493124,68.21838404060814,338.3715349500327,Sport,Rural,Medium,Descending,Cloudy,23.13225025452317,Medium,2454.360906545808,24,19.671971423806937,6.36609093649916
8.327290308502008,34.95276278616618,353.9374558824028,3,Highway,3,Ascending,4,27.401505950877507,Low,2436.842617280816,25,24.33647332925265,6.119765274194705
10.78522220833928,63.36283084048945,338.0105998715804,Normal,3,Heavy,Descending,3,-1.3797030971550512,Low,1622.8597988536912,45,37.27196199757095,6.041412552448736
72.10944067909033,42.59990694778723,335.9907927493673,Sport,3,Heavy,Flat,Rainy,-3.044053135184433,Medium,2226.830229013296,42,39.93868665687053,10.371401183589002
40.915028572267,45.87738677843973,346.3946541722013,Sport,3,Heavy,Flat,3,30.954544898320695,Low,2334.313769704922,42,48.1901041893094,9.33514683260452
110.07216798932168,48.122243327750425,327.59830336711906,3,Highway,Medium,Flat,3,27.047494025685687,High,1804.171188119188,15,10.612835723644494,9.559840532765778
48.79086448313667,25.065539757785675,318.00498999667855,Normal,Highway,Medium,Flat,3,32.419765941459545,High,1490.8062374884748,22,15.12320230592613,7.858017552317561
17.19377504431693,98.8769347521134,355.66058981802934,Normal,Rural,3,Ascending,3,25.444221933258238,Medium,1368.7462755040262,25,15.71673968922238,4.785980311110585
85.76626002024432,22.522770250497928,384.2765436150301,Normal,Rural,Heavy,Descending,3,28.795552166049376,High,1383.069082852635,26,22.31841378615236,10.359161744296143
35.20241057292118,72.99974985474228,315.2828177725892,Sport,3,Heavy,Flat,Rainy,12.056727237121514,High,2236.013101158109,39,40.38947713604512,8.559159662994668
63.05643688270718,49.698211820594445,303.2734340604219,3,Highway,Heavy,Ascending,3,21.55829441777364,Medium,1699.7405595341415,11,12.04885866800099,7.2087208563692515
83.7399342606204,71.68082327573592,324.6811745154036,3,3,3,Descending,3,31.24265542915641,Medium,2101.559945585713,38,39.16779615149281,9.9985401548089
108.03169334424844,48.4998602470067,397.9720643453811,3,3,Medium,Descending,3,2.7452890482932704,Low,1900.301464700944,28,10.281596917087867,9.48455159212803
95.06294337620112,73.9000517007087,382.87580737433393,Normal,3,Heavy,Flat,4,14.027033237178625,High,1713.068894550492,37,35.536366098146864,8.813591662544892
81.16332814472689,78.33884075746886,359.58660535285964,Sport,Rural,Medium,Ascending,Cloudy,28.32203958159376,Low,1360.9604609395387,36,39.97016586049893,10.80371359909671
81.55598188741723,75.24421123197158,392.9248915243136,Sport,3,Medium,Descending,4,18.968645729433344,High,1633.4836839176194,64,42.70380866664166,9.852008315292508
113.5109572838504,29.116958508652186,344.5279116837245,3,Rural,Medium,Descending,3,25.67458538167772,Medium,2292.226097109949,22,25.563248517885565,10.520435098410266
35.49889169958433,72.55145877237477,398.3280602575174,3,Highway,Medium,Flat,4,8.179113814411627,Low,2254.817318046117,18,16.502877833279776,6.18645197851296
0.1334513035424889,42.39900395632779,329.6302045119284,Sport,3,Medium,Descending,Rainy,-3.544589690704191,High,1236.8791695553891,44,38.64197324340448,6.8872917461219805
32.63454712778384,22.30410964554668,324.0305749515939,3,Rural,3,Flat,Rainy,-3.688439911053073,High,1382.3595258876665,40,16.113731212301033,7.744815743654135
26.14696555520928,53.18645375111632,363.8048201147011,Sport,Highway,Medium,Ascending,Rainy,37.42515294386565,High,2182.6715817532245,26,7.489629931451878,5.423041195675574
79.42015021367978,54.68344822430409,337.815396795036,Sport,Rural,Heavy,Descending,Cloudy,37.50430197977686,High,1636.452765276288,39,41.75085378991174,10.499955982670205
76.04539197186348,57.37393066819572,362.6365541976258,3,3,Heavy,Ascending,Rainy,4.507705297957875,High,2036.6683870460988,30,20.62092239487586,10.156098681552349
71.21536592456685,76.3859332312573,330.49955183026856,Sport,Highway,Heavy,Flat,Cloudy,1.6359546086924812,Medium,1931.478460692265,40,28.584604940447207,7.520250165313089
1.949213185134444,44.70750473139673,361.7918256837991,Sport,Highway,3,Ascending,Rainy,-4.183707474814061,Low,2047.6875100133511,44,45.93035791545907,6.438865103163671
87.4533665340777,45.22244104831381,327.5746260585036,3,Highway,Medium,Ascending,4,5.406558534186633,Low,1269.8055162015737,14,6.876251399587937,9.840912555649204
38.82364949825898,24.844180499300847,305.097206881889,3,Rural,Heavy,Flat,4,10.045814851955813,Medium,2410.4549671892946,30,27.90347643263459,8.173447463016911
79.80671868079573,74.94569727938368,391.2135901923184,3,Rural,Heavy,Flat,4,5.855918513704651,Medium,1227.26041468191,42,27.98235312324,10.01373691637688
66.7894114202584,65.42608731196671,388.32052018734623,Sport,Rural,Heavy,Ascending,4,30.882286313779066,Medium,1210.442244780169,64,43.10837615933299,9.842682714345369
41.12771105134886,47.95400901550305,397.0798149272672,3,Highway,Medium,Descending,Cloudy,28.724372467394595,Low,1493.9989031055666,32,17.128822718950456,7.281339777132095
16.14915205249293,76.41511831338838,371.65271762214047,3,3,Heavy,Descending,Rainy,-1.3543634891356708,Low,2491.544695259953,41,20.12058307373114,4.943692269159319
11.330267719257714,62.98861993815017,368.2721177735303,Sport,3,Medium,Ascending,3,26.379472364594168,High,1294.2921649804855,43,26.01272877605364,5.506796457869901
99.78219997346685,57.53959566964318,355.9003070074831,Sport,Highway,Heavy,Flat,4,18.42633039495625,Low,2336.850226213928,32,8.443279114014297,8.700952273116918
110.20770504978697,60.90596349289012,312.5942416352523,3,3,Heavy,Descending,Rainy,0.9474747868686864,Low,1406.8157915762977,22,23.586003582190543,9.301659224553411
77.97456561171595,70.90785002136452,318.923531094927,3,Highway,Medium,Ascending,Rainy,28.27909437218421,Medium,1341.834281147248,32,21.860481532090333,9.288101311593204
12.412093783258005,72.80020836596796,328.94696886725364,Sport,3,Heavy,Flat,Rainy,-1.1279495671608837,Low,2212.6615169048227,22,9.94998430332973,5.280082858621186
48.24326602658888,43.11662553125737,389.01563625733945,Sport,3,3,Descending,3,2.971779961061653,High,2300.682328919769,38,41.66782368800481,9.239713924104564
87.47270401261886,31.25946907129226,317.2969524603075,Normal,3,Medium,Descending,4,1.7151916698923388,High,2229.8377549969746,36,21.60858470986977,9.24396245270104
93.57850608120818,32.530734495241504,392.28731744878905,Sport,Rural,Heavy,Descending,Cloudy,37.25650318749178,Medium,1513.337542944074,42,15.372688934872183,9.437983790991195
14.186234674930631,71.15127087224013,352.2785733051417,Sport,Rural,3,Ascending,Cloudy,26.417020144209197,Low,2343.795543887946,14,6.605674406449411,6.079183184070743
0.0036862614458899,89.82986286137007,371.5569635473072,Normal,Highway,3,Ascending,3,13.5078668124142,Medium,1293.4510618471795,23,4.578414939077122,3.223422038127424
85.4564455056726,52.759702267644144,311.02444866805666,3,Rural,Medium,Descending,3,31.99918678819609,Medium,1644.5707022107774,59,48.01532198016164,11.34532418669369
42.79154111834468,33.56161282635699,326.9033548775911,Normal,Highway,Heavy,Ascending,Cloudy,4.718173428501896,High,1802.1380634461132,48,49.75815655904434,11.213532498617564
30.53775979419123,80.52819986350838,395.85186081814265,Sport,Rural,Medium,Flat,Cloudy,36.899197557029446,Medium,1288.0558530891296,52,44.90647665177932,7.369258919058509
1.5476963747430528,86.59915795355589,326.61499469297314,Normal,3,3,Flat,4,26.36487943955961,High,1953.796262113201,36,22.98570846380838,5.085649335760937
64.83592881137996,90.44659544967732,329.6521720391146,Normal,Rural,3,Flat,Cloudy,20.18112884536595,Low,1927.1979221852675,33,40.41499641462309,8.89077975628293
102.1380882511178,68.54651431309865,319.759738484108,Normal,Rural,Medium,Flat,Cloudy,30.75918019164976,Medium,2489.8373473806387,54,41.73068170970132,11.027259190852549
114.91579755271054,88.85828475104677,312.90736653068296,Normal,Rural,Medium,Descending,Cloudy,24.015144164132128,Low,2008.1632036243416,25,15.060479610965045,10.649150202775978
67.8893940735947,21.233196675872613,323.3257641453998,Normal,Highway,Heavy,Descending,3,34.919917375471705,Low,1716.809379864695,53,29.342849603427617,9.053382760045675
61.7353593287873,28.57886414156188,364.23268919507984,Normal,Highway,3,Descending,Cloudy,32.311869703349,Medium,2227.2403017950164,68,47.84541863626294,10.82038614412632
10.206766258708932,27.4060853641679,345.5367733503564,3,3,Medium,Descending,Cloudy,3.902372726835047,Low,1635.4571054256764,15,14.07538322994704,5.58026415452131
65.86473618511197,77.00837474037864,355.37558363378986,Normal,3,3,Ascending,4,5.78487102449658,High,1892.7292506842975,55,33.17803007250919,9.63576777088513
45.59748947584736,25.56654268348632,312.23648287660245,Normal,3,Medium,Ascending,Rainy,-2.070616380096043,High,1272.110488831187,42,33.16080214485776,8.66311137100897
72.85623370602923,59.70914979730456,380.2116447162901,Normal,Rural,Heavy,Ascending,3,4.908951272776111,Medium,1619.4655068058582,33,22.688265526743397,9.580579559834351
46.647161745185606,57.81655189090313,378.4094700579848,Normal,3,3,Descending,3,10.45699892221606,Low,1886.540419180192,47,24.56740987711162,7.791551669743408
28.83589481404401,44.85628188465928,302.1589911142676,Sport,Highway,Heavy,Flat,4,-3.7027690172378094,Low,2113.005461842743,35,22.873487363273775,8.390973230000057
11.39583302740518,89.63241359536798,338.3515094510305,Normal,3,Heavy,Flat,Cloudy,9.173314579477626,Medium,1328.7426274816016,30,26.10173845844681,6.045652913544016
37.790213350667486,33.63465615039968,306.8770601971148,Normal,3,3,Flat,Rainy,29.71956287322852,Medium,2236.342747887092,28,7.524012020158242,6.984393860340023
11.597380114530274,48.19702275193919,379.2105779414958,Normal,3,Medium,Descending,4,32.81474191061268,Medium,2370.206682646644,49,39.75788088855112,7.470634618316621
21.22763409887807,81.93372000183433,373.7269683125704,3,3,Heavy,Flat,Rainy,-4.60070195056595,Medium,1565.3483152294225,32,33.08764812776804,6.404047783874528
118.48033902954552,22.43378515146274,390.1988094293156,Normal,3,Heavy,Descending,Cloudy,-4.678383277884529,Medium,2194.9505550195954,47,48.69373143723282,14.019675342301394
53.29242682879424,73.83603201970949,323.6403958953115,Sport,Highway,3,Ascending,Rainy,1.5838198712950504,Low,1434.4530385089026,20,12.357595134748282,6.4113472564632685
63.82461198060199,85.31181810892565,345.6295883127799,3,Rural,3,Ascending,4,34.26596773302054,High,1880.4406332836963,14,7.383815329406499,7.213719517239065
104.83422344846583,94.58142710705336,318.44878771643977,Sport,3,3,Flat,Cloudy,16.11751230095592,High,2236.925974593697,33,17.193447886538344,10.930936986912965
119.46826805888251,90.1037312393188,337.123493447412,3,Rural,Heavy,Flat,3,39.230593427559135,Low,1702.4391912519964,25,25.536096017110445,12.994026386156804
69.92573392136178,45.550729346694816,352.2243251566884,3,3,Medium,Descending,Rainy,34.92991595950606,Medium,1234.1903276504672,38,10.329976766271974,8.271324064072349
97.4968585253006,66.90913130583621,305.3330789838589,Normal,Rural,Medium,Descending,Cloudy,35.05576510628679,Medium,1901.9575877784405,28,23.0839914504884,9.329991292369469
39.23292292040103,26.18347945203727,371.4870410677385,Normal,Highway,3,Descending,Cloudy,0.7814394367946553,High,2298.1098347709603,43,32.16640106094704,8.211120868548463
36.68927489367493,40.62960028384069,354.3293360371075,3,Rural,Heavy,Ascending,4,16.38532071457188,Medium,1340.8255905089716,12,2.9029476267575807,5.641533984543525
48.32444651934723,27.53779029980059,382.8959017210673,Normal,3,Heavy,Descending,Cloudy,39.71157687931085,High,1238.5338227852642,39,37.92569017291494,8.847847962413226
80.7008715208379,45.21498321231711,327.17805011911975,Normal,Rural,Heavy,Flat,4,1.7069903617188658,Medium,2251.7530087799623,55,46.99159290508518,12.028566027520212
81.86300271061185,90.01497707669832,390.3321105269255,3,Rural,3,Descending,3,20.840505412818757,Medium,1547.2723522727624,31,13.485585924668449,7.024188486334377
37.8287321579341,47.77334717394341,399.8694253030444,3,3,Heavy,Descending,Rainy,10.492599637888816,High,1673.6468174605493,34,38.8334963454337,8.947212726143587
15.985190896395444,64.95184824011412,391.92984383776746,Sport,Rural,Heavy,Descending,3,12.453616300915986,High,1313.0766388759798,33,20.954919635551665,4.366468054259353
75.88755077586103,54.67046784919526,377.7892475833154,3,3,Medium,Flat,4,35.085662681822555,High,1325.6046797518077,42,33.255189828709455,10.251080021646398
15.39910346265174,56.713321943898826,381.2368802873781,Sport,Highway,3,Flat,3,21.455615613652736,High,1998.9063639908088,49,37.17650189699838,6.42476416589181
69.41910098751961,97.56576414692466,357.37442425445863,Sport,3,3,Ascending,Rainy,29.14493752249624,Low,1917.8985441504408,36,14.8191850996224,7.364462410317772
83.21065536675708,43.69235746110864,319.01538629126105,Normal,Highway,3,Descending,3,25.29554788728585,Low,1580.122309338528,36,39.3911400102904,10.591796258878158
84.0733795673342,70.18595756185371,367.7040685147717,Normal,Rural,Heavy,Descending,Cloudy,18.805706075648622,Medium,1788.5588231702072,24,5.345055628564381,8.425370773847176
90.4166532791516,53.605013566355765,371.2753002059932,3,3,Heavy,Ascending,Rainy,30.62700394466692,Low,1704.6570936459327,65,49.33756990313521,12.741187693813682
104.74313058787976,24.89169448381489,398.53851402679055,3,Rural,Medium,Descending,3,38.68298076596728,High,2103.568791347672,16,16.91754674957123,11.790367710916144
59.99507903577461,59.14646652993888,354.1301316256322,Sport,Highway,3,Descending,Rainy,38.50687992801038,Low,2320.715732257663,27,11.267757987347077,6.784429905469419
87.62990274354854,85.06746632360867,327.1369015025056,Sport,Highway,Heavy,Descending,3,30.525340044701665,Medium,2194.6331452798217,12,7.018836880065381,7.495793232501263
74.30072824390041,27.90023749453507,368.36725217395065,Normal,Rural,Medium,Ascending,Cloudy,16.929839008715305,Medium,1205.7299445686606,40,40.6278880540854,11.099381658195234
22.396792775721902,25.56734779170472,397.93758196664544,3,3,Heavy,Flat,4,2.342153163604057,Medium,1329.4194994575505,42,29.335929630168334,8.712927080202872
3.08275738432898,32.29052163146133,317.7213908269094,3,3,Heavy,Descending,3,-2.998827096264751,Low,1758.189814069436,67,47.588347822567776,6.99085654022411
34.14496628123205,81.15200891114449,332.59979185356025,3,3,3,Flat,Rainy,5.415023576467483,High,2307.338512645431,27,32.41915168423439,6.57995010395282
53.16404476051433,77.91963073157903,354.1880953772681,3,3,3,Ascending,3,10.311609981889454,High,1508.0664444962586,20,17.09558993744997,7.419652479341403
74.05271333143875,65.20142151248885,317.0214634882005,Normal,Highway,Heavy,Flat,4,0.8432327163123698,Medium,2342.637712513061,55,41.836985447027175,11.335891083653992
101.99511966038465,57.45811232741059,302.22206395199385,Normal,3,Heavy,Descending,Cloudy,5.11443983256035,High,1343.0177561034711,11,14.133628557717072,9.66558790955374
23.54948600473988,91.06606517620976,333.6983122441251,Sport,Rural,Heavy,Ascending,Cloudy,-1.2404540947602167,Medium,1294.3892610030166,29,14.612950200479304,4.855028115792821
15.06597478781725,81.3358259066786,386.5370801501058,Normal,Highway,Heavy,Flat,4,18.565463742834048,Medium,2387.445606289277,8,1.5111764588334544,3.8877518621794978
115.6175936969193,84.95538010414441,304.3468399323715,Sport,Rural,Heavy,Descending,Cloudy,0.6843186028096166,Low,1410.570003795699,19,12.67593218744044,11.22633731031809
12.965347125168854,85.06098410805234,342.89290590169173,Normal,Rural,3,Ascending,3,28.42458834653296,High,1802.9082561217504,22,13.14556749338918,4.936535632411355
57.4189284128627,71.41737237964463,376.22007729260827,Normal,Rural,3,Flat,Rainy,9.969240016483722,Medium,1623.7441574294394,19,14.946323229188405,7.767595677490086
70.26764745519623,56.64116994527567,395.3182596910885,3,Highway,Heavy,Ascending,3,25.242822139505403,High,1391.9273650643263,35,18.494567107692955,7.178066012119352
64.96493050889259,89.17422020685203,398.5475399004432,Sport,3,Heavy,Descending,4,34.713374578617305,Low,2021.7443194480477,50,28.876031742724585,7.21178271337952
10.323858843953184,94.08059340826006,342.1969380608742,Sport,Rural,3,Descending,3,-1.1292555858345317,High,2452.77452837096,20,10.89791190456262,4.075504206185
6.843229680434324,21.904483460667443,395.03842943791176,Sport,Rural,Heavy,Flat,3,39.50503543357197,Low,2055.542280910491,43,31.874374750699744,6.3317336216589535
12.65801129532428,24.124389861300106,303.54189732808635,Normal,3,3,Flat,4,24.03595040650309,Medium,1659.8082876105295,18,6.752421460203901,5.266736479624552
70.2705220647135,96.699463752675,374.5916937998557,3,3,3,Flat,Rainy,-2.598532905350484,High,2125.3360425528926,42,46.55245380777933,11.09922277955437
65.32138651611854,42.17284910753558,364.2746034633613,Normal,3,3,Ascending,Cloudy,9.130100436677512,Medium,1386.2226021106535,24,1.4029007507666682,8.71966101915497
28.04889504440931,89.8695551719535,324.9521857586152,3,3,3,Flat,4,34.88103170236553,High,1954.0212039014332,42,45.41907466283651,7.809517223555871
76.53289702147099,51.10360951691221,350.7318500679649,Normal,Rural,Medium,Ascending,Cloudy,21.830512196780404,Medium,1810.2946799900571,22,27.405292956394725,8.95793476387575
98.40810024667792,29.528004608748446,312.9553737760496,Sport,Highway,Heavy,Descending,Cloudy,7.92500652602118,Medium,1667.9786428507296,32,35.531262727785744,12.062306956018348
4.989475181591252,26.43545601674674,387.1597150951561,Normal,3,Heavy,Ascending,4,37.32225629793313,Low,2161.4374931582524,20,14.987302271331163,6.081854862768827
59.77559322576509,32.52063192643652,335.7898085545648,Sport,3,Heavy,Flat,Rainy,30.426365668351984,Low,1354.0332890491725,25,8.772559366733361,7.400387764112548
82.71724945232283,39.991455589389176,362.6044470465717,3,Rural,3,Descending,4,28.099232326747654,High,1892.6276181281264,43,47.370005971442005,11.9516682329248
30.27743124836245,59.08146831446609,315.8776286287262,Sport,3,3,Descending,4,34.97922040030162,High,2310.716524519348,22,22.10609050556118,7.608469039052268
36.93250863517789,76.11983204526268,320.6164844631207,Sport,Rural,3,Descending,3,29.64009751188771,Medium,1462.2232024045818,36,24.07759377767792,7.335138537945543
73.63654835872606,98.911886118824,399.1956370803152,Sport,Rural,Heavy,Flat,3,7.903225893948829,High,1543.9036145083355,61,49.28535237538491,10.201744471214262
107.75223521324844,55.32053946313368,375.30863944413295,Sport,Rural,3,Descending,4,21.27487339865236,High,2058.873330603316,13,16.86983306921974,10.337844446838234
97.19093043634793,61.45479538744879,396.1971869774071,3,Rural,Medium,Ascending,3,32.90287754928835,High,2204.363045914143,15,5.099560939825062,10.92616944051275
69.97562629195002,61.74525611066045,329.58511652120444,Normal,3,Heavy,Ascending,Rainy,3.1381648025275712,High,1568.3362817963048,46,29.387019720866174,9.704759373707828
87.6266061308699,63.15474843903488,316.45628766198206,Normal,Highway,Medium,Ascending,3,2.3360475775541447,Medium,1667.8674110977968,45,27.784898292878385,10.771828180665612
43.778696424935845,61.41925256835698,350.3068463478831,Normal,3,Medium,Flat,Rainy,2.153931140689596,Low,2161.8862277563258,55,38.6779079588247,9.529962509159713
76.91586337185093,20.701980404953424,349.4668282227343,Normal,Highway,Heavy,Ascending,Cloudy,3.7414873598134353,Medium,1570.920764678143,54,47.758396965668425,12.341045749789432
55.941790935306834,20.137985768787257,317.4946513757988,Sport,3,Medium,Descending,Cloudy,-0.354613297405205,Low,2066.1217561184308,19,15.45295139847446,8.057208119664164
22.792336374907308,27.813305450089835,373.321956958141,3,Rural,Medium,Flat,Rainy,32.693305898387486,High,1406.4851760475176,52,36.1176427312749,7.3199748354190435
84.20859286527086,28.124528274334303,336.1777534438734,3,3,3,Flat,Cloudy,31.824319917886772,Medium,1734.703597334936,22,21.781703336362167,9.218720389563511
66.77575648185864,76.39175271638368,318.6365230930517,Normal,Rural,Medium,Descending,Rainy,1.811604633659276,Medium,2095.280372640201,43,39.21026220154035,8.739161197135251
43.03458983443097,36.39328260127998,333.19833945432885,Normal,3,3,Descending,4,26.74917295196557,High,1797.8759229325456,13,8.297420434799921,6.673195331443191
109.3607028094357,91.57712838044904,356.3658699635015,3,Rural,Medium,Flat,3,23.213900164447733,High,1225.008552866088,28,25.092735216490837,9.64088679897551
2.512094139207992,94.28850636616156,372.6470932180444,3,Highway,Heavy,Descending,Cloudy,7.428741952556262,High,1728.2944642358682,33,3.951627700673762,2.376385263181122
37.89277814993952,98.0714670316719,348.18908860574845,Sport,Rural,Heavy,Ascending,Cloudy,5.231579516199377,Low,1574.8358781565764,32,28.102609007197238,5.99692180791872
6.825767733317587,95.1265043909616,352.55949898283734,3,3,Heavy,Ascending,4,6.276363487393965,Low,1331.6668376781672,31,8.531783100316842,4.57746717301514
91.98327794659528,41.75106575348197,313.89459359427485,3,Rural,Heavy,Descending,3,27.87837736480904,Low,1211.8794151432464,57,48.0062489788514,10.915465789760304
84.2528944936551,60.782147576281,391.4690924708232,Sport,Highway,3,Flat,3,9.36926798532029,High,1259.1700220362625,42,27.761083546920048,10.679419835287916
39.762266248358046,34.03639761575528,392.8724197992044,Sport,Highway,Medium,Ascending,Rainy,7.508167492786303,Medium,2434.021955059063,26,26.51579195559167,9.276835043197224
81.07954826484877,84.49677241379464,368.3426590418004,Sport,3,Medium,Descending,Cloudy,-3.9883505059108,Low,2174.764969981729,41,48.61930311189937,10.930015992949958
47.51246714351398,91.07453641152767,301.76314089340246,3,Rural,Heavy,Ascending,3,35.87064221994347,High,2421.664226787083,21,24.97092281016009,6.64624036808948
90.75045497069212,88.1031071438012,353.7074215903326,3,3,3,Ascending,Cloudy,28.871686501553377,Low,1349.2190656062055,52,33.868650555826214,9.105598521027623
54.50203952840473,54.66935589574679,362.92189720886137,3,Rural,3,Descending,Cloudy,16.27526541130242,Medium,1941.662631577832,9,2.429408296115612,7.0122124985414525
49.47356733979986,80.69391077494248,399.465422295811,Sport,Highway,Heavy,Descending,Cloudy,37.43171141577575,High,1308.275134562651,57,35.446106898118565,6.729857195725621
112.16758985859612,27.80633356610156,399.6066955194797,3,3,Medium,Ascending,Cloudy,8.208949529894,Medium,1234.8483085609134,32,5.305087651884749,11.707181139101609
30.105491986884022,23.219581649540054,385.76112353255576,3,Highway,Heavy,Ascending,Rainy,25.361726943241667,High,1806.1654877723345,31,39.033708011061925,9.594854451599222
14.45368079958785,80.25891314470087,306.38309920261133,Sport,Rural,Medium,Flat,3,8.731766995542595,Medium,2040.2466114872088,53,43.85460704401128,7.111983235681339
70.14517359113498,54.0284219462947,395.32763907787296,Normal,Highway,Heavy,Descending,Cloudy,9.155759148352669,Low,1282.631069202239,39,15.84184664136462,7.444449071162415
116.31861747410149,99.64394117916554,361.2661247151999,Normal,Rural,Medium,Flat,3,33.011912502187144,Low,1674.577631745094,37,43.9186877011259,11.709273280543323
45.3407056472624,27.780337268442597,380.08867704791794,3,3,3,Descending,4,30.41598790551238,Medium,1317.217102046851,32,24.18357340365107,9.750308596866294
7.444411635453783,88.4502145228187,340.7192849685854,Sport,Rural,Heavy,Ascending,4,8.234834379580695,High,1670.7347344702032,47,28.62164645118765,5.95227071044936
40.71663207714809,58.39864524231934,331.96694712345897,Sport,Rural,Medium,Ascending,3,-1.337471795003279,High,1813.334407784189,45,20.60804526720578,7.535159869374566
60.71179851834701,86.17201564031016,346.3244145483808,3,3,Medium,Flat,Rainy,11.091286281603931,High,1638.7908009215312,33,23.87945216036441,8.526226369705448
19.430760795865645,85.37018257361159,314.68745129688267,3,3,Medium,Descending,Rainy,29.20258909683919,Medium,1949.1237315909195,41,45.42271776115112,7.220120668779028
78.97226616677905,93.2793601089662,335.7066138753306,Normal,Highway,Medium,Ascending,4,-0.4755037466747058,Medium,1959.9670733507903,42,47.36999071835309,11.654850562619584
119.72992668122409,43.82800090288822,385.76174997682784,Sport,Rural,3,Descending,Cloudy,25.24453891254636,Medium,1632.8159326142363,29,22.34886021036871,11.50497397362466
54.20873711777326,95.98394827696023,303.79504862608815,3,Rural,Medium,Descending,4,35.03934669612572,Medium,1706.4779409010912,47,25.76663749103342,6.644904137309386
42.56742680762552,32.13335682860962,315.08780468246044,Sport,Highway,3,Flat,Cloudy,3.06522200222712,Low,1773.385303285938,28,5.897131678981198,6.326016600378488
48.084500020136,26.55750220747924,312.51161596494853,3,Rural,Medium,Flat,4,33.799194592879175,Low,1688.3492985489652,26,16.34849508072963,7.074408323323678
13.817541407424136,54.529241389787934,340.3075542700228,Normal,Rural,3,Ascending,4,-2.6886252894399028,Medium,2188.8419587249546,24,25.71053522800292,6.16061564379684
105.99283217114686,86.26583749134741,399.6986900890862,3,3,3,Ascending,Rainy,25.009611614075357,Low,1381.9317552202235,34,10.20887922988293,8.454353379758013
49.77907866256224,57.873690450675646,317.3357930211383,Normal,3,Medium,Flat,3,30.596751416914277,High,2314.1460589683065,27,28.86900987536838,8.246465132304513
46.47292937098096,86.34293420244113,314.54826495992603,Normal,3,3,Flat,3,15.014475294669952,High,1630.6263226440633,52,34.29563336876573,7.662396005244052
79.16283275165692,78.37494446354441,391.5055729776154,3,Highway,Heavy,Flat,4,4.167791266608109,Medium,2141.149110511785,39,32.533006269537495,9.594749596855978
53.044010511734825,36.754270891114686,388.20505169659657,3,3,Medium,Descending,Rainy,36.61282745065776,Low,2348.90853361588,29,22.181373400115863,8.510064556346439
77.78801625694153,95.9105299919571,303.2240369996554,Normal,Highway,Heavy,Ascending,Cloudy,-4.101400912857403,Medium,2353.688512172578,31,38.48902411595543,10.379914930004038
7.373554815694501,24.86249349035227,375.17059601793153,Sport,3,3,Flat,4,19.97820531532896,Medium,1788.074591018892,30,16.0441682984879,7.465084691358098
97.6468012466673,91.8623766035036,365.54657014764297,Sport,Rural,3,Ascending,Cloudy,11.778223391726453,Medium,1533.5841052723758,36,23.516919027365883,10.55991449888531
112.8604743455283,44.35547591922992,376.77408098527087,Normal,Rural,Heavy,Flat,Cloudy,15.747573796647057,Medium,1987.488557384277,37,13.580728924364038,11.211579799466922
77.85184633912631,60.01184665315194,349.45024547959224,Normal,3,Medium,Descending,Rainy,19.14542753255031,High,1439.1519137682312,48,30.22106664427632,10.166233295373564
114.54791146305728,53.78814981605876,399.1379218448296,3,3,Heavy,Descending,Rainy,19.06368800199289,High,2227.7759338003107,45,22.09128095910614,9.81905123385953
18.1718777243956,33.746764553353295,304.3847018710963,3,Highway,3,Flat,3,4.163064869039442,Medium,2124.748368894985,26,10.933926052822702,6.259530844826536
57.28994273764244,48.65174931213545,323.4371586403806,Normal,Rural,Medium,Flat,Rainy,25.586604530501948,Low,2234.3326815952887,21,15.478429247559388,7.927425652625898
72.21680807345368,35.434754903423624,339.6545986973615,Normal,3,Heavy,Flat,4,-4.1383268963534245,Medium,1763.2347609398498,18,14.045457034678098,9.31572634354894
69.8083976905424,36.31091803684191,344.9777941565703,Sport,3,Heavy,Descending,4,-4.046715760421447,High,1924.6567898673288,38,45.5545447107512,11.307504536501083
48.17541349068519,34.964546882110426,392.1367402699519,Sport,Rural,Medium,Ascending,Cloudy,16.531930357523947,High,1333.5446274470808,40,26.14551834474717,9.076613367255984
40.57012912395137,59.12139042772754,356.0004364077259,Sport,3,Heavy,Descending,3,19.38562961216241,Low,2093.939302879494,55,32.66752633926168,7.822479035902049
15.218882706050255,83.83450940090525,304.5110995520394,Normal,Rural,Medium,Flat,Cloudy,7.370026676511717,High,1832.890284725791,65,46.74321530772251,7.490928460373909
47.00909406747338,65.51760270089929,340.7862963425662,Normal,3,Medium,Descending,Cloudy,19.82539901320751,Low,1862.0097926242515,33,9.192667983923242,6.891571195154585
19.519297812658216,91.45652708406736,341.649041236907,Sport,Rural,Heavy,Flat,3,18.22491548435156,Medium,2301.089793299117,44,46.85099848416419,5.938090647348584
88.1238811790662,70.92355908613794,396.5490938437785,Sport,Highway,Medium,Descending,Cloudy,10.714924964769017,High,2204.017442465496,22,27.02789677494197,8.766967214144056
25.0597122593508,75.14720925060836,359.9197091021108,3,3,Medium,Flat,3,24.329858644530248,Medium,1895.7503034913093,61,42.82508904173729,7.217761213643737
7.027836634144062,73.40857837816026,363.56510711589385,3,3,3,Flat,Cloudy,38.10717474460461,Medium,1661.6382248280424,36,8.482978189530922,4.057862640525475
66.28393653806812,55.95673545469929,371.3253031251271,Normal,3,3,Flat,Cloudy,17.086121249131097,Low,1780.3660746897351,34,13.719500372685172,8.468489477605502
71.4275679263282,75.14710577600663,377.0039315682124,3,Highway,3,Flat,3,30.37228416737411,Low,1655.9927725862683,25,9.789134375912887,7.669807411197299
104.62956735366066,25.57661971751689,363.50510702024894,Normal,3,Heavy,Flat,4,6.141845360784535,High,1397.0870417197489,30,32.70574700851823,12.019553992816029
69.23779349012182,88.78811775325305,323.7194351133936,Normal,3,Heavy,Ascending,Cloudy,29.287776707836656,High,2039.5087672626416,35,7.12399398704043,7.643906498162244
41.457702446813485,82.22497147551339,387.4045914341164,Normal,Rural,Heavy,Ascending,Cloudy,24.200767952589743,High,2098.969503354959,42,39.64687531452332,8.042340086284126
96.36142578315848,39.61839665853431,373.21198004106304,Sport,3,Heavy,Ascending,4,23.786400096773672,Low,2462.573044899588,21,12.59677092909352,10.103111981089496
64.83346718249052,81.44259634032659,374.1870485096956,3,3,Medium,Descending,3,35.18659031990024,High,1792.4158185339566,18,12.848225552776864,7.967252753922676
9.51363415574301,21.01140811200148,399.6556739234749,3,Rural,Medium,Ascending,3,5.500761472851327,Low,2496.4801365868298,27,14.127952689909494,6.340808751693907
67.90206723758959,37.37972579847043,380.2526534863316,3,Highway,3,Ascending,4,11.580255269092394,Low,1443.2281611575652,54,37.34476596295576,11.031372729087469
108.96222545059948,25.210979093671675,382.9151403155153,3,Highway,Medium,Ascending,3,-1.2619644345056424,Medium,2053.620082874759,52,46.21837598532248,13.384767850690482
47.55751505978647,82.41815332943158,395.1405515710159,Sport,Rural,Heavy,Flat,Rainy,27.675398954614543,Medium,2493.1992358590337,61,45.384749706607806,9.493267210828725
35.559096227976006,80.46993209427097,315.1133999848894,3,Highway,Medium,Descending,Cloudy,32.97402783848253,Low,2032.4224602074428,17,5.152585628435178,5.789178558652182
17.216334842162407,85.09088190414646,349.7727376478068,3,Highway,3,Ascending,3,13.262507663431135,Low,1788.0808645760353,21,13.195601475103024,5.095420562623207
18.17346263224288,20.358535466042305,358.0567023590788,Sport,3,Heavy,Ascending,4,11.057206831071678,Medium,1869.82799125248,57,33.6418800995716,9.365937338406448
51.93257812101827,60.09861813427264,332.92757292224576,3,3,Medium,Flat,Cloudy,24.63933351354374,Low,2299.164480028724,34,30.96567697381336,9.441438288357409
71.48157889938355,76.38689580138691,383.9403343894505,3,3,3,Flat,4,-1.598429264479837,Low,2420.843644522796,44,17.56645033878777,8.87819851158597
9.67384862035221,32.432090299121235,376.2419621645723,Sport,Highway,Medium,Descending,3,8.222885326134119,Medium,1790.1044904924684,45,43.15588183839113,8.257355747625688
112.74823068301988,71.98325820100997,372.0883074508124,Sport,3,3,Flat,4,11.479575934083268,Low,2204.0810368517677,10,6.610267128414942,9.76359390280199
90.61603409342352,26.728807944774857,399.7149439758167,Sport,Highway,3,Ascending,4,18.33656278138384,Medium,2413.7949458119533,55,31.98769071645212,12.640958917595052
70.39487019403953,34.50606848834505,325.93813734083903,Sport,3,3,Descending,Cloudy,16.445614876105424,High,1566.7567484040378,12,13.72691533699942,7.421819767652947
99.4126405126789,58.06374519956808,373.5457251675421,Normal,Highway,Heavy,Flat,Cloudy,4.390619024858207,Low,1841.1087725033767,25,26.406013640381385,10.828571403648244
9.622410817453597,72.28521221448815,355.1404474905901,Sport,Rural,Medium,Ascending,3,19.33545432384996,High,2494.0428214386907,29,19.435579865414304,6.151658713941353
57.22066532797493,31.669530156311687,331.2989182493876,3,Rural,Medium,Flat,4,36.66409108990464,Low,1659.5221347743832,44,48.98878146143854,10.037556040936924
75.61117522339961,34.81786646647503,316.0586870723126,3,3,Heavy,Descending,4,-3.781044936629155,Low,2005.5943426409613,27,24.3859444613524,8.6823613399945
99.4383487341947,36.35570936525304,389.5883837067547,3,Highway,Heavy,Ascending,3,25.613795758210266,High,2054.141022484345,63,48.80706030019088,13.76141519652734
94.01634720591213,39.096064375918274,359.54554827078454,3,Rural,Medium,Descending,4,23.111906226803896,High,1400.392955032195,11,12.825543743847325,8.90453371829624
33.24830996560796,38.124307882103295,382.49338376407945,Normal,Rural,Heavy,Flat,4,36.5992129620248,Medium,2248.602133207828,40,38.42025252084896,8.929261408613852
112.90562034710452,51.61192867981094,354.53449840015446,Normal,3,Heavy,Ascending,4,24.04052231831868,Low,1736.770792035486,52,35.88120044709624,11.907760456649571
14.921500971704443,72.30317206693783,321.997708065402,Normal,3,Medium,Ascending,4,23.117922061646954,High,1850.420437638826,52,42.39749984435885,6.946023801351259
105.01603423453824,55.042542650757575,333.75488131003254,3,Highway,3,Ascending,Rainy,29.64125470442081,High,2035.695211218152,54,34.71101244157734,11.29753886711867
116.51282995255424,82.07791269999106,338.15388424735465,3,Rural,Heavy,Flat,3,7.051267696884711,High,1733.6301026824897,32,34.149718996215064,10.791811371491905
21.258422786715062,77.54148047588919,397.29348125037023,Sport,Highway,Medium,Flat,3,21.807951809450667,Medium,1622.6072053411865,49,33.06931708820299,6.467719993343773
86.64792770445423,30.12215312392605,300.56332783813826,Sport,Highway,Medium,Ascending,4,18.373949921283067,High,1910.359946648486,69,49.254073446613454,11.773368354114076
4.834262253359816,23.907329865659516,398.5666023024507,3,3,Medium,Flat,3,14.731262799473807,High,1650.8204144372285,29,11.482079026285438,5.962502164196401
48.650739016698594,90.2353251199685,398.0461635109831,Sport,Highway,Heavy,Flat,Rainy,-1.423077468374263,High,1764.3686410211265,27,1.602672874484654,5.167346685933515
61.95399590372088,26.386485325029877,399.6150790530137,Sport,Highway,3,Flat,4,8.16829861057786,High,1340.9297615090818,32,33.930746135252484,10.440081478592402
69.67742710915608,31.867134457577045,347.65881789196345,3,Rural,3,Flat,Cloudy,7.599177129557626,High,2298.1659797717757,11,8.699654722279424,8.437215211238088
112.31246978982712,21.770662044649445,396.3808969621,Normal,Highway,Medium,Flat,Rainy,27.591293072380047,Medium,1735.219392851328,40,34.00125811503249,12.10519264092976
80.67008247530336,70.2669092238923,339.55991818498273,3,Rural,Heavy,Flat,Cloudy,36.42952608446957,Medium,1307.619209799697,39,16.052302000402054,6.623399727111926
57.75335414630844,66.58964505266789,302.6294440668387,3,Rural,Heavy,Flat,3,5.385425029458187,Medium,2227.030876090429,13,2.2632506985837466,6.993995468796268
97.16100435190673,98.95229331482044,322.43471863717645,Sport,Highway,3,Ascending,3,-1.6419227498903344,High,1225.5129047332682,43,38.51142281198161,11.423861772960826
114.06393851452908,90.95459170537376,394.5296244937385,Sport,Highway,3,Flat,3,39.99806294659466,Low,1979.1500607294952,18,2.6772439244573345,7.996005438900919
2.647937841874901,52.86745419847278,301.37646933354,3,Rural,Heavy,Descending,4,26.104239856032468,Low,2113.462887648805,16,11.284501950187645,4.601765388305084
117.90255267072465,49.7268672730028,354.5994135422975,Normal,Highway,3,Flat,Rainy,34.89118811456159,Low,1448.57352978794,18,16.88679082637934,9.22530783959052
10.33585668764164,43.7481627423988,307.5601588894679,3,Rural,Medium,Flat,Rainy,1.474573713870832,High,1370.6372579709366,26,6.72419758399192,5.562527775786586
97.72641351225136,32.19255360303051,328.63965784275786,Normal,Highway,3,Ascending,4,31.03456185028159,High,1348.0479357622205,46,45.68710112856699,12.038869233833315
33.6401703061695,31.04669252816073,308.80928507118864,Normal,Rural,Heavy,Ascending,4,31.59956856946451,Low,2491.328987225526,53,31.12964089674857,7.385947832071194
15.86155893046461,30.582696640768432,385.9528621113057,3,Rural,Medium,Ascending,3,1.817001669577412,Low,2181.612872357549,37,43.78225774564125,8.267954787726497
52.782676765660185,29.12918057494228,359.10707096477057,3,3,Heavy,Ascending,Rainy,2.263188104234308,Medium,1606.5236114766185,30,34.13439794158307,10.253581192790495
77.27478953371363,39.24096339244295,390.21064657183126,3,Highway,3,Ascending,3,8.295304725481046,Medium,1636.224978211007,44,49.59807575958272,12.087910457390093
45.714221402817,44.53349042504932,368.8353199540229,Normal,Rural,3,Descending,Rainy,4.75543514360829,Low,2043.2121810279573,29,26.305124663146906,7.89739642061245
6.547848993923875,96.92631768311328,397.10291312451,Sport,Rural,Medium,Flat,4,38.89344586254673,High,1794.9735461151877,12,2.7827857406366983,4.245970396220783
71.935336759046,66.27786008015086,350.98776547604064,Normal,Highway,Medium,Flat,3,11.332472513639551,Medium,1552.7421872809382,22,8.126846353448306,7.379016498974741
108.28839313328096,99.00766196106248,363.8710581762875,Normal,Highway,Medium,Flat,Rainy,29.25878852952431,Medium,1274.22558853769,50,29.46278983223881,9.687330205288132
45.9858439136702,49.79735582605386,357.6308819889057,Normal,Highway,Medium,Flat,4,31.227286156720268,High,2219.0097384848755,30,17.45165409897641,8.118517786011685
25.95993331569925,56.61013060715528,348.4260429446613,Sport,3,3,Flat,Cloudy,12.367339921960356,Medium,2354.6936252966525,17,5.733350768167648,6.6075896665908855
53.10928151193784,45.96629273322233,384.5959365423013,Normal,Highway,Heavy,Flat,3,25.716349942705097,Medium,1467.7470719047033,37,11.983173121740576,7.288535149326162
5.8035253258537045,34.631012071724214,364.452513567036,Normal,3,3,Flat,Rainy,-0.1489936596922811,Medium,1282.426648481368,28,23.781079445338836,5.104679103198671
98.45851013763296,31.453176622206332,380.1312264855472,Normal,Highway,3,Descending,Rainy,12.86329231668712,High,1354.2131574251916,40,25.95727532379552,10.459817058709888
99.1608973140224,95.60633582462656,378.6363936602413,Sport,3,Medium,Flat,3,38.52897970427049,Low,1738.537105257075,49,46.7356048142877,11.549161882719226
70.56005561155541,98.94485454390046,319.10451606552954,Normal,Highway,Medium,Ascending,Rainy,2.5838794261121647,High,1589.152721393214,11,4.624894490507119,6.156944362900817
42.37234667260674,23.592759720698524,365.0163532517644,Sport,3,Heavy,Flat,Cloudy,12.357008711528408,Medium,1295.4951606983163,37,17.95459176335331,7.173342630641425
95.974003733494,32.027669978541326,319.9648019181334,Sport,Rural,Heavy,Ascending,Cloudy,30.573467945141463,High,1791.3293670936946,32,25.351855648417303,11.05697981243817
66.56244297460407,53.881927384081806,358.33204782437707,3,3,3,Ascending,Rainy,24.944046470970708,High,1465.094573748378,22,5.75205229051257,8.257386486317081
99.11187702600196,34.90667810755259,367.74346844463,3,3,Heavy,Flat,3,23.418337070847933,Low,1287.0331531579775,50,34.421320961506055,12.65987643197619
75.77505510996248,49.11043149015066,399.7235071587587,3,Rural,Medium,Descending,Rainy,33.396585670409,Low,2055.3065803766453,34,25.799901756731813,9.35318759879815
94.12865678553568,30.32770798877067,303.05419781497386,Sport,Highway,Medium,Ascending,Rainy,-3.69077706393361,Low,1944.258180122369,48,23.0296446931512,9.937438582139938
71.8275591861312,56.520940537743215,309.1242394113721,3,Rural,Medium,Ascending,Cloudy,29.70239656818965,Medium,2274.3172671489338,36,32.838420634221286,8.084168816911422
49.69692818587995,41.73556929354074,307.7026696371232,3,Rural,3,Flat,4,34.71470676471182,High,1592.965949629878,34,14.461953083096205,8.087585669878987
114.9535031911365,48.152404460692864,339.836128626674,3,Rural,Heavy,Descending,4,-4.272148512671143,Low,1376.56948060112,25,17.032422373961456,9.408906256169868
64.93365898546136,27.54501211701981,382.1588361485814,Sport,3,Medium,Flat,Rainy,20.15333279982875,Medium,1668.208981416096,8,8.218655066208783,7.551682929925512
72.61074222486461,54.25024405681134,384.4056332787136,Normal,Rural,3,Descending,3,10.686481834478377,High,2212.31916702592,35,26.23392582171121,10.22909083293633
26.45851672976991,98.66060887692558,373.6979595721152,3,Highway,3,Ascending,Cloudy,-2.715678103390577,High,1514.2611616936556,39,18.683196812084145,6.37324772842219
75.07809473127318,46.306643750495226,389.6878241829948,3,3,3,Flat,4,13.798665369316453,Medium,1531.5011049053974,33,13.09051010989412,8.85600532955901
68.59291793795326,90.1143419873948,332.28599441694524,3,3,Heavy,Descending,Rainy,23.981356352734867,High,1391.8600892289487,19,6.324636166942157,7.636951076627193
22.180607753642995,87.45593132989481,308.8154644252299,3,Rural,Heavy,Descending,3,36.35561342152266,Low,2482.4686704007127,22,1.2589376928315092,3.722838351330772
7.150451682377246,96.16467346377684,305.815302798985,Sport,3,Heavy,Ascending,Cloudy,22.92387189232321,Low,2457.502772816736,20,9.748278344918436,4.550793726637501
72.52311836577253,83.20876098136756,385.2132719619386,Normal,Highway,3,Ascending,4,33.55343867001942,Low,2055.467779888236,25,12.446567221638372,7.51020737118437
91.64307232203846,72.76774616470519,373.0436294353691,Normal,3,3,Flat,4,0.4707178003554277,Medium,1479.2635095719977,41,24.32327170675664,10.192328479707994
62.808164510640985,88.52675553819661,369.8615306011121,3,Rural,Heavy,Flat,4,4.473452538541039,Medium,2196.5232387878027,26,12.125731510541035,8.054633728237233
27.212715038357484,26.05157445258797,333.9676338545669,Normal,Rural,Medium,Flat,3,38.66317888965556,Medium,1959.1134584796368,53,40.90090933400749,7.701402383398199
79.98263720316419,57.02645257590462,337.99051886182264,3,Rural,Heavy,Flat,3,34.93303106153997,Low,2174.4359801353567,37,23.7590316174118,8.504752649374197
9.612687193152269,99.14049908920472,395.8113528899319,3,3,3,Ascending,3,5.5852128859011465,Low,2318.5334685732487,51,31.22815713940599,5.293596647811561
53.02004457623456,81.56801210357858,306.3804744097935,Normal,Rural,3,Flat,Rainy,22.94382468089108,Low,1614.0166774551126,38,10.476123389502956,6.025271730316817
19.60401100781042,96.96603024297784,377.3731736937793,Normal,3,3,Descending,Cloudy,11.318474133783962,High,2387.8083666693938,40,20.86479363582049,4.123602240275165
22.135086127186003,82.37074849067832,330.96333237083934,Sport,Rural,3,Flat,Rainy,16.08693289279759,High,2368.1258286501297,48,30.17859011252925,6.369757373954401
24.27527389898444,89.99055739537154,303.9054618412556,3,Rural,3,Descending,Cloudy,33.73951670915305,Low,1911.2696514983736,33,15.621189807826095,6.268250695108344
46.40484684527735,76.52237058425527,374.2570110742456,Normal,Rural,3,Flat,3,28.10706745598648,Low,2089.943019144786,22,16.876250704410747,6.4026182846615045
6.138024674447715,80.84016035337919,333.09118856783743,Sport,Highway,Heavy,Flat,4,5.729915277404292,High,1734.346655474296,35,40.39051665874285,5.777707476230587
47.735212911491786,61.85424078716005,372.21475187427967,Normal,Highway,3,Descending,3,9.21968836135971,Low,2051.6335625531096,63,41.87535037914177,9.543019912164803
61.4048936537641,93.93901606513064,370.765438311812,Normal,Rural,3,Ascending,Rainy,8.0369706918549,High,1913.6460141462696,33,26.69375252784932,9.017677030053743
57.99531419595903,86.00311284986893,353.4786875433115,3,Rural,3,Flat,3,30.129825025333496,Medium,1619.6658574629246,55,44.83089668992422,10.589561568383711
45.93409204836487,87.51079725325057,377.73731292105487,Sport,3,3,Descending,3,17.053978951157408,Medium,1619.6901305713418,41,36.86043194951733,8.902760785588923
100.6975929684903,73.84072807704419,358.10383241712435,3,3,3,Descending,3,37.782593816097375,High,2047.16589626101,22,2.8595491358761094,7.622041589098502
17.439203090460495,44.36639576697992,328.66368528482604,Normal,Highway,Medium,Flat,4,31.75092297530729,Low,2443.616439564185,38,28.017725006205644,5.833165639430169
60.68360925376488,22.850383631211145,373.4115301064419,Sport,3,Heavy,Descending,Cloudy,4.503749388456161,Low,1462.012764693586,38,34.91988554060273,9.99626424629132
7.4449700347865155,94.85241035276356,358.91398158777235,3,3,Heavy,Descending,Cloudy,30.367425790954734,High,1710.2976487642886,46,27.09015309327337,4.991297842394957
8.53868146534917,66.88962790443975,301.27272816899205,Sport,3,Medium,Descending,Rainy,17.77357062462671,High,2247.421948691087,51,41.615594930857206,8.232524393967077
68.86390196125156,43.85143769185122,390.16441777703096,Normal,3,Medium,Flat,Cloudy,6.416955678131725,Medium,1359.9149160526113,12,15.11177278041674,8.292442973950239
67.92221098653852,31.930808627803025,354.56436183243136,Sport,Highway,3,Descending,3,11.349928426805054,High,2492.4168276210776,23,3.367408744055817,7.845493714215217
105.36402154133484,86.36185324006037,386.8627265479532,Normal,Highway,Heavy,Descending,4,38.74567525345013,High,2081.5801478570143,29,31.71766438637788,10.493709818358942
66.94484107920879,86.92161555580631,388.2736838982245,3,3,Heavy,Ascending,3,16.778264916285618,Low,2384.0406057514174,44,36.56695059098557,10.196942850400742
115.17492244858202,85.16063745044252,344.49666567350886,Normal,3,Medium,Descending,3,27.38226323247984,Medium,2289.469606378042,37,38.286168027729104,11.55474475312347
5.843381807991572,71.6066153573429,350.7659996451231,Normal,Highway,Heavy,Flat,Rainy,16.468838282324743,Low,2210.2754162102883,10,0.651920119435999,4.365146251014142
11.760922173688927,49.28123100735007,341.5754387675602,Sport,Rural,Heavy,Descending,3,11.720077323075364,Low,1242.7713783764264,53,33.701574591414214,5.711111968381929
5.287903388445767,44.32562278242056,344.94367753080456,Sport,3,3,Descending,3,30.83890082167113,High,1728.4449502646528,6,1.1343164366789054,6.284431847983765
22.233222040024803,20.684381609453617,389.5147158971728,3,Rural,3,Ascending,Rainy,33.17459582987783,Low,1462.421113072055,58,38.76182222873649,9.442402142606818
64.95241331300137,86.68860469505923,378.8144013967911,Sport,3,3,Descending,Cloudy,-1.7649875450358348,Low,2332.7333259028846,56,35.184946517516586,10.865903761066688
77.46866177129137,26.9946157994914,312.6525676315578,3,Highway,Heavy,Descending,Cloudy,7.553991510924982,Medium,2084.372146837984,39,28.413953791732823,10.598281627533192
5.470218953840256,70.46039984326141,361.0307781540096,Normal,3,Heavy,Flat,Cloudy,17.85419714338963,Low,1339.195305369414,28,25.36558785817481,4.284791594180146
113.51650678147192,60.32599574720707,399.5906640386343,Normal,Rural,3,Descending,Rainy,9.242398634999493,Low,1667.477075085249,33,35.783882366208374,10.47580950335614
101.05984519804572,62.13514871410809,359.5550701232486,Sport,Highway,3,Flat,Rainy,30.261235223233903,Low,1290.100620004588,8,2.954045887012291,9.360881927825831
35.59349785885117,94.13702762462188,378.58716255931057,Normal,3,Heavy,Descending,4,0.1630012336990889,High,2161.9956168002677,36,41.62624942934521,7.815140983200756
9.262503627176155,22.52920090169937,376.9061473381171,Normal,3,Heavy,Descending,4,30.9009228828958,High,1743.8133683220108,18,10.141186776466196,6.117238867443378
20.386448786286877,81.87137797030178,335.03175258723286,3,Highway,Medium,Descending,3,22.80488877376932,High,1504.6826499857648,24,23.941664269979515,5.532210391135073
15.23332965059672,24.16419186938457,337.1849302703959,Sport,3,3,Ascending,3,8.021547334186735,High,1872.997763575041,50,24.391291294565917,8.643203093219483
14.79405351587362,23.052288474830178,372.4076421790403,3,Highway,3,Flat,Rainy,10.50046097985306,High,1254.657765233167,48,38.878464298752064,8.633142692819407
62.22740263988807,54.38541585131056,349.99835316048353,Normal,3,3,Flat,Rainy,3.2304619791940645,Low,1534.4829972743787,38,9.730254412972544,8.023035509670702
29.501693099208037,25.046013947437334,357.0570709130388,Normal,Highway,Heavy,Ascending,4,6.365803013416201,High,1427.8954788003512,30,15.057511973059386,6.646204174713441
42.97676598349733,83.13151610343297,371.2905790364838,Normal,3,Heavy,Ascending,3,27.27709910421234,Medium,2409.836758458479,49,33.1890872355739,8.384926951565202
118.7406400061187,62.365047491866974,377.757502703905,Sport,Highway,Medium,Flat,3,11.914786324353685,Low,1690.2396278294782,22,20.69730989147072,10.05456227061201
82.11770987104137,22.323102612781955,327.15165777330714,Normal,Highway,Medium,Ascending,3,25.9367862409172,Medium,1959.8148563217255,21,15.013294790506556,8.702046057373325
113.87768004564016,23.24005491855356,314.6793759436963,Normal,3,3,Flat,Cloudy,18.134839349578662,Low,1853.8245360826536,49,31.109018801414575,12.567128391937883
17.106786603973873,69.01348237915835,329.17946467237255,3,Highway,Medium,Flat,4,1.5383987339766572,Low,2056.9663361706225,6,4.419952293796074,5.213286479964272
45.85673697990831,84.4889454126724,350.75383250920754,Sport,3,Heavy,Ascending,Cloudy,17.458179150986144,Low,1562.8508401256568,61,39.50995073875524,8.527727336416701
66.56781639388251,55.023962501981885,334.2141317297039,Normal,3,Medium,Ascending,3,29.04114306291848,Medium,1357.0134531465346,42,26.2849859399913,8.7127085992723
9.210967426648562,64.36645372284995,356.8362758847594,3,3,Medium,Descending,Rainy,8.395397712594596,High,1305.8870878786931,8,10.380423414505296,5.438405547836887
0.5024932353549438,83.98635632399213,305.34657241256286,Normal,Highway,Heavy,Flat,4,24.16367491091176,Low,1451.4160535266976,16,20.48494427329881,5.5010414864047945
80.4521200556301,68.84049392334553,350.97504116137674,3,3,3,Ascending,Cloudy,3.9564694543768777,High,1827.6784188592007,9,6.640732383780279,9.206364396042332
77.01834201617224,37.98081901270556,336.7984906937708,Normal,Highway,3,Descending,3,1.106453106253796,Low,1506.8356019363218,48,30.867397535174632,9.592052056142265
49.29465719995341,69.0441620695583,353.46667548928826,Sport,Rural,Medium,Ascending,Cloudy,11.21017587807805,Medium,1764.2027023205123,29,33.498101502787044,8.037963077668422
58.75728912384392,70.26235672521707,342.25333548849767,Sport,Rural,Heavy,Flat,Rainy,12.514161716485162,Low,1238.093318945948,21,20.32376781222357,8.172127877221568
49.85316007105075,78.72855847049013,328.42258506375424,3,Rural,Heavy,Flat,4,29.24543336651961,High,2015.8164270029129,23,17.050555363557137,8.0729406286098
2.8806053813866628,69.6699350045441,390.4107905457636,Normal,3,Medium,Descending,Rainy,15.70354380705214,High,2341.6100785286,64,42.50425898214365,5.682262270117567
40.24459274609549,97.53937043664304,318.4764988421357,Sport,Highway,3,Descending,Rainy,-1.3444297101131122,Low,1261.8669219751844,41,28.84585526118432,6.027905687816232
21.24987064767478,35.783064697365475,368.136557558056,Normal,3,3,Descending,4,23.52997742599279,High,1483.4516963184694,50,33.384361475053,7.007802182081379
11.810902692164248,96.0872543653661,392.4644712582414,Sport,Highway,3,Descending,3,16.116396693972128,High,1613.101531760245,34,6.463203758757227,4.052203461403983
114.80645206672196,63.0671592280013,353.8669959685433,3,Rural,Heavy,Flat,3,9.923944025439226,Low,1573.4127464987776,53,35.69493218365278,11.88878052888778
71.92316700505987,73.75649123959296,387.6408488579482,Sport,Rural,Heavy,Ascending,Cloudy,31.09984638749437,Medium,1252.5007008312868,47,22.286077648702573,8.961075992809807
87.43875410839232,27.956927796175187,312.48514784332843,Normal,Rural,Heavy,Flat,3,1.9473155602413,High,1338.552017182379,19,18.39675429707301,10.717200297291898
37.8436491919341,50.44607531024856,349.3788770256408,Normal,3,3,Descending,3,36.09455547900835,Medium,2386.200325727837,41,46.47726956247519,8.544546844158976
47.17765553928182,81.55033171705381,345.70252804809394,Normal,3,Medium,Descending,3,10.03276706427,Medium,2124.770342364196,16,2.791305961078941,4.803762031997522
28.430879267606816,76.55288120791923,300.8118807036995,3,Highway,Heavy,Flat,Cloudy,15.742365017918246,Medium,2445.9694939147234,8,9.860759604482627,4.537616515995136
11.63588051585097,23.21115105323281,344.32573413593343,3,Highway,Heavy,Flat,4,36.81548480020862,Medium,1772.6007390160044,23,18.81450029574338,6.0415082517569125
21.483796492990056,63.72754107977957,336.90297563825976,Normal,Rural,Medium,Ascending,3,29.25579242819684,Low,2342.7430763071698,41,16.269600846407506,6.706963057466857
95.7016854355783,27.06225543747276,366.9798727774616,Normal,3,3,Ascending,Rainy,-1.656390478783118,Medium,2261.500969846535,42,25.583124117186813,11.278899938089827
81.3054966220531,99.668514334253,393.8329778576518,Sport,3,Heavy,Ascending,3,21.02335864399168,High,2337.423372162687,25,20.105012422792036,9.885100506778718
65.63146511825722,91.78372708266356,308.57910882620365,Sport,Highway,3,Descending,3,8.966329225293775,High,1250.900409260285,39,39.4356240361285,8.457139075556082
57.01078474401217,21.68645283428296,332.7476386714623,Sport,Highway,Heavy,Ascending,4,17.881971242832403,Medium,2048.2703538265,41,38.42322760301171,9.851653607108917
110.69211403873491,88.69196631221047,344.4064737394252,Normal,3,Heavy,Descending,Rainy,28.433606873537254,Medium,1936.6176251753843,37,38.6415013242438,11.749348641000497
8.728193733440207,93.5543680446726,345.51853780343833,Sport,3,Medium,Flat,Cloudy,17.32778112633925,Low,1908.780485502858,29,18.53079217364282,4.297093352614426
33.67209758854992,48.28385780507641,377.48097208422536,Normal,Highway,Medium,Flat,3,-1.804015537472969,High,1855.6991562874653,27,20.427687040296316,7.396906670171553
41.992542428485685,77.56013240382127,344.3395665833441,3,3,Medium,Flat,3,18.84912333743577,Medium,2234.769507406952,40,36.05105023302452,8.418364049919722
93.89109746553454,55.36829969662232,302.71613014536536,Sport,3,Medium,Descending,3,-3.914165004793533,Medium,2458.4740044634345,13,6.297498482707848,8.389943942256897
119.10175441943656,72.41859876610752,371.0104094592831,Normal,Rural,3,Flat,3,10.678421081197357,Low,2277.594482321996,55,42.61078889621626,12.646002677075009
28.880461770858368,47.22539234385532,388.4829695145672,Normal,3,3,Descending,Rainy,16.51137353155443,Low,2331.5139855767247,29,27.108786066878388,6.591366590940115
104.91688009644967,45.80473893066147,351.3904712549673,3,3,3,Descending,4,24.01031035194824,Low,1829.0735168108831,62,42.44240650020128,12.849326970047018
99.67473125181496,53.954711108606325,358.11085216985055,3,3,Medium,Flat,4,17.779305442975613,High,2097.792051355951,42,39.70078874869209,10.66137834839234
26.958887717011997,31.64542069220009,316.2936438969046,3,Highway,Heavy,Ascending,3,1.8376064746225984,Medium,1740.2336323510444,21,18.78171596023641,6.668157764175994
47.91990962390671,86.4911171548306,322.0645944678957,3,Rural,3,Ascending,Cloudy,36.94979037824688,Medium,1668.371987694768,30,5.167829528951944,4.942836278688068
49.16074431510229,47.895831628930935,323.5170239124612,Sport,Highway,Medium,Flat,Rainy,24.26348527380139,High,2363.865818184143,44,46.04942901641801,9.191120469397305
117.386480223187,52.01196431246761,343.0741974881295,3,Rural,Medium,Descending,Rainy,9.26355033062084,Low,2376.774634842389,15,17.29580695085784,11.5729264172029
21.7070281654678,91.52436901617156,392.8145220895642,Normal,Rural,Medium,Descending,Cloudy,38.46728628089687,Low,2086.886249979244,29,18.74971035879368,4.79334455798911
95.89895653257383,59.729905125053705,352.1784766714886,Normal,3,3,Descending,3,34.71599240990454,Low,2289.1948464836305,57,45.46152020235142,10.626460322034474
40.10312570077319,63.54031274806904,319.20976452013525,Normal,Rural,Heavy,Ascending,3,1.4570539905173767,Medium,1668.4728554119563,39,45.87562542563758,8.952023206549384
87.70444149313924,96.51984998216788,326.608773586895,Normal,Rural,3,Flat,3,24.49430927979536,High,1763.88881886067,19,13.21901872602317,8.166490034472854
50.40132051547954,90.93811065159912,338.40150297271845,Normal,3,Medium,Ascending,Cloudy,20.203125343894687,High,2267.321179642076,31,4.538918404238653,5.703580604314727
69.4031715739848,33.55733671107516,362.32589756928,3,3,Medium,Ascending,Rainy,3.67640152987874,Medium,1717.465364351816,3,0.15529050890021,6.47978623977172
99.91341279913571,57.8572023934484,344.0033153004005,Normal,Rural,Medium,Flat,4,5.506381322006304,Medium,1251.9579049719275,33,21.970894782635625,10.46508083827518
96.49986779806608,97.70369819428365,339.2444844176925,3,Highway,3,Ascending,3,20.36981980979364,High,1659.287853894289,51,28.471812741206477,10.601752825073778
103.97078202476402,49.78930385828821,356.4728600398995,3,Rural,Heavy,Descending,Cloudy,9.457972795028969,Medium,1717.6993953908154,20,13.589866356294122,10.035238252620442
7.154079041359083,49.72584868129601,324.18349949544654,3,Highway,3,Flat,Cloudy,32.56741439928199,Low,1401.027060441404,38,13.06150758983094,4.828002458906044
83.04606636476937,35.602418543132345,307.8903272584582,3,Highway,Medium,Ascending,3,-0.601734411217663,High,1647.3615704226245,14,17.903573765358914,10.413662011788064
16.798485206611545,29.145849129530017,302.4414314822222,Sport,Rural,Medium,Flat,Cloudy,36.13138479409506,High,2414.748619500174,11,13.22794663737516,5.97123863392984
49.89822816220932,79.22438326047853,325.1259163467127,Sport,Highway,Medium,Descending,3,32.82486470807304,Medium,2316.0930350720973,42,42.93607638715699,9.610303164823112
65.83060980656262,81.60243749612133,309.1592034144469,Sport,Rural,3,Descending,3,28.2380567401186,Low,1779.7011493058562,46,32.17783531652894,8.669674274666159
48.32873816961969,97.52103708024,333.6340638520767,Sport,Highway,3,Ascending,3,6.815526292082364,Medium,2122.856440856633,59,41.464446960823416,8.658581627432296
62.3534010963609,81.87345687242905,377.29335403597554,Sport,Highway,3,Descending,Rainy,27.17310352189535,Medium,1397.404950472451,38,43.03786465531507,10.19220971687616
119.58315705583428,39.4681995226879,371.62943304868384,Normal,Rural,Medium,Ascending,Cloudy,14.744640082838451,Low,2178.3161171078327,44,21.80699630570636,10.896748693532365
16.226077645542567,23.20932626308124,361.09276227880287,Sport,3,3,Descending,4,23.51910537531248,Medium,1818.520200953733,26,23.931114686635663,5.9016642696624855
81.05472544037107,98.83499074957282,385.2500243879479,Normal,3,Heavy,Flat,Rainy,9.064948774150954,Low,2139.3386756401687,51,48.89319797476297,11.360065385559947
47.52011596627383,47.236055643488456,328.2067624544277,Normal,Rural,Heavy,Flat,3,32.61360342136129,Medium,2037.2302314261483,39,40.86031162695616,9.28049299498904
15.961175868879454,44.95772339459366,388.5053753029966,3,Rural,Heavy,Flat,Cloudy,-3.174075530650487,Low,1502.59399033438,62,39.91492660922285,7.296221457381898
19.048411604917145,92.4764167799506,339.9239169669179,3,3,3,Flat,4,26.115688601316258,High,2285.0990432387216,46,29.22728904290493,5.555427440676478
113.91277274947404,66.80799188359889,340.08933182666266,3,3,Medium,Ascending,3,32.28840581724915,Low,1943.82961057183,39,23.111397951375483,10.76063355800299
105.55217960541144,37.18969390793077,340.5351613625522,Sport,Highway,Medium,Flat,Cloudy,24.089265182375463,Medium,2219.456636267877,53,44.74107376274619,12.055051833273444
108.84503524980262,91.12769941729916,309.80943662409817,Normal,Highway,Medium,Ascending,3,3.639630195819061,Low,1322.1822491760402,59,40.24739238320178,11.042373330229424
118.9839330992864,99.46886840437946,397.5490498331056,Sport,Highway,Medium,Descending,4,7.824135090111836,Low,1999.955441110168,47,25.887766475990023,10.279639618148527
24.99784680102216,26.934284892066454,313.8506777825159,3,3,Medium,Descending,Cloudy,18.17073825262377,High,1579.4492253773196,11,13.597491018505048,7.5434454324342575
42.65272048368741,88.98013026419898,334.0885724469185,3,Rural,3,Descending,4,9.82520811725094,Low,2319.163977841268,20,7.449242257427685,5.07655885353574
80.30628359098401,51.24125581475152,331.93003203267574,Normal,Highway,Heavy,Descending,3,-4.778761023176076,Medium,2434.3577559656896,51,27.68001485687576,10.082712151716356
58.05630478327767,61.92579572053635,307.46794328167096,Normal,Rural,3,Ascending,3,-3.169484939995355,Low,1272.5759262925037,40,14.871897988915691,6.388585149566278
50.20674400540002,93.18527806119846,315.22601301118766,3,3,Medium,Flat,4,29.549579395450387,Medium,2141.567765397899,36,13.284367729036685,6.537167889892768
42.93734992027117,97.87033566200938,304.4858336185386,Sport,Highway,3,Ascending,Rainy,-1.2331768243386083,High,1333.8711611653612,14,5.378733094599888,6.211877007193994
71.25367583321426,40.97311283270395,329.24044935605133,Sport,3,3,Descending,Rainy,36.76098350372043,High,2314.7595763045647,15,1.8201887225936184,7.894795659307646
69.07121143680985,37.0280616767931,386.6656924028906,Normal,Rural,3,Flat,Cloudy,14.923140065334888,Medium,1361.8816318427448,41,39.18935574620407,9.812035153114556
19.374940087708808,26.44132468732095,333.94422057373845,3,Highway,Medium,Ascending,Cloudy,29.11839872639652,High,1453.5089343139998,34,5.488454829339903,6.599518898747238
56.60878050221269,64.94382821297104,312.36918320673794,Sport,Rural,Medium,Ascending,Rainy,0.6477068230873186,High,1527.1062108652643,62,44.441612386504175,9.352604081006575
66.41661314518198,21.08835163605346,364.5693868383918,Normal,Rural,Medium,Ascending,4,36.69283390346672,Low,2146.1824925272394,17,10.767762098957176,8.700858033601582
68.43443264776685,52.951863808794926,399.6600912054911,Normal,Highway,3,Ascending,3,-3.4786026571030377,High,1580.2947928758283,36,38.00781705067105,10.54943466028892
25.212863149482217,25.870721332160684,323.2323789531928,Normal,Highway,3,Ascending,3,-3.103827767169971,Medium,1974.910317245616,49,41.167674062492864,8.289697743246798
89.07256707027442,52.41806263434672,327.95710053705693,Sport,3,Heavy,Ascending,Cloudy,-2.543639890413947,Low,1943.525467340201,37,39.648540512745925,12.4745801798007
3.023891378528356,23.19457514124874,397.18470542807887,Normal,Highway,Heavy,Ascending,Cloudy,-0.3466327566432827,High,1722.9401055374803,42,43.65550542133282,7.730578109920919
42.57982266517952,86.8173808487015,317.8776287550487,Sport,Highway,Medium,Ascending,3,16.907423974866003,Low,1901.336434011997,21,17.05207076600667,6.7724112676489625
93.62551782427605,36.77911951508527,351.1214067459164,Normal,Highway,Heavy,Descending,Rainy,30.47243989517358,Medium,1353.6493578902491,54,49.29583496649386,12.794258554719162
67.66715052664829,46.26469682863296,323.9652133016095,Sport,Highway,Medium,Ascending,Cloudy,7.822652415534899,Medium,2339.0265272475435,25,14.051775560445964,8.66692269462744
31.33949190130323,89.60383972851135,393.2351897901244,3,Highway,Medium,Flat,3,28.5599569762118,Medium,1469.1996316330424,57,46.72147468590681,9.382848322454567
83.39437432116573,79.7012849065764,398.1521014576294,Sport,3,3,Descending,Cloudy,29.83274386458354,Medium,2344.294609657669,18,21.92826073331802,7.9129512907553075
68.0869132987288,37.52306893136468,381.4697846120016,3,Rural,Heavy,Descending,Rainy,35.87247984332907,Low,1874.358671291489,23,2.940906461034144,8.523481068630458
95.54923313476648,25.75195349259968,331.47838158128104,Normal,3,Medium,Ascending,4,1.7208364066495596,Medium,1998.116693141351,35,39.26733181832135,11.74293271865264
88.20302234277881,77.25390214842716,340.3487475280505,Sport,Rural,Medium,Flat,Cloudy,1.0990529065454329,Low,1534.4861366716914,47,39.3918005643633,10.828358589366184
73.21295064434815,51.25620405504875,324.23056836664216,Normal,Highway,Heavy,Ascending,3,0.4942774990353067,Low,1489.0283019770625,11,9.945164934189313,7.923096201308915
58.58132103729768,81.2863999294577,389.0757967008992,3,3,Heavy,Descending,Rainy,11.168977407435564,High,1837.913858309348,53,41.19327116181925,8.306169591048748
15.98185508010281,55.62358179001684,391.4558277688158,Normal,Rural,Heavy,Flat,3,17.023569888639088,High,1547.5672110493265,36,7.96321220731132,5.011134099824871
31.35996214624605,47.68019303778211,341.8870662246047,Normal,Rural,Heavy,Flat,Rainy,15.772420975702758,Medium,1750.0807414932651,20,7.656439782485944,5.910012792141988
50.29193675005023,56.09643265699172,365.65330699030017,Normal,Highway,Heavy,Flat,4,6.567192912990755,Low,1772.2859289228384,41,40.46507246790467,8.48436791566078
71.91591444076664,79.88471885365414,316.5553179774694,3,Highway,Heavy,Flat,4,22.98908314585749,Medium,1552.1925220206658,29,14.581934302946314,7.150985794848522
61.64494262583658,92.17762292322992,343.4935900363409,3,Rural,Heavy,Flat,3,10.222313381524485,Low,1579.248978949021,13,3.936203974563245,7.872350793385741
34.58214311514354,23.981375727086043,363.1499106673498,Sport,3,Medium,Descending,4,11.473734463578396,High,2464.782233644651,54,47.82156489759495,9.81029821790372
0.7757229347652661,61.92892329815641,338.540311851802,Sport,Rural,3,Descending,Cloudy,-0.2511471738833286,Low,1963.691824406441,37,27.896303780867356,6.122334591150322
59.54870662809767,22.62683432671021,335.759952568646,Sport,3,Medium,Descending,Rainy,21.650410079098403,Medium,2281.4370060235638,43,22.459066722672933,8.683785025314563
34.27511862746917,57.4727636019487,300.0998992266943,Sport,3,Medium,Ascending,Rainy,24.487616885273106,Medium,1259.4649702396296,48,25.255091188666924,7.601930021429863
88.1529960852642,90.82262632775203,380.4293463777114,Normal,Rural,3,Descending,Rainy,29.107759920771656,High,1202.5020034479508,30,33.55546883154056,8.708341453709972
2.873551832458019,48.92722131362477,388.9337612021448,3,3,3,Flat,4,35.68041459072297,Low,1874.83310089359,60,43.09713266355259,6.562191054913204
70.1793373566949,94.59603368645146,396.9463529545832,3,Rural,3,Flat,4,29.47020050456573,Low,2274.846895508316,53,33.661686526548465,10.29333165485466
112.97690850072784,70.44867773204875,371.9271385069216,Normal,Rural,Heavy,Ascending,Cloudy,5.608464976753082,High,1994.194488203831,49,37.00236700917743,12.625013757427745
20.929112053379946,94.7324275034405,354.87923123698846,Sport,Highway,Heavy,Descending,4,5.60448217589664,Medium,2004.4785922256435,18,9.089638694925725,3.794028816786774
56.59793889007145,80.57333003300158,326.92845198087093,3,Rural,Heavy,Descending,Rainy,36.17892380028536,High,1381.1659422277996,22,19.266244182394868,7.810073782485971
10.97063901805658,28.274813331900983,399.92994759634985,Normal,Rural,Medium,Ascending,Cloudy,30.556010623682774,High,2472.137722258044,49,29.282008671248395,6.885730501616039
75.08182947136231,38.49210940501416,358.9752854532106,Normal,Highway,3,Ascending,Cloudy,30.20108936399072,Low,1888.6108130498387,42,31.00838403428694,9.13613253648871
66.06380167154707,51.5336363666805,368.1154072330446,Sport,Highway,3,Flat,Rainy,27.38711470497412,Low,1333.382370125385,11,13.607586275411473,8.077652299607799
48.88386290553988,33.60855056096608,368.2406161955317,Sport,3,Medium,Descending,3,7.024089606420159,Low,1738.456483185727,68,48.7516143698024,9.097571620063423
62.56524257684895,59.59292838213284,384.5251795757181,3,3,Heavy,Flat,4,33.13346540831705,High,1293.5625349224856,19,5.997480010845025,7.506718787490305
107.58895901628122,57.70945245611925,300.9672538846919,3,Highway,3,Ascending,4,1.4298105136056725,High,1743.5823458903903,9,5.702689573008931,10.720309494191802
23.555316277328046,96.5007358421905,322.0246940431372,Sport,Highway,Medium,Flat,Rainy,10.750792418405656,High,2125.030334460718,25,11.534594921840815,4.256848194739228
2.707741404641668,54.69823063167822,366.5534000170014,3,Highway,Heavy,Flat,3,10.591354297139327,Medium,1620.584019006992,38,37.720271936423295,7.174982175652501
103.39978616389212,82.85014434303983,389.5145736824568,Sport,Rural,Medium,Flat,4,20.20594637686156,Low,1607.032940963555,17,1.9239092940117928,7.646781311156796
69.25404988654878,95.3528435881184,368.5338781921356,Normal,Rural,Heavy,Ascending,3,15.854960019800988,Medium,1868.6410053379032,41,49.39450235231874,10.30073265985551
106.87901465542107,90.15910647791884,341.349129149368,Normal,Rural,Medium,Ascending,Rainy,15.691365989494177,High,1848.031731205524,60,49.38769938167155,12.61548517447485
71.63342680958071,36.69340996092735,336.15554958702614,Normal,Highway,Heavy,Ascending,Rainy,19.910759407581622,High,1807.2854907778133,25,8.068241411703562,9.53866870155111
97.2193307951643,59.68239154028354,373.794800828332,3,3,Medium,Descending,3,13.693830471045796,Low,1871.8976512054928,39,20.120043386481168,10.891553003313891
51.56080360261775,47.819182583674056,374.12376971371935,Sport,3,Medium,Flat,Rainy,6.249245409298101,Low,1262.3468955912278,22,10.275475239675169,6.399180470352497
89.98319175459226,51.98869561097724,360.705799250569,Normal,Rural,Medium,Flat,Rainy,24.885432299530176,High,1816.5467355239084,25,20.459959096619365,8.9948974325036
109.56497602678272,48.864546099660096,329.14670240973373,Normal,Rural,Medium,Descending,Cloudy,30.578502047728108,Medium,2489.613976247545,22,26.68985443113386,9.7004619798156
68.65475564666475,86.10873681400034,392.5154818390544,3,Highway,3,Ascending,3,16.554814548006522,Medium,2193.6362366470894,60,41.15432436464727,8.916700631444735
21.694218067485544,56.171124409795794,355.1879942118639,3,Highway,3,Flat,4,24.226743402152824,Medium,1573.8399415892338,24,1.8867841605934204,5.207609221813197
32.25571380362378,61.895546579575054,379.04923562483305,Normal,3,3,Descending,4,19.091347682036623,Low,2081.0281407802117,59,49.34619379169926,8.933527567834226
23.83734922768869,98.59578856376598,321.4308262161832,3,3,3,Ascending,Cloudy,-2.3451602658303896,Low,1628.873324943345,59,47.03409169726996,8.49542125273396
29.622843311487948,24.798341775321315,334.4040788614728,3,Highway,Medium,Descending,Rainy,14.038809770386129,Low,1448.96835927097,47,28.563823217059024,6.772818109130372
36.76985392212436,59.03661118325991,387.45795163873424,3,3,3,Ascending,Rainy,-4.556637521521822,Low,2205.6172469503963,44,24.09672930269876,7.341726181895562
66.61605441038262,81.92493655568929,305.01070299399686,3,3,3,Flat,Cloudy,24.78456751741411,Low,1472.4622408839705,34,27.577173198042036,8.70413696691999
70.55899553565993,32.092956655058124,351.2315311256662,Sport,Rural,Medium,Ascending,Cloudy,17.867266144807065,Low,2316.2137576466475,14,1.0202022284862708,7.331619007578251
51.179969669023336,68.92252756918191,348.1705479844009,3,Highway,3,Ascending,Rainy,0.7074190830863616,Low,1694.532500438551,31,36.91036633041111,9.444373884887352
73.85049357850025,39.15718236275734,375.1230188908082,3,Highway,3,Ascending,3,19.39861894354772,Low,2183.8964449386,36,24.87215561795964,9.583351965404148
9.78899107336391,89.39232905796541,328.18937705993324,Sport,Highway,Heavy,Descending,Cloudy,35.42917013625952,Medium,1537.4754665851217,34,14.37339198143772,4.074468160028596
10.534588446979196,46.16797323200635,321.90668218595994,3,Rural,3,Flat,3,10.32208441499282,Medium,2048.5557742383635,40,23.13102358547582,6.022625961242617
20.619535242919014,46.32502535207277,392.6132838773234,3,Highway,Heavy,Ascending,4,39.20659448048349,High,1476.2913014689302,35,14.699133331510929,6.738030293607908
62.16929976484137,67.85551028143148,357.17096519584646,Normal,3,3,Descending,Rainy,38.17209580339753,Medium,1228.384819227473,46,35.02754354665119,10.01959538532778
25.679361443797628,34.6850326495927,310.46895682836544,Normal,Rural,Medium,Ascending,3,30.33894291054198,Low,2258.985415427392,25,30.76026676785435,7.706959442088675
33.99412841910928,42.791091112244885,319.3036162214321,Normal,Rural,3,Descending,3,31.620999001852997,Medium,2313.011531605177,20,19.465820694593944,6.693582460419045
48.037540340759286,53.33054800955292,399.8826059514248,Sport,Highway,Medium,Descending,Rainy,13.474541208992903,High,2344.746454011733,42,15.78067290536445,8.705625428146547
97.4239348812456,48.29102905120883,319.56089962521924,3,3,3,Descending,Rainy,13.114349288369056,Medium,1247.186756915184,56,43.91402855432688,12.49056077662667
1.6634563095432142,61.990177440446594,361.0475511353679,Sport,Highway,3,Descending,4,37.94788112201467,Low,2189.1983679667046,39,34.14370831805064,5.533765145229083
77.92545842839469,67.9712115255173,342.01280789956184,Sport,3,Medium,Ascending,Rainy,11.478831229913894,High,2286.631531645423,33,35.81751267676505,10.539529764244964
80.26518372488223,65.33339630001316,388.5599094849836,3,Highway,Medium,Ascending,3,-0.6407199917130537,Low,1605.2075694177938,50,30.96841903725172,10.132185083681897
95.8386936427964,72.33346495935459,375.5168592295328,3,3,Medium,Flat,Cloudy,1.8715489686069269,High,1811.5866885527237,3,3.854004456707743,9.456129324588908
111.9303526872376,44.61996132862562,359.6951396261816,Normal,3,Medium,Ascending,Rainy,26.96795343368149,High,1730.289694503028,23,3.0571980862924613,10.948715750753498
2.4165418739147797,30.114098172402244,301.0738981797983,3,3,Heavy,Flat,Rainy,12.234142079033996,High,1772.1330406650056,31,21.515658768506636,6.617609865483844
18.454044661585943,80.86460331448617,387.979520749346,Sport,Rural,Heavy,Ascending,Cloudy,3.970427787048671,Medium,2300.7154452317327,46,46.53194785708389,7.333620591600839
106.34055528671917,88.06243061045456,344.4667470838716,Normal,Highway,Medium,Ascending,Rainy,31.620375790737867,Low,1743.2293769725666,32,26.28293313703873,9.896607684693718
55.02222746244185,40.560498577794576,393.1577653018576,Sport,Highway,Heavy,Descending,Rainy,16.99030708029815,High,1593.0729440752775,38,43.80663720336204,9.372411478876744
67.75087667201562,52.56735649264158,349.5539012854201,3,Highway,3,Flat,Cloudy,20.54385421464029,Medium,1369.4981445132316,20,4.917837117599188,6.353451004598715
79.56326444677768,59.88553735708442,369.42244891827255,Normal,Rural,3,Flat,3,1.9277209592547877,Medium,2077.291110657589,49,36.24062763923968,10.57743235175287
81.48799253947648,62.666147420234914,306.9292649466642,3,3,3,Ascending,4,3.673939063717265,Low,1309.465113819872,20,12.342358962544475,8.926295742452913
111.80884839798098,72.75921368701215,374.5151653526786,Normal,Rural,Heavy,Ascending,4,0.6635216638212595,Low,1279.536933918485,29,26.272358374140573,12.06332568500795
119.63393008940037,23.328258668425708,333.79960313119227,Normal,Rural,Heavy,Ascending,4,18.1544259655494,Medium,2086.053073319392,40,14.71676141066838,11.884421902500272
86.41889531171283,77.71816661872137,335.1359014331781,Normal,3,3,Ascending,3,29.904565527726447,Medium,2102.575633619644,50,35.64543466410352,12.638539748878406
34.4665451046181,24.95768055835282,311.865584470939,3,Highway,Medium,Flat,4,27.952835974666343,Medium,1458.804060486178,32,20.104363733249254,8.389513284067581
105.57028827532125,57.46308541382943,314.6857148640202,Normal,Rural,3,Ascending,3,6.755386923499536,Medium,2444.340031220549,24,23.16220777572973,10.566563369604271
5.906509744891393,86.21369084553552,318.57590562062103,Normal,3,Heavy,Flat,Rainy,33.319758455753686,High,2224.158202726928,11,12.342734121758305,3.7793581460491934
27.729702344939543,56.0972250622717,332.8206168571422,3,3,3,Flat,4,-0.2452618336813952,Medium,2092.356455450854,23,14.144754963789069,7.078301079933352
107.68628609564578,31.927179901459823,389.1969912775605,Sport,Highway,3,Ascending,Cloudy,0.1322486537400058,Medium,2180.651840149392,25,9.055836966395828,9.50181711570298
30.742981732722598,98.80270760047678,336.82602382300803,3,3,Heavy,Descending,3,33.21869271718825,High,1735.4530804103374,49,27.734547513672396,6.877342192946423
26.478127154609812,91.14283696594106,372.4362706563218,3,3,Heavy,Descending,4,5.998880252915361,High,1792.335226191697,12,7.335348105969156,5.520706136141141
16.57503517682967,81.70509065800113,308.2747503889871,Normal,3,Heavy,Flat,Cloudy,26.86521300880427,Medium,2331.279342444785,21,13.48331032245088,5.373953711898684
103.09341091762998,52.920928231936834,359.10987992719924,3,Highway,Heavy,Flat,4,-4.591418363524582,High,1233.0447214909243,47,26.57002159693952,10.232100296922836
60.00699110293041,34.707658151143825,348.189123127044,3,Highway,3,Ascending,3,-0.7879510121381124,Medium,2243.1475019134587,16,13.814081823971543,7.901258920398739
80.98718436649858,95.3128945134801,397.79579469545047,3,3,Heavy,Ascending,3,22.41799189250274,Low,1781.8391091106105,30,29.466133020742987,8.385161680651546
28.68796608900356,62.58809012137112,384.6207769878963,Normal,3,Medium,Flat,Rainy,3.2087179695057024,High,1803.15902985202,2,0.8067838224639687,5.632258323734958
90.96485052134598,88.18843683099881,345.482977243865,3,Highway,Heavy,Flat,3,-3.7303841159257,Low,1623.409520364875,63,48.66381710622723,11.467643939927704
91.20066539545182,47.36760046075406,377.51427640453386,Normal,Highway,Heavy,Ascending,4,16.012604050749538,High,1989.1936486317093,59,36.526443933383966,11.049264646761838
37.51176298899602,46.823065366357646,319.30387412937773,3,Highway,3,Flat,3,9.87342246753334,Medium,2078.375361674948,46,25.240574514502534,9.040159419983716
49.28191596123394,98.84323845392314,356.2336327391778,Normal,Rural,Medium,Descending,Cloudy,31.101561763741486,High,1408.9797339882125,61,46.04981220222648,7.835641453591688
25.162833291624104,61.74664387958799,307.4619055568708,Normal,Highway,Medium,Ascending,Rainy,31.847304599648687,Medium,1935.4319401884395,54,43.5013274391544,8.931362368591925
117.18732279874853,31.255633908859703,334.8089032251683,3,3,Medium,Ascending,Rainy,22.649040454413942,Low,1804.385421502176,42,18.39106056542701,12.29620089986298
77.47230924700939,37.57397423957659,322.58621816221705,Sport,Highway,Heavy,Descending,3,8.186518585590363,High,2216.481269542485,8,5.894845999639545,8.27488069350651
112.14526568586186,58.555542351417664,371.8909815325211,3,3,3,Ascending,4,15.773199306810271,High,1908.8734802407464,38,12.686396364630228,10.217481766536888
36.40626523549598,23.397672839072907,349.00906912143614,Sport,3,3,Flat,Rainy,26.601521219707426,High,1758.445175999686,29,10.513594546260364,6.427802931306467
93.82690955962676,57.00271883026404,375.107047884801,Normal,3,Heavy,Descending,4,-1.8811151080114232,Medium,1887.6103759052307,38,37.5278660335545,9.453167869665968
91.90303726616904,53.51526736641021,351.52954376314455,Sport,Highway,Medium,Flat,4,9.962368974765628,Medium,1837.7377576422316,43,27.450683636399017,11.630858613791172
82.99867822398498,82.34690122555895,308.64844421516386,Sport,Highway,Medium,Descending,Cloudy,32.00663654091273,High,2415.731209708727,41,42.51989933960218,9.985498056503562
115.87667703201603,48.39535715913934,373.5367649732527,Normal,Highway,3,Descending,Rainy,13.2712844011158,Low,1605.4540696378372,46,24.53606744816233,11.53591130282923
47.22664033275787,98.60390092316794,383.32292639878057,Sport,Highway,Heavy,Ascending,3,23.110060509195964,Low,1248.55364003963,55,38.5112762400772,7.864098166996178
15.686078830770876,34.46159354407225,390.35312259127926,3,Highway,Medium,Ascending,4,-0.6649533889128332,Low,2060.5957804561926,21,16.238799595930992,6.752375128274742
80.60506310928729,67.27893479745079,357.1991945306708,Sport,Rural,Heavy,Descending,Rainy,29.967068883282344,High,1984.996057082687,30,30.14732507056845,9.77369985774156
87.51717605726473,27.17594376066037,375.3585358999495,Normal,Highway,3,Ascending,Rainy,-0.4790529528241141,Low,2382.96010246481,48,32.00606912802243,11.182333465382934
69.00726881505776,78.70911871951856,375.2044336882627,Sport,Rural,Heavy,Descending,4,33.768636452624065,High,1352.7196025726782,47,37.98842584098704,9.943508551617734
24.818147176007557,99.58029504495772,315.5749759798944,Normal,3,Heavy,Descending,3,-0.2029529799640341,Medium,1879.4393071765396,62,39.99447118091247,6.460711717317799
60.53471300032265,85.53109102013057,316.42206874595706,Normal,3,Heavy,Descending,Rainy,35.09017434263545,Low,1396.002365040024,36,13.89750181101335,7.019260157761237
37.46276838829553,64.45628325762411,307.0885505809126,3,3,Heavy,Descending,Rainy,11.36964434022168,High,1792.4216606295454,39,19.314394275626253,7.92037682258097
51.29598338000269,58.779308591975365,331.9913635140301,Normal,3,Medium,Flat,3,23.10388292984389,Medium,2239.180585277359,24,10.436041033649106,6.289507945547526
77.42622910135967,86.80239690134775,347.3508587741064,Sport,Rural,3,Ascending,4,33.0947748237306,Medium,2314.604447160812,40,37.416935088734114,9.830951700575024
89.42576912290015,94.87792677685796,399.7897852754217,3,Rural,Medium,Descending,4,-4.539136055424504,Low,2284.01846843618,15,13.609340356296686,8.481776650429953
27.86696290816117,99.13652206384744,343.09933420681693,3,3,Medium,Flat,4,6.956192263283707,Low,1911.6262835529717,28,19.61185816893828,7.222287410607742
48.6390432776344,51.72313820515873,372.6242588507371,Sport,Highway,Medium,Ascending,4,35.87522445816366,High,2024.148160547542,60,40.17102113075941,9.679845696453626
32.2993885189955,99.27339798356098,369.3397026272535,Sport,3,Medium,Descending,3,12.46792272631654,Medium,1917.0338990048883,23,17.05615175613985,5.507936146699541
23.83579366342429,32.47410017390652,320.44819502505794,3,3,3,Ascending,Cloudy,26.786916660893105,Medium,1929.606512528304,39,14.645865427471367,7.788716082174724
94.0064663995006,40.28398207455274,305.85071514494365,Normal,Rural,3,Flat,3,1.3005425269076092,Low,2350.6961550795413,35,32.59395350882405,10.33880151433617
109.1103233324391,27.12128997871169,354.60067515335874,3,3,Medium,Descending,3,25.526722063506828,High,1472.0547633297715,45,48.77114193030011,13.396866007113909
44.427862282149206,41.73908131875854,370.0305592314476,3,Rural,Heavy,Ascending,4,-1.7077552013280526,High,1770.3956445252584,21,3.2249360588351044,7.620364507685532
90.15347092485204,81.4350041294409,399.8251790186256,3,Rural,Heavy,Descending,Rainy,27.27963128941002,High,1993.0817052911696,40,41.75594138856351,11.200731234417262
107.63943472372932,88.23394865427598,335.8611052281171,Normal,3,Heavy,Descending,3,9.571222947405042,Low,2194.957792998001,6,6.168081229568549,9.503440056366966
101.5349052636278,82.31141160820573,389.6364562081097,Sport,Highway,Heavy,Flat,4,15.963144517896986,Medium,2190.4566404533207,14,17.310416051186618,8.810435716213311
21.937606624707108,70.4852622534157,338.19324558691864,Sport,Rural,Heavy,Flat,Rainy,2.4817081435175083,Low,1352.422861909424,18,20.89422483838296,6.55557041098306
114.75502578160336,61.117321001811646,368.9411708430513,Sport,Rural,3,Ascending,3,23.253205798039478,Low,1488.4829549969131,35,35.96509406928874,11.629970784835937
45.201172851535496,76.69634313709172,359.8252930517052,Normal,Rural,Heavy,Flat,Cloudy,10.190543295143812,Medium,2384.9736779534114,65,46.335639949436136,8.807124314888569
40.70887934086036,51.26668394137774,305.2978793302597,Normal,3,3,Flat,Cloudy,12.251875272221042,High,1664.775075436067,4,5.190346918089836,7.451019511382901
7.49175927333364,87.30466811997614,307.8388426970258,Sport,3,Heavy,Flat,4,24.34868162293613,High,1203.5264345068065,48,37.26594176070055,5.736296256229374
58.34083849258596,74.17520751814283,302.0764089724461,Sport,Rural,Heavy,Flat,Rainy,3.0487747550147795,Medium,1459.736188937312,32,16.18239053251755,6.905089536708351
13.081633876911445,75.82437587955269,337.0834084593989,Sport,Highway,Medium,Ascending,Rainy,33.340400210750964,Medium,2460.4177269637967,52,45.10535868502626,6.660763916375798
29.82477851129112,62.8748794503257,374.580104876601,Sport,3,Medium,Ascending,4,28.267888250929936,Medium,1602.6731361754707,21,13.983019332681655,7.108023537028404
38.03311461207377,90.8183187368938,317.2755393990723,Normal,Highway,Medium,Flat,4,20.99785014121732,Low,1997.828913552823,36,34.72371128733108,7.760022063129806
97.05915881900208,40.1611786943242,360.5852968383896,Sport,Highway,3,Descending,Rainy,0.774988018710193,High,2144.644870245398,14,8.321314438076518,9.50610974195747
105.0586380475076,50.49181226888406,328.8827780031078,3,3,3,Flat,Cloudy,25.919936248011066,High,2040.5576871563803,60,47.901559225462506,11.90630359545334
36.29595809537636,82.21140557421512,379.6992623979072,Sport,Rural,Medium,Descending,Cloudy,-4.185528255971327,Medium,1690.8360427827247,5,0.3157844958595939,5.612658968179821
103.04377454934888,59.41991169034701,379.8396149002991,Normal,Highway,Medium,Flat,3,31.197811069027477,High,1759.5396499671883,13,11.719313667897774,10.323952240953194
102.86771248437492,91.13712107393526,377.5414514966424,3,Rural,Heavy,Descending,3,8.670896356274136,High,2289.38090644713,28,33.82961138998703,10.1930422456978
91.75811404618484,47.71194558102819,352.48335138013766,3,Highway,3,Ascending,Rainy,0.274519773865582,Medium,2061.6206708432583,36,42.69085907146968,12.993808808802674
17.603413681821785,49.54641350557158,328.4566710079852,3,Rural,Heavy,Descending,Cloudy,2.4020029325288554,Medium,1230.4658552517656,65,49.67850973376724,8.507995696151687
82.83874162808748,91.09886315093004,380.9444043878635,Normal,3,Heavy,Ascending,3,38.34104793287803,High,1464.4948611783534,20,8.745705783283176,8.267262710768897
113.40288774966824,57.14962561456328,318.6100561939241,Sport,Highway,Medium,Descending,Cloudy,29.822368803287382,Medium,1572.1873198375708,41,15.4264776005236,10.667289202407533
81.90485745205885,61.28996673619894,328.9759602028656,Normal,Highway,Heavy,Flat,Cloudy,5.704238800138009,High,1675.1327120319377,41,44.60341584996579,9.776245970400495
39.79402189294007,46.62109722685435,318.39477061606215,Normal,Highway,Heavy,Ascending,Rainy,38.3559809558325,Low,1949.961840412992,29,1.7217458007665778,4.483673789085673
60.06951809169976,42.13359537432655,367.4210160387648,3,Rural,Medium,Descending,Cloudy,1.3052951798144594,Low,1676.463775284103,46,36.692758933052616,8.712561322977841
77.48700520212644,72.47589686707136,368.6236028115818,3,Highway,Medium,Ascending,Rainy,28.00872453556486,Medium,2272.515491306909,35,21.21029095879924,9.3877138838596
61.268449047420425,29.58725292329631,365.2509992786753,Normal,Highway,Heavy,Flat,3,24.55328320835561,Low,1815.986252488155,44,34.47201919193757,8.298091389438857
14.39435300771638,90.34181129463276,341.5601466864668,3,Rural,Heavy,Ascending,4,31.966454757350952,High,1852.8323971679447,36,26.29251607981511,5.920465127005766
37.44768535824248,82.33625094120863,310.01710072014333,Normal,Rural,Heavy,Ascending,Cloudy,12.176442430294266,Medium,1755.605940690636,37,31.3928831533366,7.171237614269718
96.2875236664359,35.25986109646422,391.1169584515021,3,3,3,Descending,4,13.082595623984936,High,1603.6062555102671,53,33.36651914095084,11.021693909145752
103.37016553146208,75.52159566596524,350.7730964012238,Sport,Rural,Heavy,Ascending,4,23.105515829925544,Low,2142.240154680155,52,31.59917264536049,9.643675140007163
16.476003925868426,68.21063370285079,340.69721949110914,Sport,Highway,Medium,Descending,Rainy,12.919259063434977,Low,1498.431882644178,48,33.26169259955918,5.015484618485909
114.28641028784696,34.76280405893153,358.8824893248293,Sport,Highway,Heavy,Descending,Cloudy,-3.1392098284004684,Low,2096.336758656942,27,28.460561838518803,11.848131842480996
39.45871414183312,41.8562804840186,319.27904358191057,3,3,3,Descending,Cloudy,27.83686143152832,Low,1888.617994507124,59,35.7233783822324,8.36486895899663
79.4776486476864,52.71892029870675,313.25487791048744,3,3,Heavy,Descending,3,23.84257283748072,Medium,1332.9422049235625,43,38.82357131348972,10.388002406755446
90.21901751480172,75.93941881963791,340.55252214579434,Sport,Highway,3,Flat,4,14.067076574019149,Low,1223.3574205149855,47,39.41797739784577,11.257389227059887
97.433548156546,71.09787270536047,322.72206940999104,Normal,Rural,3,Flat,4,8.627330239605376,Medium,1420.2767081296213,35,42.69030362976554,11.039100871360164
113.48996426711162,62.57878781413584,324.42902945371645,Normal,Highway,Medium,Ascending,Rainy,9.432662724731577,High,2189.327151408223,23,15.888480783088422,9.920101447054696
37.55034576345872,81.47284344912273,389.2511487778529,Sport,3,Heavy,Flat,Cloudy,28.346288067030848,Low,1699.9768309534577,52,37.31409419913319,8.178718800007648
103.02077454618654,80.63501916849327,353.0759177185825,3,Highway,3,Ascending,Cloudy,27.812239554079422,Low,2246.3394624658013,57,47.33839843438944,11.4771733058999
15.802428412344844,69.42873232498047,348.3469064323351,Normal,Highway,Heavy,Descending,4,31.85132891535625,Medium,1852.477559852176,19,18.436657138863943,5.514694880309152
84.60490876243112,82.95920667078602,368.9479593728597,Normal,Highway,3,Descending,3,29.298119270624905,High,1242.570616821415,35,38.90429167500824,8.597452227912445
89.03732754167831,46.74106998233674,395.154811367674,Normal,3,Medium,Ascending,4,29.10748909477293,High,2299.927887243113,33,14.6439926168152,9.30209443524942
81.32678894415845,90.49996226580843,311.21985644705643,3,3,Medium,Ascending,Cloudy,6.329795532494423,Medium,2417.1424663233115,15,8.860906345521697,8.603852589762447
30.27776833621836,69.19280686415526,383.35345671092574,Normal,3,Heavy,Ascending,Rainy,-0.4274350430556275,High,1296.4797630007722,40,22.376701917514417,6.346612948677129
104.7651776418244,85.78908110499444,358.4019179867846,Normal,Rural,Heavy,Flat,Rainy,29.27885197162077,Low,1470.8558685541989,40,40.34595473975201,9.408814730028311
20.2630156044474,63.70232838322272,314.6165353811837,Sport,3,Heavy,Descending,Rainy,-0.5621891154911198,Medium,2130.2187963437623,22,15.42541373083199,4.530609897912085
6.4361749824997005,37.47505959909443,329.7149318688992,3,Rural,Heavy,Descending,Cloudy,39.19501323827409,High,2496.3282053298053,14,14.817474474054778,6.56481936236573
86.09579887342946,63.39281029426469,348.2361416464739,Sport,Rural,Heavy,Flat,Cloudy,34.379017035250314,High,2339.1948409620136,21,13.955984255132238,8.35439335019778
57.05708582792804,49.68893310212705,369.1177144577423,Normal,3,3,Flat,Rainy,19.005772086453423,Medium,1328.6322192924526,19,10.984237137651323,7.07748544951077
101.89176239504113,75.79992288296756,324.26070169534523,3,Rural,Heavy,Flat,Cloudy,10.848260429597264,Medium,1989.4082225638888,33,30.594438541745465,10.2007735376455
46.00765692699108,58.06350333877887,353.487881546759,3,Rural,3,Flat,3,18.707936617634303,Low,2064.7648119696614,21,12.242510571685289,6.9573655441269535
20.19343062092554,86.88902439421501,368.4671627415862,Sport,Highway,3,Ascending,Rainy,28.043582489651683,Low,2020.0817142969893,57,46.75165082126228,6.43173137231564
100.37306309638436,74.24580098575333,344.87407508475064,Sport,Rural,3,Ascending,3,29.03484903522765,Low,1938.478343995238,18,17.361959232203652,10.00251495997432
65.8691557968086,74.76355464250591,386.3025961120176,3,Rural,Heavy,Descending,3,-1.6850300607537068,Low,1579.8650681042282,23,27.16569797306972,7.599922251117216
22.703495086842587,37.3724266792852,386.9459102840405,3,3,Medium,Flat,Cloudy,31.218434270266776,High,2069.0580171859447,43,20.51760606082853,6.686501300561649
86.44607983037349,98.73998131930324,347.0691217640445,Sport,Highway,Medium,Descending,Cloudy,23.867368676732,Low,2146.9866457499998,49,48.13951513113436,9.436505918762766
61.33363661874007,87.3340167417191,397.29257104089,Normal,Rural,Heavy,Descending,Rainy,-3.1739173742658733,Medium,1948.4960608526485,22,21.25817402021551,6.451229350640184
72.51755786883838,83.12039076485557,307.5585092405447,3,Rural,Heavy,Ascending,Cloudy,9.092254261620562,High,1846.3021844302048,28,28.228352966579056,10.63763996607608
55.307800584789824,46.4172180128022,300.33623783229365,Normal,Rural,Heavy,Ascending,3,17.978861591244215,Medium,1484.7397130548684,35,38.19482067345299,9.89757754675541
99.44507805816076,62.85053222777855,338.0668263803919,Sport,3,3,Ascending,Cloudy,3.480317149246373,Low,1908.1412428987144,12,8.647697207155817,11.00232644993484
99.54752588196598,30.968255045946293,360.1097061372509,3,3,Medium,Descending,Rainy,1.9858237993549637,High,1366.7256064964963,20,1.7288259476774943,9.130068750281753
85.12665861892634,63.07807813301648,362.92001574496607,Sport,Highway,Medium,Ascending,4,-4.357347593120206,High,1294.530788934111,29,22.800503772806987,9.523456202954804
12.648165287575472,31.67113971866298,347.6445736293829,3,Rural,Medium,Descending,4,36.01977850530663,Low,2211.2065543984245,24,27.57698929137386,7.909852931672255
100.66246342848828,64.2430275191681,312.48833132406463,3,Highway,Medium,Ascending,Cloudy,-2.475142023641572,High,2079.154421979624,41,14.424345831225,10.79294634747735
80.52155766394918,71.89775041239244,317.04975217878945,Sport,3,3,Flat,4,11.470513965881306,Low,2043.7418730238776,44,23.178982825204013,8.953880394208495
83.64289992051594,51.21567737999219,385.21479838520094,Sport,Rural,Heavy,Descending,3,4.259723677217048,High,2406.566041965383,48,30.79650674615828,10.407170818404268
43.5579408484646,59.88359026650346,386.7911131739261,Normal,Rural,3,Descending,4,28.346489599331257,Low,1695.0045311524027,40,48.66632056956966,7.845375636654317
105.5135467388408,90.05227101396687,367.389853786072,Sport,Highway,Heavy,Descending,4,26.823309586669048,Medium,1719.651627960068,42,30.128680074476527,10.177508009038378
87.04459202818289,28.68505157622475,366.42179722788825,Sport,Rural,Heavy,Flat,3,31.280008538289145,Medium,1737.870975945219,22,22.49797908807168,9.482976579911467
13.510855983503337,83.33863143997223,359.76821280278074,Normal,3,Medium,Ascending,Rainy,22.756373556024315,High,1804.8680178794752,10,1.2241718487307005,4.2442757910643785
48.93336412873952,33.66036407969571,320.2925885701988,Sport,Highway,Medium,Descending,4,21.62439221500008,Medium,1866.695885967844,27,15.598103273259667,8.325826765297819
106.365643435217,22.93663862437027,342.8250700259903,Normal,Highway,Heavy,Flat,4,13.3199821962348,High,2211.4226617172185,33,17.98844958686463,10.561456329512694
5.66360420368548,34.84596821960382,369.5894651463379,Normal,Rural,Heavy,Ascending,4,23.63614150489907,Low,1483.0143033362915,25,23.89953402552488,5.217275925811919
115.36999435704594,81.20345519763917,353.72522720033385,Sport,3,Medium,Flat,Rainy,0.1842513235038865,Medium,1764.3097702183145,56,39.13033603222911,12.00085013708568
81.49950819834754,52.410085866948805,301.8580334055099,Normal,Rural,Medium,Flat,Cloudy,25.80307821409831,Low,1856.665576939548,46,38.81678007131816,10.381956046113949
75.7651173172052,89.80164134769456,395.3556806720098,Normal,Highway,Medium,Ascending,Cloudy,-0.3246008961610416,Medium,1419.852975548049,58,42.279770573234735,9.900560886222763
32.46711077855897,61.97660329458127,384.4816052572144,Normal,Highway,Medium,Descending,Rainy,33.77829561396998,Medium,2112.5255376807418,13,14.570628687438454,6.702511613124552
29.85501464870125,21.780028154106475,326.0545014109738,Sport,3,Medium,Flat,3,17.755726262217486,Low,1273.1519639647695,16,17.38832114173637,8.441100159052642
113.04698633863146,77.33708876815413,361.6458935166296,Sport,Highway,3,Ascending,Cloudy,18.866060704103823,Low,1961.6862478952755,20,7.596920639645368,10.011625704771047
35.792694508094726,28.818632697698614,392.3239383728188,Normal,3,3,Descending,Rainy,21.31859209923561,High,1462.7848082910073,56,42.88504723155489,9.06332186492669
93.06063560627992,83.15037067695395,309.6011012113651,Sport,Rural,3,Ascending,Rainy,29.922362454048567,Low,1211.0087390411743,26,32.64653473845553,9.305761659928912
47.1746157848495,33.448203984414405,350.30294807967005,3,3,Medium,Descending,3,16.531177939247534,Medium,1610.5031217534329,27,3.969740300475749,5.990401797651019
16.710488494164476,47.63571086444108,345.62430258462945,Normal,Rural,Heavy,Descending,Rainy,14.24146331412949,Medium,1757.8828846674242,38,15.252484191160892,5.663016400055838
1.285835723443074,80.90171437002883,341.02050052835324,3,Rural,Heavy,Descending,Cloudy,7.9750055547806,Low,2262.491533413189,30,7.720980060640539,2.730559110772991
65.3108804418301,96.33850859811372,383.5588608892925,Sport,Highway,Medium,Ascending,Cloudy,0.7617707822916095,Low,1730.1993505919545,53,48.46448500537177,9.462702098959635
117.09345822587191,49.71471605173859,338.06461466974577,3,Rural,3,Ascending,Rainy,3.565414348421489,Medium,2390.066237320436,14,16.297680147368798,11.967865852355288
44.29634325710454,86.35201761591486,306.3663333241008,Sport,Highway,Heavy,Descending,Rainy,-4.976247034137543,Low,2295.3004402241518,22,24.87371919659572,7.016713177258568
42.86308007916538,35.2633812380671,306.58377421643024,Sport,3,Medium,Descending,3,34.12397415035503,High,1450.558885857564,28,15.963310579980648,7.54519646983659
41.29099414193305,84.57438161619929,304.2744606524609,Normal,3,3,Flat,3,29.42312777044968,High,1402.4325070801788,25,23.767396961132302,6.247150791098245
62.46526047658301,72.59952474050009,340.9145421874037,3,Rural,3,Flat,4,4.840709296853037,Medium,1516.9946330780033,45,49.9312450737727,10.437662082532944
52.879786010915225,35.41948057698947,371.840627769836,Normal,3,3,Ascending,Rainy,-4.892445923202261,Low,1667.5864612353575,23,14.440699927737317,8.149350012705419
105.58975520724174,44.200316828112925,320.3722461930515,3,Rural,3,Ascending,4,17.14523371879176,Medium,1958.5247390976167,40,14.202840466064549,10.593857506216054
60.66249500681884,30.54167108776288,364.6468520431549,Sport,3,3,Ascending,4,13.565793969178172,Low,1361.3059522882268,35,18.63184060368444,9.065796194123172
60.93094058262825,50.63736088514506,368.7088472103704,Sport,Rural,3,Flat,4,29.92029796039264,Medium,1891.6536694090628,27,8.548906991229837,7.099489484599589
16.604591366466792,36.29189128986219,325.5202124015598,Normal,Rural,3,Descending,4,13.130297801388302,Low,1955.0052022631733,49,36.975687861570194,7.491568859190146
117.92874490924632,71.51983629043788,360.05576560606295,3,3,3,Descending,Cloudy,33.88507633856913,High,2059.1573153496265,20,19.029081031944447,11.22158627741841
29.99674690425956,99.5604083376447,368.4868340026848,3,3,3,Flat,3,-0.6872796920636217,Low,1915.119665486343,31,29.08485298696892,7.665562691814078
8.80368809515232,20.960733046741133,346.6613622802126,Sport,3,3,Flat,Rainy,11.463613881364662,Medium,2272.723171581589,37,33.099024103575914,6.968782742800627
79.57754987702505,63.27358506298389,333.6716597280095,Normal,3,Medium,Ascending,3,37.02734044009288,Low,2034.0675736235055,15,1.8686372598559275,7.169609516259863
71.44396441882472,65.89332780392078,361.9151551574328,Sport,Rural,Heavy,Descending,3,-4.472166995290454,Medium,2401.917012485743,36,32.23573932739964,10.223945638847669
49.81747847912949,93.13670317446496,397.7847087328057,Sport,Rural,Medium,Descending,3,12.585524080311608,Low,2111.2013299257856,39,26.68519102141184,7.817011380041354
50.663068065681365,60.48042678135501,342.6841409368978,Normal,3,Heavy,Flat,3,6.68664670299389,High,1766.9432819072872,13,4.234235478108332,5.716157653466554
94.20767052557174,63.4961135715934,339.1735096285121,3,3,Medium,Ascending,3,18.933732509938515,Medium,1472.589952478332,6,6.311877386614634,9.178900890676433
23.485516811957886,57.73222410627109,346.42669024261136,3,Highway,Heavy,Ascending,3,7.54450601253826,Low,1213.6769208455842,20,22.095841379382566,6.901899372986314
98.43039827338676,41.51234436491851,307.62183934450485,Sport,Rural,Heavy,Descending,Cloudy,34.14586204576626,Medium,1317.523688853093,37,17.38075496073875,9.26182760763376
77.84965366740218,24.482330659913096,355.316327967139,3,Rural,Heavy,Ascending,3,37.17122137839734,Low,1446.5784633414542,48,21.931040668753937,9.391979294701594
50.27637285354293,52.69261457678689,332.8697387217264,Normal,3,Medium,Flat,Rainy,33.211043368327324,Medium,1481.3737581121154,40,31.812202722945077,9.222843356118252
54.96343399006423,24.207317699254283,312.14221223312626,3,Highway,Heavy,Flat,Rainy,12.93555303525772,Low,2164.657305755599,18,7.805798083038281,5.716669175326153
30.79766486233149,64.03939755727342,346.62567411173734,3,3,3,Flat,4,39.54701944912894,Medium,1701.8725374899254,50,33.15598627415203,7.322550711421432
90.25371992363698,44.58349145938345,300.33839865739776,Sport,Rural,Heavy,Flat,4,28.076634248088624,Low,1621.9013269471393,59,40.92450663258485,11.209283017640985
61.54496907663213,62.68819212203422,340.1785245162759,3,Rural,Medium,Flat,3,11.002402148287857,High,1268.077819936006,30,0.2461187813678474,5.744521348113564
38.50254512998123,30.743757151614936,310.57352679264505,Normal,Highway,Medium,Flat,4,-0.7838230460542217,Medium,1900.258710219559,27,18.486333658436827,5.8955560883259714
71.52601389131402,94.61039725914875,302.429270339978,Sport,3,3,Flat,4,25.0170887371778,High,1996.78154574276,13,13.830862762053334,7.705245601607119
119.48813424615876,91.5616994839948,382.4475046244502,Normal,Highway,Heavy,Descending,3,27.78553499043258,High,2341.214640806957,24,21.65678889708232,12.09498502384479
52.23147355878646,35.19972073618276,391.6248803282635,3,3,Medium,Descending,4,0.5106609799807451,High,1853.6946739131365,51,30.80240795310665,8.138043033054307
110.48296809343437,47.47554266352079,320.7674648359107,3,Highway,Heavy,Ascending,Rainy,19.7381358308316,Low,1210.0362096809304,10,9.459708135893424,10.041388412555849
41.40202079094793,69.07942174815837,353.92982638342613,Sport,3,3,Flat,3,39.41895928242192,High,1284.8623850852307,35,6.791371362366789,5.896559898845877
6.567924830998306,27.654896584472503,327.7958157130985,Normal,3,3,Flat,Rainy,9.68089461246116,Medium,1552.3069406844752,48,36.46903668475885,6.18382596369636
24.509052764211464,48.36542568929207,349.35774386721823,3,3,Medium,Descending,Rainy,8.585276009478871,Medium,1380.9412586654842,41,34.319081716632255,7.136853621510038
50.2434171993221,40.088982945520485,343.663132089416,3,Rural,Heavy,Descending,Cloudy,35.6485974741834,High,2201.7636318813456,24,23.096140249594004,7.5185078610582945
26.35619143134828,93.24133829733572,326.90510550804856,Sport,3,3,Descending,Cloudy,0.2837220099275033,Low,1340.2140754597826,45,25.116004113218608,7.090569836542285
0.0272445861906645,88.20085090313641,370.03935796352977,3,Rural,3,Descending,4,37.00873765188552,Medium,1409.018527559872,30,13.56607597616978,4.253352259298064
109.80018452970327,66.3866193013491,312.64909593202543,3,Highway,Medium,Flat,Rainy,30.076917712307026,Medium,2066.823572782113,33,16.526038468249165,10.168051898886867
101.26552934771148,61.62770694972593,305.30727821713674,3,3,3,Ascending,4,12.58781840198139,Low,1511.516879043499,35,16.072120580365375,10.204108008547502
89.07506777843365,94.45806356363175,376.7675433037279,Normal,Rural,Medium,Descending,3,-1.240357084153174,High,2459.8052882592974,33,36.34412192160291,11.077017583607478
20.13775147752344,94.59422263830524,366.593003122068,Normal,Highway,3,Ascending,Rainy,-4.137145643579698,Low,2322.1440072329515,32,27.826590779620098,6.000986185325408
14.443629145198326,97.54641002813284,349.8526124146398,Normal,3,3,Ascending,4,11.912403839700136,Medium,2167.902223285792,48,36.50148460073182,6.507805345004242
8.11256993668598,30.03031072865501,346.77897704725416,3,Highway,Medium,Descending,Rainy,26.740911301458,High,1646.0774088118137,37,29.576761288623526,7.1364019060254655
86.88350265275055,32.84462486105362,349.7411379491426,Sport,Rural,Medium,Flat,4,16.938814606100596,High,1273.8139665929789,27,27.327251809968647,12.03599293404469
111.45695528254625,74.13893589439093,343.7024076098673,Sport,Rural,Heavy,Descending,3,28.23933517647655,High,1637.3212457711777,31,16.097039478797058,10.345794126593107
51.66429850956444,63.31475812878759,339.2892295831179,Sport,3,3,Flat,Cloudy,25.17568819267493,Low,1689.7488181895692,18,19.833743908842145,8.469697084956758
14.29688063952578,21.477272391458875,349.969060288612,Normal,Rural,Heavy,Descending,Rainy,20.780823521576487,Medium,1365.6626541738228,37,44.38115401671458,7.766581637862628
61.48713848785279,24.958002879161548,352.85151711597604,Normal,Rural,Heavy,Flat,4,38.53745863261845,Medium,1356.8330456235317,43,28.83890703386137,8.275024926169
41.85982889503562,91.0464305807044,369.1902314083621,Normal,Highway,Medium,Flat,Cloudy,27.777299545906157,High,2068.540829010571,27,26.27031933955916,6.103522611488581
44.97899092199973,89.5096636431509,371.1207160734023,Normal,3,3,Descending,3,36.1576052131649,Low,1502.1231531412857,17,2.7512606746832065,4.61019033018994
74.55967489868488,48.58167375968361,337.76290801401444,3,3,Medium,Descending,Cloudy,5.897225394401279,Medium,2081.41391609413,55,33.577369571128024,10.711869833450136
86.24617359146428,91.28404935444276,341.3540522743489,Sport,3,3,Descending,3,27.11378320497405,Low,1912.7917521348395,57,34.33227065217968,10.541979255450885
13.272431864779302,67.49400595183215,337.3697169736223,Sport,Highway,Medium,Flat,4,21.90112885368217,Low,2371.903004773798,47,34.56376283421551,6.989931972150579
4.270827696777166,84.47245176151215,353.653577362571,Normal,Rural,3,Ascending,3,36.59332435774839,Medium,2236.320841015886,20,4.6519835018579885,3.678272217899008
119.3196363222858,54.19448569281714,345.33535379141955,Sport,3,Heavy,Descending,Cloudy,17.970385793096796,Medium,1396.783642457071,12,15.09271747477298,10.677683441334214
27.92740186986622,29.071866187592697,388.9596463136194,Sport,3,3,Flat,4,7.583862056311824,High,1993.21001209241,38,18.62417970722435,7.549745116196341
6.459662989015089,54.6981650116813,369.6361266916473,Normal,Highway,3,Flat,4,12.317753217034385,High,2049.064774157807,58,41.34219510681066,7.019544745219728
22.7850394915104,56.58398383975183,389.8656383754446,Normal,Highway,Medium,Descending,Rainy,4.847341244181752,Medium,2320.6708465354072,40,49.03556943238034,7.385041846373376
4.674941561815706,64.07553550724825,370.91369915594254,Normal,3,3,Flat,4,4.898784972468402,Low,2033.243791432014,30,20.79590491443881,6.288896120363011
47.0173073540606,28.44661703235424,397.0992148523814,Normal,3,3,Descending,4,16.168971371199742,Low,1382.9284828053335,31,27.75860729589072,7.560542226344043
96.2882141341589,99.31214904396892,363.5736778255269,3,Highway,3,Ascending,4,35.16559758818371,Medium,1535.9839974995537,11,0.4661292079604818,8.139470951458138
40.94933397092648,39.530945664552505,396.3550138163055,Sport,Highway,3,Flat,Rainy,3.634120428756521,Low,2028.8786398884984,2,0.5380861429137744,5.66149252490034
53.30200882540399,35.88419228296743,315.8169890409426,3,Highway,Heavy,Descending,3,7.9541505455852,High,2385.5250867117657,16,3.817561429859568,6.371404681074951
81.07041282809266,62.144233508474926,305.2477680829404,Sport,Highway,Medium,Flat,Cloudy,33.38446576231924,Low,2358.987656853428,41,36.001375467967335,9.9421835417196
61.06728840838562,62.97665435159109,357.9125185203859,3,Rural,3,Flat,4,10.266532490223192,Medium,1666.941982921407,33,8.989016231268758,6.826305895827447
103.3734823225589,55.18565902665954,398.3493205799775,Normal,Rural,Medium,Flat,Cloudy,38.30860308953714,High,2279.875302636596,56,37.91666563158047,12.122618208049465
103.92428100549078,81.75137170602036,341.7605247302397,3,3,Heavy,Descending,Cloudy,7.101412440859354,High,1864.674267412111,40,21.650619959583207,10.40735674974012
1.1892834589384371,61.332352058288215,321.20433621929595,Normal,Rural,Heavy,Descending,4,14.896453976436,Medium,1803.645604928873,61,42.51345353447711,6.583737227038998
93.3655567779839,68.77563641159873,352.1541449193514,Normal,Highway,3,Flat,Cloudy,-0.6975527363266618,Low,1656.1532779973782,61,43.52878704275355,10.025859682664496
55.28803202900087,77.89971083262284,364.87986245788886,3,3,Medium,Descending,3,39.64791078843707,High,2081.66363241359,42,44.00366211700349,8.210840748284076
118.66086495643955,22.002008125109327,331.5178695515889,Sport,Highway,Medium,Flat,Cloudy,35.05639201940287,High,1979.4768971070807,40,27.220781640017226,11.88044382583821
57.98784910505222,65.65153460360358,371.476935849926,3,Rural,Medium,Ascending,Cloudy,31.79030137942561,High,1687.062986199251,61,39.446520768590986,9.09869748346347
118.4275134465957,90.73555769826956,397.51145070457255,Normal,Highway,Heavy,Ascending,Rainy,2.080411175242329,Low,2191.689643276972,43,33.12942046124222,11.596506402154404
90.54832334468838,21.391099434034714,389.69631217106166,Normal,3,Heavy,Flat,3,38.621112603156114,Medium,1693.149125036162,20,9.416988343576994,8.901902559242721
29.83258615359676,52.41456830407689,329.15853735121954,Sport,Rural,3,Ascending,Cloudy,36.8118078555966,Low,1959.703482654239,36,19.137684602961446,6.034799922599957
64.60739751443492,94.0981960164664,332.67236831445985,Sport,3,Medium,Flat,4,14.60521488988837,Low,1710.0977831168525,67,48.12188136919338,9.066754375527768
119.05627673742993,48.25235218260303,337.15412244495883,Sport,Rural,Medium,Ascending,Cloudy,25.6736663365633,Low,1351.9396657517968,36,38.65097860012988,12.930114562633891
102.90367293023084,56.69830593601927,339.45527783936456,Normal,Highway,Heavy,Descending,4,39.66062924614212,Low,1409.5526883540483,33,13.223394459988167,9.912641433986597
11.684027254946532,98.52331144354504,310.031949919328,3,3,3,Descending,3,13.438534877481183,High,2053.7605340021632,26,14.120619442031956,5.479860093235079
84.76463961719953,35.945908716045906,376.1962838889289,Sport,Rural,3,Descending,3,0.0870560074337332,Medium,2254.5904059499367,39,12.783638030003978,8.916766892363947
41.46955030449757,25.220415130000475,336.53392636107003,Normal,Rural,3,Flat,Rainy,34.050056566854856,High,1809.0018538484003,39,16.50786977230772,7.686702534138814
0.8378714256417741,88.75380726890435,387.9819976705453,3,Rural,Heavy,Descending,4,16.441830329912353,High,1623.2633484634162,45,46.42253807554434,7.184750423000289
48.41771628323996,89.47722729698948,392.6940623120109,Sport,Rural,Medium,Descending,4,39.41362547766709,Low,1637.4467257517365,46,21.73376029815549,5.61914569531786
28.17053060699656,57.766226774401055,302.4431309307688,3,Highway,3,Flat,3,19.79017871821634,Low,1976.941485503312,29,18.27619534545692,6.244037699262121
98.2643124624566,61.1365739581829,398.8503069928206,3,Highway,3,Ascending,4,-3.673507838485893,Low,1807.996280958671,23,12.03519853638168,9.645978728245892
40.47967306149186,86.86450956942689,371.0022731500185,Normal,Rural,Medium,Ascending,4,17.127713362197106,High,1200.960317181232,37,44.6311624362183,8.564136845269463
99.30284327445806,79.0847598492636,352.03922259929624,Normal,Highway,3,Ascending,Cloudy,27.31279581980322,Medium,2202.91356714411,41,47.87309036411597,11.28321435969914
0.071752660175437,41.21192017736085,338.9527608372553,Normal,Highway,Heavy,Flat,Rainy,-3.828648730861416,Medium,1385.0133191721884,14,16.244718384109508,5.939725826820397
36.9382980031343,21.35146840572148,351.8518132609713,3,Rural,3,Ascending,Cloudy,13.605192146309292,High,2077.253106073472,26,30.871005820051703,8.605405929272315
28.939825716931438,58.37601300268366,332.46247239784446,Sport,Highway,Medium,Ascending,3,2.0002090203209315,Low,1647.4780852683575,68,47.92582403716812,8.624833290626928
28.02808332823332,88.71298608765132,362.2687813696549,Sport,3,Heavy,Ascending,4,23.939356945961137,Low,1951.4033621453764,48,25.02405205052155,7.552644875019277
8.182394371855523,91.66677413521298,309.29802764447913,Sport,3,3,Flat,4,38.080563195011855,Medium,2311.652589432769,26,23.486252006897335,5.119558062660042
22.45491244926021,96.4980957660923,362.112260291181,Normal,Highway,Medium,Descending,3,23.106320704988185,High,1400.554375763671,50,26.43194305779919,4.859554689410623
66.66594838627438,90.3650590090225,327.5344850138444,Sport,Rural,Medium,Descending,4,26.269496787365007,Low,2210.9257691479206,19,1.7551845923262852,6.2880035084792985
34.963328740529334,66.40348442384787,301.76348290523464,Sport,3,Medium,Ascending,3,12.845330519152428,Low,1249.8009847202356,30,15.075938631706782,7.701836401982672
50.08737387949776,55.56844793888807,355.27057661628777,Normal,Highway,Medium,Descending,Rainy,20.34133910283624,Medium,2397.779154857248,39,34.97971169103188,7.217612546681886
45.22402564166262,81.98798772272792,357.84477558526964,Sport,Highway,3,Descending,4,19.47359693586369,Low,1462.0624906268854,52,48.33980484921469,8.662468680120261
105.10859099998736,79.18573074924771,342.6569004711536,Sport,Rural,3,Flat,Cloudy,29.18228553705748,High,2232.737802745836,36,28.480361537320235,10.801425645777258
108.63587988126186,63.05147440651635,307.22862325503166,Sport,Rural,Heavy,Descending,Cloudy,33.561024115913284,Medium,1287.3866412096982,14,9.60474417170262,10.731352502665896
59.154836598703206,26.98618980467753,389.3342952804192,3,Highway,Heavy,Ascending,Rainy,24.82986749273949,Medium,1625.162947151607,42,21.397982238699186,9.177400106736362
39.61871403787253,94.0865077429535,361.1430807227889,3,Rural,Medium,Descending,3,39.09139608658207,High,2023.6116138291052,30,24.55198229256447,5.889928314679611
12.816084480283635,56.44820300013297,311.57132995689693,Normal,3,Medium,Descending,4,32.27297766360248,High,2056.47207548849,15,7.696013026470199,4.742918554530298
114.4083455258514,49.06670255330114,351.09305765941474,Normal,3,Heavy,Ascending,4,0.6091037012616276,Low,2108.452471315576,32,16.531211773359583,10.630219414240726
7.227233388035694,70.36539161350174,349.7254315948471,3,Highway,3,Descending,Cloudy,17.8363929273777,Medium,1656.116797786029,35,22.30872066065784,4.301362961894695
35.718033308193654,73.90703689335815,306.0401868792927,Normal,Highway,3,Ascending,3,35.645623541219656,Low,2065.8106962537013,37,13.168918968637287,6.053478864922457
35.7679441404005,36.85503336242412,360.68597036029473,Normal,Rural,3,Flat,3,37.47706909290462,High,1757.0518658415078,37,17.758931307229208,8.180727687534475
38.44815433682579,86.9551075847965,380.83263989215646,Sport,3,Medium,Flat,4,12.10926722945791,High,1935.6958982707656,16,13.884593587727336,6.099122231796354
19.714421192689112,43.19496749299023,374.9008054248478,Normal,Rural,Heavy,Descending,4,27.65668276824361,Medium,1911.394436742259,43,30.679793973193604,7.019503676436338
93.97937171084368,34.93471407314534,320.29694141641835,Normal,Highway,Heavy,Flat,Cloudy,13.474546763907025,High,1418.5818260102053,52,28.97227075522593,11.53814725132974
14.699743435918704,52.5119882283598,386.2292529554212,Sport,Highway,Heavy,Descending,3,0.5646874980744352,Medium,2300.577737567256,24,27.629593526571355,6.728339934223911
76.18879909837953,78.44480647179722,334.2542165659351,Sport,Highway,3,Ascending,4,34.80750872150882,High,2327.283488641608,30,4.92709242857295,8.16764419015607
14.861523204698097,97.23665427518428,394.6508378291941,3,Highway,Heavy,Descending,4,36.93789052205385,Low,1464.8429687669334,24,9.25952657997265,4.0708537675111565
8.464276511154786,84.74250114971466,307.1747964225714,Normal,Highway,Heavy,Descending,Cloudy,17.713773906961297,Low,1741.4935335496384,34,5.6302757311423415,4.746940785957765
109.13154044230518,95.22787021361536,348.62086885198426,Sport,Highway,3,Ascending,Cloudy,-4.176165613093532,High,1804.3385015277568,15,3.257720241806998,9.65067198386694
22.81545195824468,31.248464326122143,359.71243771775494,Normal,Rural,Medium,Flat,4,31.72163128133169,Low,1913.5986218286776,28,12.41681102241482,7.443364367726659
98.55001854716453,25.694143909094144,324.7650098474605,Normal,Rural,Medium,Flat,Rainy,16.46321648038559,High,1228.954386596398,35,9.80662140768177,9.784665367218723
65.3557045328563,64.61638095253369,377.1380188720228,3,Rural,3,Flat,Cloudy,-1.623723910629415,High,2186.4596749610264,42,36.27732031020221,10.011627976178124
9.342782353052351,43.22379864352275,362.6895679810717,3,3,Heavy,Descending,4,3.522616729217269,Medium,2320.54579965167,44,34.8247522880261,6.452943797920459
114.6537829725681,86.24439783754183,301.8109437287956,3,Rural,Medium,Descending,Rainy,1.8453703103692776,High,1384.8520411138588,31,10.146825023776074,8.622712762517343
29.635340039027103,73.75902971218608,360.8368590696236,3,Highway,Medium,Ascending,4,25.882548984387142,Medium,2365.6176373031603,32,8.361629791875584,6.188184499603797
103.15744144231276,97.65825311886356,349.14782344184465,3,Rural,Medium,Descending,3,8.473427179036515,High,2306.185881333377,24,7.33029810041997,8.290401645905296
20.257200694147706,40.383388458504335,319.6029201703508,Sport,Rural,3,Flat,Rainy,0.7460732790149445,Medium,1904.9337749961971,28,16.07049353405589,6.780296349425487
102.47314585702236,58.8627291484186,399.57482270595295,3,3,Medium,Ascending,3,36.29419718061296,Medium,1557.1512230810108,35,14.779924732018728,10.367168651686432
1.5874575486352782,60.09923819402826,389.7162194827615,Sport,Highway,Heavy,Descending,4,38.04389765571114,Medium,1469.7365765644563,1,1.5240267167741492,2.9870465308215643
61.41365478833768,39.13414358859009,329.25076950290634,3,3,3,Ascending,Rainy,1.2359142745137517,High,1835.8630757210835,38,28.436736356681937,9.620209174647336
92.3331095305868,67.20747195904062,354.1070920798616,Sport,3,3,Flat,3,5.360613398944357,Low,1859.365389943834,38,44.91177032693711,11.496127794078632
112.175462099134,55.46287888633916,331.6502139910291,Normal,3,Medium,Ascending,Cloudy,21.645432382288718,High,2047.42884908042,23,26.98894754591469,12.807450610355389
109.10425634477843,55.73772447918989,377.5495751636078,3,Rural,Heavy,Descending,Rainy,1.772853227431333,Low,2242.1286912300297,30,3.284025810151588,8.42409667498647
98.35498434571738,49.01893183779869,393.0331433196455,Sport,Highway,3,Descending,Cloudy,2.136626180662533,Low,2414.8498309543666,46,30.01759261432995,10.323229496323266
106.5829619593565,21.354348194042807,335.88286069143834,3,Highway,Medium,Ascending,Cloudy,10.145921878182554,High,2235.1651620221423,26,24.299306194622545,12.359406582661112
23.90636230044918,61.76761895318312,380.5584249143627,Sport,3,Heavy,Descending,3,37.71266497906023,Low,2381.758919296936,42,45.35574935500938,6.169107725452157
34.10211548540745,46.81982685602649,349.84075427132046,Sport,Highway,Heavy,Flat,4,38.30989883603208,High,1849.1790492460395,39,18.22465038600829,6.574939779105342
34.67622299052702,20.10558951874637,339.6578561311577,3,Highway,3,Ascending,3,32.88047124214165,Medium,1250.5499720947084,53,37.62390331873292,8.997799731054952
45.24647172020386,44.63549661295456,393.842185209877,Sport,3,Medium,Flat,4,26.307081306807277,High,1267.3792346586115,9,2.018168542943403,6.450589299700004
47.198480446222646,42.29026664718056,351.0404688719032,Normal,Rural,Heavy,Flat,3,27.430301463553867,High,1549.0337833642798,31,36.10250496230103,8.716491628794602
65.34663895856106,51.475852257890864,346.7410500257465,3,3,3,Descending,3,16.13077793893304,Low,1998.182082041443,13,2.1721772393414325,7.119430950739548
19.185571603972967,30.54815917147176,367.2434401962343,Normal,3,3,Ascending,Rainy,18.8569582669997,Medium,1635.791395060839,17,17.301292357356168,6.237101958831598
82.94959965431872,60.61470597080675,326.12342010182846,Sport,Rural,3,Descending,4,23.550369700269464,Low,1415.9868159732478,51,47.409482604905904,10.7299143228506
20.107984716540777,75.3952282014504,332.4792870788316,Sport,Rural,3,Ascending,Cloudy,27.907898687256512,Medium,2305.643625726061,39,35.189919675305795,6.906302473669863
37.237017852545705,70.4148455243658,393.2045836238623,3,Rural,3,Descending,4,-0.6419222370251925,High,2480.4932034737976,57,46.258652992447495,10.23612211657865
60.40141567273849,84.30039580553525,367.8529845436942,Normal,Rural,Heavy,Ascending,4,5.11991543557998,Low,1221.6339847023576,43,24.84306318303356,7.639648489398596
95.57286738281728,56.16066303896649,382.66371477710055,Normal,3,3,Flat,3,38.33244360862055,High,1316.2513201074555,33,30.350209603213557,10.443342038733537
88.73630798864727,61.52733842717826,327.111176193543,3,Rural,Medium,Descending,Cloudy,10.08140194572605,Low,1849.1403821004053,29,25.935640447184216,10.224075948009446
77.46412276926267,84.83215526871867,354.3790189929872,Normal,Highway,Medium,Flat,Rainy,7.08133948636913,Low,1638.9674221826258,34,23.99534286391396,8.516363929815245
18.692791269620415,54.21609366553909,397.1396266989498,3,3,Heavy,Descending,3,13.986009045594542,Low,2216.796578709583,23,28.95370845783534,6.502636013753846
65.64544147386933,76.12794799196776,331.8703899028218,3,3,3,Descending,Rainy,8.091433769496792,Low,2050.5928651614377,31,2.041077818723743,7.339941059809352
10.493580215986253,54.76818949743935,316.0476476317042,Sport,Rural,3,Descending,Rainy,-0.8968913351665178,Medium,1289.063475182979,11,9.36562849900234,4.363935954376766
45.28358121559809,53.41889556092501,351.0886008224664,Sport,Rural,Heavy,Ascending,4,4.358250935689148,Low,1908.3481741334745,24,10.80961540443958,7.538393029888175
49.6219836347951,80.81644996233283,338.78210887248764,Normal,Highway,3,Descending,Cloudy,23.807190891205,High,1637.4923087098164,42,19.204161687319463,7.6301243962470675
4.777372733490459,33.986953237296895,315.9577232786714,3,Rural,3,Ascending,4,5.043215067372971,High,2454.6464102976315,42,21.784301643315672,5.616615186523922
32.87857193639662,47.08687775532589,388.8551382703368,3,3,Medium,Descending,Cloudy,24.145023851267595,Medium,1817.8627634810696,57,37.011935084694144,8.447021620723776
114.67793607197872,37.93378213975214,399.0723910553778,3,Rural,3,Flat,Rainy,-0.4963597293438475,Medium,2405.9628221111934,19,8.360449903414887,10.84403116288
114.43591293956274,48.72879543740777,356.8582180689998,3,Highway,Heavy,Ascending,4,-3.1155642683385905,High,1239.2269677030322,45,28.537635295135065,12.250278055492233
42.27924651030472,38.42998578928192,377.4676768373454,Sport,3,Medium,Ascending,Rainy,33.770545719663644,High,1334.2570663591089,22,13.68722823044345,6.833043921409951
5.172013073798887,66.35245048693237,385.9038369546299,Normal,3,Heavy,Descending,3,29.201178799376187,Low,1702.1497493276393,38,25.831121846496263,5.802545573804876
21.491392719381786,83.85366420942762,370.0982006021827,Sport,Rural,Heavy,Ascending,Cloudy,24.9712457280868,High,2353.043717612245,46,31.36810481138653,5.360349152413589
47.06613521202482,82.92904489743215,304.41560491117315,3,Highway,3,Descending,Rainy,-3.6095345178410736,Low,1907.985303259306,49,29.164281624337367,7.259262486975059
113.73356375630756,49.1600771639034,315.7634231716818,Normal,Highway,3,Flat,Rainy,5.770927081918266,Medium,2271.382682346892,21,10.847501819374376,9.775242885251174
16.943887624462192,99.10083247154094,307.09891911513864,Normal,Rural,Medium,Ascending,Cloudy,31.554144721851728,Medium,1568.588523673319,33,35.501711163914585,6.114713102716379
91.62190124018548,67.50834917646407,300.9879606642057,3,3,Heavy,Flat,Rainy,1.510044927634505,High,1344.9425938687666,35,32.72401408137373,10.778606830396578
13.04190472496305,51.95202414226358,330.59964087572365,3,3,Heavy,Descending,3,31.578404795219363,Low,1519.850466977595,60,46.60696383682525,8.399547222213702
117.75090928695322,86.84314233931404,339.235596048156,Sport,3,3,Descending,Rainy,21.29050973691311,Low,2038.8944344530687,51,31.74418103406718,12.004216318342738
45.7939798930962,78.38992101141127,324.1029732335926,Sport,Rural,Heavy,Descending,Rainy,28.316576550864063,High,2332.842228979045,50,36.04418796093926,7.884058081989451
93.02814466788672,79.94202694592835,306.4604648086321,3,3,Heavy,Descending,Cloudy,24.002818530302783,High,1791.4991266396544,33,40.57027988057095,12.354761696894798
41.11092993733582,35.69114797870973,352.9863090836678,3,3,Heavy,Ascending,Cloudy,13.764531103768952,Medium,1451.700189109859,24,5.389613708763431,6.436696924319357
75.32026525905704,57.46594458948441,327.33193199571417,Sport,Rural,Heavy,Descending,3,8.138980700361598,Medium,2028.8956596854168,57,34.84708016885255,9.527550916065444
23.04193016880441,88.94625046596822,379.6037154863562,Normal,3,Heavy,Ascending,Rainy,25.27281303658812,High,1456.014162597133,15,15.997153505705544,5.28155888647613
17.522522315635506,60.32304061030058,300.8052621625281,Normal,Rural,Medium,Ascending,4,31.31107968122024,Medium,1941.3740129358532,51,41.17512388893794,7.949232242157074
112.56769674817576,74.67621947368403,384.252705128761,Normal,Highway,Heavy,Flat,3,-2.987031372716222,Low,1332.9792394916649,47,24.06100746702077,9.915106101632809
110.117673348532,67.03469864274116,395.4753678945957,Sport,Highway,Heavy,Ascending,4,12.095902017572378,Medium,2254.4755885829395,29,29.07273115372399,10.04124085946681
106.49627282554589,87.38854301747057,371.613506315357,3,Rural,Medium,Flat,Rainy,10.782840288093835,High,2246.7166537079256,28,13.090844950384366,9.949255317934202
75.05201401999122,42.764867180928206,373.36440652625663,Normal,Rural,3,Flat,Rainy,20.176187820630364,High,1903.6321474515464,28,32.56319941711943,9.489714993336332
96.9921853459534,66.03802223090919,393.3562311602733,3,Rural,3,Flat,Cloudy,0.1266275374509868,Medium,1249.637388083799,7,1.878901570983232,7.933605879359034
8.28443242936499,29.85877344078432,320.9071285300349,Sport,3,Medium,Ascending,3,37.00387345626757,Low,1564.241040971851,52,37.453856785203854,8.374622810734444
40.1746850268815,75.21686213595743,399.45655682085766,Sport,3,Medium,Ascending,4,19.682962079522014,High,1379.770306643267,32,8.248462516109127,7.014722526365761
37.64437497085875,78.55742706821697,377.3481203378542,3,Rural,3,Flat,Rainy,36.56887619277005,Medium,1880.492589488338,13,11.455970105312849,5.707729912739865
76.2774386343136,23.426985695119875,372.65707083277937,3,Rural,Heavy,Descending,Rainy,31.76234155577428,Medium,1332.2545929522116,28,0.1454221163569605,8.668316890165508
42.71493281647686,74.06327709023881,336.10905789952926,3,3,Heavy,Flat,Cloudy,3.62374880418316,Low,2330.644457738955,32,15.727414281855284,5.637758142054818
17.820813797241698,53.175212333262905,354.57774854056106,3,3,Medium,Flat,Cloudy,0.9552555531830738,High,2305.213574890397,16,19.473635981267275,6.992775718515223
71.57604904962524,29.927750088774587,365.3917788273347,Normal,Rural,Heavy,Ascending,Cloudy,33.75626080004177,Low,1402.927497286351,13,11.776584885753616,7.981925942180053
97.72607048028978,53.59260381587741,362.0342861317216,3,3,Medium,Ascending,3,19.124510016289857,Medium,2103.354445508968,13,11.587499563809436,11.614336939147426
45.85481933519678,35.53863437564654,370.4984638477581,Normal,3,3,Flat,3,-4.111576344594571,Medium,2105.454274773813,40,44.65975130727193,9.96464161112366
15.872245811817804,53.24476256986532,308.2381739078411,Sport,Highway,Heavy,Ascending,Rainy,37.04020367977119,High,1715.78071489157,26,16.389979951182347,4.950316680711133
23.602583677538767,50.747122236682216,335.5648432831697,Normal,Rural,3,Descending,4,16.2862779726879,Medium,1398.8988194871067,59,36.1418771869955,6.957990345435571
28.49799662032608,79.0713309548846,343.4000016595477,3,Rural,Heavy,Ascending,3,8.542133578857808,Medium,1371.740038933883,10,11.945336511102242,5.414699653559657
35.98771115934434,81.93724465330871,326.06292978749667,Normal,3,Heavy,Descending,Cloudy,18.24690420267913,Low,2161.318736929502,35,40.47115728850542,7.842198806114473
77.13540846075709,68.56229235076373,317.2627270269224,Sport,Highway,Heavy,Flat,Cloudy,32.031327569536984,Medium,1486.2306380141993,46,33.91932536112541,9.463662199217891
72.11345814452628,21.814947374595803,313.8927479912863,3,Rural,Medium,Descending,3,-0.036826923389432,Low,1984.489885198408,54,37.834579216538565,10.923677968115438
83.5295833880447,94.48178232567952,336.6383392256585,Sport,Rural,3,Descending,Rainy,11.151980645688962,Medium,2325.646101499783,46,22.032884752749712,7.262896343960786
43.50023814378158,74.89866240771582,349.3441700562566,Sport,3,Medium,Descending,Rainy,9.349000296050129,Medium,1971.029269660451,63,43.9902718044705,7.442347935900225
98.8797182255974,22.735635993695105,306.29764401466605,3,Rural,Medium,Ascending,Rainy,32.784228401266645,High,2466.151043427854,35,18.76321995127805,10.452815728014158
24.490519338691232,85.50663193712943,394.6458094590549,Normal,3,3,Flat,Rainy,30.031027418974556,High,2039.152460677426,31,30.084662997441317,7.364180423601858
56.28488970217848,36.02129237743969,376.52433228607583,Sport,Highway,3,Flat,Cloudy,13.004681555961945,High,1608.984047460569,52,32.03959850072259,9.100625489758803
96.11264658497164,66.33769516568854,373.0851773185466,3,Highway,Medium,Ascending,3,24.901973934905197,Low,2308.2075312957923,55,47.61734416002919,11.22153065499752
21.61903772791431,57.33074959601497,317.2860524988727,Sport,Rural,Medium,Flat,Cloudy,12.75004670326518,Medium,1604.186082651123,30,6.812682189173171,5.169632571934189
13.183573648893956,53.58710258840613,360.3800768012189,Normal,3,Medium,Flat,4,20.70912272423052,Low,2463.0414933784914,20,6.866696842617943,4.71361149204458
106.04207612255875,91.1770976099518,352.9724946808668,Sport,Highway,3,Flat,Rainy,39.604688258130366,Medium,1821.0515285790143,28,23.156365691688485,8.6986283780872
41.15155953110351,54.988903325009176,398.2468845786694,Sport,Rural,Medium,Descending,Rainy,19.10085102560086,Medium,2439.2211887409658,67,45.9019934213155,9.216246384882018
82.06441498908384,26.027529405852057,374.7671770080158,Sport,Rural,3,Descending,4,39.4858629773728,Low,1438.6777082579142,13,1.1820868877732422,7.137644916838047
3.041832511672617,95.7310981771962,357.5761883716231,Sport,Rural,Medium,Descending,4,28.623959781913463,Medium,1214.8180567984791,27,13.886152804219265,5.025768319426749
82.80562660913395,93.6428184991702,385.0812666470122,Normal,3,3,Flat,Cloudy,0.4325030618412881,High,1454.9706847462514,12,14.25095757145779,8.497091859004344
37.93215738563647,74.7546151665279,315.50942708607096,3,3,Medium,Descending,4,30.8184775870156,High,1327.8788785129284,23,15.317134879814288,5.854192859344416
6.688902430493009,57.431402250562,301.5216529690977,Sport,Highway,Heavy,Flat,Rainy,2.2578538661416827,High,2154.142829124219,21,1.3327779587475372,5.4848910791397
73.17753138577405,27.4287578354817,369.0233333414523,Normal,3,Heavy,Flat,4,18.95478737739757,High,1543.9093517307083,33,41.29775603319037,10.841690382685176
28.89645792878079,83.25984948619809,309.83114602372376,Sport,3,3,Descending,Cloudy,22.59603555095285,Medium,2031.3164462931504,8,0.5445816877378494,5.260985507592983
46.4168690462256,26.03823315392232,311.5433639983509,Sport,Rural,3,Ascending,4,35.15037048487121,High,2069.254152219196,46,23.937427304245567,7.092407224133392
9.669697474381632,25.48807879161165,374.4680726424531,Sport,Rural,Heavy,Ascending,4,4.4690894615701655,Low,2094.7189425372508,10,2.9123152496703586,4.443808064280819
17.65959013139344,62.99070739514945,327.0534844133989,Normal,Highway,3,Descending,Cloudy,34.41739325637382,Low,2282.39055764158,51,39.952337078488966,6.330286341001448
35.75726825950125,32.81025921477122,362.86312155688927,Sport,Rural,3,Ascending,Cloudy,37.05221991812355,Low,1393.6556107101287,52,37.35463326551801,8.298531498679486
10.771140067218855,20.61842138722792,391.7406926092749,Sport,Rural,Heavy,Flat,Cloudy,-0.973069193319426,Low,1265.6032408799122,52,36.10438999706928,7.254284476066571
109.29915176235782,53.8490744796629,331.6474531637858,3,Rural,Medium,Ascending,Rainy,34.83783031054101,Medium,1238.6166703487534,48,36.83962071101372,10.78264472010631
0.7256451820774101,30.977378528805275,321.71441578399185,Normal,3,3,Descending,Rainy,6.663102187348615,Low,1334.9270049798647,60,47.017953799467065,8.52478279737131
58.06322626371737,32.8412332224553,310.65628837410515,3,Rural,3,Descending,4,-1.3549572778038108,High,1692.9411967195804,47,20.898864549556773,8.990731689482406
14.789694975906173,26.152851098826773,313.0462361419726,3,Highway,Medium,Ascending,Rainy,38.13584601632459,High,2457.5887202853924,49,43.09258271586142,8.818547179603799
36.92149073735382,36.4075002978888,306.22226953788424,3,Highway,Medium,Ascending,3,12.64915692623159,High,1659.1926271238003,16,9.29318942769316,5.805829746038284
111.12714717819186,77.23873438195115,308.764237882974,3,Rural,3,Flat,Cloudy,23.034257731163635,High,1788.799807834319,34,22.61809870411168,11.052089960769152
19.403346392878426,84.71418457742331,343.2004588809154,Sport,Rural,3,Ascending,3,19.879290390789183,High,2258.7157361219856,3,0.544563811203383,4.939155041990965
115.89987836619991,56.20269152234405,332.08650450239696,3,Highway,Medium,Ascending,Cloudy,4.593186609692459,Medium,2394.177425245406,11,14.278600636222167,10.798363269081348
24.695325238730604,60.524305270513416,370.6560814322998,Normal,3,3,Descending,4,25.13045776751793,Medium,2462.8739541108644,46,22.96215785848012,6.7334961097041965
88.98793301601955,22.61240276753621,387.02416582470016,Sport,Rural,Medium,Descending,Cloudy,-2.924825494673077,Low,2274.3865920688872,55,45.47356293743808,12.156124992739691
65.6012717876774,25.545300909705347,378.47732031423845,3,Highway,Medium,Descending,Rainy,4.1392716840397,Medium,1853.270875462356,16,15.91588310589273,8.503185775334824
106.1374473116111,40.60541805196135,353.06372566656523,3,3,3,Ascending,4,37.509868792027504,High,1498.3193821866898,55,33.65318678036512,12.21516445371039
66.4791906603757,63.5118736570518,310.24421162326536,Normal,Highway,3,Ascending,Cloudy,37.9078386065845,Medium,1977.8770429970964,37,41.71494358855415,10.01792339829211
64.14710629875704,79.16409189879943,370.9767283941554,Normal,3,Medium,Flat,4,16.719483631605407,Low,1455.8335607841968,38,16.39383359205312,7.191528502965571
23.454960044207983,68.40024490704265,336.28287247268736,3,Highway,3,Flat,4,2.6082282511200363,Medium,1272.4421519239752,25,8.54448726458504,5.305062445408107
19.94752344619905,51.37022839894306,308.565039391541,3,Highway,Medium,Ascending,4,13.9729027465729,Low,2395.160115685463,29,29.600587791919423,6.442487318233518
109.97869813386173,29.465925840251053,384.24664072126257,3,3,Heavy,Descending,3,34.468187498135464,High,1830.227397690865,22,14.290754035016471,10.422088573310688
39.34058386200409,82.46185879097516,333.82165171825056,3,Rural,Heavy,Flat,Rainy,-1.837667550378137,Medium,1860.7122910532776,28,32.65736024854188,8.431364596305082
44.64987059554751,49.10288412792457,321.82488325115713,3,Highway,Medium,Flat,4,0.754085972358113,High,1991.984733883058,11,6.821582062429656,5.9047284596112215
91.1788390114066,78.88432115862317,387.1452064618843,Normal,Rural,Medium,Flat,Rainy,35.304378063522734,High,1786.831124670709,29,7.664582699395456,8.780877184180447
40.65881789073688,61.03830735314735,390.2133868447005,Normal,Highway,3,Ascending,Cloudy,13.692253031173529,Low,1777.7596043715855,29,33.828561112582165,7.585283195581519
114.24749359668031,79.09296428494602,333.897083719156,Sport,3,Medium,Descending,4,-1.244362768593069,High,2389.688912833758,40,48.68061605459977,13.535676797823148
88.55133227985604,92.58316491620576,335.48014192813736,Sport,Rural,Medium,Flat,Rainy,1.264408472829171,High,2261.5099676480804,29,12.42012607756508,7.5450973039305
71.69150910881041,93.68236128430416,357.9628527583144,Normal,3,3,Ascending,4,34.71016800823571,Medium,1476.369857985983,33,35.72425043258153,8.713884508952745
105.70741926537028,62.80854240004828,373.3441493810658,Sport,3,3,Descending,3,17.054651723103024,High,1579.3109179867274,40,26.648826528985595,11.917137326341049
5.95270900193793,60.9206691812511,306.31492019068634,3,Rural,Heavy,Flat,Cloudy,2.334743853756001,Low,2058.80943216816,54,42.20769249003028,5.9569108537750886
30.84752306270505,41.25427724022698,359.33436571884715,Sport,Rural,Medium,Descending,3,35.23268897176519,High,1942.4194947266049,16,19.505411019626795,7.292274808374429
55.80436010650919,94.86398652234332,395.2820061783582,3,Rural,Medium,Flat,4,33.03755001304408,Medium,2196.0071599022785,54,48.58852840187365,8.182747538502618
27.23742473658252,56.63353337596967,326.2093897179953,3,3,Heavy,Ascending,Rainy,-3.963949214526321,High,2145.922407801132,21,4.211603757953615,6.523812852333475
89.26862247625823,30.207299142990173,390.8827214096934,Sport,3,Medium,Descending,4,21.14455484872624,Medium,2121.1113761800734,45,49.23392706339804,11.42040182481922
110.30496372644704,54.61639317012399,395.01683407630935,Sport,3,3,Ascending,4,5.995149267131849,High,2344.283284144671,64,42.3272418378758,13.160517471691238
50.85241439171081,30.16426001904032,326.915364097109,3,Rural,Medium,Flat,4,18.991111539125395,Medium,2196.5190224799107,55,43.33626057460902,10.031758546057532
41.0559120134274,60.20253474056601,375.4201865885351,Normal,Highway,3,Descending,3,7.567074949239879,Medium,1515.701605101788,38,42.13593153517649,9.473437070439296
115.38608785650796,64.90204118849698,323.877500831956,Sport,Rural,Medium,Flat,3,9.214432640138698,High,2334.6883587262755,44,43.10699757310165,11.492667089356033
53.3822919393049,47.02046091948682,373.7611161732133,Sport,Highway,Heavy,Ascending,Rainy,22.08336395946612,High,1636.1918666747215,57,40.77611450638845,9.0193601798567
58.68580805391399,25.73204913851877,379.7419971288826,Normal,3,3,Descending,Cloudy,19.24866299954773,High,2384.1628298084943,53,44.98590509774266,10.831662823286075
42.19798468102864,95.48028285065912,324.7205703710649,Sport,Highway,3,Descending,Cloudy,12.783657900136326,Medium,2271.550954133123,26,23.09395699497613,7.619403719157429
109.1458167614566,81.86824907867437,371.5869543583235,3,Rural,Heavy,Flat,Rainy,-0.1594412676942997,High,1296.3110064229002,50,46.9706182562188,12.32165994035963
68.27465799382209,87.11048644040969,381.21045388640897,Normal,Rural,3,Flat,4,38.62407543608271,High,2202.664798979101,35,19.30964636835397,8.718571078992323
91.46095046179737,49.34947154289836,335.8578872106912,Normal,Rural,Heavy,Descending,Cloudy,2.857249771152305,Low,1850.148347929689,34,36.45297955428381,10.531115610513432
97.41680620210636,80.86648240155604,316.7702775989727,3,Highway,Medium,Flat,3,23.490276023037545,High,2470.246585728202,42,35.546593574251595,10.596918774735252
41.02188503007098,58.82983161353554,309.19645673175137,3,Rural,Heavy,Ascending,Rainy,-1.2764856783170977,Low,1795.9446168117245,47,41.062735468203016,9.008992837119091
52.043319758445605,36.08667907248368,357.5381703609942,3,Highway,Medium,Ascending,Rainy,25.97407746455284,High,1287.1100720396432,48,36.94529352719147,10.050418491217226
101.81661292875177,29.95387015257706,397.8098119315713,Normal,3,3,Descending,4,-0.7322097477243759,Low,1581.0775319946242,26,1.865437397822519,8.838192822759222
43.59064220109723,47.60406954576455,382.2950320022216,3,Highway,3,Flat,Cloudy,5.327875367769179,Medium,1759.2722511805823,48,36.983726346696784,10.467851560674829
95.27221601422217,31.00416891801117,343.5839638934553,Sport,3,Heavy,Descending,Cloudy,24.114333972011703,High,1969.4929813875224,29,1.262508644245837,8.359661047293153
112.91907870893245,99.86151809632548,353.6620902854959,Sport,Highway,Medium,Ascending,4,7.732083637495906,Medium,1397.7375191610618,43,26.7081925651609,10.748178644972985
74.78524476816084,23.935119218561766,327.9527885411819,3,3,Heavy,Descending,Rainy,18.97828668165656,High,1869.607415449092,38,41.96357041845231,11.441884899298888
88.99527449422666,55.29148794952612,316.30658673600635,Sport,Rural,3,Descending,Rainy,0.602742700183418,High,1828.5146427165728,49,41.49580051603035,11.32599330602986
96.6116774449362,56.16748179123073,348.20811582322733,Sport,Highway,3,Ascending,Rainy,4.1080242669791325,Medium,2287.6613251893286,47,42.08151826377528,11.49105683316966
101.4047578675971,44.050554286534044,346.3501566167185,Normal,3,Medium,Descending,Rainy,28.01991587145774,Medium,1593.1237840598997,37,30.16029032610141,10.849729972784266
47.40640054281552,65.70812525655563,352.192995280376,3,Rural,Medium,Descending,3,-3.4187512872995245,Low,1784.37267716606,33,9.272221079966831,5.633999334986125
6.151615101119781,31.998161932123573,395.2804585563941,Sport,Rural,3,Ascending,3,0.0310094435673233,Medium,1705.1964627445143,27,25.44810808694152,7.357125930979188
48.22515254840874,82.7129904469787,360.3895300144772,3,3,3,Ascending,Rainy,4.673020837478783,Low,2021.9007819868573,27,25.858973307106275,8.979496353991065
80.85074757409078,46.595817459811066,360.57718366223736,3,3,Medium,Descending,Rainy,-4.091424840307354,Medium,2287.045680073303,19,16.305910769220944,9.857432176028537
54.04204629369514,67.30740718389134,312.80247628610766,Sport,Highway,Heavy,Flat,Rainy,-0.7079585672216613,Low,2078.3113721696373,33,21.262553868272967,7.936210607042485
89.87557810324783,77.25113888535674,399.648886617682,Sport,3,Heavy,Flat,3,7.662616493630344,High,1804.5636944308403,48,43.62161575142104,10.72658442603124
42.83789153623967,91.12336941521288,377.28449442346687,Normal,3,Medium,Flat,4,-0.8187146787585942,Medium,2029.1786035672949,28,25.944599001968346,6.42020250829372
76.16929693248355,86.862994916176,387.7203344094005,Normal,Rural,Medium,Ascending,Cloudy,33.97537435134399,Low,1618.9171510060137,43,35.26671665155346,9.490839726115455
22.37037658247695,68.66472224828476,341.43004118309943,Normal,3,Medium,Ascending,3,-2.0266794269980286,Medium,1387.329794292636,23,24.840992771558717,6.170755294819044
89.92433239739483,51.07145443071096,350.2128095785625,Sport,3,3,Ascending,Rainy,33.74426646302078,Low,1615.6333017819325,46,30.911817734315903,10.207322391625254
65.4835162575631,60.25637360599711,352.20838091622767,Normal,3,Heavy,Descending,Rainy,32.02870387271198,Low,1776.796435713489,6,4.720091184123327,7.25031812815855
24.48772662559207,81.4987834703042,319.4094539289605,3,Rural,Medium,Flat,Rainy,-0.4657282446475772,High,1771.0444129034604,53,46.5762715215514,8.221399367316797
35.02934081973687,90.20364340475784,368.9489156326957,Normal,Rural,Heavy,Flat,Rainy,-3.866390857763984,Medium,2158.8816152205727,25,21.853060012829925,5.735103457397583
89.83304502981989,28.30255425413375,390.2976723617456,Normal,Rural,3,Descending,4,-2.750359329710874,Low,2417.248969186113,32,37.44030319743404,10.86068529973195
57.912148279382485,50.78850099944428,316.3705818138419,Normal,Rural,3,Descending,3,21.567012905819062,Low,1705.6472233673458,30,33.38834620531155,8.09422126745719
25.923772847168664,82.08932787308004,308.63182734861647,3,Highway,Medium,Descending,Cloudy,25.165913101985858,Medium,1312.3830744050388,56,39.98368196263975,7.794292310090896
116.07254284443572,54.53214100751688,373.8218905540342,3,Rural,Medium,Descending,Rainy,22.929402606080405,High,1243.437140264395,22,1.8401580418595411,8.390892425845099
85.81500237802655,46.578221125302704,327.3201831672982,Sport,Rural,Medium,Descending,4,19.36645833963541,Medium,1205.138601647743,49,46.774058073825415,11.86802169930436
114.85617990477552,52.90581574586157,362.38625416173295,Normal,Highway,Medium,Descending,4,2.8607840783270087,Low,2419.530197270211,52,41.50436755073338,12.669487526318674
51.25260544324119,68.22757974290806,369.57583379921806,3,Highway,Heavy,Descending,Rainy,32.842925258587215,Medium,2494.3233567442994,39,41.70470188901305,7.947155202663314
57.012040883006456,99.98441153070412,332.19107635818216,3,Highway,Medium,Flat,Rainy,9.739972136211186,High,1266.799300823243,19,23.40896076724167,6.8304241055073724
107.7546259422023,59.43939432836254,381.5144597425784,3,3,Heavy,Flat,Cloudy,39.37801882507984,Medium,1665.6713151046315,42,39.83656300375634,11.995184896783574
63.00592082944616,36.67955799634085,354.9988982114217,Sport,Rural,3,Descending,3,12.318600905238572,Low,2070.148678483937,26,28.801583561857385,9.413492336706687
84.87346942868005,33.02772602232758,386.8999407951802,Sport,3,3,Ascending,Cloudy,6.835217978846444,Medium,1432.629018884179,36,25.223553994596504,10.685147235323306
30.2607452994636,23.387979798113143,376.3293552558948,Sport,Highway,Heavy,Flat,3,35.24128662017819,High,1972.768344666796,47,39.26760651670208,9.099517535617784
53.60717624431687,64.70537879346571,386.85756320374537,Normal,Highway,Heavy,Ascending,4,20.533637343596496,Low,2257.7025677914103,26,31.427221643294605,8.331727880297871
14.813983897242611,63.56576731910674,302.0161382117894,3,Highway,Medium,Ascending,4,27.483269807863287,Medium,2315.512358624881,21,3.950304807533062,4.402360985264683
24.7176043052354,36.41871414242473,324.3506260738595,Sport,Highway,Medium,Descending,Rainy,13.377945249726016,High,2118.346880310489,39,15.794030113757838,6.839437669814896
0.1132098321157304,75.62635251620536,309.0007940445939,Sport,3,Medium,Flat,Cloudy,34.91119776746156,Low,1306.2934304668986,51,31.142425967435653,4.571961789552185
4.711806197839228,79.28856333037446,344.20830171893493,3,Highway,3,Flat,Cloudy,36.29763458429473,High,1652.9145199494285,58,45.199665680755714,6.937721222169732
117.27405878123152,40.7278564305689,388.99601216153184,3,Rural,Heavy,Flat,Rainy,14.654601900261165,Medium,2457.5456098024297,64,46.65674171544174,13.442560687129964
29.08244341641148,47.52798112237892,346.7540262266869,Normal,Rural,Heavy,Descending,Cloudy,5.832572591594223,Medium,1450.58158221426,44,41.961689955217146,8.954684820160072
79.59728514048024,99.23773378778051,384.9713044580394,Normal,Rural,Heavy,Ascending,4,24.14521229950696,High,1790.1038956428472,17,12.790195724120922,7.865359979833926
100.6919638559534,49.94115742805874,332.7178238019318,Normal,3,Heavy,Descending,4,37.9562950219232,Low,1634.430015052567,25,23.72175555487493,10.65045342760527
66.07925510838771,80.86413374048814,333.95700728052526,Sport,Highway,Medium,Ascending,Rainy,23.01009068078236,High,1467.1997701008477,30,21.72618069413791,8.408680647364713
18.377340010074743,56.2180341303952,389.55617303268775,Sport,3,Medium,Ascending,Rainy,37.940009728348144,High,1620.5969138176984,30,21.990396465735333,6.269024458573788
87.37397248033997,83.46758622887808,342.58171465117016,3,Rural,Heavy,Flat,3,10.471358423767656,Medium,1446.3742759840525,10,2.58425068376987,8.914164534372198
72.03016921194997,81.52185910261183,378.9765487794666,Normal,Highway,Medium,Descending,4,36.178558185994376,Low,2340.4293603451406,17,8.764537963438421,7.0584555892834855
87.750070721685,73.42048201588284,323.6643547881901,3,3,3,Flat,4,0.0655074587467314,Medium,1426.7762688732903,6,7.747685733625258,10.408834109752789
92.36959474285048,88.38226770364633,394.88008296776354,Normal,Highway,Medium,Descending,4,11.147548852195698,Low,2010.6074189130652,50,30.90170130552769,8.81630052378818
117.0492441221694,95.1374795902148,357.4578246530571,Normal,Highway,3,Descending,4,17.251205552074488,Medium,2425.0102966544227,46,20.64873834296515,10.0670417696262
68.8275936032052,66.39866563616671,375.9323568578402,Normal,3,3,Ascending,4,24.389965221353137,High,2438.4394199162352,26,16.28696133408672,8.433154518256577
40.99693352287222,38.997512577819656,308.95156997948857,Normal,Rural,Heavy,Flat,3,8.236266022692691,Medium,1980.5520684564108,45,22.2508640108924,7.91033007315041
77.81574682802845,51.890316931526,349.2664225830529,3,3,Heavy,Flat,Rainy,36.5907685195178,Medium,1552.1647002496609,34,16.278281077392855,8.981753999514005
8.212885109115135,80.66445708106346,390.1038497734023,3,3,Medium,Ascending,Rainy,35.657329413737195,Low,1522.2671547130053,31,37.897744000114606,6.1623497904910645
107.68767819859036,72.07067880990957,387.7038629043304,Sport,Rural,Heavy,Descending,Cloudy,30.970147583450306,Low,2171.711883261405,8,8.435392524650725,8.448365078771282
14.325721360583614,34.2238670852199,304.6813957234228,Normal,3,3,Flat,4,0.1463136246279468,High,2474.919522223209,23,2.901123235249352,6.164018116605741
39.34114054629819,24.099163291713975,330.3698469128947,3,Highway,3,Flat,4,-1.4769071987771856,Low,1300.8734726365378,40,32.57020058747916,9.682333419805266
97.88944567513452,74.63692748336518,344.332000647908,Normal,Rural,Medium,Flat,Rainy,17.41591548037038,Low,2226.3091557750627,20,11.605899672506013,8.671266432788265
71.67748539968542,40.08632192234763,317.2264814355788,Normal,3,3,Ascending,4,29.440469006316263,High,1359.880993434669,37,32.203378398819254,11.089740559213134
47.23626243329305,59.97361949832428,372.99983109899705,Sport,Highway,Heavy,Ascending,4,0.545615181006756,Medium,1587.6409512262674,22,3.021234495357327,4.820561821610454
56.81227912500257,79.73974180100754,318.4511995598712,Sport,Rural,Medium,Flat,4,23.86468601212084,High,1936.610747574769,35,12.430146436621058,8.032368289033284
102.54568718426164,65.01334245250665,334.6639694369886,3,3,Medium,Flat,Rainy,18.753492599603813,Low,1586.3921065200698,34,7.778804449089565,8.55196745265975
40.80052632718706,26.66420664894371,366.3280636857818,3,Rural,Medium,Flat,Cloudy,27.669523888046758,Low,2045.339527430748,42,14.604598208554442,7.2875841498356255
104.35796217746056,34.84641894268443,348.208934452448,Sport,Highway,Heavy,Ascending,Rainy,14.591885177482055,Medium,1742.3546370079357,22,16.50987713133192,11.855581398148432
10.57613171720298,37.546254722473535,373.8571038634894,3,Highway,3,Ascending,4,26.198346874900405,Medium,1484.8478529881668,20,24.810320579259464,6.787737372408292
93.21581246503568,40.62914029158759,396.12079012228594,3,Rural,Heavy,Descending,Rainy,2.182390216782874,High,1890.2099722107428,34,26.0549184004679,10.35955491986923
101.70571596656836,65.23227135604034,311.65466877151977,Sport,Highway,Medium,Descending,3,4.656742295423298,Medium,1231.2126557058698,41,31.541892142670847,9.012582952367374
21.81811834048065,60.31726238603148,370.9567716398061,Normal,Highway,3,Ascending,4,35.650032871630195,Low,2163.4018548860668,28,16.649440872572747,5.877717386371857
51.64158388466405,36.25280306913672,323.03441556321144,Normal,Rural,Medium,Descending,Rainy,9.821878388385535,Medium,1878.9755259371973,33,26.6478600149962,8.022733634432656
19.859972959638675,25.404387476454964,341.4476727407569,Sport,Rural,Heavy,Flat,Rainy,39.34776166764478,Low,2430.7104133934326,64,49.50685462974189,10.193440207864588
84.79249547930613,33.71457635797745,303.286272579514,Normal,3,Medium,Ascending,Cloudy,-2.920793105745805,Low,1333.6263099859875,35,10.61089986740611,9.74384427376419
64.24173216739881,98.75050500948826,313.5907382292699,Normal,3,Heavy,Descending,4,17.314411672880816,Medium,2151.9799096969764,11,7.720019805732804,5.795863356563294
76.23880160499853,57.48375598331778,331.97772890488994,Sport,Rural,Medium,Flat,3,9.62442240008587,Low,1591.2355121400387,44,42.1439487036736,9.545418224614552
23.578436034745337,89.387640376169,334.1985805287985,3,Highway,Medium,Descending,3,39.81842666729151,Low,1685.0932883480634,22,20.57724338769082,4.876059493609812
25.409503446290344,87.90019733350746,389.9585216462096,Sport,Highway,Medium,Ascending,4,39.5515640364079,High,1653.0327389736326,56,42.35949591486175,8.359414444317771
4.979679061188764,60.9215645970299,374.1812909266515,Sport,Rural,Heavy,Descending,Rainy,5.585948133381946,Medium,1665.4284932164755,33,21.29198163193934,5.25820527649662
38.648104223487564,76.53501667684348,397.2182968187041,Normal,Rural,Heavy,Flat,3,7.026559585696118,Low,1760.0854390002382,10,1.182074606137568,4.83241636010836
67.169359360041,35.42016083301698,359.90715103352403,Sport,Rural,Heavy,Flat,4,28.73524984226711,Low,1227.3063061945238,20,18.80616459087427,9.202521427043845
102.95218967967944,75.07173639415267,324.1713732091318,Normal,Highway,Heavy,Ascending,3,35.03534941274309,High,2300.7845636617294,41,30.54552104345698,11.280966169954896
80.03129369504168,41.79076634106316,332.7655029921643,Sport,3,Heavy,Descending,4,24.86636445347133,High,2346.3347254735427,34,22.432982629029915,9.128898052200547
52.24755880797017,86.56496774033207,331.9835923291967,3,3,3,Flat,3,33.91190297776134,High,1251.423495408316,36,23.02121413105878,6.443294447508039
114.37441372729654,26.69793064871279,332.6494327663252,Normal,Highway,Medium,Descending,Cloudy,-2.151839507192234,Medium,2208.804151668104,67,49.91596550805758,12.635307831455728
86.30942406909982,81.85109383082221,367.2964173111816,Sport,3,Heavy,Descending,4,23.82378166284671,High,1293.9543926173633,34,27.25194565736884,8.313641958856204
111.619824343506,27.994952525489563,353.0807928090416,Normal,Rural,3,Ascending,Cloudy,26.50769001268133,High,2250.1576777699865,45,34.87729378373112,12.942320027156732
63.31055679265988,90.49513895154472,338.5424178086644,Sport,Rural,3,Descending,4,3.564357837912061,Low,1996.8840383689612,52,36.07654878710309,8.448653315628398
31.068512975176752,44.3363614508003,314.9089768728717,Sport,Highway,Medium,Ascending,3,30.00865941960725,High,1598.258590172371,21,0.1085456428619646,6.705081786452619
6.339202363766638,72.35146918644598,302.2139162942146,Sport,Highway,Medium,Ascending,3,37.49193263656102,High,1998.047378665552,36,27.66780281191538,5.40257683640603
87.13018217806206,59.00018228962239,321.88346775876926,Normal,Rural,Medium,Ascending,Rainy,35.40849215251296,Medium,1858.6399351683112,48,48.15650815085132,10.334510468760316
14.556359760664094,49.30425162098712,310.74714039686813,Normal,Rural,Heavy,Flat,3,6.023533806100254,Low,2026.4812722552133,40,37.56605885910817,7.2819157793477
36.333015392636064,71.63534665467972,378.544503085224,3,Highway,Medium,Flat,Cloudy,9.579668708748375,Medium,1817.983311398163,18,17.087328280847693,6.230066301468179
63.89650894606768,95.80183844409903,311.2497957813885,3,Highway,Medium,Flat,Rainy,17.48251160258108,Low,2204.736969154869,19,18.29210340464517,7.967341484394185
67.72999053356972,23.30157978996975,372.4228237306836,3,Rural,Medium,Ascending,Cloudy,2.126253292625635,Low,1258.8503986093358,18,15.250498169542432,8.54494237614603
72.06998363845632,93.50822847064836,338.56586897760826,3,Rural,3,Ascending,Cloudy,37.9278923402324,High,1647.5670013027802,35,31.547392683889782,10.40008934249081
19.95063964196408,68.72653240168108,307.3378389743776,Sport,3,Heavy,Flat,Cloudy,2.27184833698724,Medium,1927.072772512678,15,4.956042935796345,5.080410586902677
45.56848857859785,84.58514406152419,381.2730049431586,Normal,3,Medium,Ascending,Cloudy,29.264033109565112,Medium,1964.715940388522,29,14.571020648764147,6.924262790808084
74.063307254036,50.70999627474221,357.9630570236613,Sport,Rural,3,Ascending,Cloudy,10.364266802691787,Low,1420.408483079161,29,24.96090233869995,7.910864153022075
116.37826375605415,57.7474379870091,323.5761512863573,Normal,Highway,Heavy,Ascending,4,20.81743589634685,Medium,1296.888485847061,47,26.80733181031865,11.28438399882391
87.31573652396264,89.50806014409312,389.4681174332668,Normal,3,Medium,Ascending,4,-2.877177902253729,High,1227.2722065940084,34,30.40964271559529,9.940903033591953
110.71245085127494,53.187837584785846,304.5258313870551,Sport,3,3,Ascending,Rainy,4.225533589179575,Low,1736.917712157148,38,39.88152680397833,12.110009726199628
91.46544699770124,62.7727653399268,320.1819608197763,Sport,Rural,Heavy,Ascending,Cloudy,14.997605724454557,Medium,1629.5033296987358,16,8.245497697412937,9.814933351267683
71.00603626708805,21.615593846746638,375.2046927805861,Normal,Highway,Medium,Descending,4,25.47360477582263,Low,1938.15039136458,14,11.32825964124164,8.200537273688479
23.042804296361343,32.68784046704339,370.9377930309889,3,Highway,Medium,Ascending,3,29.990286679489586,Medium,1784.3692858084169,44,43.62840887492568,8.291288918150462
80.00227822710157,71.33492063798398,328.9271693724478,3,Rural,3,Flat,Rainy,-3.643676700651397,High,1712.2884713657754,37,41.574830390362976,9.455218927728842
74.80554791518885,77.35815208511016,306.2024875352783,Normal,Highway,Medium,Flat,4,1.862059723545534,Low,2296.316770958878,55,41.09637915755435,8.2084136346227
72.29630045487197,66.60807494275996,385.8078072224944,Sport,Rural,3,Ascending,3,27.840628241016415,Low,2007.9709935821213,8,10.509927371170372,7.396636630488031
58.77430415858889,31.46480290204885,331.36976380699025,Sport,Highway,3,Flat,Rainy,31.58749416154073,Medium,2039.930949545648,12,3.007007949426873,6.188393983265516
63.43879247871308,55.63243428622678,319.57134149282655,Normal,Rural,3,Ascending,3,5.645718727860375,Medium,1696.3742963166446,44,26.21840145339445,9.49660017975731
40.13310325417249,48.40758130905519,351.6061822360977,Sport,Highway,Heavy,Flat,Cloudy,5.334387115273627,Low,2209.8976109485216,39,43.51513546029171,9.21887502982282
62.317523117076384,59.65290752280707,391.0227199282447,Normal,Rural,3,Flat,3,-1.0386752237075352,Medium,1397.713842514276,12,11.952092470543407,8.228263385775374
23.70670868141739,89.62632276432754,304.3546577843375,Normal,Rural,Heavy,Descending,Cloudy,1.763228901865304,Low,1722.600948250024,51,45.219595029283866,8.085509529012091
96.6209276832452,82.06891509269215,376.5804088030888,Normal,Highway,Medium,Flat,Rainy,-4.639284865298922,Medium,1261.326076589202,29,7.162471837627084,8.223003802882076
22.293234563844937,26.71916011113272,357.2473227938709,Sport,Rural,Heavy,Ascending,Cloudy,21.542405790005247,Low,1350.0685587242046,26,14.975000376489303,6.242686785449518
10.195954786735973,91.22473582196514,342.5449116551817,3,3,3,Descending,3,35.67511048402443,Low,1305.9836130993608,32,14.984583031099897,4.45986552837625
52.34952316285889,57.74137209198589,374.408044410506,Normal,Highway,Medium,Flat,Cloudy,1.7309244792180485,Medium,1773.8669710424992,34,7.639898476606768,6.70952215304013
78.99689274072742,79.50897159087987,396.5824424441632,Sport,Rural,3,Descending,Cloudy,28.81496485484696,Medium,2106.52166443017,42,43.65163082450871,8.211501140656146
52.526018992024966,31.20313850114817,322.9206211162691,3,Highway,3,Ascending,Rainy,20.814640884512347,Low,1606.5057238441157,31,20.688238144733848,9.440951719095883
33.21049583415703,73.65756205656385,314.36473650721194,Normal,Highway,Medium,Descending,Cloudy,37.29648516759275,Low,1234.5943802408335,29,9.61380682486456,5.031338564274842
66.98054206685289,38.90608140875664,391.2881745222697,3,Rural,3,Ascending,4,30.91551351116161,High,2119.370910264788,31,7.447488021994805,7.192180221430714
41.64028024946399,55.070471771274526,366.8953077457304,Sport,3,Heavy,Flat,Rainy,33.37280602416079,Medium,1469.6629873182806,17,21.10361373062187,6.893629240112508
111.94412281519595,21.34902960656835,343.7986021561966,3,Highway,Medium,Descending,3,23.761396856765504,Low,2139.4770941567,4,0.9626906965880422,9.408919223758634
110.71741675242863,32.128851034438085,357.32595702642834,3,3,Medium,Ascending,Rainy,31.510125379114143,Low,1209.561012449942,20,6.14069909539038,11.013970725908134
60.28461839665145,27.366439449889583,374.5613905176244,Sport,3,Medium,Flat,3,10.78912765659374,High,1606.044731531459,28,0.2845344672173889,8.662838451212053
39.34607928219102,39.179533835060674,377.3031898705717,Normal,Rural,3,Flat,3,4.405791767674888,Low,2007.59997034048,19,1.3168347652025554,6.130136394813912
88.4558896747967,28.00144720194578,391.9894180818965,Sport,Rural,3,Ascending,Cloudy,36.063398705483394,Medium,2332.4960016058653,58,49.86894896971548,11.9457306414655
4.405553217967997,75.35280212956495,342.6842788895623,Sport,Highway,Medium,Flat,Rainy,28.045114513258923,Medium,2180.366975344414,37,22.49957187951358,5.108915030494537
56.97228072523815,22.32319217673755,329.3410910019395,Normal,Rural,Heavy,Ascending,3,-0.9183696377859416,High,1784.5056359153273,30,36.47334644806931,9.459884624008543
40.35880731244002,69.41924004999984,363.9664266789842,Normal,Highway,3,Ascending,4,34.010928748815424,High,2134.069243703848,51,36.88032935925828,8.941393970862942
110.46430621230655,31.25662646604594,341.57278992795307,Sport,Highway,3,Flat,Cloudy,10.700677299031266,High,1898.8038294717503,50,44.03233305028342,12.986817667458922
1.4403632727219051,95.61291657423176,359.4598453948978,Normal,3,3,Flat,Cloudy,8.422500574379958,Medium,2257.414222875165,19,5.276914623027528,3.495398486617921
66.33778508620189,94.64752584878836,341.99857984559503,Normal,Rural,Heavy,Descending,3,23.049110527887454,Medium,2203.6852144204568,41,26.331057842920405,7.81754900734866
88.87962972799512,38.04024820167701,315.29957866781746,Sport,Rural,3,Ascending,4,20.58693862479086,Medium,2468.607819760993,39,16.153796102314814,9.76621242205588
58.20215850288495,69.15370385784236,346.9426751658958,Sport,Highway,3,Ascending,Cloudy,19.22155245244697,Low,1336.419487935518,45,27.469268550595363,8.946733657556289
10.2483636195266,22.24042555779668,369.0917821941033,Sport,3,Heavy,Flat,Rainy,6.469473253091211,High,1642.91637869104,34,16.672764375119243,6.642935218476396
116.69536680334826,94.54308344409392,379.928380766765,Sport,Rural,Heavy,Descending,3,38.18981880652989,High,1450.0898471303644,32,9.264531591104172,8.69937819051201
62.16125176513175,61.83898465533677,349.3326276796547,3,3,3,Descending,4,37.75544157232899,Low,2019.9985086566453,28,33.67407862686812,8.66795725729248
73.70234931828136,23.45785211342232,316.5237890210401,3,3,Medium,Ascending,3,-4.812701453487508,High,2063.2360072698066,10,2.017604149205229,10.202984769940024
28.39317392490088,47.39999944065099,341.46877096494313,Normal,Highway,Medium,Descending,Cloudy,10.202243312546882,Medium,1464.953889094476,45,44.77973779000772,7.669177363566147
58.01977021281645,26.147956948898734,378.6293928841698,3,Rural,Heavy,Ascending,4,-2.9503101172078976,Medium,1748.0183800377754,36,7.398646092149213,7.958188544771922
51.49793903499862,51.43555514986879,341.2859270617073,3,Rural,3,Ascending,3,33.26119448394584,Medium,1982.795289318777,33,30.79569697377697,9.995385531975586
8.987501040238048,73.59410737290585,369.6530793604222,3,Rural,Heavy,Ascending,3,34.89332072334776,Low,2056.6391621225,51,37.7348175786185,7.211201116094338
12.739242425696066,57.59119264331517,350.721368167809,Normal,3,Heavy,Descending,3,18.323422765880974,High,1333.4410797362775,31,3.739081026097368,5.123434176048549
100.49670235425296,50.69777397755636,324.12231251093965,3,Rural,Medium,Ascending,Rainy,32.785511550732195,High,2397.3946764058846,51,45.17439894167609,12.852283539675453
28.77839426479083,29.532563643237182,379.61505080230745,Sport,Highway,Heavy,Ascending,Rainy,26.651214213420637,Medium,1244.3080495475874,34,17.873241580704377,7.728789442136841
23.394992579835662,39.59512365549251,308.4213454070687,Sport,3,Heavy,Descending,Rainy,17.480827431779087,High,2464.825124618662,64,49.83664864447377,9.358331894324609
60.58937415001671,28.01146301906809,352.48902827551507,Normal,Rural,3,Flat,Rainy,11.371512954506231,High,1611.2235662844107,23,3.532217830294499,7.120740933569596
92.24965576350156,84.59989853253286,320.8891034243405,Normal,3,3,Ascending,Cloudy,6.980126139695191,Low,1611.249244546943,50,35.86699238685847,11.06046584478305
7.43358222947855,30.819186238777803,306.7065628541376,Normal,3,Heavy,Ascending,3,6.674311184037338,Low,1779.833794115746,13,8.119650739181724,6.115528805520173
69.2169503565907,67.62986932391148,350.29339370832486,3,3,Heavy,Descending,Rainy,20.292897290691613,High,2103.4458678648566,35,20.1943612756048,8.32223730724655
14.305253140868803,47.41923308710767,349.95621559349235,Normal,Highway,3,Descending,Cloudy,2.5063971920655552,High,1407.4823187902643,34,22.21630218575478,6.02353358455543
4.375326099074215,38.07827077241468,370.69009016757207,Normal,Rural,Medium,Flat,Rainy,2.8656344277830144,High,1531.4802139944854,44,20.367126801365544,6.028428183549445
6.329274259466087,71.1574751593683,374.47506930519046,Normal,Rural,3,Ascending,Cloudy,-4.532299685283576,Low,2450.0444902257973,24,16.944896354061363,6.605667763539906
100.09969298501296,56.56018475015525,372.77914886928966,Sport,3,3,Ascending,4,22.59976268016057,Medium,2339.894786656935,43,38.38375508498164,11.731782911675962
14.156698035367388,52.01163738276473,340.9558732916755,Normal,Rural,3,Descending,Rainy,39.745488354702346,High,1476.109190237542,57,41.01248750296426,6.638206117622104
5.418163729475034,67.42816039137773,363.1689787226563,Sport,3,3,Descending,Rainy,35.014871894256565,Medium,1944.914865804413,21,16.847147753570383,5.732688596285732
52.54798645714948,59.301410279200056,357.694524264396,Sport,3,3,Ascending,3,26.75604119921956,High,1464.6822756692363,20,24.18398108602915,8.258102152852029
101.27921663304298,44.27873668412487,342.15617561169194,Normal,3,Medium,Ascending,Rainy,30.348638399495783,Low,1915.0796348809893,24,21.145724081750878,12.13623732569097
31.489005178716237,64.72490302122013,359.7212694185993,Normal,Highway,3,Ascending,Rainy,13.75837223186857,Low,1675.5052835166962,31,29.716491577298854,7.242429461984817
50.60551410310997,73.55988612405557,394.7247876706263,3,Rural,3,Ascending,Cloudy,8.413579971223099,Low,1671.152161855708,35,7.598274660272542,7.128540874714332
4.790703907650147,22.13545268694834,319.2893743681377,Normal,3,Medium,Descending,3,11.58827268481076,Medium,2025.5908072934371,56,40.303678561572966,8.16711029237433
53.8894216961851,57.26973831261403,390.57720957855264,Normal,Rural,Heavy,Ascending,3,-1.3360063221478224,Low,1527.3931026171665,50,39.870934634713535,7.236289421370132
69.31356967645604,24.6146627666835,305.34555139831986,Normal,Highway,Medium,Descending,4,23.52078391133346,High,1725.5374867533933,45,29.56161661304669,10.181782925425884
68.50884645025738,34.912433125448885,330.83892129016607,Normal,Highway,3,Ascending,Cloudy,2.868925999570324,Low,2402.8365042244377,37,37.33259697401354,9.480417785245251
39.89120306092382,64.84069872623785,328.81452486115285,Normal,3,Heavy,Flat,Rainy,29.32951950220173,Medium,2181.9742391225486,48,49.4264078783303,8.32579608886985
37.86398167957626,89.29511322124645,362.63651078809056,Normal,Highway,Medium,Ascending,Cloudy,3.548940801871572,High,1698.268476267083,67,46.133149600350286,7.40629210944547
12.794834272391746,90.62445433507878,313.12249517772904,3,Highway,Heavy,Ascending,Rainy,5.265581137030145,Medium,1499.340425308162,50,30.611302548404183,7.276492709371856
44.01579847755221,25.595520811090505,388.23476118397537,3,Highway,Medium,Descending,4,38.07875377192756,Low,2056.715119391162,42,25.618931045656304,6.238076499656421
11.93936026475576,53.52840690293653,382.8551408465041,Normal,Highway,Medium,Descending,Rainy,-0.2571839589322602,Low,2249.996591296226,38,26.77290036397173,5.576910075768205
91.9915133654462,66.64051864036409,365.20658196852776,3,Highway,Heavy,Flat,3,17.447914266071344,Medium,2318.994085675872,31,23.38406372107953,9.723804682072569
115.9529157297823,31.765592364027476,345.84138317921975,Sport,Highway,Heavy,Ascending,4,-2.1791071669281257,Low,1933.5656638304365,48,24.06327628146777,11.390865147230905
116.40893480000484,81.23457733958173,393.2956042142079,3,Rural,Heavy,Ascending,Rainy,-0.9324053563007144,High,1871.8398141154855,48,36.62864683565181,13.224923277570063
103.80853192504726,79.5388206749791,383.0746554720556,Sport,Highway,Heavy,Ascending,4,23.507516296229213,Medium,2135.535121732966,45,49.60686937866026,12.305549541110876
72.0950579207543,92.26728109654356,349.93151480812446,Normal,Rural,3,Flat,3,23.382726837636348,High,1428.4968838174782,2,2.3611834327609573,5.904457067617708
84.10388366926558,20.678880966675443,370.18733544543113,Sport,3,Medium,Descending,3,3.690412659587162,Medium,2307.7806159600545,32,11.58638728547713,9.348352483924613
34.22469632164969,37.33473951912021,356.6929952179685,Normal,Highway,3,Descending,Cloudy,34.26189318662767,High,1296.1005558363368,28,10.58936107896972,6.337997911405433
75.69245042071448,86.17493713962574,358.79422383882644,3,Highway,Medium,Descending,Rainy,26.59841480573398,Medium,1983.921970926832,57,41.659523386373785,8.613331053478106
54.67794593278529,73.64640406615483,333.0976069437471,Sport,Rural,3,Ascending,4,8.527476229202406,Medium,1966.601568302645,25,21.0442201479002,7.32951917700527
57.8420807732319,91.55118829587926,346.20846046248965,Sport,Highway,3,Ascending,Cloudy,6.177395110401768,High,1603.9130097454808,36,26.30410012936854,9.239370358877872
90.93318724501896,24.57437236242132,307.81214307897443,Sport,Rural,Medium,Descending,4,28.94283639088729,High,1246.1017145738783,38,23.510701531088365,11.77159165134604
33.8302026716702,67.75711725731543,335.73486916645925,Normal,Rural,3,Ascending,Cloudy,28.01307658596717,Low,2133.2113339018656,42,42.69869621539302,7.248379421633426
38.16475340334239,65.52372599149393,369.5828515362152,Normal,Highway,Heavy,Flat,Cloudy,1.697436018914697,Low,1231.4263600975803,25,25.03601807426672,7.199360397214879
110.9570149354364,22.85395330884259,395.32160305061865,3,3,Heavy,Descending,Cloudy,10.713453190162074,Low,1433.495184765687,36,33.425514983287385,12.01468840819394
6.746915382116669,61.08176615299868,396.306411276302,3,3,3,Flat,3,4.750476099629831,Low,1907.507876352945,27,1.0722275841370237,4.7012140722134825
58.276115809600846,68.76162490479393,355.5722869124892,Normal,3,3,Flat,3,8.236488823864292,High,2421.9779414192144,28,32.65747678389905,8.482870500123147
109.5360960489434,35.30345393616858,360.6622251809582,3,Rural,Medium,Ascending,3,7.940378312269251,Low,1285.7135613346957,21,12.123490576053214,11.42574307795742
73.24356093817885,41.86636664997303,318.5721185500968,Sport,Rural,Medium,Flat,3,38.92106649834837,Medium,1952.423017174982,51,43.35674343507952,11.59583462959766
65.56884890545585,71.22778770381896,369.53081080935306,Sport,Highway,3,Descending,4,28.759511789975583,Low,1627.560945295286,30,37.60255400887733,10.144894810403546
29.969301507522623,57.46407580799666,307.0658792674386,Sport,Rural,Medium,Ascending,Rainy,30.10234220211438,High,2070.243362887244,22,5.553416295634301,7.545386544927842
41.1930586877338,88.64109260546614,328.4685685799445,3,3,Heavy,Ascending,3,7.484042436952953,High,2438.781460506372,11,5.263233019074739,6.428580342613187
102.24580989656316,47.39054128073506,366.8363347285442,Sport,Highway,Heavy,Flat,Rainy,-4.97628117291342,Medium,1549.167410352424,17,14.720614539591962,9.956297507774767
67.10617581221497,41.33277267105609,331.0310131543489,Sport,3,Heavy,Descending,Cloudy,-2.3829347785104726,High,2442.7050805630192,10,6.375603396802624,9.009368597813143
61.76906325081359,98.78927522758742,304.9846874114454,Normal,Highway,Medium,Descending,Rainy,19.884989499555807,High,2331.8141911924367,50,37.04236232089912,9.661016153189008
11.949565624803473,92.89086161040667,383.1870409350964,Normal,3,Medium,Descending,3,7.84665125042739,Medium,1989.172690581715,42,49.34214320649432,7.420326192948454
1.9233787746147744,22.31941959991839,331.0330007134563,3,Highway,Medium,Descending,4,3.682957029168477,Low,2185.707673715024,28,32.797310959245266,5.525782824393981
115.64222264244589,81.65828922452528,306.31052248586786,Normal,3,Medium,Ascending,3,-2.7661585272656577,High,2324.354405635092,30,12.527430103766756,9.913353785501684
45.238340074421,28.82678190601624,307.4788164502865,3,Rural,3,Descending,4,34.4146782743382,Medium,2244.5092215455816,48,28.25719234685756,8.952513243728976
72.38556745194052,22.198815586349674,325.1758798788754,3,3,3,Flat,3,22.005730617608915,High,1624.719991336773,48,40.30189151759558,11.661824703336826
9.5658087824742,41.89564127730791,317.80159472215263,Normal,Highway,3,Ascending,Cloudy,-0.1682053498284208,Medium,2256.3852998940797,53,48.11415147996163,8.809774698287296
81.97371428676558,41.54767032488834,377.4300117780151,Normal,3,3,Ascending,4,29.488180724346712,High,1607.5744935862576,10,0.3530797087220317,8.499831556053842
111.90800504471532,85.54550098775718,332.16840466670345,3,Rural,Heavy,Descending,Cloudy,29.01215159845596,Medium,2327.203080041865,41,26.232145538464472,10.786371012083864
69.07983035969036,76.85337967542681,380.46957850398326,3,Highway,Medium,Flat,3,8.023163845686513,Medium,1532.1058658324223,24,22.715392519317223,8.48194828561863
15.133838685049268,98.52875418656114,317.38459978231526,3,Rural,Heavy,Descending,Cloudy,3.479210120053498,High,1943.9391173054692,18,20.783187043627024,5.7420840786821605
69.80658329681721,76.92103202494548,349.2879179544084,Sport,3,Medium,Descending,Rainy,31.629184426271934,Medium,2100.80073790416,48,25.241501545577847,9.13075273440384
91.96166557255827,53.46044426048383,368.8037133553129,Sport,Highway,3,Descending,Rainy,9.830412969301102,Low,1753.5285997569097,41,20.23495048870082,11.140772921272134
48.76998438888224,75.91421287561735,365.1990853865855,Normal,3,Heavy,Flat,4,33.13426364864306,Medium,2217.864243932279,15,17.26637357114753,6.410126441401874
105.58052975297616,99.95672537491215,360.1129409930269,Sport,Highway,Medium,Descending,Rainy,-3.035677412849711,Medium,2402.962676530088,34,5.828907290103302,6.903130548093059
77.84195440288374,76.81135060500225,392.482160193117,Sport,Rural,3,Flat,Rainy,17.46800270101975,Low,1442.1290222866935,43,25.042295578691128,7.924279913984495
107.9098701947043,80.93450847842547,322.8525147706744,3,Rural,Medium,Descending,3,3.0817876629828955,High,1243.4754471711542,36,41.07046562055527,11.84270942132974
74.82063734968047,95.06920121522074,349.37192044621054,Sport,Rural,Medium,Ascending,3,25.242016595266115,High,2014.4713420008509,24,5.326143341579616,8.010966288125184
15.754556640578908,29.092100904934668,388.39925500724087,Normal,3,3,Flat,Rainy,39.87461926610711,Medium,1982.842921359881,42,36.95071886168999,7.351069193491256
37.163005332622696,76.38274347581815,307.7893765595157,Sport,Highway,Heavy,Ascending,4,13.562996441212054,Medium,1643.6957897882392,25,13.461529313363886,6.470513742791211
24.21539379029483,88.06447663739591,305.58882682530754,Sport,Rural,Medium,Descending,Rainy,-0.486025389861922,Low,2221.101869614285,43,19.12404146716437,5.727368978825767
109.05917972602349,96.35028801767145,323.3302287558291,Sport,3,3,Ascending,3,9.295290376279077,High,2273.9853133102274,44,49.40542667134246,12.734530632621771
91.24800807449792,36.87754317693595,363.3021219538019,Normal,3,Medium,Flat,Cloudy,35.1177924804287,High,1631.581384410735,50,33.79304999852806,12.120664796801831
81.16780426920073,60.314320617939536,325.9879626449807,Normal,Highway,Medium,Descending,4,29.459246084676455,Medium,2086.954249479089,49,35.98370475344411,9.213875778972604
36.11595835579461,74.44438781155854,319.02398838087987,3,Rural,Medium,Ascending,4,5.449524785151583,Medium,2034.63259314488,34,30.159307715109403,7.792894220795022
22.085372646025625,39.797418360107,345.88023153582924,Sport,3,Heavy,Ascending,Rainy,37.91194237143964,Medium,1645.43742718437,30,16.185938502432514,7.052062908407783
90.7741305586694,68.03782906002192,361.3598068769412,3,Rural,Heavy,Ascending,Cloudy,22.99845706118972,Low,2459.892733527021,48,33.78828257698593,11.009411349363027
56.89895350548956,40.60630259983995,324.85577070167403,3,Highway,Heavy,Ascending,4,2.5622230142885662,Low,1650.3229266484032,36,22.91768928000721,8.471914758073176
27.094746258075496,46.67656164253178,330.0691186723742,Normal,Rural,Heavy,Descending,4,20.754496410080765,Low,2006.3692302952672,51,41.62093186347985,8.333187142123482
73.99463737983301,55.32149572086921,361.3559304811514,3,Rural,3,Descending,3,15.307459044879725,Medium,1694.1643364363078,46,28.595752281777013,9.058194985102393
4.840062256614237,62.33520789972536,394.5738421989453,Sport,3,Heavy,Flat,Rainy,31.886395364810376,Medium,1215.3829360154602,60,38.58467645474248,7.055502186977575
39.14043049539042,55.94926973001205,367.4741727438088,3,3,Medium,Descending,Rainy,10.487201332536037,Medium,1319.1300431971729,42,42.44055459415607,8.278789156313543
56.22683935093616,59.455641583034335,378.290414358456,Normal,Highway,3,Ascending,4,34.37402439266259,Medium,1502.011231420512,42,41.07387005416943,9.949976655794869
17.7550000931287,43.88710050306341,336.6810094755469,Normal,Highway,Medium,Flat,Cloudy,31.538667389724004,Low,2255.818642727475,41,20.165152559332896,6.726135640330284
118.15853731090075,32.71720752181045,327.2254359384466,Normal,Highway,Heavy,Ascending,Cloudy,25.357155302199995,High,1774.6843069837237,20,18.500953133773884,12.151989678516484
25.09168375075371,23.78799818614716,345.42677432026227,Sport,3,Medium,Flat,Cloudy,6.637325005577802,Low,1965.2107635580155,36,43.466470970759616,8.577751382035263
15.642375605191866,35.678297799333414,380.7132828711674,3,Highway,Medium,Flat,Cloudy,38.66483093259001,Medium,2427.013544383294,32,7.24069791614938,4.829566135060039
24.424184866427566,66.55549132046264,345.6299641790556,Sport,Highway,Medium,Descending,Rainy,19.690005113596914,Medium,1391.1308252068172,21,14.042248642051655,4.978377751302643
92.28733597916693,82.88923582425059,384.67254087898607,Normal,3,Medium,Descending,3,35.83812902633631,Low,2320.365180513216,5,6.13837592990372,6.321253350992519
51.06067911262114,33.539807795431564,398.8771980695127,Sport,Highway,Heavy,Ascending,Cloudy,4.707845466258826,Medium,1693.006810351862,12,2.2003572758620398,6.915452525433368
67.84991277030456,28.684428621811875,307.20266657303364,Normal,3,Medium,Ascending,Cloudy,39.25202359385014,High,1638.7240030718003,51,30.83146675602792,9.190567019724506
2.5210988383632893,79.94322884394002,304.54101560837034,Sport,Highway,Medium,Flat,3,31.72266530251443,Medium,2013.1867782163977,64,45.04894917589771,5.337230299364069
4.131757028797747,44.41266644298317,314.9589702913362,Sport,3,Medium,Ascending,Rainy,37.71520975422016,Medium,2368.230115720047,16,6.557858725332463,5.888640417112356
53.49906597924194,96.1199551381882,338.43696757343463,3,Rural,Medium,Flat,3,4.55645795237443,Low,1653.096686151066,39,39.805880376117,8.804860049538963
97.99862918419484,77.14543764882984,313.10422091454325,3,3,Heavy,Ascending,3,14.37961353621466,Medium,2189.830713544011,24,19.029061513016018,10.54465795989377
106.22866544490785,46.14048377944247,387.0664477618756,Normal,3,Medium,Descending,Cloudy,-0.6064735174876565,High,1225.0147098832774,52,30.945131865657896,12.253912213853608
10.404788111476826,43.1634198234964,302.3146251027064,3,3,3,Flat,3,1.163632295160447,Medium,2010.0320960783815,38,38.21071219486602,5.970794382528924
64.60357225212273,61.895870901704725,331.57927163358227,3,Highway,3,Flat,3,7.778139861415067,Low,2019.7262703420836,50,35.532972741986974,9.349496811857067
109.58756235351244,26.33157346225676,318.4694629494205,Sport,3,Medium,Flat,Rainy,37.82315472129654,Medium,1922.8786763551395,22,6.921527204844046,10.101588353833495
46.55673052774637,29.41412101162392,393.1539330157533,Normal,3,Medium,Descending,Cloudy,25.023625650398976,Low,2419.169411539853,28,5.857751775999022,7.261995840194006
99.54789977140425,34.0686305052954,366.9481004890028,Sport,Highway,Heavy,Flat,Cloudy,9.158453818009985,High,2420.1686639624604,48,46.21724922787575,11.734389276238248
16.043478527932344,81.97788746436481,391.2030256451375,Sport,Rural,3,Flat,4,37.95579934770887,High,1644.679139849481,25,4.065610386703905,5.912866314904371
112.24733876013585,61.1085887415298,397.23287103103934,3,3,Heavy,Descending,Cloudy,28.28791329776943,Medium,1793.273528010337,28,10.998144646415325,9.535496892529109
90.17079810375633,20.84536982195544,349.7098243677369,3,Highway,Medium,Ascending,Rainy,35.81405559599401,High,2230.0882154922306,47,21.97353705352144,11.156150204533184
112.9601271344282,73.88132219776872,323.4319108048026,Normal,Rural,3,Ascending,Rainy,36.72493572275943,Low,2297.084821128742,34,41.06845392934098,11.934346549182068
81.19406802630078,53.89521429283977,319.37287861965893,3,3,3,Ascending,Rainy,28.78463874604367,Low,1743.359446287981,31,30.171035250900044,10.791151406910808
43.60847183993124,60.86818919710383,322.291886168584,Sport,Rural,Heavy,Flat,4,5.941004340621371,Low,1653.7345708263088,38,28.60205047006406,7.844869554504281
112.5817407029667,37.12929947303485,370.8593307622003,3,3,Medium,Descending,4,39.84650298035383,High,2266.801488689467,49,34.628546564688314,12.504164846751396
33.06801315710142,64.1425782715283,304.0445728123001,Normal,3,3,Flat,Rainy,9.629087802773642,Medium,1689.9303349139188,40,40.12771109539457,9.02019442059253
39.86070264740791,98.33225918011908,305.1361073032715,Normal,Rural,Heavy,Descending,Cloudy,25.22675873054733,Medium,1726.8018503834114,22,11.702871936967782,6.787626953868028
84.09701016020884,25.875575280460914,360.81429423831503,Sport,Rural,3,Flat,4,33.01652627310104,Low,1376.189560437216,19,1.0431790104925929,9.336475620957762
91.83795594304635,42.71339197315445,364.2057146737407,Sport,Rural,Medium,Descending,Cloudy,2.8817947491095346,High,1905.833878804516,28,6.4471390424778425,8.428232045633312
111.52841806189846,39.43980742886638,366.526292432246,3,3,Medium,Flat,4,22.40687559751639,Low,1624.3824850871008,10,8.341681778943789,8.821802905907548
24.576289086745145,39.88394486009437,337.18805045885915,Normal,3,Medium,Descending,3,11.882774961771606,Medium,1967.788748249743,13,2.0971496068997846,4.481541486347713
95.75976422630688,50.29650860523019,380.5944888714153,Sport,Highway,Heavy,Descending,Rainy,5.993008133762364,Low,1782.6717877034034,43,37.40115002386738,9.888749733988472
88.62552640763562,85.4487827795334,353.36245877266174,3,Highway,Medium,Ascending,3,-4.47026842596596,Low,2172.577401592651,37,44.25774164380909,11.413390208083005
7.655346750431744,93.028695197151,310.54656300094194,3,Highway,Heavy,Ascending,Rainy,34.23883287090871,Low,1561.1047338693256,39,35.561427941838936,5.413616315166163
46.46677694522484,36.17720699671786,379.70993070673455,3,3,3,Flat,3,1.114669625208494,Medium,1423.59942644946,32,9.512298849905012,7.804579487411059
33.93185484721183,63.43599503584902,395.3067786270458,Sport,Rural,Medium,Descending,Cloudy,34.51527223081845,Medium,2113.847689006736,32,30.36159573261389,7.701289656282188
36.53885092248365,70.95191777323842,306.0036313002359,Sport,Highway,Heavy,Ascending,Cloudy,22.031076946380164,Medium,1699.3653637442378,29,26.078123556881355,6.924864967541744
117.9536255465641,61.7461979491076,339.135133870058,3,3,Heavy,Ascending,Rainy,22.94749995317685,High,1932.6846475466689,59,41.01617551751006,12.67216083574484
77.13328961759134,54.72611153575357,348.75160448347475,3,Rural,Heavy,Ascending,Cloudy,32.28933074158953,High,2423.3893566714755,43,47.12070713055535,12.05484818263712
86.12113893521995,35.35804046873903,314.6470760078317,Sport,Highway,Medium,Flat,Rainy,17.924851600365127,Low,1829.321803471642,33,37.1724489956268,10.484916085506107
117.1941164778011,59.05754873593908,386.7708947782877,Normal,Rural,Heavy,Descending,3,11.0778055660454,Low,1398.1097680206797,46,25.67567703303458,11.009921868805105
45.26421389491664,52.09718621690631,328.4149644890044,3,Rural,Medium,Descending,Rainy,1.246300779663413,Low,1754.714567147607,30,25.601308093433623,7.316905993353743
96.22082021433673,83.64506900018156,378.300853993816,Normal,Highway,Medium,Ascending,4,20.668692154365043,Medium,1822.0902685819835,36,40.40856466728671,10.730143328377435
52.14371559653944,81.08834873303962,367.0994482028316,Normal,Highway,3,Ascending,3,19.89251744129855,Low,2195.771934141313,14,6.21346618495227,5.642813732191348
104.34404061779756,30.71989449645365,359.80458224670235,Sport,3,3,Flat,3,8.22534185502786,High,1453.7447321456282,11,7.750356755489539,10.695045214292772
21.67890495735638,27.081524205045405,319.21428486965544,Sport,Rural,Medium,Descending,Rainy,22.00256165440665,Medium,1650.9722975463408,21,17.241285938988888,6.805208252814122
113.72234124771356,92.65231545820023,322.0703520550905,Normal,Highway,3,Flat,4,14.77150986857633,High,1265.036815433658,59,37.38223592626724,11.503410322457444
26.25260500930556,62.840671117159815,304.7348404746569,Sport,Highway,Heavy,Ascending,4,31.248856926106196,Medium,2112.571310830667,21,3.392236140790832,4.048013055698535
39.146460837711786,88.62407498260725,324.0712429782266,Normal,Rural,Medium,Ascending,Cloudy,20.176881593193013,Medium,2167.1120470695487,40,17.28175042536258,5.369023397441974
90.74306809281366,24.65208964531209,334.5443609460514,Normal,Rural,3,Flat,3,37.01553638560729,High,1794.348779443584,21,15.995168766691688,11.392975126657044
47.2506169878488,62.12124932173042,383.31453038624255,Sport,Rural,Heavy,Descending,Cloudy,18.309233577324022,Low,1899.7492562636237,28,24.338306714800552,6.3159027467548245
72.9853652119736,63.15412116609891,336.6392666714805,Sport,Highway,Medium,Descending,3,34.93728864207563,Medium,2174.757989701246,43,23.23945382858101,9.272109274161828
53.34882012833142,88.856162603372,375.4621782765606,3,Highway,Heavy,Ascending,3,18.4236312106346,Low,1548.7918596161182,50,35.74881886768611,8.773759898890205
89.08439245077382,27.8087998583766,343.9442281295488,Sport,3,Medium,Ascending,3,20.111566163814988,Medium,1989.0548716575352,48,31.315497641071374,10.821982050102948
27.399750284233303,39.23564509407274,378.48683119938886,3,Rural,3,Descending,3,11.506359795501403,High,2453.095151990436,37,45.14822221590909,7.533229286960478
7.014958468425241,52.52306511096105,397.627160043704,Sport,Highway,Heavy,Descending,Rainy,13.0076105557253,Low,2055.358163935864,20,9.11475606615512,3.3558383977132253
35.991527696767946,89.26731803359537,323.984155805758,Sport,Highway,3,Ascending,4,36.98956692812255,Medium,1301.543177737773,41,21.66083916330202,6.656544653966425
56.91703978421163,95.11066520564536,386.2341611963876,Sport,Rural,Heavy,Flat,3,5.047708089124187,High,1577.3380902151112,18,20.06477088430969,8.452339552801142
20.16240626312143,99.41796956749025,362.1824086305775,Sport,Highway,Heavy,Flat,Cloudy,0.4655974752771241,Medium,1874.86458749232,14,5.714672830753165,4.868133193163444
42.57567475876664,96.73547891668171,381.7294261588655,Normal,Rural,Heavy,Flat,Cloudy,32.35949103117734,Low,1294.4719966900136,27,8.324898984739514,6.399534819936403
47.99796219522823,20.475340467548357,365.1585902267805,Sport,Highway,Heavy,Ascending,Rainy,20.960985988519585,High,2079.540755445666,14,16.8978673257584,9.156525836950635
6.887021242592826,23.81666731630976,342.394950727415,Normal,Rural,3,Ascending,4,7.809129150766273,Low,2050.475859054792,46,36.7666360693654,7.80554222197547
69.99686978210454,31.80854553260709,322.80749394417904,Sport,Rural,Heavy,Descending,3,14.458009913036182,Low,2339.2207978150536,25,7.593045432484632,8.708824508578626
106.1212113565545,47.90896774162185,307.0035225331165,Sport,Highway,3,Flat,Rainy,18.62073520497701,High,1849.990624600473,26,13.339388521782933,10.649085674807845
18.20914955436629,86.3934424789567,353.5518364460717,Normal,Rural,Heavy,Descending,Cloudy,21.64631155763956,Low,2099.7801146964302,52,33.85337437401064,6.590947362913672
71.73696160818169,91.41249562683844,399.0326094526865,Sport,3,Medium,Ascending,4,31.947296032231307,High,1436.623671248978,26,29.873036287727192,9.227356322168642
79.76870458930155,34.94675250356664,373.8041805014206,3,3,Medium,Ascending,3,12.745854735520696,Medium,1203.7306004961592,28,5.309253743497903,9.75096111645268
50.3201616503146,69.57313212957669,332.73455413990166,3,Rural,Heavy,Descending,4,25.442640095189425,High,1423.930192668333,58,47.190881671589466,8.774791064784669
84.1317104837124,93.38895880522212,382.7204800086735,Sport,3,Medium,Descending,Cloudy,32.56451381938633,High,1280.8789777991217,13,7.486643398263901,6.961387390448931
49.28778521892144,57.098538874505664,376.8984000176407,3,Highway,Heavy,Descending,Rainy,32.96980551811131,Medium,1756.033432317069,15,3.1642192062991805,5.198887282186655
60.55647455729219,28.28348575622272,328.1635793353457,3,Highway,3,Flat,Rainy,6.44103422663909,Medium,1808.794338442696,23,15.282245828763976,8.714166321402999
0.8823653465312375,56.62509200677,301.43074897942347,3,Rural,Medium,Descending,Cloudy,10.75778699125554,Low,2037.8145067626103,17,1.420730603711035,4.291818418749407
83.00641369616265,50.06359218304458,311.81626385339496,3,Highway,Heavy,Ascending,3,21.770771541799647,Low,1383.0034263484838,14,1.633117109850936,6.892336390199338
79.36112147336694,66.21263968528055,387.7306190312058,Normal,Highway,Heavy,Ascending,3,34.85975760611258,High,1479.1309267450458,50,28.97873655650984,10.87509049941728
4.608105279161348,55.09269475256829,383.6563035304872,Normal,3,3,Flat,4,30.570073901135306,High,2237.8240113249,59,44.658243266359534,6.231920760758265
44.19001288741597,21.387674148297435,329.52090008783625,Normal,Highway,3,Ascending,Cloudy,21.27833056372997,High,1949.4792432129448,31,20.18696530440365,7.929063407832409
117.4838208950001,99.5198186730937,328.519542628442,3,Highway,Heavy,Flat,Cloudy,39.26801337807297,High,1238.172671789835,23,15.17691004789094,9.834333080992034
50.48838750823401,63.48321901844567,379.2864987102471,3,3,Heavy,Ascending,3,14.754425324054871,High,2302.9260740210966,54,45.73990000455443,10.836201066040427
60.23344861582101,57.89046043876876,393.7737469895422,Normal,Rural,Heavy,Descending,Cloudy,32.91027570338111,High,2018.7472776917248,13,3.1669189237565982,5.840263281815508
109.19161897916622,96.36938972032432,377.91372567976,3,Rural,Heavy,Descending,Rainy,31.828917098782583,High,1442.6308383674311,33,23.718297790857967,9.94477890576728
86.07142510389077,32.468829406966165,360.55786770307617,Normal,3,Heavy,Flat,3,35.86172402516269,Low,1527.6854636339983,17,12.704856823569072,7.0592624498657415
69.84841573490682,35.13900820361986,324.26713503318047,Normal,3,Heavy,Flat,3,39.44552597613456,High,1919.6116379728155,30,19.14738632030927,8.78197873579209
95.73656176092872,84.64117992502268,352.5747914095261,Normal,Highway,3,Descending,Rainy,17.306351391092303,High,1929.0415359838032,42,20.59861669021177,9.031446475800536
103.72395197471678,40.8664864020007,323.35118585932645,3,Highway,Medium,Flat,Cloudy,3.803334191652672,Low,2246.7452631224915,44,27.30236728296015,10.98220781163926
54.82656860847202,83.93816850332215,380.8011420096774,Normal,Rural,Heavy,Descending,3,15.740291057266802,High,1666.1574296253402,28,22.717222712138074,7.757416947074746
57.013003791820246,41.7226786326802,338.69610795177374,Sport,Rural,Heavy,Ascending,3,33.42481946434444,Low,1914.094090518283,44,49.40366652753231,10.190944382801987
46.32611227822029,22.65501041800012,383.3697216994026,Normal,3,3,Flat,3,32.624798541494414,Medium,1957.299372047692,4,1.3730083934194963,5.904647102725382
116.00473680221526,61.36117791093728,338.1609217982725,Normal,Highway,Medium,Flat,Cloudy,10.118645841406437,Low,1926.2793430446616,56,37.90717752130094,11.245962688570913
83.65995051484205,35.73491473014891,382.4149405199892,Sport,3,3,Ascending,3,-2.871193686859682,Medium,1294.7775989910522,24,2.644665879986403,8.528752110393835
9.986767944968676,80.62770343459769,333.3317815165242,3,Rural,3,Ascending,Cloudy,17.94289440218096,Medium,1734.6287367640466,32,21.61040777838889,5.815172818983489
103.5551547975622,71.29597065857185,344.013270461767,Normal,Rural,Heavy,Flat,4,16.334541808546543,Medium,1640.549357676074,13,10.172157686480594,10.403205294048384
57.66719290035217,93.88821343823342,361.54884193426574,Sport,3,Heavy,Flat,Rainy,-1.1406210000290766,High,2490.611033711048,65,47.27058479702699,8.671890300353613
8.250468770698497,82.63906858125887,307.02876140299185,3,Highway,3,Flat,Cloudy,30.77004800756176,High,1805.3951325339367,45,36.15227060024189,6.599449390809184
65.96607061959733,34.46207638725815,394.8207061815464,Sport,Highway,Heavy,Descending,Cloudy,7.761562327234799,High,1765.79623839771,45,23.196073400178925,9.75638080155276
50.05971347708425,84.0126589331837,357.3605786123803,Normal,3,Heavy,Descending,Rainy,24.058844147835124,Low,1828.7938363493272,56,47.61688165691431,8.927466979727226
105.32992858351498,71.33896358512186,350.7820014690802,Sport,Rural,Heavy,Descending,Cloudy,-0.4330461805250154,Medium,2395.0673565601714,30,36.09260155126938,10.295627530691863
24.479352433126486,73.51613134085,383.9393971119912,3,3,Medium,Ascending,Rainy,33.73164278093213,High,1994.890011024752,39,47.60182490924719,9.354460277619392
99.17575313906195,86.5810308776119,386.5762729896828,Normal,3,Medium,Descending,4,28.26735264198234,Medium,1705.8864037344683,42,35.25828613406074,9.368515958892514
66.92264294225433,65.90592553511522,352.2260404529016,Sport,Highway,Heavy,Descending,3,12.479021904039955,High,2386.3506155158902,14,3.977769427285655,5.677676602479961
6.553236385616286,57.28028114824103,392.7262325793637,3,Rural,3,Descending,Rainy,23.32700271954556,Low,2408.795824037182,39,30.85363795938392,5.932101847749509
116.62143615905816,70.93128282869824,306.47377660764806,3,Rural,Medium,Ascending,Rainy,3.4354251708508645,Low,1543.606554024841,41,49.01945029691501,13.281312808005884
61.51382929238399,43.83659431666872,311.32257922512173,Normal,Highway,3,Flat,3,39.34401209315253,High,1711.414919800179,34,10.787686812160205,7.964096372997876
34.9052225077899,34.607770486967944,359.678823001444,Normal,Rural,Heavy,Ascending,3,30.824861894217342,High,2456.396271062852,36,39.65771023480814,8.916670189482659
56.32882103871097,69.32702704569971,335.4065861793584,Normal,Rural,3,Descending,Cloudy,30.50230013810621,Low,1903.3632955208852,29,9.31314000422316,6.207374998360281
102.94293402209868,38.707869526838216,346.4225166189199,Normal,Highway,3,Ascending,Cloudy,1.9021097910044256,Medium,1761.2686009978447,18,22.66663550850205,10.69706014867117
36.58837492620762,26.393208747728536,332.80792178971666,Sport,Rural,Medium,Flat,Cloudy,-4.201991379776203,Medium,1454.025895858194,16,4.324719679583209,6.270140043029329
23.12116757840404,20.044334766820317,340.4725311444936,3,Rural,3,Flat,3,21.341711549633494,Medium,1699.7704916680036,44,17.095248537893973,7.053372133290801
15.488549631705776,68.66555211200537,382.26463471463,Normal,3,3,Ascending,3,1.4854275327914932,Medium,2020.60514213723,46,38.83370145068223,7.941753377731543
35.74312780682535,48.97190267841894,359.34761998543047,Normal,Rural,Medium,Ascending,3,30.119505541998024,Medium,1250.3114916076183,5,2.358875592768547,5.020077885369887
93.60577044480522,80.18487765387647,399.7344549283498,Normal,3,Heavy,Flat,Cloudy,13.723426308021082,High,1308.298172813558,26,16.07781211208762,10.454276120238816
56.595163823431406,50.01411186504819,378.6879197820963,Sport,3,3,Ascending,3,10.236741204434429,High,1206.9893265308883,46,31.52464052903032,9.735826024623549
27.2977924432248,58.88027585905814,327.3666254101827,3,3,Heavy,Flat,3,-1.685783189223025,High,1484.605534880655,50,47.43301533295413,9.094822802127526
19.942199953169904,52.56679782523079,326.4345117726696,3,Highway,Heavy,Descending,4,39.82292859750797,High,1437.8906385258242,35,12.343053323501753,5.135404616374291
39.92753718124549,72.04598328874769,333.5898270117007,Normal,Highway,Heavy,Descending,Rainy,38.02048511740959,Low,2306.049985251272,17,8.740185480958784,6.006659440719553
112.79092474628506,48.49113296119746,384.3259480647743,3,Rural,Medium,Flat,Rainy,0.9218608513082982,Medium,1440.8094293953454,23,10.263164465135086,10.710157405447184
41.163205510802925,97.10141199538472,302.72876506505656,Sport,3,Heavy,Flat,3,9.97652218816713,Medium,2059.5353336227067,26,11.916755968329824,7.58340894471471
118.57488911455624,94.8917589278824,323.0181278871258,3,Rural,3,Flat,Cloudy,12.5854392111073,High,1353.866874206989,45,31.952245606509862,10.155675119580494
58.22765469184274,87.8422322125825,390.49184203442667,Normal,Rural,Heavy,Ascending,4,8.356048515201794,High,1971.627701349672,53,49.93352580394208,9.841969196711537
21.499670194818105,93.62402164581984,363.9896436083252,3,Rural,Heavy,Flat,4,37.05108518446801,Medium,1766.3061972149765,34,26.22720492763328,5.617415150944122
106.93681101522112,55.93117507675128,322.68470955010565,Sport,Rural,Heavy,Descending,Rainy,27.460382305993814,Low,1731.268550445085,30,13.644395971190692,10.04267130450524
55.242644776179226,62.91443174315937,321.91449682325805,Sport,Rural,3,Descending,4,38.01623825173292,Medium,2313.53046049,33,37.37329256388127,8.011040479386748
85.16056122054293,79.36740740465956,386.2618101759431,3,3,Heavy,Ascending,4,34.35274311358441,Medium,1418.0353068387458,16,7.996756866473945,9.161507255674996
118.0453899850982,75.69167399508329,389.3757508277047,3,3,Heavy,Ascending,4,28.954368376112782,Low,1973.783605754611,14,1.5977072349853596,10.45407117961992
6.02104203839688,91.25428764843768,325.6131090962116,Normal,3,Heavy,Flat,3,26.36351981859452,High,2268.423272657076,37,30.30272195132545,4.877724843715802
11.603347174508055,77.30648218053562,342.05103580765325,Normal,3,Medium,Ascending,Rainy,33.97731209407666,Medium,2128.0658692427737,30,10.593748157565075,4.005569757666349
86.45480897553074,99.83077665827685,383.4595738628317,Normal,Highway,3,Ascending,Rainy,25.786745355615484,High,2478.3495674884925,31,20.02193886518532,9.415219278236812
33.81900039545664,47.88046398652728,377.1007438609885,3,3,Medium,Ascending,Cloudy,3.4923909541517943,Low,1202.7376394100588,24,11.633718334737598,6.322315524653985
22.116167634011887,86.63981937915344,381.39161065660846,Sport,3,3,Flat,3,24.165693239264414,Low,2349.667108872127,45,45.911280471024746,7.238638444891887
4.723425578367539,75.81078582661314,351.8398190787969,Sport,3,Heavy,Flat,4,18.1750737976858,Medium,1997.4867631299692,43,16.96563321775187,5.606039947301939
2.6216054383442167,75.31091561720149,391.1549048305173,3,Highway,3,Descending,3,39.1852604692897,High,1203.2298898503657,39,22.508767066811696,5.4453447569243165
92.9382723743749,46.06684758759991,332.5951543954435,Sport,Rural,3,Ascending,4,17.948449617964133,Medium,1805.14196778556,10,11.818664479364134,8.895610784306683
16.132011284346,82.84814339384181,315.66721343475183,Sport,Highway,3,Ascending,4,-3.2695257582030344,High,2197.668590280709,17,4.334065479371945,4.63924032599295
56.1264739165381,92.03008178780792,370.87323325648646,3,3,3,Ascending,Cloudy,6.888527984453955,Medium,1437.3107036440194,22,25.67657526646548,8.176262871826095
72.70761782153797,37.48387692164504,353.9354416006896,Sport,3,Medium,Flat,Cloudy,36.28217922046445,High,2082.020335966114,47,43.449291133899536,10.479565433050691
51.40221606826155,70.03974696933633,385.4585768809481,3,Highway,3,Flat,Cloudy,38.30603487009864,Low,1381.5689464317518,29,17.648914251062354,6.234165230444897
3.2527982803479727,51.37078632822202,308.1159249124715,Normal,Rural,Medium,Flat,4,27.78243594883471,Medium,2244.488170426539,58,39.070333352471046,8.00267859544341
94.02018031054908,99.16384954359016,384.36924034380667,Sport,Highway,Medium,Descending,4,-2.441124554586332,Low,1939.002378817609,24,1.7273549328903193,7.033648084478792
1.2615869449984185,58.306625266534525,329.3294653208822,3,Highway,Heavy,Flat,3,-3.940637551418039,Low,1244.0526484651232,24,11.85188142585234,5.079535689723016
91.42678732529808,38.265613903755415,365.4855667168183,Sport,3,3,Descending,Rainy,16.581775125959506,Medium,1318.1384197395175,17,6.6616168202100905,8.98077016289203
107.19653925457472,50.54861001774661,304.01287890782555,Sport,Highway,Heavy,Ascending,4,39.98525379523983,Medium,2323.0245645697564,19,20.203831651155905,11.561543491013913
51.940790526860674,72.3070711853301,360.9581296303601,Normal,Highway,3,Flat,3,34.11835318747323,High,1242.9018421725198,48,44.72721314276725,10.398012919991997
64.26509677173578,26.087149707966105,371.7271689187336,3,Highway,Medium,Ascending,3,36.98984293968991,High,1588.1053785625377,15,18.738245331453548,9.187295279251677
57.23800711411845,68.28815361769901,336.87502145056203,Normal,Highway,Medium,Ascending,4,23.059367724681376,Medium,1936.985453847624,35,30.20584908720509,8.633949897662546
46.70503423481266,94.49798073431184,321.541070526214,Sport,Highway,Medium,Descending,4,33.66061277131756,High,1477.4717144883305,46,44.917291750897895,8.497234999098536
106.49094424444324,88.02902301262803,353.7630676603545,Sport,Highway,3,Descending,Cloudy,9.386426847873665,High,1491.50181545579,15,18.05334890119521,9.182002979722244
107.27202128039886,25.41388293263867,383.31908044356464,Sport,3,3,Ascending,Cloudy,-3.768619844703587,High,2208.8442151459867,24,18.351205716263777,11.923554763774634
40.29796375698415,99.47119029912544,332.35473582966506,3,3,3,Ascending,Cloudy,36.32127827001821,Medium,1578.2929596056638,5,4.490353734746734,6.717451190155609
73.80837048176376,75.89815389631033,325.2469297521279,Normal,3,3,Descending,3,4.829378109201961,Medium,1250.1578343192225,41,17.517577608832255,7.3879670980848
111.2289074575037,32.982465945121895,327.8935308637688,3,3,3,Descending,Cloudy,27.78188597235534,Low,2137.458340008156,42,37.333378075766575,12.190639082038402
115.4470198729622,20.99328713355388,394.91321529166646,Sport,Highway,Heavy,Ascending,4,24.65352916947192,Low,2440.675745887307,47,42.24700599498835,13.6137711920588
61.0750848506457,33.702610903372104,335.927691576456,Normal,Highway,3,Descending,Cloudy,2.117359678884573,Medium,2281.5141695919547,38,36.165250716939525,9.232242735252024
54.33897663411921,87.05407365485908,300.3604239888287,Sport,Highway,Heavy,Descending,4,3.810054843901593,Medium,1913.1306383175845,20,0.4455752003210915,5.405511782874699
33.443317911423094,21.731145995613097,378.168120795962,Normal,Highway,3,Ascending,4,9.808261664340812,Medium,1752.3488789531384,34,5.9371423202727565,6.34546114412562
115.0646247828492,38.65178428944692,369.927479533539,3,3,3,Ascending,Rainy,29.061879382686307,Medium,2402.714722154199,33,36.57600169877476,12.998398725206725
17.137716536744083,80.58444762679002,312.8568264602969,3,3,3,Flat,Rainy,-3.234008988654497,Low,2196.0930698136654,39,47.12559326506112,7.775488559398125
69.579549125727,66.88884287185081,398.49042491349127,3,Highway,3,Ascending,Cloudy,13.31809331298555,High,1941.8544136055043,33,34.79852040131182,9.130160023615106
33.906032102236665,82.61885682881535,360.80622853051113,3,Highway,Medium,Ascending,4,24.930094282985483,Medium,2343.7690145875213,32,11.38255532723552,5.388224422053683
33.480994841735594,79.69204030614304,350.07794909406016,3,Highway,Medium,Ascending,Rainy,2.716192567238489,Medium,1982.2260725211029,16,5.467162193692489,5.009338649003826
48.59623048514261,24.04811096974438,338.2219267622891,Normal,Highway,Heavy,Descending,3,0.3737772659937359,Medium,2465.5560678827387,40,43.863112549464056,9.357174016426583
119.85515229787856,91.40091352753213,389.8672755563638,Normal,Rural,Heavy,Descending,Rainy,12.5595508477996,Low,2315.777621783633,11,5.041622546651461,9.390801481959898
6.595956820778648,38.1625467425815,324.3963481418563,Sport,Rural,3,Descending,Cloudy,7.895164803776591,High,1915.5787999041577,26,7.636744490825633,4.7343478732875175
69.42501818442378,64.2713952183811,328.5768900219902,Normal,Rural,3,Descending,3,24.20930489057945,Low,2399.6870724996943,35,29.87496680427283,9.652466242846517
9.90865896423326,71.5430525222223,312.2410806686567,Sport,Rural,3,Ascending,3,38.63058414345759,Medium,1645.1706397893106,17,9.58085419374174,5.325221134272877
18.54249959886228,33.49025687080763,375.911909558426,3,Highway,3,Ascending,4,-4.798897883188245,High,2111.205127764229,28,11.456908463146496,6.206564248287614
52.74755301274784,98.09850053607796,359.5549280405853,Normal,Highway,Medium,Ascending,4,35.607096060725155,Low,1422.6582836461837,36,7.198702586765211,5.26184207898295
61.25521576157296,59.05247648698472,360.9066169254498,Normal,Highway,Heavy,Flat,4,14.495036637572165,Medium,2363.974389575835,46,47.22187735733247,8.66786529473564
31.05508900374288,24.611415647791475,321.8470431019464,3,Rural,Heavy,Ascending,4,24.880347817044463,Medium,1522.4651948552046,15,6.333766543283227,6.287854179883204
37.97485570492994,94.98096358222725,365.1168389127084,3,Rural,Heavy,Flat,Rainy,33.296216478016326,Low,2433.7422651146844,39,46.57346991731836,9.541203939189243
10.436042430711968,66.90142745546144,376.5458447246864,3,Highway,Medium,Descending,Cloudy,20.805639750495597,Medium,1222.0888945517222,23,16.37722919166589,4.923472836923898
36.38637406131007,75.93545583851011,335.78885307256894,Sport,Rural,3,Flat,Cloudy,-0.6209677763897945,Medium,2086.38796575732,34,41.09581855374958,7.947843536744919
115.9870127256653,62.01406319473793,380.1347143961712,Sport,3,Medium,Flat,4,1.3267829068690258,Low,1395.0730206120234,51,47.50487871741704,12.330816836872412
113.3648858006978,86.7790363821574,334.8790588532021,Normal,Rural,Medium,Descending,Rainy,30.51760190437845,Medium,2202.0549138410342,46,26.010961779857787,11.663264846926683
40.1853948164382,22.65067697545687,375.8138461509288,3,Rural,Heavy,Descending,Rainy,5.3094204149904805,Low,1839.47770938162,61,38.53158902157147,8.983849614274803
68.5024723534514,41.47026922217182,303.3730107457719,Normal,Rural,Medium,Descending,Rainy,20.606692725959523,High,2382.545328333419,28,13.373922307539797,8.850433101113696
109.15144693331332,57.571868512215374,355.1164601473653,3,Rural,Heavy,Flat,Cloudy,14.263623061545076,Medium,2129.5899726288203,16,19.209913213198774,11.58543573595411
0.742058716907601,26.128289305096803,396.9526560639887,3,Highway,Medium,Descending,4,8.663754226410767,Low,2198.7457852430457,36,27.69403760575779,5.791650778958488
97.28202844051104,76.47253354613267,398.1244600682391,3,3,Heavy,Ascending,Rainy,30.41354038550743,High,1356.623179934246,49,42.53801271613499,12.004134816569264
113.80434633467029,51.49307312445126,328.1752578341741,3,Highway,Heavy,Flat,Rainy,27.90474935011685,Medium,1325.5295734385168,52,31.074828180099757,11.440004874452706
10.959088120026848,41.81343922145152,344.1399091080356,3,Rural,3,Flat,4,24.07489980122468,Low,2305.7250167427096,2,1.2027313182674313,5.498240332917986
19.373722323950524,20.270307744672984,306.2977907986633,Sport,Rural,Heavy,Ascending,Rainy,11.770211579045135,Low,1493.505996657276,15,15.308749822984106,7.275057542915683
115.28955633256264,77.5864249399963,387.33413076046,Normal,Rural,Medium,Flat,Cloudy,5.191164580957809,Medium,2327.024373902932,46,43.26209454194898,11.14967901468255
64.50481723684156,86.70474470982894,356.8572153140214,3,Rural,Heavy,Flat,3,18.215272794916288,Low,1385.2995787209377,12,12.087817414278794,8.430268859161785
1.7035961366068442,51.60324285451988,338.5100678940517,Sport,Rural,Medium,Ascending,Cloudy,31.769684514794665,Low,1600.9866648499524,20,18.45961569543406,5.626304168187632
30.9158398516235,65.13743816266924,311.2770558489153,Sport,3,Heavy,Flat,4,20.90492366728873,Medium,2407.360348038288,24,19.54177468535324,7.137841552728627
53.993240912263154,38.21493007436787,394.6767285496889,3,Highway,3,Ascending,4,38.65628394377479,High,2291.633183005915,13,7.807191444293799,5.547798684390277
83.14906932297212,69.77581170241065,353.02190478209934,3,Rural,3,Flat,Cloudy,-4.305313037192121,Medium,1270.5154370771695,30,17.555621262699347,9.197514638076722
87.97924537641595,20.97099666521604,328.2927929082904,Sport,3,Medium,Descending,3,39.925605162488026,Medium,1782.5267633707126,59,40.88929387702481,10.35256857037429
119.45058155105474,59.09151176790068,335.021513013151,3,Highway,Heavy,Flat,4,26.113407086141013,High,2382.828194786693,57,42.46978403475317,13.559365637868412
34.501343926051085,71.53643854725539,327.0697180922148,Sport,Highway,Medium,Descending,4,32.47033077359493,Low,1219.1851947626485,40,29.086787451005694,6.607964196610035
64.58641222421703,93.45534185837872,360.1809808856981,3,Highway,3,Descending,Cloudy,10.072856549535487,Low,1339.5153327986025,27,33.96910628796117,9.352321721558877
63.9988257431526,50.50686536978274,392.996357578051,Sport,Rural,Medium,Descending,3,17.875359763895,High,2038.7546505592195,32,26.77517790299282,9.022978916500188
48.6774311336685,81.21521623848238,385.6693803326564,3,Rural,Medium,Descending,3,30.864516154794917,Medium,1336.4785277730027,24,2.3092009670805087,6.214537648537133
20.299427261090425,67.81496239548005,346.03808754259774,Sport,3,Heavy,Ascending,3,29.229226256514394,Low,1783.4897264825336,43,34.86457484908435,7.967812044337273
117.2947875820611,94.16096903400644,382.6499362301008,Normal,3,3,Ascending,4,10.031549299567416,High,1860.169616491932,63,49.82788869261808,12.738527907100575
102.39806239999032,51.87021405275445,342.31054812763296,3,Highway,3,Ascending,3,9.598460576071131,High,2318.33028255915,30,11.468383958625372,10.164680892919405
59.79996339530847,45.52762718983904,325.23071407586383,3,Rural,Heavy,Descending,Cloudy,24.8265041310459,Low,2444.608066373122,67,49.109344826784046,10.080149218864618
72.38945072208358,90.9713598955315,398.3415115266428,Sport,Highway,Heavy,Flat,4,37.01466316623976,Medium,1865.9002323317225,60,49.88890267089692,9.303144512108386
27.27132642715948,23.93955211266313,330.3887567970822,3,Highway,Heavy,Descending,3,14.74536958033585,Low,1863.468418216477,20,7.161578813822773,6.5566626415760645
65.25444844700962,30.910831434694146,332.37242309869083,Normal,3,3,Flat,Rainy,10.88238096891472,Medium,2144.833940036442,47,46.31414549655172,10.32857567904955
83.3964159745771,26.59235476672356,398.9692867786522,Normal,Rural,3,Ascending,3,35.26091663062818,Medium,1450.2586016425412,55,33.80907846440968,11.840163023595958
61.82004340639065,87.4487965261122,313.39274931656547,Sport,3,Heavy,Descending,3,25.73752276554613,Low,2423.1161028317165,39,23.371954040298824,9.301260456790544
118.83422047019296,20.848593869625557,376.0533988009695,Sport,Rural,Medium,Ascending,4,12.472419086773709,High,1201.558601789121,21,17.298569802570924,11.728839922290812
73.36099874972714,88.93257243976385,393.58127584827264,3,Highway,3,Ascending,Cloudy,-2.4225696118492457,Medium,1202.3320310939744,46,31.52709952179083,10.00821625823948
44.51684551106028,56.101423629701344,351.1794994275419,Sport,Highway,Heavy,Ascending,Rainy,27.46701724215032,Low,2013.3662703443515,44,42.15505519005361,8.14936496567
92.65824331390056,20.32202230831766,300.252176170282,Normal,Highway,Heavy,Ascending,4,10.8798920810671,Medium,1643.9300999649988,3,1.801707753276391,8.630512502777036
20.45550138979705,52.13161417696335,337.50589441131063,Normal,Rural,Medium,Ascending,3,-1.824521100243812,Medium,1717.5498123874736,23,26.81956733776672,6.303484271785216
46.14189764475199,34.94406728360285,311.1568992384827,3,Highway,Heavy,Ascending,4,22.553008926086957,Medium,1487.8683286145338,40,32.54817281788723,8.174680984363658
41.635074045310304,69.95203899777304,341.6187660933696,Normal,Rural,Medium,Ascending,4,9.535309172222972,High,1730.1431166398386,31,1.377604253950328,6.435954114418804
51.81685141293328,74.34870319373172,379.0026761642285,Sport,Rural,Medium,Flat,Rainy,10.230542873973825,Low,2276.3780864494965,40,44.4649722200089,9.333017203648913
93.81357911144715,59.00220563239999,343.87115488838003,3,3,3,Flat,3,16.56265588365517,Low,2109.024282647372,63,47.59431698145179,11.574234894026583
58.1007638596089,23.2415620351736,343.1925121345923,3,Highway,Heavy,Flat,4,27.28636452978047,High,1323.0498825959874,32,30.663316557242293,8.478817877375871
95.28173403191552,72.49030434937615,355.6789476918847,3,3,3,Ascending,Cloudy,7.434871493633237,Medium,1273.6837902413051,17,5.938353615690919,9.71349856143471
69.1786683767839,87.3631026884417,358.169058474768,Sport,Rural,3,Ascending,Rainy,-1.357433789949456,High,1858.050636719916,40,46.62734434522682,9.857065924704171
41.04833215890664,77.62594218611213,385.6296308798972,3,Highway,3,Flat,4,14.09915746477778,Low,2149.209252376282,36,40.26985415941109,9.315091932235926
97.19744924201667,86.39663351642548,330.8355439228952,3,Highway,Heavy,Ascending,Rainy,-2.5283559597622536,Medium,2063.8357898253435,18,1.5245566297903512,9.41493124607806
28.59476046637099,36.040761884071,382.1671264368016,Normal,Rural,Heavy,Ascending,4,26.37708294514974,Medium,2323.349101818562,51,28.99996563278346,6.38358260933319
26.92595757597546,91.1110351725186,356.5933748692047,Normal,Highway,Heavy,Descending,4,38.16595605651584,High,1373.2440032163452,12,5.815412087342985,4.132681775913472
60.54035088658029,45.77547605183703,330.0529549717147,3,Rural,3,Flat,4,24.644146344165925,Medium,1987.478427941114,10,7.1392131706517565,7.559091377063777
31.30190951545067,21.072385140159284,329.5126044006077,Sport,Highway,Medium,Flat,Cloudy,7.39257023878841,High,2195.818911529004,38,9.706246252277284,7.446323628610268
1.0904441941459586,87.47133170632566,336.11375171057244,Sport,Highway,3,Ascending,Cloudy,3.176607439192157,Low,2419.19302443916,24,19.869805899862754,4.400260312857747
77.79570327585618,95.34570151717814,362.2693242619976,Sport,Rural,Medium,Flat,Cloudy,5.4752607085040434,Medium,1331.1479486001024,51,43.83150475655581,9.697111153557456
61.33125857668776,72.44465579338791,323.0811731359949,Sport,3,Heavy,Ascending,4,4.972450142565469,Low,1511.5344059383222,18,1.650663092401811,6.423153102980698
53.46213773917934,38.51493043707397,392.0333561672268,Normal,Rural,Heavy,Flat,Cloudy,9.122372772003205,High,1660.9688618117202,57,34.49162739896883,9.950530464427958
116.03622175419784,40.13955714260243,357.49125841779005,Sport,Highway,3,Descending,Rainy,-0.6193994842334796,Low,1902.975552567654,68,48.231084373631816,13.25818294678919
68.54390207554964,57.32742987484956,392.0015776996007,Sport,Rural,Medium,Descending,Cloudy,35.30735759408959,Medium,1731.195852728299,27,32.097548845503354,9.1813621321307
103.61178933472614,91.82648636811356,304.64043585791546,3,Rural,Heavy,Descending,Rainy,34.83042228982785,Low,2319.452469219727,43,40.79869246440333,11.864988991772847
16.73402834461922,31.967812491804672,334.2611370461473,Sport,Rural,Heavy,Descending,3,22.68563141056877,High,2435.685019246658,57,45.09843855655337,8.588297837978482
68.30477557553132,86.07789356667895,302.2807660687623,Sport,Highway,3,Flat,3,-2.213583490713868,Medium,1291.1022531538763,51,35.76841046002035,9.422372666841122
104.15755520770834,43.30422469641203,327.225181509797,Sport,3,3,Ascending,Cloudy,31.180033332479475,High,2109.584821999945,38,33.02615563459669,11.270634667769764
69.97269087358777,84.68689355432784,386.2006472268588,Sport,3,3,Descending,Cloudy,-2.219513731778959,Low,1348.5553143734523,26,0.996540520769501,5.561955476096836
86.16170137524018,93.62169580812308,303.6609715842201,Normal,Highway,Medium,Flat,Rainy,-0.2110449306590691,Low,2367.341700117935,28,25.992565542769604,8.066496223182751
44.64522813746488,54.19950975954562,343.6147099915745,3,3,Medium,Flat,4,9.638337668992156,Medium,1384.7281064787733,36,23.514366756448865,8.176244836554657
11.093942044447992,49.20405232844247,311.7567070473228,Normal,Rural,Heavy,Descending,Rainy,14.41616429495021,Medium,2488.964571113702,30,26.183010790052776,6.227161420963652
54.94803541524857,84.17770551770414,341.6840659260368,3,Rural,3,Flat,3,10.925003052189362,Low,1756.075275514604,26,21.68077147301357,6.846979239349909
47.3375269006629,62.35863059035152,383.8851584264377,3,3,Heavy,Ascending,4,2.4353401440263776,High,1696.51794744598,47,45.33721998303409,9.176842587738772
104.04722188547368,74.75592387705576,362.3071033402519,3,3,Medium,Descending,Rainy,0.0458372956798367,Low,1962.1646296676704,36,44.4626014687223,10.329985132723804
29.27943628229667,69.82633895689436,373.67563453314233,3,3,Heavy,Descending,Cloudy,33.673685201698746,Medium,1712.6633674400468,32,6.372357912652142,5.6850197311955535
116.00810730421296,32.231107651583706,334.9104115449581,Normal,Rural,Heavy,Ascending,3,11.343155167836764,Medium,1505.1016886827406,32,26.69135074526164,11.713460050893485
114.97657437653952,87.58322882316493,394.43976950101415,3,Rural,3,Ascending,3,4.836972015017885,Medium,2017.8869974524928,64,47.981993291538,12.689668960897588
29.71579716857264,35.6620089130509,370.9262093779501,Sport,Highway,Heavy,Flat,Cloudy,16.914611048051896,Medium,2146.8726781280884,42,29.97334136756037,7.875122662097726
41.76623465727846,94.58257152566246,342.1798819284531,Sport,Highway,3,Flat,Rainy,-3.3429469757921715,Low,2428.918086763388,38,40.10325416343379,7.260980977877213
107.4666889048662,40.045703313771824,342.6464800227055,3,Rural,Heavy,Ascending,Cloudy,22.012653204951267,High,1731.8541898527806,22,18.73066510206377,11.852794057912696
115.9946665075329,78.71047786189935,391.8684177943297,Sport,Rural,Heavy,Ascending,Rainy,6.182031408231914,High,2117.5048161893733,41,18.924724877078503,10.967502864292612
53.21269234032528,42.772431479487366,357.6404693435392,Sport,Highway,Medium,Descending,3,21.9188386359096,Medium,2283.684571504515,19,16.351795439346667,6.833848262803517
38.51964547690774,45.42283268694911,370.63792099030417,3,Highway,Medium,Flat,Cloudy,22.635632400064104,Medium,2280.7989606284546,30,1.190088684975391,5.54651366713466
63.13128159018505,44.800148222584426,341.7035224513171,3,Rural,Heavy,Flat,3,31.41508861113908,Low,1244.5511801537227,46,46.25009546153064,10.826423601584224
82.53230476388818,79.83138032208666,322.36927647647144,3,3,Heavy,Descending,3,5.345714002426325,Medium,1662.4130160418422,14,17.547120784154817,9.185921946638045
32.81694184499757,64.54520943755145,372.35592919944185,Normal,Rural,3,Ascending,4,15.855908737867608,Medium,1217.4438669161589,32,18.417689022875265,6.314954707686146
88.37678095428873,90.63619646779978,360.7823772141388,3,3,Medium,Flat,Cloudy,38.28493021863044,Medium,1926.8038969433217,53,38.00141567891925,10.44597148883454
6.198882853756924,44.58981753632359,350.1342880424779,3,Rural,Medium,Flat,3,27.720617983807905,High,2324.6175539305405,29,26.391966820827463,6.7286683170573145
5.915339131729973,75.35940176453954,362.4020939994464,Normal,Highway,Heavy,Ascending,Rainy,38.89047136079013,Low,2259.393443599839,33,18.165903536404123,4.564270953214955
46.35452461746543,80.23588797304885,320.82855860642337,Sport,Highway,3,Descending,Cloudy,36.73145708846968,Low,2254.6244445182347,46,44.19250975436295,8.64359016132073
42.41678304728647,32.11856904239666,379.3938706531956,Normal,Highway,Medium,Descending,Rainy,22.48368685628944,Medium,1657.3867971887316,39,41.286422753346365,8.64700655656414
37.87598584405827,52.04714858558489,394.81628050203057,Sport,Rural,Heavy,Ascending,Rainy,6.8768660146964535,High,1260.2285512669223,55,48.842398421156055,9.496010195074216
58.9223715202692,58.62539954803289,389.1103144167703,Normal,Rural,Heavy,Flat,Rainy,29.06158704980875,Low,1424.1430381498562,26,32.08697963462872,8.824683474023203
38.48802987738855,48.45499119154994,332.1435745307017,3,Rural,Heavy,Ascending,Cloudy,26.415366061553176,Medium,2071.898766710627,50,34.5358208901331,9.326899501462403
23.07095021617103,45.76900767753105,340.6005773282076,Normal,3,Heavy,Descending,Rainy,21.500055416082898,Low,1373.9956328071576,13,16.29252621774601,5.9605200424156894
37.13634589063211,74.91359151981135,380.84022997975615,3,Rural,Heavy,Flat,Cloudy,26.402315282108543,High,1362.9268780798457,22,5.069041423810665,5.942315175898884
116.9885127372282,37.269311812759085,359.5117130824604,Sport,3,Medium,Descending,4,22.61138865453629,Medium,1659.7778108465427,26,5.385245061817967,11.338084486114012
49.33361003938183,76.75125962009031,354.7914443676649,3,3,Medium,Ascending,Rainy,18.37205603827809,High,1322.8952763084033,27,32.3324290491401,8.092729946414835
53.36553322300029,94.80353571125843,392.6641967533445,Normal,3,3,Descending,Cloudy,13.717996675750442,Medium,1628.719384788663,5,5.752254684487068,5.230958681725675
69.1853987941368,65.21580169422009,353.60249609770506,Normal,Highway,Heavy,Flat,Rainy,-2.9881231440151783,High,2460.6004498422158,55,45.34066563119307,10.861894347941895
118.0008922097072,68.91473893915793,351.493867958731,Sport,3,3,Ascending,3,33.95595635964315,High,1225.936441420194,37,35.22304584085514,11.27387994892225
28.99215317229156,25.514616169927127,304.20185912663595,3,3,Heavy,Ascending,Rainy,33.94932621698856,High,2279.7056493838745,29,11.387716324539603,5.424913369680641
81.75385326389205,89.15815228942625,306.94169585901375,Sport,Highway,Heavy,Ascending,3,21.732129398601497,High,2491.708161918683,14,14.03266188506906,7.745559279331303
85.9181632250069,42.835822975989245,300.742030788065,3,3,Heavy,Flat,3,7.054793732116934,Medium,1767.3268563529523,47,35.527688499166224,10.754838794454573
72.87893001516791,69.20409324228518,391.3244225783634,3,Rural,3,Flat,Rainy,-3.73410301824984,Medium,2425.9719793659638,35,41.22358475929328,10.453825439796818
10.629400756397288,98.3289735795842,340.8386660017701,Sport,Rural,Heavy,Ascending,Rainy,-4.93570381248616,High,1539.4883290205717,45,41.98755636534604,5.5237491647842125
81.22467309930917,67.64020804582462,346.8561376133413,Sport,Highway,3,Ascending,3,-1.7191674624857516,Medium,2476.9864916239803,35,30.09125589034819,10.25237162395436
7.691365324341057,77.9767589971502,384.5386947592462,3,Highway,Medium,Ascending,4,11.194884685802425,Low,2320.0167042261382,23,7.846076115703038,5.0856252665090524
71.53711794598763,55.62556945790015,360.9246310375778,Sport,3,Heavy,Ascending,Cloudy,3.477817569868499,High,2350.1068410557245,60,40.93613911748043,10.615068335474287
88.74974126660912,24.82926748120459,360.9501596390581,3,3,3,Ascending,Rainy,6.927613853688559,Medium,1369.5178664592188,42,39.60301207890559,11.57710946352748
25.31638687439405,83.80794795918308,329.6534429354812,Sport,3,Medium,Descending,3,26.48471697872194,Low,2331.0811431990687,54,41.78434353974524,5.699418844226767
100.99464090513288,22.799907301118854,383.390837392452,Sport,Highway,Heavy,Ascending,Cloudy,38.16173984616209,Medium,2424.369887871948,8,7.967422646866886,9.456787924643953
3.642456663960512,76.05262631102832,316.58299760394937,Sport,3,Medium,Ascending,Rainy,4.304912935901463,High,2264.762372829994,34,34.2494515338403,5.546680910409233
101.25754363899674,21.833725851970957,305.3149592172948,Normal,Rural,Heavy,Ascending,Cloudy,15.953977036142028,High,1318.7732302212137,60,48.016172279072,12.915535979909434
55.23948607713181,88.98441892613364,319.1603357518532,Sport,Rural,3,Ascending,3,39.61657306747346,Medium,1310.2096221271163,19,12.877473148853252,7.338680893979098
26.11055279179734,32.61088286663845,326.77372187745647,Normal,3,Heavy,Flat,Rainy,36.92534792053805,Low,1664.8877917145603,38,35.86472853311604,8.161699509795586
16.05337739927616,61.14171963540409,328.23110578542065,3,Highway,Heavy,Flat,4,10.854233636315405,High,2116.403367501518,13,13.019979829887932,5.657725696194067
114.3968601098847,67.77205635865178,367.0513598618768,3,Rural,3,Descending,Cloudy,9.386007105913745,Medium,1216.1886766173157,25,15.42411079653304,9.725904389464366
8.719870509738804,56.603632589872966,321.7824587328644,Sport,Highway,3,Flat,Rainy,5.89767881517616,Low,2435.8394700560493,23,24.31487699621012,6.508000900493166
23.89121039231108,47.261079147910976,367.66583044949846,Normal,Rural,3,Flat,Cloudy,1.9931282423090015,High,1883.0840459474637,54,44.75820677513764,7.493733419663163
41.73868169196552,57.42514369447774,309.11321732338,3,3,Heavy,Ascending,Cloudy,15.702343560795024,Low,1665.884175488628,17,2.0292244095988066,5.946752763686611
74.42818187533446,44.913260310492696,314.7202461097909,Normal,3,Medium,Ascending,Rainy,10.35042310330364,Medium,1929.5976079477084,48,49.483101409691336,9.48061890330403
65.3761302331318,55.04978776646905,350.8821448490995,Normal,Highway,3,Ascending,Rainy,28.517691724167776,Low,2130.5220556759577,32,38.626649765517286,8.862368494506928
15.077219089477678,48.71303927984245,392.18958025766426,3,3,Medium,Descending,Rainy,5.658992672373,High,1555.2628140522802,34,18.0529669856132,6.65179470328379
34.76735804858576,65.29638588057162,385.9567588811114,Normal,Highway,3,Flat,3,28.13495075590221,Low,1578.460741396222,30,17.772594160423324,5.189553090217416
28.65021253032289,39.033932979598674,396.8753442442803,Normal,Highway,3,Ascending,Rainy,7.966596369188847,Medium,1808.629904886058,42,24.200763682548832,8.498330322568714
25.625142538840965,99.092524393121,365.0479065278171,3,Rural,Heavy,Descending,Cloudy,21.672795309140163,High,2070.909944528244,52,43.78637945033221,8.198939214586208
49.337320377598445,60.06959627057324,367.5814866416092,Sport,Rural,3,Descending,Rainy,23.729354337762903,Low,2118.281435398333,3,0.9940753078474348,7.248563487615093
84.48377431099883,35.532966193160775,362.5022998931492,Sport,3,Medium,Ascending,3,25.230164147514976,Low,1621.2736312507325,47,27.457657569523928,9.751555624201254
26.094351866068312,58.1653399653818,362.2818922858197,Normal,Highway,Heavy,Descending,3,2.890254371676778,Low,1619.2390272826608,13,2.8987136120804458,1.8814256701128345
44.00146556435777,89.31321036198594,314.71203450675847,Sport,Rural,3,Descending,Rainy,7.722011637476244,Medium,1833.2413700250029,30,5.868477292395327,6.847626870946422
46.91009122093947,21.74454344995165,354.3738956163929,3,3,Medium,Flat,Cloudy,6.075205843235494,Medium,1904.498210779249,39,34.564226633838004,8.929558611222596
117.17478353224922,74.36432952858311,338.6067933451726,3,3,Heavy,Ascending,3,20.92721849569661,High,2044.2383754210528,11,11.792013369078838,10.643615233489577
114.55996282548828,63.83742374351424,344.2537215777293,3,Rural,Medium,Ascending,Cloudy,-1.591411897788491,Low,2003.0225862098591,16,2.1755807817800763,9.827765949264952
96.01650993024911,33.564639549610845,352.36005730592376,Normal,3,Heavy,Ascending,4,18.321540248238254,High,1684.2732492086968,26,8.295440275700807,11.162632310306396
28.99907049830222,85.39811514439366,312.8396171802252,3,Rural,Heavy,Ascending,3,-1.0639824960631188,High,1585.9528273464482,31,10.51104037058885,5.5288313289089
8.164477691000362,49.51076978992045,335.948773385212,Normal,Highway,Heavy,Flat,4,10.16751954699012,High,1600.2975484706649,41,38.51212158594358,7.051070898314563
38.02849652647497,43.5041623052406,306.3449560876604,Normal,3,3,Ascending,3,25.901774182800192,Medium,2039.021375014516,49,31.28371416002974,9.47421639367799
32.0153459320597,86.25001534855208,397.9668130422399,3,Highway,Heavy,Flat,Cloudy,13.565382475529592,High,1763.0918206957554,50,36.78268823271664,7.477434156350492
60.711096017567264,71.08200369533317,311.8528028820126,3,Rural,3,Flat,4,7.615382772200251,High,1374.654170985768,36,18.55413175207441,7.772563100347942
93.32734920813516,91.86072669398597,325.85247385449543,Normal,Highway,3,Flat,Cloudy,22.71357291545655,Medium,1207.6999768641283,14,5.7453254412385855,7.653543310819683
102.99875266546296,70.39069629369595,389.1292926703397,3,Rural,3,Ascending,3,28.312110061695023,Low,1238.5805732853678,42,40.2839761618844,12.420288572895831
101.38369024926102,79.26541263456923,348.27100462391417,Sport,3,3,Ascending,Cloudy,6.456322064766832,High,2327.771251228779,22,7.106301248894251,9.249822331509266
43.161067346768135,86.91567170076902,313.563720152063,Normal,3,Heavy,Flat,4,8.472995549314476,High,1795.1753747946132,22,19.19582016735532,6.326759313786533
82.46812121528195,24.37917087279495,338.42305380393486,Normal,3,3,Flat,Rainy,23.813226262798874,Low,2054.655365191001,11,13.187684258978624,8.380679275550854
37.54010370290641,82.08391670955042,311.5867994191386,3,Highway,Medium,Ascending,Rainy,38.435046708126336,High,2407.748744967482,42,14.897089198436918,6.492314603588181
7.308665188221926,69.09651854796614,320.0215997084502,3,Highway,Medium,Descending,3,4.624219150139904,Medium,1364.16381029926,43,30.13264742067997,5.703713073893876
84.18783187235307,25.560623721215457,305.2029846949845,Normal,Highway,Heavy,Ascending,Rainy,24.44114360700443,Low,1781.9006639969166,17,8.301172402570309,9.469598517215138
1.1793063083745414,60.686233749497205,343.82274945491,Normal,Rural,3,Flat,3,35.796542848077465,Medium,1900.7876159422424,46,22.34910712455275,4.527049732499438
49.10191049501863,26.59664623871631,380.663612172526,Normal,3,Medium,Flat,Cloudy,15.788504426996258,Low,2293.9953794039093,38,31.970550702140308,8.849845269159129
39.525512316249085,78.8757761378578,358.5969178699896,3,Highway,Medium,Flat,Cloudy,9.257990192289608,Medium,2491.833952008117,58,43.45876853142018,8.122647892394058
83.20530462226229,63.720137111830645,360.6345305484612,Normal,Rural,3,Flat,4,25.009197934294363,Medium,2125.1820326551715,40,18.62425323345254,9.90178151343965
91.94945673124548,96.2858829929838,320.05840300832403,Sport,Highway,3,Ascending,4,-3.585568708364619,Medium,2034.3843338916215,41,16.002719895193025,8.941840214220619
36.49135631655406,34.65082972574159,334.3893843252366,Sport,Rural,Heavy,Ascending,Rainy,11.20722477400183,Medium,2396.4062881860627,27,18.45557652720544,6.389050976773505
97.39524173338242,68.48267620163028,384.5242103840832,3,3,Medium,Flat,Cloudy,6.608831206770111,High,2288.5951868351467,22,25.08977381747829,9.034004729327073
35.27001126059205,36.92657076563931,308.78561843265146,Normal,Highway,Heavy,Ascending,4,5.107976625029259,Low,2324.557413907947,42,15.72342022840328,7.075717633826169
53.55916319838735,69.12519877819187,385.7930653668534,Normal,3,Medium,Ascending,Rainy,3.0891668587133463,High,1203.5174420714775,30,12.597558045350556,6.750462613207938
87.24222324169607,77.81197618886851,348.36900262647856,Sport,Highway,3,Flat,3,28.167848571367927,High,1868.761718997472,26,18.827624297380723,9.146588221428646
83.15042750697462,77.7843463463631,383.7147431325117,Normal,Rural,Medium,Flat,4,37.9794907896684,High,2217.547137600918,42,38.913680313531735,10.381006995842268
118.484216677464,85.20591925460879,331.80064193944,3,3,Medium,Ascending,4,12.314679039487428,Medium,1435.8942592184094,19,12.71545787115127,11.336903129982234
27.019322905911825,88.28401823666533,333.88429515830205,3,Highway,Medium,Descending,Rainy,-2.790351189138156,High,2176.887979083973,64,42.2470186879016,8.303168237144014
79.47814962474989,26.181738101374165,375.1604868323143,3,Highway,3,Flat,4,27.351031615266,Low,1211.9081971480934,14,14.326816416897604,9.847680115079111
73.16182899309328,47.46137256579232,378.499617339222,Normal,3,3,Ascending,Rainy,19.21919505086153,Low,1947.7166984621672,50,30.19353715470943,9.45304689516393
109.8118145388036,74.96980162878445,322.9644677990147,Normal,Rural,Medium,Flat,4,27.564007623061364,High,2306.7265559913435,47,48.55171648504563,12.011681220085547
18.763456997385006,59.88690299129697,397.28713248219054,Sport,3,Medium,Flat,Cloudy,24.15568738895079,High,1760.7528656929503,38,47.5944637005645,8.650225347461587
90.21577963043195,35.25407574038332,308.4490104244829,Sport,Highway,3,Descending,Cloudy,35.74461914335645,Low,2161.2882860307623,17,21.788186628761,9.456417754281157
68.1922339522522,64.21676561333584,306.8502963102131,3,3,3,Descending,Cloudy,1.319808672711284,Medium,1889.5182708841303,9,3.4690368880286897,8.483064018719952
32.95990437454865,52.594852221291504,359.5504215286103,Normal,3,3,Flat,4,2.6122830366883694,Medium,2041.4782719463697,53,45.141172847637904,8.643405960953286
56.93218969766089,51.203062212344406,372.2740767771621,Normal,Rural,Medium,Descending,Rainy,10.370615081041167,Medium,1871.66829063818,13,6.433107481416701,6.984172735431547
40.05319164837574,84.78029739485311,396.0886129224974,3,Rural,Heavy,Descending,Cloudy,17.112496719885375,Medium,1818.58776624567,67,46.18510672996323,9.190852916389243
69.5176083346153,52.6078667065745,340.49457807988614,3,3,Heavy,Flat,3,36.65712014534744,High,2294.114553497176,39,36.6582672514839,9.606240013145015
106.6800732977599,22.116360438433933,302.5291408989633,Sport,Rural,3,Flat,4,35.813390320748226,High,1320.5661412658033,45,46.71853211478837,11.73508533099477
68.31659812946424,24.645067111287304,360.2896339446407,Sport,Rural,Heavy,Descending,Rainy,34.23424536712197,High,1960.04667095634,43,33.30305140953842,11.00317800478241
75.80669019919009,88.49952333532963,328.9696020598772,3,Highway,Medium,Descending,4,5.0137120274616365,Medium,1349.2536341371424,63,49.75612255578,11.363854501784196
62.249741653765135,96.8480648010017,343.29471211954024,Normal,Rural,Heavy,Descending,Rainy,27.835436974615853,Low,1931.650285138632,37,23.40338387927536,7.286719223594006
6.139860773457109,75.07274691645661,348.8469482249935,Sport,3,Heavy,Descending,Rainy,12.257128484070671,Medium,2452.6748554862397,22,16.548113236166056,5.077942201717011
27.94302682513131,49.149463528006414,306.4512610738034,3,3,Heavy,Descending,4,36.90323173934861,Medium,1274.2272583146882,36,19.726266655922814,8.552966349659922
59.04020753184993,95.0880252635782,348.59817845641027,Normal,Highway,3,Flat,3,4.65411263703507,Low,1748.608844155311,27,17.57941771252777,6.214536747699898
37.22823404936457,73.02424691005886,342.63196668043145,3,Highway,Medium,Flat,3,1.3566078941781727,Medium,2242.562560358904,29,20.099784529449757,6.5269163268924695
21.811631731343304,87.54668393594702,371.25442652865934,Normal,Highway,3,Descending,4,32.90733285850808,Medium,1680.5990388814016,52,44.27158508312053,6.957170353121143
60.4959410302126,81.26818432296075,364.56659112123447,Sport,3,Heavy,Ascending,Cloudy,27.26084178035537,High,1876.4091977032008,43,29.643850644420397,10.33559038460544
38.73717521374204,50.33114526180739,318.5215718150561,Normal,3,3,Flat,Cloudy,31.963975520072346,Low,1349.1201489458826,29,36.31232623901561,6.706762618696285
30.97291718080977,58.29617606806284,320.6138918210397,Normal,Rural,Medium,Descending,Rainy,2.1074524455157446,High,1489.9952578112093,23,14.464875667339404,6.164388089080734
55.678250092845694,34.89057234944796,325.10061787743734,3,Highway,Medium,Descending,Cloudy,34.81567094872583,Medium,2092.3527670860085,51,49.494547089875866,11.06347279050262
15.994110969860778,43.36112803525872,317.8950440297177,Normal,Rural,Medium,Ascending,4,25.492916049121146,Low,2277.1638202189715,13,14.108663634553912,6.083193203894717
111.32948796904888,82.25005290292174,365.7213199668468,Sport,Rural,Medium,Ascending,4,24.320236130435948,Low,2040.393254565652,12,8.03535476420864,9.914373529057013
104.12425175030867,91.51827135064866,399.4430179200271,3,3,Heavy,Descending,3,21.21627383941247,Low,2287.9971433221317,36,38.93190980641985,10.658917936200323
84.91447028886424,77.95683386011294,365.2108340515937,3,Rural,Heavy,Descending,Cloudy,29.41944185160294,Low,1987.354707326457,42,41.969859213612445,9.22332240087223
12.745659310614744,57.21389573253106,360.6681546191291,3,Highway,Heavy,Flat,Cloudy,13.70237412462806,Low,2253.2706716159973,35,19.7503837993049,5.222262604925648
93.10527053636316,26.9207415151798,340.99279333510725,3,Highway,Heavy,Flat,Rainy,0.9769560669925256,High,2477.75284121803,29,27.099481932427626,10.99939088358349
96.95487937308228,24.55583589587586,331.25802588597605,3,3,Heavy,Flat,4,19.26691899223885,Low,1307.6721543793235,34,20.764986381892435,9.991651106843552
92.13175412572052,49.94604516902831,391.1073756906479,3,3,3,Flat,4,28.664588099810302,High,1823.5445191686229,21,14.766705603434543,8.81278659959858
13.67590645430894,57.105737501413046,396.9001874142153,3,3,Medium,Descending,4,1.9141353799447056,High,1446.8604662585392,50,40.68751388937656,6.651847672829283
77.26895484813177,68.72964977706374,349.6776175587728,Sport,Highway,Heavy,Descending,3,5.080930042504095,Medium,1804.7971118990065,46,37.87616407367341,10.217274566876473
100.11897548992782,20.51916171095978,329.02004955065576,Sport,3,Medium,Flat,3,26.34455299297804,Low,1849.4627682814116,44,24.317898623668924,10.472247462445733
69.28240814636013,99.1778312373045,377.0122207669768,3,Highway,Medium,Ascending,3,7.134292034377696,Medium,2008.4976590674764,18,22.831991027745485,8.24817816835382
77.56888502737068,49.11511067232343,313.24567908668786,Normal,Rural,Heavy,Descending,4,2.647338726397044,Low,1771.087383078149,18,9.090168369320722,8.139387114269885
55.00361753115674,87.84757310408972,376.5588237643682,3,3,Heavy,Ascending,4,35.02264347873843,Low,1622.1261560908615,30,31.89994066604708,8.714418731391737
63.44487838608632,62.79733645323235,381.89483743113385,3,3,Medium,Flat,Cloudy,2.2402910224370025,Medium,1256.1187840101927,56,46.191519324866846,10.995178334383334
4.125223002207026,30.43515636266772,312.4903944627167,3,3,Medium,Descending,4,10.486686057130418,Medium,1245.2315938138731,57,35.97031022660676,5.683062527088581
76.67556263679415,83.80524420276174,397.6861468796564,Normal,Highway,Medium,Ascending,4,14.279363157934498,High,1427.5108573347757,22,25.36289766438872,9.05431175190716
9.773665546939103,76.78616599359009,398.5512290388479,Sport,Rural,3,Flat,3,16.426299351567838,Medium,1783.682332638201,3,2.029059601930487,4.695821302023355
52.20175132082681,62.19488679433824,393.6719479327351,Normal,3,3,Flat,Cloudy,11.258946661921875,High,1742.7708471353535,58,46.52111393153878,9.372983037709336
35.118611720088936,61.1642473067024,349.6034809406264,Normal,Rural,Medium,Flat,4,36.06423247296088,Low,1447.9041421639922,18,15.47141246754622,6.605832420800727
65.45135402540556,26.998368460074246,324.60741422768285,Normal,3,3,Descending,Rainy,24.63813495293146,Low,2269.0414433136,19,15.0676307973735,8.764909330244386
16.00996026278485,72.46791588590993,358.2009280881913,Normal,Highway,Medium,Flat,3,11.177259215021618,Medium,2088.541175160365,44,23.532843079665696,5.854892228029576
82.99720823679819,92.89961246034396,341.9933838471436,3,Rural,Medium,Flat,Rainy,11.0973873791929,High,1646.1144760593452,21,21.51537956356817,8.26972061444263
95.40138443141645,27.45959353770867,320.5948644717197,Sport,Rural,Heavy,Descending,Cloudy,17.632862463313643,High,2236.057817614255,45,48.12123990233247,12.241695522391284
19.60253396917878,41.0809160519124,342.3676409617848,Normal,3,Medium,Flat,3,-3.485155812366501,High,2486.0196772039453,18,8.333871995684971,5.801552664351059
12.51757048222586,92.1846378753679,366.3889835677591,Sport,Rural,Heavy,Descending,Cloudy,36.69892774748318,Medium,1518.5551509117988,31,34.487195523306646,3.9675826839198662
17.4618579344831,42.74751278558347,307.0913310785991,3,Highway,Heavy,Descending,4,5.048921997131901,Medium,1671.3668775881704,4,5.427483617488503,5.963265035002863
105.2553074278202,72.3154937743941,333.3418001446016,3,Rural,Medium,Ascending,3,26.3916654559999,Low,2490.767727745875,22,13.917189166911111,10.119663687870766
63.38271141076274,62.78545319545153,301.7794890012825,Sport,Rural,3,Descending,Cloudy,29.99752361525785,Medium,1379.2473426970555,30,36.13464520229261,8.569847012436906
56.07131952090031,67.70620840030897,374.94955054616753,3,Rural,Medium,Flat,Cloudy,32.232235683428925,Medium,1300.3440923240232,62,40.22176734955892,9.545848654029
12.805418292282514,53.263112126180246,364.0691267616701,Sport,Rural,Medium,Ascending,Cloudy,2.4539039440379327,Medium,1877.2885084002924,48,23.4993331634962,6.77939269909655
77.94672081083542,43.99931764429689,306.26721347019657,Normal,3,3,Descending,Rainy,19.15118813900824,High,1808.9578336629224,32,39.48832091137408,10.58295637863216
104.15995102741078,23.88267605837352,396.4737559601968,3,3,Heavy,Flat,3,-1.2346537037058445,High,1301.7753710728755,56,46.76283984278267,14.66052776229604
99.38230431881436,79.54247514353312,302.26215571271007,3,Rural,3,Flat,Cloudy,31.21565553910999,Low,1577.046829927666,52,46.79579299476553,11.761504847981891
75.12656507769616,79.68747697553815,358.9960646476089,Sport,Rural,Medium,Flat,3,16.89031902812757,High,1744.6176622308158,37,17.189475326096936,7.677912250912513
9.033445998200836,73.65805920629785,377.6367461799056,3,Highway,Medium,Flat,4,2.132007651556499,Low,2268.872508032728,42,15.675778087705051,4.348435005465903
13.487643261121557,71.49070304956965,378.7896313044723,Normal,3,3,Flat,4,27.340552552362865,Low,2120.1950604000936,29,36.34958814438506,7.104098335252877
5.917078453178961,39.497370573402094,303.4285135593204,3,3,3,Descending,Cloudy,9.902643193839005,High,2388.88462999738,48,32.73931568814893,7.822128509518219
30.89750597909632,21.7875947013033,390.6415132640439,3,3,3,Descending,3,0.1527971692048408,Medium,1632.2499180584684,20,19.674028902715364,6.853019208286991
16.27937605924533,84.69723175083517,391.8451671927122,3,Rural,Heavy,Ascending,Cloudy,15.74832212471414,High,1602.1919492506504,30,11.510797876852545,5.577133207737031
31.20576483029207,59.29108285566615,356.1390373154373,Sport,3,3,Descending,Cloudy,5.586096941937164,Low,1802.136211011123,38,30.959751193464683,6.534741819334178
46.2069666862754,44.54705045620947,348.20831988871464,Normal,Highway,Medium,Ascending,Rainy,37.759982608184906,High,1209.7865779792603,42,21.56892572084593,8.495195335475655
113.15793408853628,28.154552542445607,304.48674630626,Normal,Highway,3,Ascending,3,11.26127460130498,High,1469.5161145065215,12,6.692460736530969,10.966500230573253
73.24512717380304,25.017727272111077,356.19541425098686,3,Highway,Medium,Descending,Rainy,20.7603807315925,Medium,1474.9124432809392,38,31.99851271017081,9.070728406229396
100.19685428195548,47.90933774361419,340.9379081770231,3,Highway,Heavy,Descending,Cloudy,37.67624493056778,High,1279.4170430422917,56,34.91395314842636,10.118156120988198
85.24218008547987,84.37896518135524,377.2806407408656,Sport,Highway,Heavy,Descending,Rainy,12.717453395558229,High,1791.6698966407855,36,18.27517730271617,8.132833711410528
13.50037566319581,93.49789994670644,340.3883566886088,Normal,3,3,Flat,Rainy,11.115709319917991,Medium,2377.1762668987685,60,41.61452491479163,6.036119625227977
88.31044876487385,91.74010916904518,368.358083332471,3,Rural,Medium,Ascending,Rainy,2.30825381769742,Medium,1205.2395414948328,24,3.776286854738912,7.26831269032713
33.01186578709493,93.6000667799724,310.1408146237531,Normal,Rural,Heavy,Descending,4,37.22366040545944,High,2016.939066725934,40,24.845898021474746,6.213213219890386
76.69294163936476,92.6180274503474,313.2952270765967,3,Rural,3,Descending,4,31.033515025580733,Medium,2343.1325332008705,64,47.82109018359359,10.25910192664032
40.91543683715862,62.17798012803166,313.9710190649158,3,Rural,Heavy,Flat,Rainy,4.945494505985144,High,1339.7774334058834,23,9.604110521927923,8.676016128016187
119.7206715917591,37.55325108455231,304.55254997997434,Sport,3,3,Descending,3,9.970349248674935,Low,2392.4357680662506,35,8.698979672168452,9.653991829630847
31.626177539613337,83.84372662694562,354.1328859269804,Normal,3,Medium,Flat,4,36.17103001368781,Medium,2264.078136504193,16,18.996964620612143,6.2254956918792175
33.49565649291236,37.09703798820632,379.3967726043636,Normal,3,3,Flat,Rainy,19.177581811352127,High,1478.942748388031,11,13.47739372468483,6.173170190255124
111.6806706674878,41.37658214052553,361.0411203693666,3,Highway,Medium,Descending,Cloudy,20.0350428972646,Medium,2376.9466482724065,31,11.154516344219386,10.3012441941024
2.9573285563587204,38.66034574580388,357.49548855528565,3,Rural,Heavy,Flat,4,24.166501687812072,Low,2245.2205221234944,62,47.497168770457954,7.325324116031371
83.60267854478363,61.19859229566447,368.0623928402737,Sport,3,Medium,Flat,Cloudy,29.297371805850915,Medium,1344.8058208161067,15,17.307903885125896,9.374779804266856
87.03916688830537,45.7462006535264,333.96453230720147,3,3,Medium,Flat,Rainy,37.267849554894845,High,2279.7792815619127,3,3.085919927597844,9.27731686666804
100.36542928924791,32.33248397002732,336.1954071648229,Normal,3,Heavy,Descending,Rainy,31.100128306151127,Medium,1904.837820309191,50,44.99910758531553,12.440129910320357
116.93271727661704,56.25387295151059,331.42700982209226,Sport,Rural,Medium,Flat,Rainy,37.054713930880965,Medium,2260.7478810516204,45,22.467477777677534,12.1498664311037
117.07223029879827,89.91257910281335,371.2108932853576,Normal,Rural,Medium,Flat,Cloudy,31.92743911685061,High,2002.9644959263217,51,36.823493936414735,11.358908117229598
7.833210907975667,65.64422839599777,316.1640335670774,Sport,Highway,3,Descending,4,-2.9104672723400133,Medium,1709.4141110258947,29,18.43062763793873,6.208718218955243
98.6207187303483,90.26684847100697,301.3025280312924,Normal,Highway,Medium,Descending,Rainy,0.2890579241623889,Medium,1981.482610392245,56,46.7649349462574,11.155395022220985
77.55719203888576,35.66977480633099,359.61964467224925,3,Highway,3,Descending,3,34.82018165408503,Medium,2027.0349628626136,37,14.461232746411527,8.03600365589492
77.68105612477095,33.35790989380432,394.2381364734205,Normal,Rural,Medium,Descending,Rainy,-3.7536597929634334,Low,2196.067991862989,38,33.17205549673753,9.701389872493335
15.401991193763376,66.04617005587362,360.9407916996305,Normal,Highway,Heavy,Flat,4,30.73785919689688,Medium,2279.886286099086,61,41.23481174355249,6.706158005311627
78.0224599734784,57.06631212370184,378.2921652940895,Sport,Highway,Medium,Descending,4,33.24296793565805,Medium,2062.173869541461,26,11.972845946960646,7.677816514263841
117.89790967214974,72.81381133175655,367.27907094660304,Normal,3,Medium,Flat,3,13.695905293710355,Medium,2486.542671788422,54,40.09539098272684,11.889422062132663
109.41822834473363,83.57014328214252,349.7436653523016,3,Rural,Medium,Descending,Rainy,10.96846387704489,Low,2212.116220501397,41,39.634572950709,10.286347411718712
52.695679296582064,80.10458365217411,371.8392401783846,Sport,Highway,3,Flat,4,3.748189860312232,Low,2383.994498490378,39,48.21475773208403,9.568568893583931
4.793756794331321,95.3808938926849,382.4104123855222,Sport,Highway,Heavy,Ascending,4,-2.798650775193666,High,1615.342633374045,62,46.148314577299566,6.9343627691822
43.47521880002458,51.86051273256092,322.4731644171698,Normal,Rural,Heavy,Flat,4,28.542233033994712,Medium,1611.0956617463669,35,19.49157538063413,7.531473045989967
99.16683739206664,36.51093937985446,333.61304804831457,Sport,Highway,Medium,Descending,Cloudy,-1.6822811998676015,Low,1671.0355990812784,47,29.5681333426794,10.219381541464914
84.17989217581993,64.07301119583086,322.3725732503284,3,Rural,Medium,Descending,4,37.51013326040144,Low,1771.6311761416348,38,46.27218664680118,10.213175690942697
55.12123867127477,28.85944961529485,345.2172955590441,Normal,Rural,3,Descending,4,8.353455824877786,Low,2449.8201755351706,11,0.3183460758612071,7.36045811394006
6.612184219059731,43.10808986653051,388.50645509166674,3,Rural,Heavy,Flat,Cloudy,30.740994291740428,Medium,1295.5905851450132,33,31.4047720896449,7.584967149392159
51.22736733879631,36.63104442105156,334.52071008353323,Normal,Highway,Medium,Descending,Rainy,-2.3142807033435187,Medium,1847.9766536016955,25,10.846639155758764,6.562011668926338
56.28299276614602,51.72509734376647,337.44668891305537,Normal,Highway,Medium,Descending,3,19.13254080933424,Low,1409.508678114872,53,36.964423912126165,8.648804452928037
111.42666394729632,28.89732600017723,386.0367234671932,Sport,Highway,Heavy,Ascending,Cloudy,10.709479169074704,Medium,2254.161375044966,49,39.84383758637989,12.421694057021218
76.93033242985913,22.547339563847828,351.5374330744675,Sport,Rural,Medium,Descending,Cloudy,-3.649950266983844,Low,1240.487548414252,31,35.67666592832056,9.985801849843927
37.39834999855787,72.54352037040255,353.5448999647434,Sport,Highway,Medium,Ascending,Cloudy,24.510970948412723,Low,1791.68753431522,55,49.80429229947845,7.688487931594587
63.03819173408657,68.81991826318439,386.0801203332213,Normal,3,Heavy,Ascending,4,37.442322440882265,High,1713.163329804127,27,24.01495553704305,8.263702802616796
7.926636938659208,76.66871488309289,349.05267370254734,Sport,Rural,3,Ascending,Rainy,-4.516125475862042,Medium,1319.8352870010294,24,28.11113931845904,6.487583728760528
116.70818827796842,72.83091522170751,368.1557534629395,3,Highway,Medium,Ascending,Rainy,7.169661678110819,High,1689.734635340153,23,20.50872188999,13.1234718988603
43.20718823168712,29.14357449139068,308.56446658740606,Sport,Rural,Medium,Descending,Rainy,26.662258421390423,Low,2251.7396474333405,54,48.701759392451606,8.891222194126618
57.344082589576296,43.286310510051706,317.8631713126885,3,Highway,Heavy,Descending,3,34.20641758187334,Low,1378.717049386595,40,46.14554191564275,11.175931921176993
42.63407690843072,30.362128792028187,340.43762007162456,Sport,Rural,Heavy,Descending,Rainy,3.585062807503516,Medium,2478.5574831926438,40,49.33317532949984,9.200064978541397
81.90140761394402,87.43779216388505,349.48390678198746,Normal,3,3,Descending,3,-1.817744695755402,Medium,1275.9906486692798,42,49.246071015021954,10.93153920404833
79.46785899955117,79.75229242844186,396.57337012362296,Sport,Rural,3,Descending,4,-4.611136984831813,Medium,1575.833605104539,36,44.78329355642116,10.674487373726272
85.83867726349628,36.1221602334594,397.065163304779,3,Rural,Medium,Ascending,Rainy,4.68428897452829,Medium,2207.36884845705,59,46.55078865278461,11.17958422040696
32.1771875534305,47.30473923919148,385.1197087478762,3,Rural,3,Descending,3,-1.7907218575588613,Low,1664.77766769784,21,6.082070524254821,5.453320784383076
37.88021773968792,97.32919938113712,331.55988352855746,Sport,Highway,3,Descending,4,11.17219400961691,Medium,1824.459536225964,23,8.759048954654013,4.415297718860883
15.030147731544954,67.53274863037211,396.402829083244,3,Rural,3,Ascending,4,14.805659872923108,High,1442.6560648593277,50,44.27086025817045,8.062916792261706
78.6611966215335,84.09244778409258,368.9340864676212,Normal,Highway,Medium,Descending,3,16.59657126469928,Medium,2130.14464680316,46,36.36734305844148,9.75153020841602
4.775655280278306,41.16728278149833,339.29401278174004,Sport,Rural,3,Flat,4,1.4048189610073418,Low,1433.4040967836263,53,43.76193671745304,7.849376490404906
71.72188026281509,36.80423361434442,370.1674916984766,3,Highway,3,Descending,4,15.879462197196528,Medium,2303.350426209898,53,38.52467243212051,9.754422128845745
104.36350618219606,82.71335430772388,301.65227297865266,Sport,Highway,3,Ascending,Rainy,-4.592676120986163,High,1901.349408884856,33,7.065219292860966,9.42696806096781
106.89985779475604,74.86979641851521,314.61546822742133,Sport,Highway,Heavy,Flat,3,5.773948965492055,Low,1912.6038776682956,55,45.83662857171803,12.15095025003129
53.88453124439541,74.4782343369411,382.9685711556368,Sport,Highway,3,Flat,4,11.608872218919394,Medium,2413.5650699146777,34,38.584303394214416,10.97043987599325
55.116442585568855,64.21076654633552,364.5573636873171,Sport,Rural,3,Descending,Cloudy,0.3258209174604971,High,2204.899455630936,45,28.58322925924248,8.103624054790423
9.236301960962084,65.08626742212391,336.4194701291884,Sport,Rural,Heavy,Ascending,Cloudy,31.630206879279285,Medium,2166.081332408301,35,26.6648422654799,6.828415698152679
80.49180305316429,78.8558004245003,350.0666640222719,Normal,Highway,Heavy,Descending,4,4.054557653866937,Low,2315.452216074208,24,28.732553920866856,7.530054573588902
98.55113044474146,41.60019848969562,390.5142149645767,Sport,Highway,Medium,Ascending,Rainy,28.970037024082053,Medium,1319.3624689466392,29,19.5818054639106,9.974397636593547
29.358606552565565,48.22147726855646,363.1578109479087,Normal,Highway,Medium,Ascending,Cloudy,16.325186775512236,Low,2143.8576718312843,42,40.18064504072847,7.726609516974934
50.55610579600376,89.7309416416044,339.81492839343304,Sport,3,Heavy,Flat,Rainy,16.588439191532398,Low,1503.17028703322,51,45.45997328939659,8.59709398759546
100.66072041183244,44.709216080972624,312.0326657397535,3,3,Medium,Flat,4,24.033745124753203,Low,1565.230242947404,28,12.72045955772176,9.87853105270165
105.25445611947455,63.70476571034392,329.3746801625561,Sport,Rural,3,Descending,3,-3.007502976515056,Low,1219.6899784008751,28,1.998555610601386,8.102578487754956
29.181597631707117,76.21115712053472,397.8340232796584,Sport,3,Medium,Flat,4,-1.455829699993572,High,2361.8373822192534,11,10.226077460801532,4.451029187382996
66.06847614496371,99.99398614665412,343.73630628517776,3,3,3,Ascending,4,9.707957039763134,High,2160.8468117404223,48,37.89119823788037,9.26375335724419
23.099178076299246,54.82330651962656,347.1839463844861,Normal,Highway,3,Descending,Cloudy,13.7570125225775,Medium,1381.0732704761672,53,43.43321254978356,8.03298261243821
12.225451696746784,54.2474301299955,349.85980323970153,Normal,Highway,3,Ascending,3,14.347335873766887,High,1626.3001643105126,23,17.49341908201015,6.429236720969565
109.3344601670349,87.4070703546934,388.4104022948211,Normal,3,Heavy,Ascending,Rainy,25.459920887146065,Medium,1823.912727182768,25,7.704112080024654,8.444377483581086
98.4609005078531,84.44024890078906,360.392828438531,Normal,3,Medium,Flat,Rainy,-4.968274467373149,Medium,1842.0840169154967,47,42.94084926567244,12.121127728751278
91.20418821638089,78.48607053876388,369.3677036451922,3,3,Medium,Flat,3,38.15972914358599,Low,1974.3501229667272,30,10.810678591691325,8.589713809272702
5.85195825757685,57.05837099272231,338.9413542549104,Normal,Highway,Heavy,Descending,Rainy,2.8519334939625187,High,1813.8388226470995,37,12.169521885749058,4.990543773632465
101.2474551252309,45.915129612857264,302.90876185889744,Normal,Rural,Heavy,Descending,Cloudy,6.188425433735654,Medium,2043.2389103693697,25,4.721368142432422,8.677470709903137
52.56528910864605,68.69843860678789,393.0972914242845,Normal,3,Medium,Descending,4,35.75322330363235,Low,2349.032034773265,42,45.52517859805599,8.931095539745726
41.08741479550316,90.09786345053128,394.9127680916407,Normal,Rural,Heavy,Flat,Rainy,-4.752886960870149,Low,1717.4943217868451,31,16.40349470453302,5.456783879480114
65.57716332304517,90.70219665668692,394.9153053348051,Normal,Rural,Heavy,Ascending,Cloudy,39.60877367015293,Low,2339.724195208116,18,8.67488350023136,8.016297088726947
10.9623891268267,28.679867605635074,394.36870866467166,Sport,3,3,Flat,Rainy,-3.381919896780349,High,1485.4932808025717,53,47.68688157643115,7.802215116655574
90.79758592228788,54.26802270505205,381.5241941069561,Sport,Rural,3,Flat,Cloudy,0.4245483772101828,Low,1357.795722580952,25,16.842468976709974,9.129999714592373
69.89220922659551,57.17775649589996,368.4596050116327,Normal,Highway,3,Descending,Rainy,5.804802064699967,Medium,1511.221685595028,31,37.39954383492803,10.014131090908332
22.390811624780103,98.20922940190026,384.45099182672857,3,3,Heavy,Ascending,Rainy,14.74247380508083,Low,1468.570451536812,19,11.596739878084897,4.810134674616197
22.587863972285472,74.23984121940677,360.0546239001036,3,3,Heavy,Flat,3,18.330319017201653,Medium,2480.6028084844456,54,36.36860620029549,8.283624878135708
22.109838188720907,52.57971338096564,313.43696138920234,Sport,3,3,Flat,3,-0.2876687974100873,Medium,1695.3698443783744,31,11.684894771513274,6.391674033444795
6.840286506232078,22.08463087884744,339.1218165041421,3,3,3,Ascending,Cloudy,-1.684674562053699,Medium,2046.9152496150896,51,31.9232251595316,8.144072017501356
70.53581392460218,65.23081280793568,397.12949119729376,Sport,Highway,Medium,Ascending,3,-3.5663433617404383,Low,2104.8684488849235,39,22.09906521576865,9.65355650386
100.84178131062096,27.68607805106849,335.1137813595656,Normal,Highway,3,Flat,4,6.5537815303391405,Low,1778.771209550661,62,39.95601769314954,12.554188425350723
2.099785678486632,86.75599658782104,386.78279137313694,Normal,Rural,3,Ascending,3,36.46898381178591,Low,1490.643255224721,31,36.5405643682255,5.243628864898174
5.880557396552826,80.20149284562896,309.32114707748696,3,3,Medium,Flat,Cloudy,12.54291334995564,Medium,1769.5274175353293,57,46.78073264616904,7.093527852989482
68.7324332024335,56.8407327926543,333.41838423754695,3,3,Medium,Ascending,3,29.380332644254715,Low,1815.8891521983703,38,18.89345318895513,7.538561001902331
98.33948224632628,54.33686236333598,335.09533247273794,3,Rural,Medium,Flat,Cloudy,3.558468754252784,Medium,2440.209996896714,51,37.741322820750455,11.805613983788154
39.20866686823603,91.78711724550148,305.16025431089804,Normal,Highway,Medium,Descending,4,-2.089434842302809,Low,1939.2108165469415,65,48.44529223510372,8.270164367087029
41.95372785692666,43.07666803345028,311.9094330186755,Normal,3,Heavy,Ascending,Cloudy,19.942590481764825,High,2460.834386943367,32,16.88182047596437,8.769502981716021
71.5615796996131,39.921596968541664,319.3165211121771,3,Rural,Medium,Descending,Cloudy,31.994158016672586,Medium,1949.7264437319996,40,14.571211766328384,8.060545046601133
32.90554669489764,95.13579462606096,383.7815590810113,3,Highway,Medium,Descending,4,35.43069624985952,Low,1388.497420289867,61,38.47563425656752,7.40311369323842
3.193003929322096,84.73966694027861,306.34019899398066,3,Rural,Heavy,Descending,4,19.57920715907954,Low,1699.6896296925063,24,22.331517973863185,4.521859426948813
88.22742217219152,85.65004744537558,329.8700901344387,3,Rural,Medium,Flat,Cloudy,8.231452781396394,Low,2230.0073237186616,33,19.99272304488527,8.64313442073532
75.07798955297437,35.61550514207404,301.0175002589268,Sport,Highway,Medium,Descending,Rainy,-0.0719714643232629,High,1748.108948237575,46,27.32606445129493,11.151058643408875
69.69071988667909,31.463679314474756,369.5627745403025,3,3,Medium,Flat,Rainy,25.05202844073834,Low,1329.653998294103,38,46.78298387677509,10.388926145587371
89.00209547901878,22.08236398537079,362.030309004338,3,Highway,Heavy,Ascending,Cloudy,7.619656770313835,High,1324.899008764501,33,4.284124042318608,9.32617878758674
81.02770050744451,38.9633207134944,364.49822620531415,Sport,3,3,Descending,3,32.97830910016889,Medium,1508.184182875524,36,23.337724607579524,10.787871006605975
24.705838581398535,81.93523933714599,337.4382784714619,Sport,Highway,Medium,Ascending,Cloudy,22.23045033039796,High,1934.2033187520476,5,5.596037149108393,5.134118687345999
42.29772563320213,39.20307350113198,320.8267821267569,Sport,3,Medium,Descending,Cloudy,33.649535350962665,High,2279.201470229581,60,44.19094437942416,9.61979406797748
15.133217001435,78.3282626875901,372.0320213286033,Sport,3,Medium,Descending,3,20.49938545023181,High,1893.8265734880144,6,6.921391939927297,5.842727772481323
15.582841610145724,40.15266122939372,381.1117872740695,3,Rural,Medium,Flat,4,29.72840632169995,Low,2169.904502674634,4,4.576199013239676,6.101524949591891
81.14348956278471,51.623399836053736,313.8601498098202,Normal,Rural,Heavy,Ascending,Cloudy,8.243731790999439,High,2039.2710346221747,47,48.19134439011528,10.556934644490038
103.0320128378998,98.65298319291269,348.68294279374214,Normal,3,3,Descending,Rainy,17.63764556721617,Low,1881.328940686008,30,28.21080779296796,10.23975520325006
115.52791006333668,39.58493850273085,324.87156819788623,Normal,Highway,Medium,Flat,4,-4.126713219369053,Low,1479.2503054795936,52,41.3120572561757,12.35901333356455
75.40165410593333,50.10965018386141,316.8106861206133,Normal,3,Medium,Descending,4,22.35242844956,Medium,2348.119101595235,35,23.56581346407882,8.842105384567727
22.09215880331484,44.08697443721709,373.4325313494999,Normal,Highway,Heavy,Ascending,Cloudy,19.018270640220397,Medium,1558.4300162910386,29,21.83852834269667,5.945520797647415
12.678041453871684,28.769998906400183,353.8096935472837,Normal,3,3,Descending,Rainy,28.987704509359148,Medium,1528.6659089420634,40,45.58932700749779,8.358386278665611
97.54211658441092,59.191531370466,321.6185332378668,Sport,Highway,3,Flat,3,27.803018446872954,High,1535.1369118555049,52,49.49464123048925,12.790206250636183
69.45077716319992,50.295253066640186,331.0000011211545,Sport,Rural,3,Ascending,3,23.242765082570852,High,1324.391082865328,28,30.964740859909192,9.713712675983874
74.19420252164639,75.59096686458241,396.66536713277424,Normal,Highway,Medium,Flat,3,-2.4491563870609707,Medium,1848.2502531760183,56,45.917598201028206,10.701142894146122
93.7754506505651,85.4075637561237,384.8679564708557,3,Rural,Medium,Ascending,Rainy,35.635436826748474,Medium,1625.7893740223662,51,43.14965860659283,11.539482653369864
84.3932673278942,63.53997715965108,387.9946742873128,3,Highway,Medium,Ascending,4,-4.189136409171641,Low,1878.524575380029,45,27.246093434269344,9.110007322200838
100.1349903427316,22.57571376698695,346.0012097080708,Normal,Rural,Heavy,Flat,4,31.14704471901525,Medium,1789.0499954810507,60,47.0610743562683,12.773930572685035
6.745668655185417,69.51378849877773,362.3807263920875,3,Highway,Heavy,Flat,Cloudy,16.570585807036142,Medium,1875.729347561689,11,10.58180249442186,4.690585499629415
89.70247640958058,24.431258401675137,337.67677402044114,Sport,3,Heavy,Descending,4,31.80971033003334,High,1586.9493574540486,62,44.253768798301415,12.610204544410063
102.10233087865146,69.308505887922,307.7711975688891,Sport,Highway,Medium,Ascending,4,15.928144317071135,High,2259.679546933924,18,15.53688490717204,10.317068290750978
34.33620509499772,74.80239594153508,340.1069310656783,3,Rural,Medium,Descending,3,24.11220122823163,Low,1894.450901191262,27,1.622726117090249,4.985026948397172
76.85367287919034,35.82141020940148,359.3980753207145,Normal,Rural,Medium,Ascending,3,11.346947760189831,High,1470.9650696466288,46,39.37566902624639,11.91077322044093
37.699447660436654,85.54769189774169,328.71442707681314,Sport,Highway,3,Descending,3,28.4655431261348,Medium,2372.3448103261026,48,46.50787411090266,8.137230672106304
114.95652797789448,92.88681052592388,384.7950574727416,3,3,Heavy,Descending,4,6.437927880152399,Low,1342.2916310837527,33,10.91744608650624,10.144356067790056
4.010828692260451,85.04695712910558,315.11001591745986,3,Highway,Heavy,Descending,Cloudy,27.371016034381853,Medium,2153.464825172123,31,26.75087081064145,6.157326675930933
69.5751412599546,44.408735216966576,336.712908943692,Sport,Highway,3,Flat,4,3.702219298474674,Medium,2081.9829262020057,35,37.49240014319477,9.114700036215186
19.98042564594181,66.93144099565075,312.4903905324203,Sport,Rural,3,Descending,Cloudy,27.497545765272648,Medium,1294.716599341317,33,16.64801704188007,4.996555545539391
85.46642462125904,93.1852119352982,340.48321339852254,Normal,3,3,Descending,4,8.215208735897535,Low,2371.9598999490845,24,7.431225830060018,6.980276998348917
21.10683401023945,45.65317809782799,303.96613049742706,3,3,Medium,Descending,Rainy,7.538429742193125,Medium,1611.2061483163056,46,19.673080226193893,7.516497985691155
28.245991427802903,85.602225781234,327.25493950616453,Normal,3,3,Descending,4,31.517227186537298,Low,2163.1635202989823,41,22.882846394507805,5.216734501842271
59.32449732549097,20.75801050093572,340.0735255113684,Sport,3,Medium,Flat,Rainy,31.616168651052988,High,1560.1020616060953,51,37.13682436214669,9.648521260282632
109.78019399962535,20.2917362227741,347.8165363276692,3,Highway,Medium,Flat,Cloudy,26.11310662864104,High,1883.3992660918104,32,10.014324749552095,11.305465019486448
25.4057246577565,80.77693282711739,354.3696358475142,Sport,3,Heavy,Descending,4,36.57588838408465,Medium,2464.0336979557105,56,40.77409847981787,6.622912666249847
17.308802534172422,80.91580657016969,327.4991129789919,Sport,3,3,Flat,4,2.0287162005280277,Low,1994.0093328286343,20,25.158737575685965,6.268563459102907
91.07721982248368,83.1181750281835,352.30413346148725,Sport,3,Medium,Ascending,Cloudy,7.119459409589682,Medium,1585.2195898986315,41,45.20413675888096,11.061321194180088
60.07434388007172,94.402147031053,350.900462156206,Normal,Rural,Medium,Flat,3,8.230633897904578,Medium,1795.890290330066,24,28.33271801746205,7.583609439141809
109.41421348581255,29.43250494562274,331.61780508762087,Sport,Rural,3,Ascending,3,8.737885183045544,High,2078.8534964059363,47,22.398043625859856,11.252817747214062
17.593746859181074,38.558798798695065,383.0200330656478,Normal,Rural,Medium,Descending,Rainy,9.761439274793664,Low,1778.7455641708748,13,14.411002943794143,5.518635763378841
77.51134716276472,92.2979936299046,354.5641126593565,Sport,3,Medium,Ascending,4,26.365412970370148,High,2383.9731310749817,5,5.401495916992601,7.872600310147829
27.945497538217804,34.178895821788274,333.2269718746545,Sport,Highway,Medium,Flat,3,7.184116449640253,Medium,2327.698957315437,21,18.64799493866491,7.743172470422713
18.81125143819672,74.57834140612673,394.7338512080777,3,Highway,3,Flat,Cloudy,7.866496968271665,Low,1390.8532300486806,39,20.739800402011404,5.712543637682924
82.01152981887246,62.43704000326523,384.5112413071161,Sport,Rural,Medium,Flat,Cloudy,20.668656258217812,Low,2220.4231622824127,29,28.457518214904507,10.500831483534744
71.24215438904798,26.65549414812058,398.2587811551801,3,Rural,Heavy,Descending,4,3.7011484778926977,High,2425.139385546402,38,43.00657297896086,10.927574652820804
90.57929500347974,42.82109295532263,369.2233874645421,3,3,3,Descending,Rainy,11.419937794620516,Medium,1611.9806916874866,28,23.24436828097217,9.16842705252864
37.13550917354189,61.62977731527743,337.8222905506047,Normal,Rural,Heavy,Flat,Cloudy,-2.392682512275237,High,1509.6856281408393,16,15.782797783186249,6.82778098942044
53.75659876586279,88.18800933470672,328.0860666679012,3,Rural,Heavy,Descending,4,37.86461986283532,High,1212.4653701989432,60,43.67560474395033,9.815293652687552
48.656601159650215,76.6030791691739,366.3317843674481,3,Rural,Heavy,Flat,Rainy,9.278845469420633,Medium,1350.3546662081192,51,36.72251010009104,8.70512357075959
118.0907356759817,69.75065291639464,398.0816582495304,Sport,Rural,Medium,Ascending,3,33.251896011148865,Medium,2449.186992245732,42,15.420780062951152,10.87788652379292
35.069874808726546,59.68263119531319,362.67150801038485,Sport,Highway,Medium,Flat,4,18.847551733149924,Low,1708.4581160587986,26,8.430590361047757,5.551448297980272
35.37806860161203,43.89471870513074,388.16149409898384,Normal,3,Heavy,Descending,Rainy,5.269547077946598,High,1703.544001296244,28,14.62226752246009,6.667830174113093
42.54578505943289,29.539592905540893,332.91034310477687,3,Highway,Heavy,Descending,Cloudy,3.704240830130445,Medium,1546.6825933932032,7,6.2695170508101885,6.339806771061994
67.75128975483858,52.72608276528764,340.69537824742554,3,Rural,3,Descending,3,26.27323351973564,Medium,1413.2765838893176,49,45.1804752435903,10.297589074553304
30.27872931164943,22.28147951290341,390.62752395893534,Normal,3,Heavy,Descending,Cloudy,38.419096343513885,High,1861.4272482327424,43,30.625170870302263,7.200688932944225
109.83479284551288,36.88447114134805,375.68667019578186,Sport,3,Medium,Descending,Cloudy,3.238137423812772,Low,2140.1439535595173,56,43.18927604104436,11.692084926859268
31.88226778395162,54.59867006981278,398.1410320367906,3,Highway,Heavy,Descending,3,0.1939547513535391,Medium,1916.0339336815227,38,41.03600751337958,8.280969429895004
107.49788778722336,53.488414853753206,377.4764209732242,Normal,Highway,Heavy,Descending,4,12.419470543446868,Medium,1246.085308037443,10,7.746455506967012,9.445444972161608
12.417007637590158,23.54363447975939,344.8515707218232,Sport,Rural,3,Descending,4,12.721474612537412,Low,2244.510533252768,48,22.20576313277737,5.898477521024192
78.78752428795828,67.1248122820233,353.10680198223633,Normal,Highway,Heavy,Ascending,4,31.28138381613787,Low,2411.07239720258,53,48.60596335288449,10.067392296929311
108.83826221258924,63.9747404682589,390.0515492463137,Normal,Rural,3,Ascending,Cloudy,16.100018251733,Medium,1772.489763049647,27,11.766335683803089,9.424377418140626
20.249932607787542,26.248344321673027,355.1646736098048,3,Rural,3,Descending,Cloudy,-2.189246524146112,Medium,1676.403918639559,22,2.6069211002924835,5.617678093679073
116.1992352119106,95.45304419683517,325.5397374164445,Sport,Rural,Heavy,Descending,4,36.43004612684648,Low,1498.8102137227982,34,17.365906369178354,9.78586631851356
54.34600324986141,27.95062231606881,343.56198127699497,3,3,Heavy,Flat,4,11.793455209776043,High,1592.4313897884638,45,25.59619575654259,10.250963133588607
113.48581301292292,88.38673209898688,351.6315988849118,3,3,Medium,Descending,3,25.08392787223913,Low,2037.7817598668007,15,2.888284617573797,8.917890036389984
81.21840523560564,20.02477855320048,309.67198335511296,Sport,Highway,Medium,Flat,Cloudy,25.03697221998243,Medium,2201.1899662217365,35,21.391021321525677,9.181786414023438
36.19042438482619,90.58248760363064,374.376267425289,Sport,Highway,3,Flat,Rainy,-2.4646064642320216,Low,1631.8804572515414,30,12.745292049961868,5.460326774876529
22.59630299005277,21.577578576345005,310.9353933354973,Sport,3,3,Descending,4,-4.837790337921939,Low,1641.5744103913391,9,10.68468600195664,5.944177585753863
36.44820554701192,80.62496255136928,340.49177133688056,3,Highway,Medium,Ascending,4,-1.0383337245120332,Medium,1786.4317156131065,41,13.26896593523264,6.468741317119697
11.162089111521,48.93526490402024,380.4622441540404,Sport,Rural,3,Ascending,Cloudy,38.04390098343072,Medium,1421.2636094756028,23,5.359397468528778,5.140141296132603
17.26415596119957,79.05734401090558,346.75703616132967,Sport,Rural,Medium,Ascending,4,30.729682706962564,High,2405.370644630192,3,3.924727971444309,5.65298274713544
12.559252841577738,52.13961643399828,384.2015519718508,Sport,3,3,Descending,4,0.940552452643452,Medium,2117.0928889894867,24,29.83268950461233,5.750093426943063
50.75322524898693,25.672633786547337,334.1881322056115,Normal,Highway,Medium,Ascending,Cloudy,22.66914392044688,Low,1763.658456756786,45,47.39675295503456,9.946428162526413
95.46940515091038,81.40053563162913,395.7636293998435,Sport,Highway,Medium,Flat,4,22.538818772918138,Medium,1358.9542654556274,62,40.25652941708962,10.504422962332644
16.966026505960823,25.7002148257092,320.9468431805236,3,3,3,Flat,3,-4.974840774368391,Medium,2303.473212692068,40,41.71154277495306,9.60767229734152
15.638451980680305,93.76963487689744,303.8264144989301,Normal,Rural,3,Ascending,Rainy,14.307892082103884,Low,1828.828648469845,46,36.78057190745295,6.7587159382886846
77.21147394207969,24.07792286333291,387.2426542990419,3,Rural,3,Ascending,Cloudy,27.02989617708001,High,2235.94774926805,50,47.80354196539155,13.045587050066638
23.661957836167957,58.34602222172124,375.2202715950408,Normal,Highway,Heavy,Ascending,3,3.405678120281729,Medium,1243.4123134261035,65,47.532468938056425,7.750695837654088
11.713204573078992,77.84275446806365,323.1983837067373,Sport,3,Heavy,Flat,Cloudy,33.29067243976164,Low,1555.7503251665412,60,38.93732527090675,6.345087507349798
20.02182938466932,51.45971718336302,398.4741607136674,Normal,3,3,Flat,Cloudy,24.71372023446991,High,2008.723989698825,55,35.82571830313243,7.702947414589557
110.84776750521311,37.37867796739478,350.2280129268528,3,Rural,3,Flat,Cloudy,-4.68840663209514,High,1834.300317595969,24,15.333447875151222,12.28039141956157
98.5765503331429,80.72727691168217,395.10654401441633,Normal,Rural,3,Ascending,Rainy,33.471138105011136,High,1583.59357136962,29,4.649202988366444,9.398223201306037
42.48774748261129,82.74357638309812,350.50287713869994,Sport,Highway,3,Flat,3,-4.126998671527889,Medium,1461.469308718564,9,4.73411190303657,6.819877354959363
78.69849207928713,93.81559871634936,347.1874586771291,Sport,3,Medium,Flat,Rainy,34.956796187193504,Medium,1592.3573278956271,47,36.83942769293167,8.983004803335417
64.47308084016457,50.09320883448622,344.91385371444653,3,Highway,Heavy,Flat,Cloudy,10.017348590644024,High,2165.0412211398443,18,1.515855653008415,6.813940237554204
81.25491161790767,60.50013875978615,333.487527613295,Normal,Highway,3,Descending,4,26.43926148498903,High,1438.819555651697,53,40.83882152352725,10.670929964691863
81.92053829553112,49.05027542768576,353.3701497176552,3,3,Heavy,Ascending,Rainy,30.434393592028307,Medium,1971.9571699348696,24,18.38717481581434,9.38005484027891
75.44808180719915,40.566545748109455,345.2554661948568,3,3,Heavy,Descending,4,7.657096898077322,Medium,1750.7850834624585,23,9.684818896963431,9.279838934175016
31.93216422447703,80.08263692300869,303.67468766235544,3,Rural,Medium,Flat,Cloudy,11.039657503313933,Low,2191.9492750189643,19,20.438666383892105,5.148553497332189
4.680770491538175,47.17214760135644,326.0435233423502,Sport,3,3,Ascending,4,17.929378449504966,Low,1462.1040794045955,43,35.193284150237204,6.986869082795077
54.66801383881305,54.25195535938816,321.3122800105558,Normal,Highway,Heavy,Flat,Rainy,21.22111893090588,High,1551.1164491078407,13,13.828019634956888,7.956525443690066
106.91686616288446,52.293892609922224,386.7435602321067,Sport,Highway,Medium,Ascending,3,8.141885773472753,High,1718.293791481503,20,8.763556926825403,9.831126149964398
68.33967102222911,77.01289805173967,359.88699772268416,Sport,3,3,Ascending,4,39.65779159803696,High,1416.5482913178828,44,36.92042542737206,11.264394578325597
99.88692500422896,93.4236500888544,376.3683100449728,Sport,Highway,3,Descending,Rainy,28.16521029500224,Medium,1799.5532037881676,54,44.04599710669804,9.53183649691258
118.99492115534738,73.34048490459018,395.68260377492805,Normal,3,Heavy,Flat,3,7.336840441901298,Low,1740.8660505952053,43,29.31868553978058,11.124543847788356
19.633944496593152,57.7266076875386,364.403927252641,Sport,Rural,Medium,Ascending,Cloudy,23.819448607045626,Medium,2487.1112075649244,39,26.240393503990923,5.799745383127272
83.01331669703788,82.33640917911067,398.2609991404744,Sport,Rural,Medium,Flat,3,14.591704051417668,High,1972.0228220615131,37,37.768284988815694,10.192161720601302
80.91522884400295,71.277705929771,331.17640516521294,Sport,3,Medium,Flat,Cloudy,33.71480011952791,Medium,1290.3006326392913,45,36.65906187765587,10.345944954322569
117.5946536829934,24.84882856942508,318.6267182312894,Normal,Highway,Medium,Flat,Rainy,9.802753184956902,High,1797.9241417721437,19,0.4132922870681464,10.227124944474612
118.27208807433604,27.65308691350733,340.3309887992912,Normal,3,3,Descending,Rainy,3.453429466895967,High,2342.051989966102,23,14.164040482951918,11.002156259450173
82.40143340689553,23.033355525890663,347.0799414935808,3,3,Heavy,Flat,3,-2.9238683546733397,Medium,2326.797863605965,53,46.60744826470252,12.313717980887276
29.23377503786331,56.545306096505584,389.5361542852585,Sport,Rural,Heavy,Descending,Rainy,39.293915434050135,High,2450.34678583219,64,48.01408813514206,9.297456888817846
95.82670057567188,86.06827474711719,355.9940439036676,Sport,3,Medium,Descending,Rainy,11.164975312620989,High,2362.5001269092136,40,25.56332913420729,9.23201574842712
12.843496105324572,45.04665354810817,329.2180999418017,Normal,Rural,Medium,Flat,Cloudy,4.9233310781013895,High,1429.189611968662,26,28.048491757697096,6.768852160252948
93.68391650059544,50.73281464739853,374.26342828675206,Normal,Rural,Medium,Flat,Rainy,17.12958130423721,Low,1204.6413568409914,4,0.132760420818569,8.295124514858912
109.22353489736356,92.75816866943126,350.5831937139071,Sport,3,Heavy,Descending,4,8.123769492019699,High,2001.1284960069536,46,33.6497667913248,10.54896149429562
45.94000737221223,86.95227562533239,316.21319452751703,3,3,3,Ascending,Cloudy,5.480501544554519,Low,2113.1776768919344,16,10.700548791105144,6.899287065577865
75.67623539796966,73.2038489906048,357.68197875912523,3,3,3,Flat,4,22.737302508965197,Medium,1370.575795001399,23,6.482803157523234,8.602307368752813
51.61712785161916,41.344302567380105,391.1394536807284,Sport,3,Medium,Ascending,3,-1.631821666387156,High,1416.8858889576431,42,15.303738083882903,9.902138093125425
52.531806598575415,29.36331861507548,384.262261747582,3,Rural,3,Flat,4,17.904682733491452,Low,2451.9995324053107,50,33.27812023372167,9.279817824615382
37.2445066929744,21.284705814409097,358.6809972635332,3,3,3,Descending,Rainy,12.4344085605109,Medium,2426.983231168836,32,21.873035221866985,7.4199676536918835
91.45555445403896,28.56085380835367,337.7083173884988,Sport,Rural,Heavy,Ascending,3,18.963818443644197,Medium,1404.0630133095815,17,17.518008530381184,10.101405537946835
112.34118769998062,43.40771548991542,308.6978751064211,3,Rural,Medium,Flat,Rainy,9.419828041250296,Medium,1521.1109255466808,59,36.367704526500034,12.491182275665324
112.89010310813534,64.14320508635966,346.9648923331624,Normal,Highway,3,Flat,3,20.6644414416165,High,2359.747760628504,37,40.70463248209828,12.03750291669241
20.97375418499206,25.12000662019095,375.20794375295793,Sport,Rural,Medium,Flat,3,-1.318165503143704,High,1765.4913298233787,55,43.47320315646654,8.617843129282328
104.96923795878791,30.898222265475923,336.02737197330106,Normal,Highway,Medium,Descending,Cloudy,11.927153024921282,Low,2237.494413619719,30,22.29316552093053,11.066061559333267
88.49177297125466,34.48645618463529,323.54468255516645,Sport,3,3,Flat,4,5.687437371076101,Low,1714.7818399870912,32,35.91961330048375,10.183329068413798
30.34048808283471,70.5585674386645,393.13797192709535,Normal,Highway,Heavy,Descending,Rainy,14.71403709648162,High,2157.297789900524,48,44.27214881246224,6.682702992795771
8.074153550581746,69.26318391840995,382.1555700457992,3,3,3,Flat,3,12.925124812290624,Medium,1715.873543969447,63,45.45442931109054,8.059535411205271
32.15967202612536,64.06125810977224,363.8275619420145,Normal,Rural,Heavy,Ascending,Cloudy,23.403264777251117,Low,2368.932823401931,36,24.656857128529253,6.714189870951853
109.46498841378308,40.04011397567517,313.678334392052,Normal,Highway,3,Ascending,3,23.294097767179306,Medium,1623.2444827502218,29,17.83079548037378,10.891535826141295
75.98144098749268,49.68957529749856,314.4908840406173,Normal,3,Medium,Descending,4,13.60141363429003,Low,1880.0535715923677,36,45.01928495577975,9.520701686212076
86.52655930774462,27.73517730701944,310.3219591455779,Normal,3,Heavy,Ascending,3,3.173042064844553,Low,1878.2826800453736,31,13.145380366415512,9.631356584183566
30.8582821330915,38.11684830064439,361.6296666892743,Normal,Highway,Heavy,Flat,4,21.1861141873161,Medium,2043.5327922024603,62,39.86268734967334,8.499621881109691
86.32657866897843,91.81641811780644,311.5562796473336,Sport,Highway,Medium,Descending,3,38.49319164949624,Medium,1598.7100579321266,51,45.44187959187438,10.328150476502246
3.374580753350851,98.37533971486629,384.2627198862633,Normal,3,3,Ascending,4,3.344922597470628,Low,2035.458659444478,40,37.01196810326977,7.075737925283828
45.03856149276166,71.81276685122357,399.2965001819322,Normal,3,Heavy,Descending,Rainy,-1.892336946592315,Medium,1383.34656540776,39,34.025022154621695,6.72131187956617
75.21040182507974,93.3458633618736,336.6348184708665,Sport,Rural,3,Descending,4,6.905253347141196,High,2361.6975803057703,17,2.628790273525337,8.336396653591923
17.531587864958425,71.419352032114,345.3669846967097,Sport,3,3,Descending,4,13.581415063041709,High,1387.4255338294704,8,10.253302186074915,5.80477067764086
98.76042893363216,22.65571888843759,371.1667176985679,3,Highway,3,Flat,Rainy,8.778478981905293,Medium,2292.383415211858,39,33.36182427752488,12.454728577777724
28.20375585743024,99.74100679891272,393.7153006325766,Normal,3,Medium,Descending,4,32.56193692672034,Medium,2101.0924901989497,41,39.28125985636036,6.520801346510862
78.27373353821355,27.916184134922798,389.4093773556385,Normal,3,3,Ascending,3,17.186245261918515,High,1643.387194272714,31,3.263209572011762,8.387389265361492
48.62365710903956,74.61134411560485,305.75918287498484,3,Highway,Medium,Flat,3,6.075754674668421,High,1625.663209307024,12,1.0510667404967935,5.953935844853685
71.52523145731766,40.226896245983205,316.9071802556765,Normal,Rural,Heavy,Flat,3,37.75895756031999,Low,2455.858596306901,27,15.644477437074991,8.939781115626072
12.894066315468976,51.35848903255681,375.4597198557792,3,3,3,Descending,Rainy,0.6278268874562452,Low,1453.4790208907948,50,32.28325824714433,5.9102060531741465
2.029535990592879,71.67473478407506,368.8893108032447,Sport,Highway,Heavy,Ascending,4,0.5310148845119613,High,2139.846395062942,28,25.65092788673059,5.851639380065826
109.14773128563614,54.91898794461656,313.32185940401234,Normal,Highway,3,Flat,4,6.037818664430839,Low,1438.7869903332842,12,0.5171298537474611,8.358465229229175
32.355601052061935,40.04368471449026,350.2064582001568,Normal,Highway,Heavy,Flat,3,-1.545254525603731,Medium,2377.016776806696,11,7.665447206485676,4.837660126840524
98.36124033365508,46.755694950265976,378.08146310852953,Sport,Highway,Medium,Ascending,4,28.824370808341584,Low,2164.5207063718567,38,37.63482265456377,10.617702595010025
119.92203605666404,47.32384935385411,321.87806822626936,Normal,Rural,Heavy,Descending,3,9.07648753794872,Low,2412.5160950681184,14,14.953319083039249,11.724239688302625
25.37175095986934,96.7459123606571,387.1287635734666,Sport,Highway,Heavy,Flat,3,27.842709635785184,Medium,2342.8400264032725,19,5.947716538292919,3.7613228041363618
31.820488942002672,83.88904127387607,305.2971774820368,Sport,3,3,Flat,3,29.32318604636714,High,1914.3485487227056,12,2.6380849514782048,4.996082088540942
79.54317451615988,56.683901718352,378.2195085068074,3,Rural,3,Flat,Rainy,5.688334783688292,High,1397.8978420742417,52,42.537066826897714,10.176275082304986
115.85383615207456,35.985673627309126,361.581889978987,Sport,Highway,3,Descending,Cloudy,18.326363743186786,Low,1487.897368251791,48,23.636133218211054,11.897946470334398
109.89772178288928,84.88128882101248,331.5199346654349,3,3,3,Descending,Cloudy,18.381647929951523,High,1462.3632360082563,41,25.23356445631315,10.41863012781552
60.34506240787019,32.57459772866988,372.0932548341912,Sport,Rural,Medium,Descending,4,34.21139855516808,Medium,1486.8312755422685,25,3.1609285802196623,7.325531327427789
95.41323390320696,36.83697737136028,378.236579515116,3,3,Heavy,Ascending,3,-3.846611749858879,Low,1819.3383886052468,40,24.48013826632048,11.73942534818334
16.289502371988128,49.28107134721209,393.38989713039695,3,Rural,Heavy,Descending,Cloudy,9.256015464196526,Medium,2328.1315168232354,36,32.324080413210034,8.619007606526953
117.29258210448148,90.4278556681592,336.7774672154264,3,Highway,Medium,Descending,Cloudy,34.71202211561596,Low,1230.048986593183,35,6.227652463482409,8.701111278725826
115.72238808431838,30.54293349072882,368.6016735979955,3,3,Heavy,Ascending,4,5.656145022249135,Medium,1510.024528572436,57,45.13553403479565,12.862843942937712
19.64747494550052,29.778735428362086,360.2616276934691,Normal,Highway,3,Flat,Rainy,1.1595995385904443,High,1975.8438754295605,45,39.18906385945981,8.677348855230619
35.930774976372795,59.51799906442128,352.52060694570883,Sport,Rural,3,Flat,4,20.926259272775656,Medium,2324.920525635096,42,40.11406565451565,9.641632246975858
12.018599700812032,42.11284328749397,389.0416474155038,Sport,Highway,3,Flat,4,8.76445428689536,Medium,1586.724502871126,46,26.873000547969777,5.9732273402096325
32.606111867781564,65.49823533185278,300.31673141384005,Sport,Highway,Heavy,Flat,3,16.028252197140926,Low,1697.2853069428495,38,16.762701860826947,6.340851455878056
97.9146947298248,56.13093477465788,328.21116061035974,Sport,3,Medium,Flat,Rainy,31.900574454013142,Low,1685.4530326288568,49,32.05856589081193,11.150221511897684
45.39787285983114,54.79672850809735,353.827723954483,3,Highway,Medium,Descending,4,18.431363878737827,High,1581.801761808891,39,11.345970387051349,6.588603874059672
10.607636057611003,28.95783763895946,317.82932616365525,Normal,Highway,Heavy,Ascending,Cloudy,18.21504021971674,Medium,2108.391415761303,27,6.9305473798360255,4.279853428210287
41.06706297346855,31.28397521998721,390.78665337327584,Sport,Highway,Medium,Descending,Cloudy,7.518220406292601,Medium,2052.559139185857,28,26.962697852334838,9.010573695956973
117.76600010895362,85.68628619574801,364.7595117613016,Sport,Rural,Medium,Descending,4,30.67895040148509,Medium,2296.257513013117,23,23.983446788968298,9.795893535857935
75.56203143110434,90.87061900573956,347.788299463199,Sport,3,3,Descending,3,28.29165808215705,Low,2392.850594219969,21,7.599091540525216,7.2261155040870095
49.93931356873893,38.77468263082002,381.4701759066655,3,3,Heavy,Ascending,3,5.535423159636089,High,2370.6185375198347,36,26.567153252479173,9.13822897186088
19.9846216196724,29.07684012198153,345.0886191465104,Sport,Highway,Medium,Flat,4,9.400203387046222,Low,1902.2090892423296,50,27.36876671878448,7.569648248238146
118.34121567404335,24.27333375476085,355.86530119300096,Sport,3,Heavy,Ascending,Rainy,30.48826868461935,Medium,1441.40670115187,47,43.588587295111786,13.535553603500023
98.50188111157546,68.66380909935174,300.2750995553921,Normal,Rural,3,Flat,3,11.097301082129048,High,1488.810664400649,36,37.98458180976895,11.117024617637696
33.77727629411033,77.22825700001644,336.5700530195073,3,Rural,3,Descending,Cloudy,13.16018271518945,High,1967.329937999208,36,10.956526656459411,5.58376443314623
8.408243486542734,49.824799136256445,313.87904723509695,Normal,Highway,Medium,Descending,Rainy,11.39855220650436,High,2393.917640479557,39,40.914807891682685,7.687387004902248
6.795066885306964,74.37406939925117,368.9688680662291,Sport,Highway,Heavy,Flat,4,2.273463693302965,High,1889.5608662341149,49,48.45380668455071,7.881880079326686
14.44537794066406,77.03670524476209,347.9026958975734,3,Rural,Heavy,Descending,Rainy,10.340344078730858,Medium,2416.447108196813,34,35.85931368042232,6.967604671285419
69.6922300337306,94.82738251175245,330.17575572502307,Sport,Rural,3,Descending,3,31.132088639671373,High,1540.9250232946165,46,39.37145757287726,7.880850628640368
111.45161054465908,25.18989102680858,346.78323393717426,Sport,Rural,3,Ascending,3,17.098390946969015,High,1312.2508110815877,24,13.394847669782662,10.070896222063444
59.609211360718135,35.383337858486385,320.9629887951346,3,Highway,3,Ascending,Cloudy,15.61978674741863,Medium,2235.177527909272,48,49.59593720479832,10.175119710526484
101.15345789474364,25.48207900775905,392.5086632486141,Normal,Rural,Medium,Flat,4,2.035802932412338,Medium,2343.198656521473,19,8.902087669167432,8.469049497516178
53.50639438317694,89.43951466688884,305.3972632550913,3,Highway,Heavy,Ascending,Rainy,2.99064273387378,Medium,1782.505633562439,46,37.56791768927542,8.003349989423008
85.03002549213903,83.40697280268549,386.5417035296121,3,Rural,Medium,Flat,Rainy,-3.06724260424464,Low,1333.177482981354,25,19.82144293564553,7.954030684204255
87.8247284743801,65.97136564974713,351.1358788733351,Normal,Rural,Heavy,Descending,Rainy,-4.3720010814549335,Low,1255.025482887304,42,17.907766446843624,8.493530798382999
20.87564470840064,26.69307280409465,361.8946496138817,3,3,3,Flat,Rainy,16.960631713279696,Low,1281.3252902745803,12,14.329445558320083,6.549665404979899
43.34592707709741,41.86498869229757,330.2605620908704,Normal,Rural,Medium,Descending,Cloudy,13.415455984583424,High,1770.8487974580864,27,22.108933764562515,6.9222946238776
76.47625878456287,43.81758784468136,396.6697616794321,Normal,Highway,Medium,Descending,Cloudy,7.391990731520778,Medium,1505.2594882201606,60,39.564642693905,11.026436150650657
8.483592982123941,64.85945568123337,328.185095851949,3,Rural,Medium,Descending,Cloudy,39.55209431581368,High,1800.5002074587856,39,47.05453174513935,8.399753253429685
43.38482253155479,40.64351152293724,358.88779971403045,3,3,3,Ascending,3,12.909828804452758,High,1835.0363532101608,26,20.87028834877734,8.670204174165917
64.17593595374309,25.83678911303639,399.3416705107129,Normal,Rural,Medium,Flat,Cloudy,30.49811046092272,Medium,1795.5207076979896,32,32.61841488517342,9.134668745854256
119.54693916535663,78.46098414826395,388.1094396383446,Normal,Rural,Medium,Ascending,Cloudy,4.474551699920054,Low,2005.899129087838,56,39.43238473733462,12.595014893561393
56.94402751469289,43.92641693243291,353.6329825286106,Normal,Rural,3,Descending,4,6.116854387393735,Medium,2083.2249208582853,16,5.076834816477088,6.103809959973173
97.92681085371883,56.18993416186405,399.0374522967212,Normal,Highway,Heavy,Descending,4,20.57761152331345,High,1714.7290145265297,52,48.03112896475709,11.815567367178506
51.84807420799413,30.21333079858443,370.1369861732615,Normal,Rural,Medium,Ascending,4,-4.818727863401293,High,1638.1412258184996,13,10.660509893593504,7.98496346816844
95.56688671436508,84.20386427156637,320.87004161418093,3,Rural,3,Flat,4,-4.215854214099498,High,1678.921669767945,42,45.76245722925732,12.104666705221751
71.449776194413,65.24255015392461,340.55962104358065,Sport,Rural,Medium,Ascending,Cloudy,1.3998424517287669,High,1291.2359890828368,64,49.33148210168397,10.37089253238472
106.3914529802878,92.12685009678904,333.4493334011551,3,3,Medium,Descending,Cloudy,5.040446846393339,Medium,1618.1199787630628,8,5.110189859079732,8.176266538085814
49.31310628201319,59.63772504522667,334.4013708271189,Sport,Highway,Heavy,Ascending,3,18.75322821098973,Low,1459.8864400294951,63,44.648088936939416,9.059341920516983
72.51653037857747,95.3140537454304,376.0456439359866,Normal,Highway,3,Flat,Rainy,25.88032438672569,Low,1578.0922236827016,38,32.081372757614936,8.518987025455269
75.60224167425929,91.34945635050607,358.42629272727936,3,3,Heavy,Descending,Rainy,9.034539879461157,Medium,2128.716230919852,62,40.914544143234814,9.34403182601178
50.0859530160568,66.11678851673872,303.80927115895287,Sport,Highway,Heavy,Ascending,4,5.758192120170287,Low,2485.099965078921,12,5.54397305915435,6.566780897967867
17.317445242497783,94.71147505198908,387.7448483650976,Normal,3,3,Ascending,3,32.02650303219945,High,2400.618857112074,45,41.72967286289095,7.278356542644913
11.227128829480266,45.84709978356418,329.67961404801645,3,Rural,Heavy,Descending,Cloudy,2.324964310630412,Medium,2268.1129088856587,43,31.339112501715267,7.358743667270717
2.000586071955972,49.251373016336906,399.7074876913144,Sport,Highway,Medium,Ascending,Rainy,25.524694977604604,Low,2158.3561867453263,33,25.57987391094459,5.879908337360993
104.82411170942576,23.63823610448296,395.4190730334786,3,Rural,3,Ascending,4,36.90987323871419,High,2428.418943961377,47,28.045630739834323,13.008437522353235
28.376989468643345,67.13607254110825,394.0530716681965,Sport,Rural,3,Descending,4,5.449490960923324,High,2177.654399544409,39,37.24893732947226,7.408044207465174
25.380809913812165,77.75391759431467,381.1127604063973,3,Highway,Medium,Descending,Rainy,-1.0865585517732663,Low,1812.2410716036327,16,14.952072778996593,5.747071466043534
88.32424805112787,81.88153521936826,322.0613331683543,3,Rural,Medium,Flat,Rainy,39.08915023072047,High,1981.7705034321016,67,47.17951437884959,10.359518477545365
38.40193357048701,31.985302883688263,353.2632744028782,Sport,Rural,Medium,Descending,Rainy,7.184820825456324,Medium,1597.5204624174935,42,15.451064934872177,7.476207605101256
60.72536308942039,55.532725785000025,322.43026268249747,3,3,Heavy,Flat,Cloudy,7.404844407700219,High,1204.3008391230646,62,43.86629938499868,10.374063107371503
19.50132783569476,34.14905696751325,325.9675455588949,3,Highway,Heavy,Ascending,Rainy,16.769753110209866,High,1659.6967626311623,18,0.7043635309556683,3.920408413549041
115.16948657543632,72.97018790833991,361.0951769436277,Normal,Rural,Heavy,Flat,3,5.397594657076578,Low,1726.2788070825736,60,45.83235527994984,11.94801351991396
102.18976800206848,32.63570979374145,304.08335453530634,Sport,3,Heavy,Flat,3,39.67925599451061,High,2153.019804864767,63,42.5937332048739,13.530887291816384
103.6547547558004,92.333094716486,396.9458566820708,3,Highway,Heavy,Descending,Rainy,-3.066535135870521,High,2316.986655229819,29,6.296603097301051,7.762579214407648
48.81284982864062,38.45077165291307,391.86731725779646,Sport,Rural,Heavy,Ascending,Cloudy,15.316288551953871,Low,2451.451133230241,58,36.87245422273577,8.921221955349056
91.48334564486072,43.31218130305959,338.076757215772,3,Rural,3,Descending,4,19.67560307783501,Medium,1657.3292793631306,29,18.76834259136486,10.006135960536744
17.265138646773618,88.07250577207998,351.5422448006913,Sport,Rural,3,Descending,Rainy,16.012788607626206,High,2444.616017274645,44,24.040935563668,6.500037495662386
1.0342803110136334,56.67740881165791,346.6119419267759,Sport,Rural,3,Flat,Rainy,18.423533778829157,High,2239.201223701644,32,3.5228026369982706,3.0421150097968805
2.396751909363375,21.919675664005844,388.219977861747,Normal,Rural,3,Ascending,Rainy,39.4410614897679,High,1240.097691056436,32,10.70743222401667,6.761020112837194
70.39220848854725,59.56690009621166,368.8601876316111,Normal,Highway,3,Ascending,3,34.46057127415559,Low,1973.839101147843,47,47.68693712569634,10.939446495929747
54.647388629752896,26.763466830409843,327.81112474243565,Sport,Highway,3,Ascending,3,8.879965568325023,Low,1675.334339707622,25,20.955729304061457,8.560920499735117
62.16184186902237,98.82757749498484,344.6841254465297,3,3,Heavy,Ascending,4,19.81646721358474,Medium,1244.2145720313922,28,1.3989143101534365,6.450234878035218
0.8955768500663286,67.04892563644819,342.8965975686764,Sport,3,3,Flat,Cloudy,-4.986004436203962,Medium,1890.954007723596,28,25.802397649265668,7.4708947357414495
50.72239435889109,40.522609408878274,395.9335168283919,3,3,Medium,Descending,Rainy,13.43060506181734,High,1960.26220515228,53,49.735486767316935,10.390222222609898
86.1681793441033,65.09741436380942,317.531091051464,Sport,Highway,3,Flat,Rainy,2.374340028788578,Medium,1527.8999812810766,18,16.707749281764976,8.603826798389791
53.12324423609231,26.149368270540386,308.95763372944293,Normal,Highway,Medium,Descending,Rainy,27.01122658490469,Low,2421.843676245286,9,7.14655678828206,5.897620329372345
87.86630475746666,83.99130434150536,388.061883216169,Normal,Highway,Medium,Descending,4,4.949030993512517,Low,1993.5905083206144,48,32.21331609360395,9.983705037985048
27.96227572762017,94.02624430913308,389.6685989505871,3,Rural,3,Descending,Rainy,28.70030404802237,Low,1428.752749381706,51,45.99923462665642,6.766156236028449
97.57704053780704,89.95555105649277,387.1739087912165,Sport,Highway,Heavy,Descending,3,9.09219252910328,Low,2137.633916745556,49,42.97155661518065,10.973856808175498
70.61174885441427,47.340608183885024,351.0976915625556,3,Highway,Heavy,Flat,Cloudy,36.66228795901191,Medium,1848.8814197244976,30,32.883677073858415,10.035136277809608
25.29157193158875,46.06144957146948,365.9744428269461,Normal,Rural,Medium,Flat,3,15.043747076560582,Low,1815.2042590465128,8,9.288958036942727,6.10441154520581
28.406457102459957,22.807008897304,356.3363047560984,Sport,3,Heavy,Flat,Rainy,32.778297385323214,High,2284.8932416192683,55,39.23955724549043,8.483087908771118
75.36365574834444,72.11202869607334,306.9447826054401,Normal,3,Medium,Ascending,4,23.26747013675559,Medium,1379.6337379957158,59,41.17877553765779,11.110647501634222
99.5927511854932,62.7923827351836,359.58348969007227,Normal,3,Heavy,Ascending,3,38.98291967065616,High,1838.2827596238224,45,42.49243424636887,11.406858544072048
49.87533384349862,56.74770970618731,301.3614147256101,Sport,Rural,Heavy,Ascending,Cloudy,28.422523782043804,Medium,2214.9919710011645,34,20.256671244881204,7.3633203318811855
30.996051495311065,92.61047626677656,332.4987409557086,3,Rural,Heavy,Flat,4,27.746649504012357,Medium,2058.504970516973,38,20.502061345712804,5.441892074031236
104.04139282927206,33.43031208662771,393.2292575873168,Sport,Rural,Heavy,Descending,Rainy,6.918969210219336,Medium,1207.0377546882926,36,7.842339561719723,10.153614042788078
80.31219501010018,20.773301335214587,330.40452696358074,Normal,Highway,3,Descending,Rainy,17.718688793764315,High,2223.685769787559,51,38.6570695105805,10.95615394074973
53.77025847396918,25.865316169661234,393.9826642644248,Normal,3,3,Ascending,4,8.05511599085373,High,2428.0734892865016,51,36.887588681761855,9.978552859956594
58.54802343351622,37.86971502618951,325.0133957149244,Normal,Rural,3,Ascending,3,-4.131795334171834,Medium,2116.0694852943006,30,5.077510730718894,7.790003717405631
24.51077615236757,22.66284394107656,331.45622404615324,Normal,Rural,Medium,Descending,3,26.976339969305503,Medium,2338.6712023629243,29,1.1046976257797516,5.6889137576410285
75.21631560778127,60.22749685145084,362.84074964385536,3,3,3,Ascending,4,5.61264248669209,Low,1669.0552346495251,66,47.59082430901595,10.513593164571342
43.04910126514664,45.127236418686245,376.1626972789295,Sport,3,3,Flat,3,12.879581365425436,High,1655.7840895289787,31,0.961693602997312,6.645131506099393
119.47742120092192,34.43864064545061,350.1387768004884,Sport,Highway,3,Descending,Cloudy,7.808745422823982,High,1617.1238890699722,32,31.46707309557828,11.643642008673275
57.622021831426544,80.00672599589296,388.21156871941554,3,3,Heavy,Flat,4,3.983613540864271,Low,2155.4602550363024,21,22.73671119969396,8.051532128969521
58.30627274275359,36.3561060986024,304.0240421610619,3,Rural,Heavy,Flat,Cloudy,-1.9796304027310945,Medium,2424.685743650937,41,38.892933026170496,10.62357373434838
67.90221448928062,75.00840807950345,392.21948386343706,Normal,Highway,Heavy,Descending,4,10.205045894707885,Medium,2351.0210027066505,9,4.477664017870697,6.933629311440959
110.0107203742496,47.94119246781111,319.6307799895408,Sport,3,Heavy,Flat,Cloudy,-1.3214784415458851,High,1395.2780709400738,35,34.1504423954185,11.77495719741979
96.09817198317003,60.94622085300436,388.4238745084656,Sport,Highway,Heavy,Ascending,Rainy,19.314361318145032,Low,2013.9400554798945,49,30.785633312419836,10.06516242460012
54.13560837574097,94.70936318810558,340.08631794863805,Sport,Rural,3,Flat,Rainy,-4.116915330733793,Low,2494.7457633855265,53,42.69434937097992,8.291846336649998
86.24391191673551,22.988130785265028,383.2757055871037,3,Rural,3,Descending,3,37.30089458392869,Low,1583.9789426796171,51,25.975402194883014,10.794452081938484
70.3482598536914,60.02116059819695,367.1665549803695,Normal,Rural,Heavy,Ascending,4,38.49137587537045,Low,2025.220230919375,42,36.441774879239325,9.611221208502194
59.08404584414987,88.35383682620946,317.5941632478262,Normal,Rural,Heavy,Descending,Rainy,8.709423173336605,High,2378.61097927992,41,21.93539481381893,7.781898869204103
23.077892734122063,67.03793986962788,391.8047569881449,Sport,Highway,3,Descending,4,6.708758836291146,Low,2369.4125821440757,44,49.20052865016841,6.974318613113303
55.67235161458691,42.14964135721253,324.55173904884595,Normal,Highway,3,Flat,4,-0.3017660134189466,Medium,1617.9178668945651,51,28.014612217781178,7.885552751102633
29.49823044270896,51.814490811602745,324.4140118694999,3,Rural,Heavy,Ascending,Cloudy,35.72135169613009,High,1322.1023894115165,59,37.70160469395693,9.216987754803611
109.78105798219856,74.42125029828597,381.4178896637381,3,Highway,Medium,Flat,Rainy,21.40887663849569,Low,2039.81164679216,18,4.73746378667824,8.737838522119958
40.24881761956164,91.26495154510424,310.5873255572521,Sport,Rural,Heavy,Ascending,3,22.455621534914798,Low,2431.0577474998354,43,23.191520758027853,7.285217340072005
114.27168174400468,23.28530989972893,322.20359063704603,Normal,Rural,3,Ascending,3,35.31354081708991,High,1860.3788462168668,9,3.3154399731899185,10.125684751932912
63.96663481136535,25.723105751230115,350.36775734210624,3,3,Medium,Ascending,3,35.98540572354693,High,1795.0196130255736,16,6.173377782120011,7.6350521151144495
75.78532544113924,46.004121888767,383.0477028686624,3,Highway,Heavy,Descending,4,32.27537513697299,Low,2323.1329294864872,21,25.35615549408932,9.81211232577772
65.15285333871932,38.62237475499832,314.74839747372675,3,3,3,Ascending,3,29.80487024948475,Low,1751.9756827965198,27,17.680010885419946,8.11640317535591
15.525674036004109,41.194470897792485,354.76682345123464,3,Rural,3,Ascending,4,34.47585500349927,High,2085.207315632814,38,23.04516853403469,8.441002889694419
45.09854628095292,37.70159989007048,371.124059180294,Normal,3,3,Descending,Rainy,34.41867730080352,Low,1705.2350650597086,33,24.8575949640358,8.252813502755776
11.897533473314873,35.66600390841262,386.05952247159513,3,Rural,Heavy,Descending,4,11.589018532235476,High,1690.2787407352332,11,8.071535159068743,5.460010216546996
74.7544853020058,30.44991734954334,393.55655602022193,3,Rural,Heavy,Ascending,3,38.80260489905429,Low,1444.149834943947,43,18.35498773825256,9.456226008821616
53.62490342405267,94.71633054361904,378.46399144689326,Normal,Rural,Medium,Descending,Rainy,26.910949592217516,Medium,1314.9871713936514,52,43.043816155542174,7.966319815803292
93.3581965885124,31.535157112492243,365.2828398222002,Sport,Highway,3,Descending,3,11.65942453056979,High,2350.7088786882377,34,42.84488784210757,11.772918634520432
26.45645771992438,36.352301981242896,343.3620085312766,Sport,Rural,3,Ascending,4,14.8922282773979,Low,1435.585771506909,27,24.581787640342487,7.07469438107731
19.74792701152019,39.70125791846286,311.21101541884195,3,Rural,Medium,Ascending,4,25.920897622666207,Low,1280.883922842019,53,37.482388716487456,7.300652610639578
48.759867715652135,94.64118985043363,370.97371925255214,Sport,Highway,Heavy,Descending,3,11.249450933560563,Medium,1957.0005416392744,59,37.702280459450975,7.407876483606444
111.19024598620574,80.45713068808678,399.2737304475487,Normal,Highway,3,Flat,Rainy,32.195097040900734,Medium,1909.7957728006495,29,2.3009273453447734,9.234773132085518
85.25061780148941,83.17595442524117,373.67605947321,3,Rural,Medium,Flat,4,1.6628629536164343,Low,1938.0837142976595,37,30.58347122033296,8.527770744979485
50.27083497515024,28.380660763079845,301.67110937377265,Normal,Highway,3,Ascending,Cloudy,35.84174344199332,Medium,1808.5363545306357,44,40.24587564588151,10.38465850093894
62.07266037051727,86.90479000125373,349.6259978041839,Sport,Rural,Heavy,Ascending,Cloudy,8.553888032647407,Medium,1384.5172578835752,39,29.7391629831044,8.745001517204896
10.1055613412518,52.65544654539344,361.4646632482904,Sport,3,Heavy,Ascending,Cloudy,1.872075340440892,Low,1227.189283029438,44,27.12348451204481,7.130557946493536
118.14910756513358,41.0258420969911,368.9674201102843,3,Highway,Medium,Flat,Cloudy,33.61109266507105,Medium,1260.338105391759,27,26.607664017319003,12.527398173218268
79.96887656339027,66.06000668162484,371.97258356007086,Sport,3,Medium,Ascending,3,5.775845752110451,High,2426.0912895859665,30,25.446664250300536,9.70403260071797
34.2484882156107,85.77463246533871,355.8108441216524,3,Rural,3,Descending,4,32.95280821223206,Low,1891.4105363440476,51,38.93757807981596,8.128904142151534
70.29700730582933,82.29217208599275,322.33603327342405,3,Highway,Heavy,Descending,Rainy,8.331898155190425,Medium,1719.6372161282902,38,32.15737044315213,8.640069396920692
13.137883928279276,91.19979860649056,394.2200661476547,Normal,Highway,Heavy,Flat,Cloudy,37.02389294443705,Low,1734.0813610038383,39,10.853592849374769,4.861144842500119
115.90040025691005,94.25057488123552,369.66664676636617,Sport,Rural,Medium,Flat,3,4.858493791059006,Low,2047.8539526490824,24,21.72407698579034,10.031581773783389
20.97419854600391,39.049765714219966,323.68400368694097,Sport,Highway,Medium,Descending,Rainy,-1.865750401759941,Low,1689.6616108724363,40,26.47839999543212,5.902869101204039
77.7636381666257,53.90863153354174,332.2321832270273,3,Highway,3,Descending,3,37.1439023504075,Medium,2235.3967864297338,29,21.005647778692307,10.295961363667274
29.454535504671654,21.1702831364056,392.19276706303697,3,Highway,Heavy,Ascending,4,2.45315840096438,Low,1537.9257924493031,24,11.9553172684749,7.203056840761912
86.1073659178243,90.3457327412048,388.7485186707336,3,3,3,Ascending,Cloudy,37.485964377502384,Medium,1677.4368683260195,9,6.324561711836437,7.248454070275422
93.21856406883371,32.36577211798141,340.5146438358089,3,Rural,3,Descending,Rainy,32.07898075532514,High,2415.495860397976,27,5.953885053114044,10.10818994885014
80.81036746937191,88.91798498741554,303.8307221991451,Normal,Rural,Medium,Flat,Rainy,-1.3133574627514255,Low,1538.368776457345,27,14.884766378175048,8.702480401170849
73.7399352306231,46.350985758927706,304.8497368893938,Sport,Rural,Heavy,Descending,3,15.031083952432098,High,2060.061666590976,31,20.19249213634909,8.599818268327521
107.0962912742414,49.45068719849105,328.39182909183893,Normal,Highway,Medium,Ascending,3,-1.6970153839197972,Low,1673.937458960134,41,34.17559443937944,11.35331054307679
9.435205318770963,23.130580358708748,362.9122219339,Sport,Highway,3,Flat,4,9.84039540753151,Low,1812.5562482670716,47,49.24735576887996,7.862357199504689
39.70977189362343,46.15030318122557,358.41946353345617,Normal,Highway,3,Ascending,Rainy,10.817638520799402,Low,1258.7447718625576,50,44.87806122708837,9.040641759137296
29.794497555701515,91.06909462410113,363.3827786943943,3,Rural,Heavy,Descending,Cloudy,21.98349986474081,Medium,1417.4040570088548,39,40.70351929877719,6.803490138555928
118.5616754478506,22.04379208972833,371.72829719321066,Normal,3,Heavy,Flat,Cloudy,38.91530055294006,Low,1332.4866194061626,33,40.70542990964434,13.22188611067582
46.72677356002482,52.50619784373803,301.90322535927385,Normal,Rural,Heavy,Descending,Rainy,2.639354804840158,High,2298.129692050305,31,29.84364185513704,8.533413490731157
87.91352390884785,22.51197038501929,310.5085595172443,3,Rural,Heavy,Flat,Rainy,9.811793413696543,Low,2450.198635689233,33,12.712707966266862,8.976049510298113
82.16701966572055,49.67387400872519,335.94834518272125,3,3,Medium,Ascending,4,21.419612239653876,Medium,1288.3669986068526,24,23.649816447477093,9.459320791147992
25.449748497285327,33.8112512624233,315.4859997521582,Sport,Highway,Medium,Ascending,Cloudy,2.7139384893818725,High,1299.8995012525218,9,7.213445245991605,6.842618813963158
28.67972162538616,40.17747146146976,307.5320042544554,Sport,Highway,Medium,Flat,Cloudy,26.98193480164236,Low,1917.8196245825277,53,28.364887028496035,8.065507897652157
33.754147626364094,90.20786985291352,364.0964395997332,Normal,Rural,Medium,Ascending,3,13.164687214886676,Medium,1855.2454022083305,9,1.247736005775708,5.975529255286865
49.335273391125504,54.88393764975128,381.5336477491099,Normal,3,3,Descending,3,37.73075330358927,Low,2045.7437726132807,12,9.554309601561307,6.301091557545479
28.11900787806321,41.903839312152975,375.2626657434282,Normal,Rural,Medium,Descending,Cloudy,23.34419253470768,Low,2157.847586145512,49,35.643506668700105,6.881673298640063
2.3581779296217364,67.14707023604382,381.7039778609179,3,Rural,Medium,Ascending,Rainy,11.338632004454276,High,2236.385305396254,26,13.916928456097011,4.718730392947625
105.52716681686346,31.36855678660659,366.58565440578775,Sport,3,Heavy,Descending,Rainy,27.37629044809391,Medium,1393.808394318552,37,21.056115903306203,11.306982048994678
115.87317976570608,40.75132859366847,373.5345321814202,Normal,3,3,Descending,3,32.74395600954781,High,1249.1864480087293,53,41.61984226460595,14.075057945311787
40.98844644378816,63.69983740823108,327.17787742083016,Sport,Highway,Medium,Flat,Rainy,31.02158938132758,Low,2355.9065344635,25,2.3234468123395797,5.579111274523799
40.620825531056745,39.00184334784551,399.3008036284164,Sport,Rural,3,Flat,4,6.824397735790772,Medium,1810.4031618279157,15,1.234428592146905,6.120023890099407
0.8510175329245184,74.33021899206986,318.3165654493887,3,3,3,Descending,Rainy,13.764250846698658,Low,2462.6176244772864,34,11.526458754990848,4.381324226114431
81.63008259964488,59.31930418076181,321.44938743893823,3,3,3,Ascending,Rainy,15.347994746372724,Medium,1892.6003307630372,56,34.25372416955372,10.734987864804742
99.05278748983544,81.75912562037527,328.8921831815847,Normal,3,3,Flat,Rainy,12.4772526477569,Medium,1863.0355881509604,35,11.88242968299259,7.601337398410511
17.59299604320038,95.85956285779748,397.5332430106579,Normal,3,Heavy,Flat,3,8.988861228511787,Low,2009.873166586649,43,43.19855050798689,7.26470245397174
19.159961924058088,29.26439114779262,398.8288589353906,Normal,Rural,Heavy,Descending,Rainy,28.873650967660645,Medium,1421.1871760050924,16,17.65722511881003,6.28258924037361
94.80998999657253,46.77320079876359,379.48937497064975,Normal,Rural,3,Flat,Cloudy,-4.449909045582002,Low,1530.2526565502271,13,14.247208608481378,10.348689822253512
73.95488980249736,45.56392503027253,362.90575985596337,Normal,Rural,3,Ascending,3,8.209490298644688,High,2377.5483976408323,29,11.722363642396008,9.348442069043518
5.3832669153260415,32.09463354698034,352.0062575184613,Sport,3,3,Ascending,Rainy,1.372776563780663,Medium,1476.026074985488,40,28.74112071004353,7.229118499216789
74.70563885547381,84.82425098667767,397.06208456868455,Sport,Highway,Heavy,Ascending,Rainy,0.794619215497625,High,1502.8620815783493,51,42.829932746562505,10.216477978840228
37.070126741251926,80.7902963231032,369.5622802858247,3,3,Heavy,Flat,4,7.463140010386537,High,1862.9794114850963,36,20.362509196442787,6.142014551592911
44.24701865650151,58.75403766675192,394.473012832603,3,Rural,3,Ascending,Rainy,29.296889100177182,Low,2033.4967596229983,19,12.70059794010987,6.959944495406146
92.36777019562562,63.02166222356877,331.6550799477624,Sport,Rural,3,Descending,3,38.62398410852951,Medium,1201.1750265991636,35,21.10122494214838,9.916355420098723
97.31222312071328,24.7635310401997,333.3774792269565,3,Rural,3,Descending,Rainy,18.15783099434945,Low,1793.815547768304,61,45.24900871423087,10.92567940419022
48.04279522077968,64.44058818616365,385.47245941184354,3,Highway,3,Ascending,3,10.253731790961304,Low,1718.717063228964,14,16.793425332181872,7.258772384134493
113.65835232076256,83.30732192157092,314.9854920585294,Normal,Highway,Heavy,Descending,Cloudy,32.31267098399891,Low,2325.3049503061884,47,32.821820810024505,10.552577303222948
48.775526154248666,65.90620588670858,394.5927861296076,3,Rural,Medium,Descending,Rainy,-1.980345862928776,Medium,2291.6067071476123,28,16.55400265702859,6.60262862861774
92.6203242276132,41.22450960963352,350.74743546634073,3,3,Medium,Ascending,3,-0.8074426154437306,Medium,2377.700487611228,49,33.77041570403322,10.500929209474457
58.06527174771109,73.40386178674697,392.64138785836974,3,Rural,Heavy,Ascending,Cloudy,10.541484163717,Low,2294.665793633055,60,44.06243635959575,9.570977956919783
107.70387918265008,48.919074397219816,333.67927887258134,Sport,Rural,Heavy,Descending,3,15.178382476210793,Low,2222.724772754333,24,29.968082766253094,13.218322914105611
108.93134923802144,63.58986274285882,371.5958904139397,Sport,Highway,Medium,Ascending,Rainy,30.902704117661838,Low,2316.7064490279963,59,47.37735473011856,11.714809278473515
10.490016944530062,59.00522906231398,348.28751219726894,Normal,Highway,Medium,Ascending,3,36.63687727011053,Low,1427.2484817640034,40,30.11570781703016,7.443880724811878
112.37919975722708,50.49400007721441,362.6803630245473,3,Highway,Medium,Ascending,Rainy,18.907444074630277,Medium,1643.1038191896112,39,48.74630708307143,13.278318887128602
99.06418098244988,77.51023843153081,350.43724931391523,Sport,Highway,3,Flat,3,17.30401013070737,High,2088.703822460928,30,36.21414924617785,11.611665283372478
94.95728571752002,90.71008895887054,396.71156173713615,Normal,Rural,Medium,Ascending,Cloudy,4.585495858556538,Medium,2400.0702461381825,56,32.67413664699096,10.503275101641314
24.109360762262693,20.417001478153995,369.2105397813917,3,3,Medium,Ascending,Rainy,15.303169466499249,High,2066.981395831144,34,41.508679716330654,9.76152127069819
96.6143050505598,94.68932153842938,325.13189686263155,Normal,Rural,3,Ascending,Cloudy,36.56399040733204,Medium,1470.3335757343116,25,0.653529550824428,7.9207687137373295
102.01592816220442,60.921210886658,390.9676921905085,Normal,Rural,3,Flat,Rainy,12.680479132301716,Medium,2428.064582965423,37,12.936748235864874,9.668713724209676
34.698040134498115,76.05855042906121,329.40297381551045,3,3,Heavy,Flat,3,4.480711951043309,Low,2188.444345113324,9,10.882922842141951,6.152081482574666
114.27120940347884,88.44996529407017,337.16050993008565,Sport,Rural,3,Flat,Cloudy,10.17827631423144,Low,2131.506883000773,30,5.633813595656802,9.535486608427068
5.98321756789971,57.36829538514159,310.2123698020213,3,3,Medium,Ascending,Rainy,18.156757568582805,High,2191.258602504469,39,46.89555324546792,7.864744557977003
17.98911038965676,86.79792586919122,389.9966519796191,3,Highway,3,Flat,Cloudy,21.93632637698069,High,2056.888098104362,20,6.63700636185808,4.745518896643276
64.50973656618172,34.20958555641618,328.6112023227863,3,Highway,Heavy,Descending,4,14.459344583807614,High,1228.7463588894852,13,13.215549751210371,9.549868937440554
69.09509653467717,32.733402758385154,325.89176179313824,Sport,Highway,Medium,Ascending,Cloudy,29.13412807931361,Low,1529.703737531146,43,16.824682722105077,7.900553149277682
77.41800999610841,72.59770950849229,392.0262597994954,3,3,Heavy,Descending,Rainy,21.3004021948018,Low,2443.543391947547,40,31.268935405792647,8.951726593702794
2.036295517855975,89.61144044413898,380.55268624050336,Sport,Rural,Heavy,Flat,3,24.927166030525928,Medium,1575.1855641168831,50,38.396465733839065,6.66243801146949
115.24401295465564,91.39409420288317,314.10789215193745,Normal,Highway,Heavy,Descending,4,33.83135160750537,High,2203.1144298352483,32,30.273331999013525,9.931494671902255
5.350571128097279,71.49923667017973,376.9324503903681,Sport,Highway,3,Flat,4,33.95598566226938,Low,1751.8291615318687,51,37.47282398699799,6.678885157445835
17.167434326808287,62.0391384167454,391.3033098053791,Normal,Rural,3,Ascending,4,4.157874053594414,High,2379.7860306065995,21,20.165997793929407,7.156585417781982
1.6817421031268376,46.511447015721295,307.8511218210744,Normal,Highway,Heavy,Ascending,Cloudy,23.05051351746924,Medium,1924.9697709497152,48,49.78933402226912,8.520187446318538
68.02301199529137,98.40003324794652,382.5214994904573,3,Highway,Heavy,Descending,Rainy,27.248838746874704,High,2021.4517959109692,12,8.587606989100383,6.4850382602196746
111.87202607051668,45.57565493330004,354.7420051873056,Sport,3,Heavy,Ascending,Cloudy,1.5633828967383003,Medium,1511.5127177527002,21,20.048034419687944,11.134544428216262
79.91365992965571,79.53488857852746,366.91974493788007,Normal,Rural,Heavy,Descending,4,32.92464266765133,Medium,1274.7804283760524,53,41.62593240920667,10.253860944698385
98.71889621765128,62.55854399240006,349.28543389049366,Normal,3,3,Flat,4,3.121143790509908,Low,2183.5231815304487,20,12.413333867706712,9.365185025577771
1.5937444150296098,68.68098740202774,369.7803084905279,Sport,Highway,3,Flat,4,30.96757404736857,High,1287.9362763465845,51,37.567066478344834,7.698156338621581
65.04183581756713,51.47844404709009,303.4097861666753,Sport,Highway,Heavy,Ascending,Cloudy,2.2659590480552243,High,2138.3376487148607,18,18.277591644171306,8.097907913671406
55.14755730066263,97.18585003777984,376.2706723223284,Normal,Rural,3,Descending,4,28.38003415649505,High,1922.140720550372,8,8.962054140920058,6.531948027067156
59.87615330649517,65.7345860879417,303.33436978589583,Normal,Highway,Medium,Ascending,3,1.6666590498998692,Low,2266.030826843912,33,20.22668918567626,7.033317050457852
8.665582240222554,95.0230104367032,345.5299847747343,Sport,3,3,Flat,Rainy,12.04731898863109,Medium,1467.5050163164358,45,39.26094647314861,5.190292144229725
82.13224332831689,20.60731329391313,315.0964993130295,Sport,3,Heavy,Descending,4,1.4582260062432368,High,1903.988508513647,15,5.686561858731715,8.897573558480435
60.38644978303613,65.81364665528967,382.3574277351307,Normal,Rural,3,Ascending,Rainy,7.182179334698336,Medium,1998.422803555845,23,25.85346748209398,8.198809058024674
91.81786198335168,77.37495117802172,331.36609091756685,3,Rural,Medium,Flat,Cloudy,39.30316498090681,Low,1296.5871313248597,34,37.09368526303143,11.157854247081646
58.23487608740584,79.60641369297744,345.40935446043324,Sport,Highway,Medium,Ascending,4,-0.1545954768777342,High,2160.6228890378707,46,37.603445027364685,9.647523606286748
17.92579634717185,92.39815054253452,342.87507412983115,Normal,Rural,3,Descending,3,13.290917188804968,Low,1705.738265778823,32,19.54037703411168,4.684751586130442
77.79083448933864,20.3521287203029,377.2501965684706,Normal,Rural,Medium,Ascending,4,25.46137033984853,Low,1367.5883161929316,39,23.37527512126815,8.783381956910365
20.686363452619947,20.026412740758115,348.11443597959754,3,Highway,Medium,Ascending,3,-0.7430643321221382,Medium,1703.1844132776614,51,42.85262073132734,8.926353502407325
104.6873476025778,57.78107686361722,378.8958335010346,Sport,Highway,3,Flat,3,-0.0935155661209981,Low,1327.7919314316314,21,10.498054189160213,8.447790987569736
73.57394868830897,22.34349640042965,307.3508276802675,Normal,3,3,Flat,Rainy,1.4468292635743571,Low,2354.394634948706,40,49.63036413924302,10.337581883152708
18.86446602683451,97.96260429298997,319.1593967902995,3,3,3,Ascending,Rainy,24.02438701148605,Medium,1793.7878709303352,28,21.01993484546053,5.210719833310194
115.48056689774482,37.76521396331135,355.1534249646361,Sport,Rural,Heavy,Ascending,Cloudy,35.92016130906429,Medium,1379.436480669944,22,13.845020815322856,12.06773985171687
62.20385560023848,57.81317834918758,394.7088324752695,3,Highway,Heavy,Flat,3,32.16952542858932,High,1527.7243810460882,8,0.2297076412987417,7.0018942907259865
8.7478142245986,24.89101040097789,307.475784672178,Normal,Rural,Medium,Flat,3,39.23748577108713,High,2142.043834376119,26,6.338652895390318,5.770291363393347
75.21994852980806,61.76387329370069,304.3084216156864,3,3,Medium,Ascending,Rainy,21.01620480697272,High,2221.9146173277068,34,37.84980030919496,9.266106053253694
30.38386884153723,50.39649001179268,315.6550674927856,Normal,Rural,3,Descending,Cloudy,38.266478707818365,Medium,1253.7113137173112,55,32.49661890679884,7.1455780929729205
96.4432142252763,23.5728023101779,364.11531288601566,Normal,3,Medium,Flat,Rainy,8.722037434695341,Low,1277.8442696077093,12,12.400669447305903,9.93432934652737
98.13864882794287,46.80994133569798,339.8992916670247,3,3,3,Ascending,Rainy,13.967706723072958,Medium,2392.3407225891942,56,46.35745555002836,11.72636074919355
117.47368270255944,51.31488161782845,382.5552379417686,3,Rural,Heavy,Ascending,Cloudy,12.821861558475836,High,1630.2768962562825,35,41.80083150221351,11.774723276762618
60.224343722940446,99.1937193019952,307.1933151481366,Normal,3,3,Ascending,3,-2.8689133874493065,Medium,1451.3210277088783,29,13.53676418408726,5.735129018730635
54.594825567328456,36.63086975355004,319.6414086814701,3,3,Medium,Descending,3,32.33673708432513,Low,1359.9749212142092,15,16.571384808446854,6.692857640353409
90.41707265357768,63.58236922960798,330.00264054648954,Sport,Highway,3,Ascending,Cloudy,-3.887681508843412,Medium,1818.7447215093496,13,9.319206475264371,7.636930009148638
15.896478761031188,98.9852439358903,362.67300866887854,Sport,Rural,3,Flat,3,27.844431298825526,Medium,2202.368502769321,44,32.16368655699664,6.639389556997164
65.6298616551749,83.36153663521081,368.5172690301547,3,Rural,3,Descending,Cloudy,13.31791521948688,Low,1877.4530978208024,42,35.08675730864245,9.818152042332413
65.54971201570211,99.46940007056712,312.4203293963774,3,Rural,Medium,Ascending,Cloudy,-4.71885277653909,High,1226.875783511055,34,19.85446734676041,7.560275388563164
10.736774737246469,97.46386517281354,394.38047089917393,Sport,3,3,Ascending,Rainy,8.047610628825975,Medium,1829.0764557923944,54,36.88421926416613,5.976372094989868
50.15809026082963,59.16316336753234,334.1044135190209,Normal,3,3,Descending,3,10.575746316347228,High,1605.1542003976188,67,49.579175910780144,9.381308108541678
102.39417582806423,75.71006798964527,371.3168763000283,Normal,3,Medium,Ascending,3,38.41161119770069,Low,2087.7169212235767,29,30.63621554568857,11.017641310284912
102.73843463935924,28.835450155292087,352.42077189476987,Sport,Rural,Heavy,Ascending,Cloudy,24.74855939233552,Medium,1880.5616589108045,31,32.49926440242416,11.731759881981723
11.90851979036172,55.29190600374415,322.27581135471064,Normal,Highway,Heavy,Descending,Rainy,19.460721617776315,High,2454.938294914746,34,18.754735039827324,4.7366321511644776
10.886505929739702,84.7214833813358,384.6228323115411,3,Rural,Medium,Ascending,Rainy,0.717275389119612,Low,1977.613400247954,17,0.6282591241206724,2.15665350867112
31.52345724023224,60.42682567817147,381.823802819193,3,Rural,Heavy,Ascending,3,12.59969527807676,Medium,2022.2252559385352,68,47.70067632137224,7.999069933941257
104.97192750647922,76.21592262537855,339.607185391669,Sport,Rural,3,Descending,4,-3.39060408798344,Medium,1876.3000053661613,33,38.640000799406685,12.044621802624878
15.468310208819872,79.66010639874216,358.86075856938555,Sport,Highway,Medium,Descending,Cloudy,29.275843831256545,Medium,1604.307133478923,35,34.80884950106299,6.661174801555491
86.39961631529356,40.27753129943151,325.782569593594,Sport,Rural,3,Flat,3,2.324951598718653,Medium,2019.7841052926983,8,1.5875467834969093,8.547794332655092
12.139874353572386,90.05594983540524,368.9851628746301,Sport,Highway,3,Flat,3,21.749606542588047,Medium,1632.7851232100338,53,37.97470603329978,6.632472325096384
74.77654244973904,56.78579447273432,330.9026812620432,Normal,Highway,Medium,Ascending,4,26.472619221534337,High,2132.5525919248207,33,33.53720372716584,9.966897615153998
42.728075894297376,36.8148082897235,384.4078734382235,Normal,Rural,3,Flat,4,11.492910746814353,Medium,1507.9003684953575,42,28.488415391596643,9.936462667102164
94.66967555590404,89.2332705430755,321.7385104277274,Normal,Rural,Medium,Ascending,Rainy,23.46669184447488,Low,1677.959778805238,55,31.21767541039389,9.747812672515998
28.042853859043632,53.425504488500295,301.4803422818464,3,Rural,3,Ascending,Rainy,29.390478774100718,High,1958.7428245056483,67,45.92647091430359,10.028589022574968
76.70421952679519,80.02499507037757,326.85080419679184,3,3,Heavy,Descending,Rainy,3.2855707797694684,Low,2017.039213104992,17,0.4338506930076538,7.674203444033967
28.281904149106197,63.84264577772744,319.1052486459487,Sport,Highway,3,Flat,Rainy,22.03871479768681,Medium,2069.1967196355945,24,7.932910894830646,5.821379554185194
85.63923397345846,50.54974017876003,350.82864397249244,Sport,Rural,3,Flat,Cloudy,28.0247410948391,Low,2110.411409327613,45,44.74838412372594,9.733866842263136
104.84136414728984,84.79011320308555,320.3703291656576,Normal,Highway,Medium,Flat,4,11.067164023748166,High,1613.7982903909058,3,0.5097122585271595,9.008059063366158
15.216215895211205,66.75759453156904,376.3189870719495,Normal,3,Heavy,Flat,3,2.312102115244536,High,2360.3493299252045,43,45.19144352966632,8.634908148668998
103.99148263146044,51.24496819416254,324.1370638004004,Normal,3,3,Descending,Rainy,7.875220950599056,Medium,1238.9136907308168,16,1.5786294071695444,8.919352697828353
71.22903052971576,28.76782962681016,370.6968179912656,Sport,Rural,3,Descending,3,36.9883600077923,Low,1444.9589194238335,55,38.988955528706086,10.339773960007768
15.253258904042877,91.63562510133664,357.8470923013724,Normal,Highway,Heavy,Descending,Cloudy,11.085157964467168,High,1291.1830654378937,37,44.55706823584006,6.870317800299005
51.30502264316544,22.83756682733333,398.62498564718845,Sport,3,Heavy,Ascending,Rainy,-0.1534735508503084,Low,2072.998064101416,51,30.665110201972453,9.423751513998484
19.303235218211743,89.0549878694445,399.9900977009232,Sport,3,Heavy,Descending,Cloudy,-1.2773071557802007,High,1555.7648074177953,54,32.10790853214785,7.770311332716629
84.04174666398833,48.79692199065244,386.952608331733,3,Highway,Heavy,Descending,Rainy,3.1222779584729707,High,1458.899559430032,4,2.623130223290977,8.1687093423057
91.06417613015395,71.14710108011246,375.9983369298751,3,3,Heavy,Flat,3,0.7380551060388276,Medium,1824.8677338457296,24,10.623471810465194,9.053077415916167
12.695582432735875,93.77597790685482,338.64564140005734,Sport,Highway,3,Descending,Cloudy,17.276964698071133,High,2004.7617782712769,60,44.98364172780089,6.526293278914461
60.73678232335732,32.13652924031187,375.3276727131304,Normal,Rural,Heavy,Descending,Rainy,10.6398149879024,Low,2005.0199160299255,53,41.20342952975339,8.49741011821849
97.75500672311006,65.35603805110482,395.6675537079491,Sport,Highway,Heavy,Flat,3,32.86325446074689,High,1924.6882882801085,30,3.071428985057565,7.650181972367486
112.33956498611958,81.15462898961536,302.33775753954444,Sport,Rural,3,Flat,3,34.648533959404794,Low,2489.582268025645,44,40.6679570390314,11.373428995197829
61.6221440090124,80.6067066175246,353.7914700197739,Sport,Highway,Medium,Descending,3,16.29757245495009,Low,2318.2792103016463,24,21.231876916596413,6.716770240321433
114.03350683336885,62.05055316796032,321.79983043884346,Sport,3,3,Flat,Rainy,34.98371970540675,High,1510.518266651477,36,28.08006111580788,10.263787519869828
64.28267645472357,69.97915679251665,355.787631586885,3,Rural,Medium,Flat,3,15.270773742895445,Medium,2186.331137547053,4,5.509432352824908,7.740167736800593
47.30285935198896,80.60215953062756,346.6447089758891,3,Highway,Heavy,Flat,3,23.888295577541136,High,1940.0863885737251,38,19.992337552875327,6.098177927202117
101.78437542634744,87.28221102059294,357.5768581552284,Sport,Rural,Medium,Ascending,Rainy,2.314067469148787,High,1291.6747634951305,31,21.802034647169577,8.86406599982643
59.157925254970685,80.94504775006911,355.09622214187243,3,Highway,3,Descending,Cloudy,-2.6337847180156038,Medium,1264.4554103995383,51,33.50746842929461,7.742205397874202
56.62830126774276,48.32039545449941,396.0107039168562,3,Highway,Medium,Flat,3,2.203832938215881,Low,2239.5047686988137,38,32.91101163666107,6.674405280821846
58.837498729179394,99.73811208461863,355.2186108934736,Normal,Rural,Medium,Ascending,Rainy,6.333035613043288,High,1908.4878965787168,36,27.488836569948862,7.900065095998963
101.61420022436944,54.76021549754435,384.6232088124867,3,Rural,Medium,Ascending,Cloudy,28.79418518681554,Low,1942.7223555108897,2,1.6691547381109693,9.256176077796392
99.83298500256626,21.957176220714672,331.9820286800846,3,Rural,Heavy,Ascending,3,2.8077359107661763,Low,1637.1497713345934,8,8.158903135750792,8.780312730259526
48.422399092825344,49.00935612683696,343.8100688791049,Sport,3,3,Flat,Rainy,0.8794612991214414,Medium,2409.4524924625166,11,8.097431717437734,6.594905160815781
39.995983184463,30.222636365907466,347.04134760448096,3,Highway,Medium,Flat,4,36.74242206082519,High,2127.352116925482,65,44.39784838393813,10.493515679935763
59.03136288469551,29.71540925827,327.87280433353794,3,Highway,Heavy,Flat,Rainy,25.996109005477383,High,2406.104243811036,55,45.09531278918781,11.87162441131521
68.73270116845308,42.52280320855155,337.97902614779554,3,Rural,3,Ascending,3,16.298751357772623,Medium,1329.0474346406857,62,40.34426291688734,11.502115659962268
28.600465275359635,24.270039534180867,359.85130794667754,Sport,Highway,3,Ascending,Cloudy,-0.7264223052908649,High,1958.848154169866,20,8.826480595704627,7.6391255690751665
95.27461016587088,75.08097507276504,358.01877633045325,Sport,Highway,3,Descending,Cloudy,33.33059102071103,High,2028.7854247759,56,42.02356603259572,11.315825566037269
58.377931887890746,25.919110736152405,363.643534457348,3,Highway,3,Descending,Cloudy,-0.1283706145011001,Low,1363.791319587061,19,9.460960240754304,7.203462152580542
40.08546581039515,36.263164434876494,335.18179154201414,Sport,Rural,Heavy,Flat,3,22.49709392842851,Low,1650.1444845347846,50,27.77607177311484,7.797638156872221
12.818519155678874,27.431977159529552,331.5831495153057,Sport,Highway,3,Descending,3,25.04544216796691,Low,1479.2456513576171,44,36.72043011035881,6.965973306258247
28.661419248432832,25.053418472242484,361.1617882754163,Normal,Highway,Medium,Ascending,Cloudy,13.006246231749426,Medium,2479.796668257139,7,2.672894172232864,6.493125396121871
113.91374061071804,41.420133243163335,313.2861748427525,3,3,3,Descending,Cloudy,36.00475262520588,Low,1906.439748497588,43,29.936672821382377,11.80152847329188
36.61196241834319,65.7519174128296,325.303154353214,Normal,3,3,Descending,Cloudy,-2.7184724730941268,Medium,1609.8391868727367,15,12.63156267717311,6.799512425174094
20.26311472404424,97.17484451574734,304.2127736952995,3,Rural,Heavy,Ascending,Cloudy,31.815260760941012,High,2063.8456476589145,42,24.943038067472823,4.5458940154609255
55.28073499859919,90.0445323479685,307.261085259608,3,Highway,Medium,Descending,Rainy,19.92074792161899,Medium,2057.411906552815,36,19.25672265607043,7.228597199543894
36.85052920322984,90.074714035626,324.3383279260609,Normal,Highway,Medium,Descending,3,22.50416759834271,High,1651.5294887252687,34,34.360266737138275,7.360512272654538
4.219110032543298,34.08536288301261,301.9529280296919,Normal,3,Heavy,Flat,4,39.40715031170576,Medium,2492.099716679747,39,24.51059755179241,6.065027240135147
38.77742607353007,41.19257547982561,324.54105920874616,3,Rural,Heavy,Flat,Cloudy,21.219151140302017,Low,2251.650057235691,21,15.151348440904345,6.704461981068952
65.29303487273623,26.111465343624456,365.4976323062026,Normal,Rural,Medium,Descending,Rainy,30.866259350307686,Medium,1720.413620715868,51,45.52690134315755,10.380540491438865
66.20548464239603,82.2774671932148,306.1107078468933,Normal,Highway,Medium,Flat,4,1.908884457389684,High,2058.0771475860533,60,47.956775770523166,10.956898549681284
42.78707054122664,25.58530411884496,343.6736677794641,Sport,3,3,Descending,4,31.4180316449418,Low,2123.701509547573,52,40.11519166325927,9.830079806399269
53.67633075031208,64.53565366566826,391.3108786919549,3,3,Heavy,Flat,Cloudy,29.24828082508749,Low,1425.9614755620146,45,29.078975699911435,8.01900099185891
115.86215018817197,39.830045785916056,379.1284828925401,Sport,3,Medium,Flat,Cloudy,38.56495330154582,High,2341.606923765728,48,44.23158424446046,12.059867766722649
45.28181726763739,39.47565072229958,330.54375022948574,3,Highway,Medium,Ascending,Rainy,37.10697857361942,Low,2273.849152870471,38,30.1234971632944,7.25388708289075
30.98721759119796,99.25800441980842,392.4805479191647,Sport,Highway,Heavy,Flat,Cloudy,4.629394548013247,High,2182.377409930077,24,7.526621750662565,5.772144918706597
29.216045288011216,80.54238455828299,332.9646496747725,3,Highway,Heavy,Flat,4,15.921990816894766,Medium,1489.478879356066,20,0.969626095953254,5.249141955863587
54.9317535244961,86.955148663284,307.25154963375627,Sport,3,Medium,Flat,Cloudy,36.0167430177784,High,1377.124759249661,44,36.32313689382051,7.515309746666917
91.14241784603328,65.75861482752101,399.40559567681134,3,Rural,Heavy,Descending,Rainy,23.834428136844007,Medium,1434.712508823307,32,37.64902290445536,10.882053239522294
24.718582102616782,89.68114299149994,387.0022527189172,Sport,Highway,Medium,Descending,Rainy,15.866517742279155,Low,1320.924452035361,51,46.29871675445666,7.764347492135589
85.11553525689217,71.63924313330824,346.59327833010923,Normal,Highway,Medium,Ascending,Rainy,-0.0977557279626175,Medium,2422.3780789585758,52,41.22945206505869,10.953091547800655
2.5379788019299543,95.69389638370762,366.6376524192404,3,Rural,3,Descending,Rainy,10.82909052563033,Medium,2306.942784471857,28,32.01516024358624,5.166777637095064
50.27195735807352,42.50708688365094,367.122807785667,Normal,Rural,3,Ascending,Rainy,24.93579771191106,High,1318.0133069425783,30,9.596141431771269,6.428857525041456
93.10380782433442,67.6255636626316,319.44822307304605,Sport,3,Heavy,Descending,Cloudy,29.961151687772364,Medium,2081.361917807828,49,29.743119082081705,10.92865961925856
40.64795469293177,75.21050783495137,320.00486331536325,3,Highway,Heavy,Ascending,3,15.122511130416369,High,1519.2635553130092,23,21.79078937792108,9.066741533716002
67.64845217344794,51.43498440222453,346.9580703351826,Sport,3,Medium,Ascending,Rainy,-2.4869978145012666,Medium,1222.455749305518,19,11.682212616334782,7.482438127309715
24.597507939109292,90.37663859232426,391.1573140137698,Sport,Highway,3,Flat,3,23.49274820212887,High,1580.109778785615,35,39.976542470842816,7.641941065519444
89.03944693514067,98.38425304833235,300.99937748585705,Normal,3,Heavy,Flat,Cloudy,36.47138765011975,Low,1772.0390901066316,22,7.5628387123058705,8.45113160182583
6.273492392251154,59.501559309812926,378.2505635949359,3,3,Medium,Flat,Rainy,17.33848370074675,Low,1226.0496062071277,38,31.553924766986363,6.943491957236682
102.30511738506004,51.251252384347126,305.75267837146544,Sport,Rural,3,Ascending,3,36.77911155801818,Low,1620.8360400761617,44,30.57662048310884,11.487186944775342
23.783566370600177,57.7550342845167,347.8222114883118,Normal,Highway,Medium,Descending,3,10.934532564814388,High,2110.4584180753864,37,15.250333336709762,5.378066286736056
104.92776380499969,88.21893965855453,363.7872833073477,Normal,Rural,3,Flat,4,34.886459647138864,Medium,1496.95699674484,39,21.519033138383232,10.739179626966244
42.30350895606208,71.6374740414534,368.6759267082465,Normal,Rural,Medium,Flat,3,30.38528886844827,Medium,1830.3608679235383,23,5.916929479587937,5.635104669280907
86.72202893693839,23.58178980144761,305.84792636159113,Normal,Rural,3,Flat,4,38.278369747300125,High,2353.8551869474004,13,1.374092593301305,9.360760775256953
38.30703573434262,63.37359283565719,341.8603617383968,Sport,Highway,Medium,Descending,4,30.59595558446926,Medium,1236.908278171677,17,0.7496377577651544,5.343880620460042
108.7094005481577,21.384009819277587,358.38372605023244,Sport,3,Medium,Descending,3,9.46658873337109,Medium,2221.328289279644,33,8.79869704476792,10.585311507159116
15.196455062204922,82.28282968027244,306.6045537306007,Sport,3,Heavy,Ascending,4,35.52553872846929,High,1699.0606707270713,36,43.36195609689624,7.44896720434477
21.422374712711843,46.2649818833971,313.509455659531,3,Highway,3,Descending,3,25.137898440751258,Medium,1903.49485834696,46,26.178176055031894,6.038607358356716
59.16361501905627,57.760598569386346,366.3648989504039,3,Highway,3,Flat,4,2.2931196583556748,High,1500.1332459598182,19,5.944086041649463,7.159738314017725
9.832612684577535,83.89424847261056,352.16381965906515,Normal,3,Heavy,Descending,Rainy,-2.931571411728793,Medium,1952.632998858512,64,45.28420472785941,6.946252635325308
23.51762216421143,23.715905382860925,316.182866126829,Sport,3,Heavy,Descending,Rainy,11.463052186672837,Low,2149.909544384516,53,28.487549493993445,7.196842372254399
113.25196586544172,32.68332284732884,353.52393369147336,Normal,Rural,Medium,Flat,Rainy,30.408886737925485,High,1461.9993085806686,18,1.4914878771367115,10.087974387786938
117.17875933774646,51.83683011560919,391.2692373444416,Sport,3,3,Ascending,3,22.819656795111367,High,1646.249463096255,50,38.1601728605613,13.21304187966725
45.15111951965064,38.39401308364485,301.5587584775364,3,Rural,Medium,Flat,3,18.72072218782039,Medium,1937.5926970202324,28,23.72441414448951,7.866299137899775
110.79432252167229,47.03211406200505,364.26337734858544,Normal,3,Medium,Ascending,Cloudy,-4.832256443438383,Medium,1741.815296002791,51,26.68987202678837,12.1236561802333
65.3789610808118,99.8539790313972,307.3650434605342,Sport,3,Medium,Flat,3,14.597531594443408,Medium,1581.098741255454,28,30.700020095452903,7.805392997335802
32.369095904852045,86.03315500590486,300.6449442964701,Sport,3,Heavy,Ascending,Cloudy,2.097552492636197,High,1787.1936627659393,12,4.813074678894213,4.496304373249061
84.28784652967184,90.71214519680868,315.0654488660634,Sport,Rural,3,Flat,Cloudy,15.455532870093451,High,1578.076097334779,54,47.39223529127168,10.246947280472773
79.06821678898287,94.96437068526204,342.2906631853919,Normal,Rural,Heavy,Ascending,Rainy,39.62966448945264,Low,1592.4356583872186,35,12.84408380963654,6.680837104837359
118.695038293048,47.27487042513565,380.2343998981953,3,3,Heavy,Flat,3,34.5792470403968,High,1993.823780481231,54,31.129427905751665,11.469649189256756
31.805674489114,43.76615662371782,328.1785496604559,Sport,Rural,3,Flat,3,8.978377184796148,Medium,1820.184853173208,40,42.79259202286708,8.360928713164276
80.64714031940825,38.72499940576599,362.5673212388759,Normal,Rural,3,Flat,Cloudy,21.70783268333193,Low,2080.193892036596,32,16.662684998708926,8.493690057766445
6.242850603533627,86.40935290464981,341.1156637955307,Sport,Rural,Heavy,Descending,Cloudy,17.594285503626296,Medium,2288.678498662019,35,31.41489269489769,5.961828685776296
13.63752464360633,74.3641489828148,323.4331791966008,Normal,Rural,Heavy,Descending,3,0.8521152346607268,Low,2425.854927217567,55,49.44496962351212,8.460886129689529
0.4702049941311914,38.893758598630185,351.42471142828583,3,Highway,Heavy,Descending,Cloudy,39.541293211683296,High,1396.7567300143478,34,42.60478090094656,7.618049361408673
119.93528172716076,50.15950633683639,379.7464490372623,Sport,Rural,3,Ascending,3,14.132882047598088,Low,2014.0474487423471,44,38.98630571050018,12.44984587981752
96.27284365769734,60.53694111462386,383.2492370056144,Normal,3,3,Descending,3,17.75465666823232,High,1957.1193997396397,25,22.02108003901053,9.38426938251468
94.4067617680249,62.251204581900296,384.6519531877237,Sport,Rural,Medium,Flat,4,24.141969053992295,High,2327.028833069986,21,22.6183500192322,8.865585848234456
61.16712903458156,91.09821828413718,333.855781255498,Normal,3,3,Ascending,Cloudy,3.6195039908778064,Low,2364.6568766505825,44,24.32844068556373,6.72247715807717
36.00804994865279,50.445290635777305,379.3456064715753,3,Rural,Heavy,Flat,Rainy,5.000197106182135,High,2188.6533689699536,58,34.55253778253593,7.370721056450106
18.15171413552111,92.681922440041,321.2178455108908,3,3,3,Descending,3,3.6651291338396823,Medium,1974.1003777195988,9,7.302427619155824,3.916894003259952
34.16096866157564,55.30940482558317,373.8425101242883,Normal,Highway,3,Ascending,Cloudy,12.300949455993775,High,1459.041639721363,64,43.06529844525486,9.671382898411046
45.116546631496696,79.7098139833883,394.83844262726166,3,3,3,Descending,Cloudy,3.9854630405974154,High,1559.629916606138,17,1.0021443047404142,5.591899605629249
90.7572116376353,94.42034559880447,301.37438346909573,Sport,Rural,Heavy,Flat,Cloudy,36.68781855740752,High,1983.59721544386,36,8.582657671262634,7.657048767720149
64.75941466837828,92.6060563170613,344.0363931178798,3,Rural,Medium,Flat,3,27.14413208576084,High,1381.1468935821572,39,24.142536184918317,8.25866920260207
9.298035186657923,24.556229383654493,364.77709884140046,Sport,3,Medium,Descending,3,35.40260061503392,Low,1439.153425433732,12,12.680635282675656,4.732992925143504
2.163481075069469,36.45634359812559,370.1775770487553,3,Highway,Heavy,Descending,3,33.18178586395892,Medium,2384.861950491297,32,18.34252675431614,5.369499014441643
12.279861544087575,58.15243404258201,317.60877582692024,3,Rural,Heavy,Descending,Cloudy,26.64183782035442,High,2443.205611269973,30,16.69589628767795,5.051384324262562
49.25984564368552,54.52434319624858,397.2183275238593,Sport,Rural,Medium,Descending,Rainy,5.923578508382169,Low,1206.805116405338,21,13.52134016097997,5.63749518664674
111.9831500458822,71.27133318697656,361.5265367970973,3,3,Heavy,Descending,4,22.689348892890784,High,2321.22650620901,15,19.07579016600529,11.165304331422734
76.48829774510659,95.57672406603298,316.4340601228268,Sport,3,3,Ascending,Rainy,3.3834487285870303,High,2419.4176464146494,47,25.31388963220837,7.825705410597817
96.2191079850618,28.992376902235904,302.0522511712516,Sport,Highway,3,Flat,3,0.961422182962492,Medium,1883.461313033888,43,23.870304185741062,10.484234408891082
55.964951340545824,56.14869321073924,378.3264198789776,3,3,Medium,Ascending,3,23.465885887867284,Medium,1783.570661452432,44,40.61492741642656,9.223084458961484
43.39992998340514,35.39288303097115,307.9704739445459,3,Rural,3,Flat,3,23.108151709223947,Low,2394.439345218019,21,15.476438497857751,7.210125760943558
13.008044725994727,91.5286078718358,314.10509210702367,Sport,3,Medium,Ascending,Rainy,2.0479963908769747,Low,1209.7931037577948,19,14.167332707736392,4.897763139133275
105.1119626623446,97.16641486413222,357.4830026855691,Normal,Highway,Heavy,Descending,Rainy,10.859246385156917,Medium,2292.631587120733,30,25.27199463244098,10.50011692192592
93.97920348334834,58.29613455122801,360.350550344962,3,Highway,Medium,Descending,3,-2.017347176442692,High,1585.5488858559638,8,2.4919238781807387,9.129258067751053
20.174171711727013,28.32082381825126,368.6887118592399,3,Rural,Medium,Flat,4,27.20799011587236,Medium,2033.510867856164,26,5.679333643862539,5.750894131876491
61.47126766515126,82.82357333781385,339.3514012663621,Normal,3,3,Ascending,4,39.437304312889474,Medium,1620.1574368651495,61,40.174090597354606,8.413244195035924
58.48497695054939,75.77130803939193,377.3898668966823,Normal,Rural,Medium,Descending,Cloudy,28.29577699412654,Low,1879.828163350903,39,24.736102147177952,7.414833597277294
75.01098632238343,48.37366612882484,397.4358599615889,3,Highway,Medium,Flat,Rainy,32.98684763089486,Low,2250.812310910782,15,3.4201155619453023,6.309307976495355
113.54242727895137,90.99259791751707,327.1094943079883,3,Highway,Medium,Descending,4,16.435445902812372,High,1435.6496449766837,19,22.07510790588893,9.836535323008674
69.57257301149755,98.06655118261658,370.3028616537946,3,3,Heavy,Flat,3,-0.6987163474962355,Low,2063.0942047330477,35,19.973392013602588,7.443496474720487
64.82607201343423,64.62830793041563,392.8468652395157,Normal,3,3,Flat,Rainy,27.697293512738632,Low,2367.8378861983483,33,12.382110642618288,9.22674230797155
6.038751952159673,65.25823290754339,368.6286762617043,3,Rural,3,Ascending,Cloudy,6.5434090058866605,High,2371.367221113679,18,18.66795194253901,4.918693246609815
7.548897122162872,43.80108040910223,368.110949864426,Normal,Highway,Medium,Descending,Cloudy,12.473227896588831,Medium,2362.3572181115014,38,9.498934614282565,3.855103313372144
22.481614959214667,66.76048287866513,322.3772569085207,Normal,Rural,Medium,Descending,Rainy,26.63946624828295,Low,1874.0024656241144,29,22.508072306890817,5.840545597852547
3.8964926030097935,55.171385641987726,353.5130200319693,Sport,Rural,Heavy,Flat,3,35.715303678801206,High,2198.011629202896,24,20.485552763823694,4.887325011302765
89.20234746840148,44.17528215424415,356.252284360458,Normal,Rural,3,Ascending,4,16.881207204966238,Medium,1780.9150688814375,43,30.41426748102232,11.20696986524105
86.79963647927558,25.374815721912107,370.01295624559526,Sport,Highway,3,Flat,Rainy,38.27225078930477,Low,1798.2124033301552,42,47.11100046338065,11.790440154245143
16.326748131797153,40.21662877672999,399.6821449896183,Normal,3,Medium,Flat,3,18.395658773230185,High,1569.0105531015445,24,9.354579233309355,5.987728228313665
100.32946809543373,35.828371974213155,303.3643822543762,Normal,Highway,Heavy,Flat,Rainy,0.5129701808413287,Low,1570.7957094606247,40,20.930302493930068,11.239712930159506
18.57432418153344,63.36335876431591,306.5232661267487,Sport,Rural,Heavy,Descending,Cloudy,18.32951856214288,Medium,1249.171618554583,44,28.154804533316927,5.933342339943998
36.141070439683055,68.13360174108752,307.7950069430919,Sport,Highway,Medium,Ascending,Rainy,33.728246767208525,High,1890.913111078884,52,27.394863068632723,7.599449478469549
29.877227899363803,68.68573794448132,374.29791344889566,Sport,Rural,Medium,Descending,3,19.2120309905944,High,1601.3891887319787,31,33.10089746068212,7.252311090769276
44.67685182876573,51.054480083654326,313.63537951107577,Sport,Rural,Medium,Ascending,3,28.648990653808774,Medium,1443.9923628476631,40,13.469725923009308,6.55671511623086
30.559651906795423,53.69837869483968,362.2451874490345,Sport,3,Medium,Flat,Cloudy,19.658092533604396,Low,1358.2266644090796,28,31.76408456425257,5.986484761812808
58.674111172614246,86.7390743712512,332.46688778934583,Sport,Rural,Medium,Flat,3,19.572455216780515,Medium,1651.09847894469,31,10.138390147677542,5.758374111631579
48.88894576256225,58.098625081372994,345.7319956210711,Sport,Highway,Heavy,Descending,3,7.814240558376937,High,2368.7137306085187,15,6.360231737956044,7.553989478315814
118.3883388935192,99.0218665709698,321.5663159817414,Normal,3,Heavy,Ascending,Cloudy,4.056721805008598,Medium,1871.3220480897864,40,41.599085511262615,11.099036320222506
6.71116201538708,55.16937840070919,386.61065613045423,Normal,3,Medium,Descending,3,7.551345813009423,Medium,1924.0167654812328,48,23.739621388442732,6.238372540097466
17.061765166482196,71.96647556942712,358.61503241630265,Sport,3,Medium,Ascending,3,14.837705091571593,Low,1270.6262441600388,32,19.92413857025289,6.9730783072396685
6.339107269032298,24.029039919471664,394.4563263582253,3,3,3,Ascending,Rainy,31.431554981801423,Medium,1875.8002439888717,40,46.43288053188217,7.932240147203319
75.10094339788509,72.26719395350486,357.45962497043297,Sport,3,Heavy,Flat,Rainy,32.30459982867372,High,2067.895263243636,44,35.51689368615813,9.47239358868603
6.54111328964635,88.11411155320049,312.3908030596947,3,Highway,Heavy,Flat,Rainy,2.3520017232723127,Medium,1395.929785817336,46,33.88872574391947,5.290204221791519
100.3727684851348,95.3966270826637,317.0870433838476,Normal,Rural,Medium,Ascending,Rainy,19.87847113694388,Low,2478.619934776226,24,9.793560382347383,8.706081745570788
61.432635681831336,99.78564893118164,398.9073976367847,Normal,Rural,Heavy,Descending,4,13.72124753335426,Medium,2389.6488341243557,34,10.54198461895103,7.122869364533861
63.24091494978405,42.57429165193865,372.5565197330868,3,Rural,Heavy,Ascending,Rainy,20.69210765371735,Medium,2491.032940370733,46,24.20675765815663,9.237809936017296
67.39134092546331,66.02960518605735,304.927875002909,Normal,Rural,Heavy,Descending,Rainy,24.1430524157662,Medium,1668.412074635051,36,32.64995805573808,10.068201847522184
20.497644756745288,56.05743884257179,370.3781005034665,Sport,3,3,Flat,Rainy,7.582539672348517,Low,2268.988902957896,17,19.824098789043585,6.384734683576825
23.722836373738502,65.10539844601368,341.21730468096115,3,Rural,Heavy,Descending,Cloudy,36.36590718737162,Medium,1627.3564315430203,32,3.3028448631143297,5.122016912890608
38.25807874476056,32.59623657518773,330.720838682319,3,Rural,Medium,Descending,Rainy,37.09516697509079,High,2173.8684457604263,49,34.18314368954191,8.406925773195905
71.21956989862217,88.49196580767531,315.40607937305344,Normal,3,Heavy,Descending,4,-0.2589015852824454,Medium,2432.178717438512,38,38.7101877518679,8.807811847029981
25.214133112825746,92.765515467567,383.9903954556565,3,3,Heavy,Descending,4,26.635831650229854,High,1401.5268011811563,44,47.22069358071457,8.15212316657824
13.959807255991349,55.972933049033806,306.38413789891007,3,3,3,Ascending,4,-3.5045572237273213,High,1382.4158339527576,23,20.497509458244675,6.7593735360464136
116.41402637021186,42.43438892588615,328.98354623796405,3,Rural,Heavy,Ascending,3,-2.9046290941722037,Medium,1335.725841883387,24,12.976597967468136,11.185162908248254
2.637817777154749,31.266674212240986,330.63828938257046,Normal,3,3,Descending,Cloudy,38.10099613373598,Low,2237.855993565488,39,46.297819472643866,8.686454650144436
96.3236886403226,74.70118598222436,316.09052839635,3,3,3,Descending,Rainy,26.2683910691642,High,2066.623686630386,30,35.78542819470324,10.206299501720714
94.56421794900264,44.97854716965882,350.818488328687,3,Highway,3,Ascending,Rainy,9.604373343162246,Low,1879.0097062237744,6,3.292916499088419,9.90719566786036
35.66569366141152,92.7630855930711,301.17026268108924,Sport,Highway,Heavy,Flat,3,25.14449504856508,High,2206.0864501528376,52,29.0433642958454,6.592068449350117
16.27519392087761,73.6809979875896,330.0975515410409,Sport,Rural,Medium,Ascending,Cloudy,33.06257727941566,Low,2304.900131120326,22,1.523480304873927,5.047902231985146
17.47543760465081,71.65482601393926,393.3629444033064,3,3,Medium,Flat,3,34.190656438508675,Low,2434.3869584534677,25,11.40354908224172,5.263081809050043
83.6917940684631,64.75216927185926,331.0529569342005,Normal,Rural,Heavy,Flat,4,-4.076609943912559,Low,1461.626364500421,25,3.640549170606744,7.330893759386813
77.13679093034084,23.66210715429805,336.0459387106752,3,Highway,3,Flat,3,31.820260333461896,Medium,1774.179614265805,11,10.324079711017278,9.347838622776544
93.9294809101664,94.55379485484696,347.3165048234072,Normal,Highway,Medium,Flat,Cloudy,33.39412217769697,High,2399.917344295792,47,24.547142882623767,10.53666277229635
112.49774068789256,70.2349994639568,356.1693374851475,Sport,3,Heavy,Descending,3,21.80065922043368,Low,1799.720821046844,42,15.01343759387134,9.607755084918152
83.03128359199104,99.52495867064884,380.8708644820744,Sport,Rural,Medium,Flat,Cloudy,16.595672959751006,Medium,1833.951531220482,24,4.491830267142879,6.252420767981662
18.70218438617321,62.988512381830965,319.0321223156018,3,Highway,Heavy,Descending,3,-0.0050487261068052,Low,2425.178799906116,45,24.154809299554056,7.1645725856359785
29.21311401184928,76.80887135249705,387.1746377192557,Normal,3,3,Flat,Cloudy,5.782622785100461,Medium,2155.0791841442506,44,35.4535677944804,7.522760582374384
101.06324770477374,24.49676462929777,375.7549357143889,Normal,Rural,Medium,Flat,Rainy,17.07183038494408,Low,1917.6626069427143,9,2.750951773028165,9.369097333748844
25.11672910010503,70.53889414587287,372.2650334661555,Normal,3,Heavy,Ascending,4,33.92858700280796,Medium,1664.47205824812,47,44.131882633858304,8.145139597202721
8.702678034537769,81.17196892722859,308.68045737146355,3,3,Heavy,Descending,Cloudy,31.14104605596953,Medium,2389.9543095271174,36,32.68818472961897,6.529670208590832
84.39360648507005,82.28114358820459,302.16406899745846,Normal,Highway,Medium,Flat,3,17.316831141343137,Low,1211.620054283251,38,26.020129631229278,9.53918082849565
48.30316265881704,81.60893217842283,359.4012700908084,Sport,Rural,Heavy,Descending,3,30.35321602737156,High,1617.3080575079837,40,19.87621116378084,7.107148224495037
110.40480630550844,38.10261018349341,386.3133962523161,Normal,Highway,Medium,Flat,4,29.458001875740337,Medium,2429.89510533742,40,19.725057360517223,11.333292988410298
78.03060853123938,98.03187820841808,358.4441464140636,Normal,Rural,Heavy,Ascending,Rainy,21.05569081149733,Medium,1847.6649359372443,14,16.844383155310588,9.398036844000083
10.85027733499929,99.6145696499951,321.3234865445531,3,Rural,Medium,Ascending,Rainy,4.914645404438504,Medium,2011.0110230073783,19,5.874894806088877,5.0878991851840905
113.74278807043927,26.0476700129281,309.0519897949213,3,3,3,Ascending,Rainy,10.660169594193228,High,1892.40027636944,33,4.0541701823620935,10.243764503113349
31.026871636829508,94.91571382494058,369.95964528177353,3,3,Medium,Ascending,Cloudy,2.382904758658817,Medium,1716.568916151998,16,15.510631228755056,5.909753603183948
40.46549884875429,43.155935544349546,372.177027731781,3,Rural,Heavy,Ascending,4,-4.678227210975833,High,2064.867171289853,32,33.386495813980204,8.28952050617977
48.27124964202505,75.14272654007718,317.25317006871086,3,3,3,Descending,Cloudy,-1.3763555896353563,High,2196.417144911794,40,14.490878444019671,6.606695556745846
6.14691556851759,47.04887365889057,302.81903154965363,Normal,Highway,3,Descending,Cloudy,29.18315354769061,High,1673.754296384018,49,40.63202113639495,6.506407621397307
59.58185066767258,97.42034586984973,340.8283513223197,Normal,Rural,Medium,Flat,Cloudy,-3.493123215462602,High,1967.6778833169687,35,19.07650319454387,8.537953729665482
14.79821892903507,28.12030866428284,358.27187021330224,3,Highway,Medium,Ascending,Cloudy,12.993368746635625,High,1307.5855884102978,27,31.59655988157529,8.270115120870988
48.11643920260221,59.81974535651008,370.6002409567191,3,3,Medium,Flat,3,39.36011492523787,Low,1911.877289186524,37,21.652480758285115,7.520354271362245
42.08517455905012,54.243823355365976,380.9945009152903,Normal,Rural,3,Descending,3,30.785764801459905,High,2172.074520997684,43,24.94154193721306,6.260149547885971
92.7408100111804,46.0818761822388,361.0537427306732,3,3,3,Ascending,3,28.777792226762383,Low,1960.8169918929088,12,12.58301243685118,9.635699004799315
96.38046139592774,71.64271927041189,311.0880608598485,Sport,Highway,Medium,Flat,Cloudy,7.361894558791912,Low,2341.9819190212243,51,25.74206700945457,9.666894706298956
18.40954588669056,30.4844594737334,368.2581672142415,Normal,Rural,Heavy,Ascending,Rainy,23.877859702488625,High,1572.0511433677334,34,5.621588210141804,5.611582889498015
43.986142485507145,77.33299345069575,398.4176642894882,Sport,3,3,Ascending,3,17.442033145797232,Low,1839.282890881115,25,19.3997022958648,7.425418510852231
44.80237932381981,98.44736990438298,390.5584584597404,Normal,Highway,Medium,Ascending,4,23.072098059325743,Medium,1313.7239386500798,28,22.470218092832702,5.715853471584477
18.16925327233021,84.36469715749041,387.1668909269513,Normal,Highway,Heavy,Ascending,3,14.611725354707367,High,2110.0271863306816,51,35.22939768103347,6.703109014880508
95.81442060614286,88.80134023276364,330.2170153358341,Normal,3,Medium,Ascending,Cloudy,18.89333681364129,Low,1775.7589650865011,18,20.071036775947647,8.90997553738428
84.86739940025079,48.7709394543202,375.0788176454001,Normal,Rural,3,Ascending,Cloudy,39.47783120579567,Low,1889.4751168287253,35,33.30525668561732,9.283433050244808
22.84581435564417,45.9909285184975,385.11034459651455,Normal,3,3,Flat,Cloudy,9.819078475358411,Medium,1366.9130620821425,31,8.81334494703796,6.489298861805833
44.00662903125588,61.36386837521066,367.8326204631263,Normal,Rural,Medium,Ascending,3,4.740374806794835,High,2496.557373643348,28,1.358779697045578,6.514353226905074
12.696602982781704,23.658129180981817,325.0561756567981,Normal,Highway,Heavy,Ascending,Rainy,15.182249927382532,High,2203.496034586502,28,25.346778801984986,6.970740161181457
75.38479165116527,95.6286507565226,395.3833971874958,3,Highway,3,Flat,Cloudy,18.594422977407383,High,1720.8187052912472,40,23.746152051825124,8.63283115453184
14.56463094583436,31.502813841295374,345.0819411458676,3,Highway,Medium,Descending,4,-1.1467023690323366,Low,1940.9476326011013,29,33.520649500882065,7.5814440016822
118.31210023499014,92.2410431334474,312.980555866588,3,3,Medium,Flat,Cloudy,31.268740998035653,Medium,2004.3322801217591,32,15.745908600832076,9.905420867860515
93.68184896254348,26.686577760028456,310.9777895057392,Sport,3,Heavy,Flat,Rainy,13.992375446270168,High,2448.995840081743,24,1.5902814250387878,8.610887699859818
46.828625950079406,85.80999421428481,364.7518987299046,Normal,3,Heavy,Descending,Rainy,13.593407522396468,High,2198.9051931510585,53,36.20612328189269,7.298253909549211
69.42767187352253,32.15700207025721,343.7709646416739,3,Highway,3,Ascending,Rainy,24.64779301074684,Low,1654.5668648302883,45,47.11635857464583,11.726200493805203
109.36101794596904,23.050529127317816,309.4483875178964,3,Rural,Heavy,Descending,Cloudy,29.795995000688457,Low,2471.01742086186,26,19.773751004992132,11.248528240470266
66.49191364749913,77.5591560207527,374.0364572156095,3,3,Heavy,Descending,4,39.36731214001616,Low,1592.335200183929,48,30.595276250242616,9.135064100712857
20.939818367754626,42.421224013954266,379.932516725862,Normal,3,3,Descending,4,2.8083864322864827,High,1950.0298846800745,49,27.279891902575432,6.912740957017207
45.44440266973912,77.15969222274796,372.54156307864514,Normal,3,Medium,Flat,Cloudy,10.55000575541092,High,2110.8679821087635,23,28.343472781205037,9.023157490669934
101.17738380356944,64.40682003782558,320.22608776840127,Sport,Highway,3,Descending,3,2.5715770931431265,Low,1552.4635301092069,51,43.38207305100227,11.719638380361673
77.30556191875415,28.70459121840525,368.97754559960697,Sport,Rural,3,Flat,3,34.63847627022665,Low,2443.269423079188,47,36.8432049379194,9.163384812947898
78.08692612005603,94.57040586409308,301.0722802894385,Normal,Rural,Heavy,Ascending,4,19.68219573979824,Medium,1480.9428729428462,33,38.51234196417121,9.523595791250388
104.0185782826187,56.18513398107821,330.51121396784094,Sport,Rural,Heavy,Ascending,3,33.359804306737765,High,1774.305191070779,4,4.592871516682835,9.105170438732438
107.27676689550056,78.75578222389504,339.8821531407544,3,3,Medium,Ascending,3,39.33513809713072,High,1433.8352921409407,12,7.420702694718236,10.078816221565216
110.37510861353236,60.08164576125001,383.5246948885501,Sport,3,Heavy,Flat,4,19.759300637551416,Medium,2337.4838004047915,34,33.198900421301175,11.956329903917284
11.381903190378733,68.34891799689638,339.03943730694044,3,Rural,Medium,Ascending,3,0.3168318635822622,Low,1488.0815861079802,24,27.06884348356411,5.531492927754398
65.29512023557211,44.22188738853539,301.12694461893983,Sport,Highway,Medium,Ascending,3,11.257047440350462,Low,1245.1638631619169,50,38.73648818763874,8.992628937667313
88.86114254619824,36.02882432027602,335.23464118280094,3,Rural,Medium,Ascending,Cloudy,-3.371481622910128,Medium,1250.6225232895124,14,4.744358658014454,10.012132346082868
90.83122141524166,63.40561627264543,349.8924098359288,Sport,3,3,Descending,3,33.218542612131145,High,1737.8793879757377,42,28.3677073462102,10.752657307878236
72.80594423640046,55.21751783768016,394.90047866727735,Sport,Rural,Heavy,Descending,4,-4.195087627689487,Low,1879.610891207692,39,24.35486292077453,8.939861378047988
20.014480222040905,51.20905707471465,394.1034303789545,Normal,Rural,Heavy,Descending,Cloudy,21.648324555847356,High,1254.130221241379,59,42.74887514024924,8.373488146468086
95.69046647299972,73.80537560756984,318.08740382214114,Normal,Rural,Medium,Ascending,4,-0.2240021341688978,Low,1320.7249503652638,27,9.438733744699682,9.974560887786469
86.41336002179348,75.24053056089087,318.51465417394513,3,Highway,Heavy,Flat,Cloudy,-4.659897137262698,Medium,1326.7018408414194,21,17.500785651099342,8.212172465433664
10.336292585884356,23.67360448730104,316.3381456464551,Normal,3,Medium,Flat,4,6.526769901763212,High,2069.051670281396,11,7.608525895869805,6.117687194827596
55.65717896092515,47.09955953949377,378.8921932414103,3,3,Heavy,Flat,Rainy,19.833348686690304,High,1589.7595266593712,34,22.64145172438188,7.78770644418695
20.87728794261643,52.941164018110186,300.60220403684065,Normal,Rural,3,Ascending,Cloudy,-1.6210439507950394,High,1931.3444493561408,59,44.08215004972102,8.315746668087714
40.49724548555663,27.75137289313345,312.7177198191877,Normal,3,Heavy,Ascending,Cloudy,22.66995473410876,High,1295.804762397078,33,33.549640538619855,8.299177375342712
2.169731064682252,38.87206933586307,353.7959631644099,3,Highway,Medium,Ascending,Cloudy,25.23964995118325,Low,2359.7502283649123,44,37.24050925244096,7.569483870034111
48.039584209290986,24.131343777820533,324.75620668867657,Sport,Rural,3,Ascending,4,38.63641450510534,Medium,1595.7632489499908,14,4.75751021994316,7.140458392967246
65.98523053874526,99.69936788936164,309.23564582392623,3,Highway,Heavy,Descending,Rainy,35.479168617465525,High,2211.66094059814,27,22.656094138066152,7.314756619462831
74.34991113925042,78.92457623758756,335.98780123338344,3,Rural,3,Flat,Cloudy,20.505599616047583,Low,2274.713992096773,50,41.94965078264611,10.272059448503608
79.6188414154452,26.99601252022029,327.42076050602446,3,Rural,Medium,Ascending,Rainy,30.701416391949717,Medium,2484.281228549685,38,41.8902324700518,11.462367954555138
100.3549575722952,21.619950383207367,351.11043065142843,Normal,Rural,Medium,Ascending,3,11.36384867411464,High,2163.350575025479,51,49.40220768618821,14.00891870211452
25.855548873087603,77.54302401218241,397.9233593830196,Normal,Highway,Heavy,Ascending,Cloudy,21.357049722860047,High,1775.6472125200194,45,26.34943737178724,5.654152610622367
14.457818692616154,55.13537325461336,312.43046368149186,Normal,3,Medium,Descending,3,13.150937647142603,High,1398.4161613112126,3,0.2033643163518388,4.746488522541664
102.18446062775108,82.94373672516608,337.27267048340946,3,3,Heavy,Descending,Cloudy,10.166879277042591,Low,1262.2338975493526,44,44.96311874590776,12.002426795694811
18.793537787117987,93.8780830254707,393.1985017872474,Sport,3,Medium,Descending,Rainy,27.743776864372457,High,2352.137762420715,40,47.814216090697855,8.093877933761668
116.97120976034344,67.94403112130979,387.6873043493823,Sport,3,Medium,Flat,3,8.350174492903564,High,1780.66240945401,37,46.39453555858243,13.471639569780066
101.10458752783644,34.968673833380244,339.4271034784281,3,Highway,Medium,Flat,4,12.124852150228474,Medium,2174.9527842020143,49,38.61837172514337,12.589834962773214
60.1051927067519,82.5755228837162,369.8953264519736,3,3,Heavy,Ascending,Cloudy,11.522720698635077,Low,1845.2296248590128,18,10.674556050108489,7.388196140261592
117.77057099064302,96.46493945394997,308.78570135813453,Sport,3,Heavy,Ascending,Cloudy,34.16815422338039,Medium,2343.563820305402,19,7.038948043650243,8.724402893657288
11.685207492960505,66.41850296479647,371.2541055543615,Normal,Rural,Heavy,Descending,Rainy,2.66820114779505,High,2174.5649452175767,42,35.07421157349238,6.958607275015512
36.3678913410122,74.55979578245868,397.2857729484741,3,Highway,Heavy,Descending,4,12.166410638454092,High,1311.095087151243,23,7.10710812934964,6.696874046417462
76.58692980487338,46.99797560293384,353.7488152834192,Sport,Rural,Medium,Ascending,Cloudy,34.954140627796995,Medium,2177.790977334046,44,47.67045168014496,11.372073391859924
42.00082421678145,50.5222155728249,349.84902270344145,Sport,3,3,Flat,3,-4.311300835463748,Low,1546.8583933640602,46,22.346805762090845,7.053330506081946
111.40470623769502,78.77235982824511,318.73186197019106,Sport,Rural,Heavy,Flat,4,37.65401478976511,High,2204.9730750099848,21,1.637671493366522,9.11654334415423
7.875130581338108,94.22168787254552,363.3788198907292,Normal,3,Medium,Flat,4,35.45051889079676,High,2433.06950162602,9,7.614620666345874,3.802250003437556
65.92941984731574,70.31907097794817,359.0437280778915,Sport,Rural,Medium,Descending,Rainy,13.803166588410182,Medium,2409.171871696065,33,14.595010856304606,8.029982297376897
70.90395208741374,83.18783267882779,365.193305947575,Sport,Highway,Heavy,Descending,3,24.386137620975827,Medium,1362.500302203185,32,35.21735962666256,8.712761626995714
78.32737485326689,33.73080139322984,302.6083286684721,Sport,Rural,Heavy,Flat,3,39.5979997279902,Medium,1271.0739109685114,55,36.89088700745382,8.881577004323244
30.67994679981773,36.95672722063789,354.87234883490737,3,Rural,Medium,Flat,Cloudy,19.97267696777996,Low,2210.076131891591,11,10.729957637377098,6.157184903324104
43.74797130238373,62.562774946671205,359.4934843497373,3,Rural,Heavy,Ascending,Cloudy,-0.6395588849476237,Low,2122.9502259435885,50,32.46292102315072,8.933189000059977
101.24166355979732,34.124335379427244,320.7530135412802,3,Rural,Heavy,Flat,4,33.41384560886852,Medium,1429.02422012624,24,1.6881856825166162,10.323416813549468
23.39313227641918,70.79960561767389,320.8332857488536,Sport,3,3,Ascending,4,1.0368226550743662,Low,2089.937533382291,29,5.232360965033558,4.583729228613503
99.22414166080344,43.33225483157592,327.621816851095,Sport,Rural,3,Ascending,Rainy,6.577224502268335,High,1220.134225662231,26,26.797032679567312,11.842422429908934
67.5186507483291,83.32260949335137,371.17215917272375,Normal,Highway,Heavy,Flat,4,34.308190887665646,High,2020.510710295278,32,35.22079963031976,8.798168215651083
91.46250134328986,84.64882772914747,360.6266063532372,Sport,Rural,3,Flat,Rainy,6.5213145326846345,High,2281.997222671478,38,45.72692613771016,11.957316698240328
85.63288395161659,57.10299646042824,384.57626461178046,Normal,Highway,3,Ascending,Rainy,28.5288668793737,High,2034.3907011772133,28,21.94384856671945,10.80138325142704
24.90137944618548,34.46485080301082,329.56585718430983,Sport,Rural,Heavy,Descending,3,15.14531554414883,Low,1285.0153469611664,35,6.085657736349789,5.505138959549276
68.25752837206474,71.7419968865546,391.20680598883183,Normal,3,Medium,Ascending,3,29.188702553454306,Low,2488.2640818644068,58,46.455933880138325,11.544001759185305
104.12677833661108,99.42296146108691,374.3706161983358,3,Highway,Medium,Flat,4,5.455851026763442,Low,1662.9189228731857,32,21.92814049619973,9.315878338179598
51.85394841623152,69.80727183540186,339.5011670013697,Sport,Highway,Medium,Ascending,4,13.880448623150578,High,1694.6216490220468,42,24.92390772221317,8.585459866146678
115.990892426798,22.861975257120623,309.5262065625456,Normal,Rural,Medium,Ascending,3,9.317260236620651,Medium,1310.176738500449,58,42.73603226971819,13.271164754934905
54.26581201220617,21.38351806136661,325.69836624874824,3,3,3,Flat,4,6.206981889191566,Low,1417.2529861605171,52,29.33040671093588,9.756491592388391
17.134276400146163,45.628957639384495,395.676821721485,3,3,3,Descending,3,9.14934395828542,Low,1552.528531570034,33,15.142367713439311,4.865939728887553
46.73216160932079,35.66270454883239,331.03633758840795,Sport,Highway,Heavy,Flat,Cloudy,9.534648950431231,High,2238.963080388972,33,27.084943842950334,8.680226925325432
114.20428876686448,85.04409657146465,332.99009601490644,Normal,Rural,Heavy,Flat,4,37.99201871453473,High,2099.2734501652594,27,31.280568778477388,11.116045875998
38.36650192078251,87.58445336288004,318.9588931097717,Normal,3,Medium,Ascending,Rainy,18.995364967634632,Medium,1958.743478693364,60,44.5010144913477,8.742953839495918
104.17177918404754,40.689501704838094,380.68506011387655,Normal,3,Medium,Descending,Cloudy,15.792348474738962,High,2323.061178913491,29,11.818240127062747,10.674930559848846
105.75008180182678,46.05158215599141,327.5644230242277,3,3,Heavy,Flat,Cloudy,17.649335645658354,High,2497.1467470169787,27,28.01301362759961,11.135571038123718
42.02238291983533,38.89975741720917,333.0258248368856,Normal,Rural,Heavy,Ascending,4,39.825893923303845,Low,1700.2067956807568,62,46.03290202558411,9.442330700097278
9.990918966075856,92.67060378970112,341.43481084316267,3,Rural,Medium,Ascending,3,24.41150972010641,Medium,1708.590456388804,7,2.369092247501723,2.638466648698043
86.94694909905819,60.21194676978258,343.372827977461,Normal,Highway,3,Descending,Rainy,26.656898865870456,Medium,2156.9161881926525,10,9.808933860517042,9.45941928209858
37.38147588167833,72.49096352656159,341.13407904150216,3,Rural,3,Ascending,3,9.112982329314606,High,2037.6534760197696,39,17.38111422764495,7.248142156829612
93.95083371090868,53.238566935968265,350.3743695374729,Sport,3,3,Descending,4,16.219196948554128,Low,1217.4114822705164,54,33.955573138486066,8.803798697945654
53.11858179125197,70.4811354803625,381.45128796164033,3,Highway,3,Ascending,3,3.28294252746106,Medium,2052.055496154856,51,42.10817888052935,10.077455250014856
58.23200908111459,50.86843013773888,381.92850407420224,Normal,Rural,3,Descending,4,25.833525506079976,Medium,2135.4909069521464,30,10.038625357050718,7.13695175333288
93.34912880982442,47.17427501833804,379.8313133763347,3,3,Heavy,Ascending,4,10.502253658894896,High,2481.717569697972,11,12.410553453819492,9.6579209348518
45.88359972739535,70.75840585387841,310.1124839116487,Normal,3,Heavy,Ascending,Rainy,28.672976459284087,High,1962.802303439013,44,41.18194326763257,8.856182504305554
53.17528143874974,67.28496624391914,379.9678803274814,Sport,Highway,Medium,Flat,4,4.592258956072215,Medium,2089.743154422338,30,7.502340978072437,5.36012350879784
45.142856252354655,43.48223633343597,312.0251773486577,3,Highway,Heavy,Descending,Rainy,13.15763626906768,Medium,2225.3720168569325,22,13.1327294346604,6.879000918144531
44.0808618332736,31.947876025557875,312.4723770052258,Sport,Rural,Heavy,Descending,Cloudy,16.2032952982634,High,1324.7475067376138,31,36.66140993696686,9.927951966934453
63.11358922817513,49.48613550705101,394.7862771634961,3,Rural,Heavy,Ascending,3,2.4936409196590423,High,2155.047828681502,35,8.391323868481207,7.0038123803802135
97.05593334013808,53.21581113135274,381.9397844705541,3,Highway,Heavy,Ascending,4,-1.8684007501437847,High,1910.9254280813104,62,41.41887288177585,12.869105208153105
43.41219743070791,70.29474667396839,355.24104668680087,Sport,Highway,Medium,Ascending,3,9.268046379331247,High,1330.0982578099583,24,24.57677822218643,7.216986061570179
62.9105664645284,93.1623010909491,387.4970204477862,Sport,3,Heavy,Ascending,3,19.520146458678145,High,2070.8450959833385,36,22.433846571975128,6.682207250498036
80.4872790531121,22.89478380263401,398.9364642551863,3,Rural,Heavy,Ascending,Rainy,24.370552685548294,Low,1504.855557093988,23,6.849234555961992,9.13153239733752
32.332733556438605,39.49288100334759,361.06420666317774,3,3,Medium,Ascending,3,14.13721044528836,Low,1899.2672094213124,50,34.014948466220574,8.61018745772781
33.302736588287104,35.497275382364826,361.2898436981518,3,Highway,Heavy,Ascending,3,17.512492589727046,Medium,1565.2482726306907,52,44.21165180523016,9.128622712475105
112.00957524281458,60.18355269550269,375.4427029159928,Sport,Highway,Medium,Descending,3,19.44368384843476,High,1335.8972900610388,38,34.63618342594467,11.967868328238806
86.82414879973064,54.37606456345279,323.2138952365333,Normal,Highway,3,Ascending,4,18.03598694718596,Low,1526.123742491142,41,15.912541682057912,9.743912502649623
69.26240114679706,78.32300990561507,316.71248615187994,Sport,Rural,3,Descending,3,-0.935215001436852,Low,1770.4486087407356,39,34.9700534438266,8.708257089453518
77.72640653047344,39.39327300358911,375.95807500150727,3,Highway,Heavy,Ascending,Cloudy,13.225046472158226,Medium,1842.3675162741613,31,25.54612871408415,9.586603471427782
3.515933172410204,67.55986925998069,334.49047949941024,3,Highway,Heavy,Flat,Rainy,4.194914049722087,High,1393.025195089769,39,42.70114887358397,8.698450149076608
74.17235586740362,90.70858108799676,313.5070356305934,Sport,Rural,Heavy,Descending,Cloudy,19.01811884303894,Medium,1617.2722116325615,23,23.03639025322216,7.614924458754616
61.14106478690423,92.85421919346436,331.48777259177496,3,Highway,Heavy,Descending,Rainy,29.113431352656576,Low,2317.2078364025647,15,11.941402329336231,7.257945205872001
65.48996157353228,96.70276837800247,335.86368678745754,3,Rural,3,Flat,3,21.076883468749447,Low,2383.4967713970755,18,5.152685447899118,6.36389730989442
43.13085921969805,81.86089216639908,396.52276595056907,3,Highway,3,Descending,Rainy,4.981983316008364,Low,1895.736712489908,40,14.125231415207002,7.0321249645418495
9.776867725553029,92.4790325007132,369.7959711087923,3,Rural,Heavy,Ascending,4,4.349059851888322,High,1837.4700905056889,49,28.220640303151296,6.151545289407453
23.20070803344626,38.762469758821936,353.0856317399734,3,Rural,Medium,Descending,4,-3.335084131292985,High,1955.8318620515784,13,8.585122276550944,6.687725819342618
114.0893655855206,35.806475548038165,396.8873138682605,Normal,Rural,Medium,Descending,Cloudy,14.187139696889076,Medium,1478.9402926525918,29,2.084080583184888,10.028856723099258
49.04394747251207,20.51904670244212,390.31397404741807,Sport,Rural,3,Descending,4,14.478769127309402,Medium,2491.642493816499,26,22.497268303314257,8.212519614674516
56.0019786997037,76.54754859432786,351.200085661416,Sport,3,Medium,Descending,3,5.639635540121054,High,2168.854537264041,27,17.43686271823834,6.745557533879413
6.325174782412679,94.99737502509956,390.56796353769806,Sport,Rural,Heavy,Flat,Cloudy,29.391631045701715,Low,1510.369643271411,42,21.07749218916469,5.758717005539896
4.507947545277671,34.95482760333411,340.43046580626566,Normal,Rural,Heavy,Flat,Cloudy,12.391901347155027,Medium,1553.790329493148,26,22.761257189678997,7.139030540359775
86.06177364561093,70.95548603415031,323.04206653566246,Normal,Rural,Heavy,Descending,Cloudy,25.12306291339296,Medium,2042.9361038340876,33,38.32691648952696,9.571660649319645
64.57135969453336,79.7167807377422,323.2678176822085,Sport,Rural,Heavy,Descending,4,23.80316495007004,High,1619.700487946868,56,48.05025007898722,9.08216423715834
61.044718105952,94.20913881184453,366.23155244421264,Sport,Highway,Heavy,Descending,Rainy,22.213320537791866,High,1661.9118035734332,18,13.187993421895516,5.976978077909287
29.17494365072024,71.74881792137774,350.1070320707277,Sport,Highway,Medium,Ascending,4,35.8629772217788,Medium,2215.225471208324,42,47.12570408808721,8.000053968850068
89.37008779559066,97.6234986199002,365.8950847005447,3,Rural,Medium,Flat,Cloudy,-4.284944789507639,High,1547.0051645908666,24,11.495943449899116,9.119183699544738
20.188389493019024,47.57385128100382,368.607596426217,Normal,Rural,3,Descending,Rainy,-1.938321012045035,Medium,2116.813555487974,41,37.77176081918811,9.090936974603675
22.792169239322405,47.99428270171261,302.23228728977176,Normal,3,3,Descending,Cloudy,27.49632926574943,High,2415.3503224594906,32,34.09916782037279,7.512143086495058
55.28546056179306,63.441000801147645,305.40395923479025,3,Rural,Medium,Flat,Cloudy,10.90866635406147,Medium,1361.375704097709,4,2.705888602249184,6.518990812386756
34.353583453432904,50.68015048927257,353.267772659125,Normal,Rural,Medium,Descending,Rainy,39.3935077895144,Low,1387.569453056822,31,36.27359797132113,8.539910341296629
29.695557747977563,20.11405826300261,319.1035477760077,Sport,Rural,3,Flat,Rainy,4.7385725139652966,Low,2425.7350310553607,49,45.06602231441462,8.738683117575139
77.4285173463998,78.54176200695899,363.253376880444,Normal,Highway,Heavy,Ascending,Cloudy,3.2538567141289185,High,1464.575034406651,47,46.51809260757995,10.57771610504656
78.11660942622534,80.13736331827867,355.2185739170648,3,Rural,3,Descending,Cloudy,21.469982106735305,Low,1227.1710810783711,31,34.291150879318664,10.16328244014756
98.9420483759915,79.75796837494164,358.57603583708914,Sport,Rural,3,Descending,4,7.574137549990198,Medium,2329.060290826129,36,39.35074302155412,10.951586211916055
50.1250280367571,47.60165332883733,330.2455379831011,Normal,3,Medium,Descending,4,10.322184328105957,Medium,1566.9937530980123,19,3.669938315930518,5.659368315670641
8.770210923138029,61.78315786489375,363.9843506277897,Sport,Highway,3,Flat,4,36.44609457922795,Medium,1587.86011558032,16,8.146507042302412,3.657916589628636
32.83996619057492,48.79788145413356,382.9492636485023,Normal,3,3,Descending,3,-3.8190799108523072,Medium,1494.9974900406582,11,13.197735156007598,6.56030227488559
117.60065558361804,21.28291200245166,399.8071253592237,Sport,Rural,Medium,Flat,Cloudy,18.9066738962747,Low,2392.966967580023,22,26.61378480440017,11.343127755808238
71.55102902792424,64.9959153017135,383.84443861722144,3,3,Heavy,Ascending,4,10.070474260879074,Low,2206.744241101248,37,19.37361280019832,9.864380141587176
85.16845017612243,29.90085328672088,355.74987596799474,3,Rural,Heavy,Descending,Cloudy,10.569638917898011,Low,1975.8301927688055,54,32.891038287508415,10.660933176723091
0.8829395550497443,26.403305927315248,319.3429591679957,Normal,Rural,Heavy,Flat,3,6.151396444974225,Low,1789.2358103784843,35,22.33987047060541,3.945846185337835
62.1846878619025,80.43992549574298,368.1445876119821,Normal,Highway,Medium,Ascending,4,1.0682539050174509,Low,1386.589154388359,48,38.773609793497634,9.577521702933936
4.503438903816375,20.76049619344845,393.7653785557978,Sport,3,3,Descending,4,-3.448325222372342,High,2403.782801672284,40,35.708045291977456,6.807350735721685
68.30762545097376,96.72067548869808,321.18665397323025,3,Rural,Heavy,Descending,Cloudy,39.44629778079793,Low,2174.5626763069004,49,37.389341741023706,8.89994347965684
110.49250195632904,61.22042912900615,325.5995620526577,Sport,3,3,Flat,Cloudy,24.71647113010394,Low,1562.5485993625548,52,41.4595553021901,12.62626507948682
116.21029566004894,98.64131445649188,314.9008543411651,3,Highway,Medium,Descending,Rainy,29.97423879971631,Medium,2431.7448850729074,58,41.72769850257016,10.311973432731804
64.8663210466709,24.639805797816678,373.67216436264016,Sport,Rural,Heavy,Ascending,Rainy,-2.074896531502717,Low,2415.748223514369,59,38.99966378712092,11.340375863532774
54.98457663026591,66.68236390927305,340.65615034236595,Sport,Highway,Heavy,Descending,4,-4.332316392285032,High,2057.37447550675,19,3.389736453246188,6.196309608900414
113.40205130981929,47.9461628780729,306.2695638886384,Sport,3,3,Flat,Rainy,22.012990929375,Medium,2480.504624167037,32,31.197847238659687,12.155581814958545
80.83317983960342,87.47859942514286,387.494999149028,Normal,3,Heavy,Ascending,4,27.57241251550833,High,1443.4227191250316,25,1.0874926558898228,6.473638420678787
7.787913544609135,48.897818818742905,355.76719047025665,3,3,Medium,Descending,Cloudy,12.768981980141426,Low,2150.80746746401,58,37.21357607777675,7.77920920167516
55.887069320099705,40.83900632458793,333.1094292000356,Normal,Rural,3,Descending,Rainy,12.44897989077674,Low,1397.828947721265,24,3.1467812223012865,6.104442489484981
28.82940221571647,88.60425016799306,334.3982976061097,Normal,Rural,3,Descending,4,12.301578459740092,Medium,2099.1985704187127,64,49.16242825533669,7.636898660666528
56.376518573841786,49.97224733226088,329.0251220190907,Sport,Rural,Heavy,Ascending,Cloudy,1.8740131582459425,Low,2395.807365621453,33,30.74250264736171,8.776103011111346
54.65586864076341,21.34666558884492,345.5480172392642,3,Highway,Heavy,Ascending,4,28.926108004033097,Medium,1896.9268299937053,19,9.18170500513971,7.725213734998928
69.85737633776904,51.2231280671467,333.7041688488145,Normal,3,Heavy,Descending,3,4.683672955317487,Medium,2191.9866287848204,34,23.46714752728367,9.229749521794432
42.81245884191015,72.36178152087535,354.79463040706094,Sport,3,Heavy,Ascending,Rainy,9.5984723189331,Medium,1386.0582471935754,37,41.35118108839925,7.985314887673652
19.71245393471137,40.34876310451055,377.3517252271294,3,3,3,Ascending,3,25.20668819045126,High,2023.1529415066973,36,9.081898366088572,6.591242319911565
60.44633215079475,54.55900739401258,367.4461283444373,3,Highway,3,Ascending,Cloudy,-4.99528801408354,Low,1282.149464972009,24,26.88509597508041,10.50897251397804
99.62434612149144,24.53721106257804,329.4456892754117,Normal,Rural,Heavy,Flat,4,29.481573368199072,Medium,1247.967239027833,23,0.2786803020375253,8.977612248995197
79.68146736811228,67.04742332111658,352.8741011539779,Sport,Highway,3,Ascending,4,35.459263672004106,Medium,2024.281357426988,37,39.442469818862975,10.479700155815063
40.6041439110259,80.5035939088315,384.01261599122506,Normal,3,Medium,Flat,Cloudy,-2.677218113152944,High,1944.6511542160035,13,9.810919297501355,4.514953284515063
112.26276273106286,53.06500491208882,306.82062347427257,3,3,3,Ascending,3,21.62307129071281,Low,1628.0264844105652,23,19.42019176431116,10.81533760559893
109.46490854990186,53.618610624116805,307.8297266986905,Normal,Highway,Medium,Descending,4,13.380653641645315,Medium,1866.8084932310785,49,26.55916065862272,9.737941196149889
25.12180792609185,27.062599886793315,355.61700680497535,Sport,Rural,Medium,Descending,3,-1.4691473872937486,Medium,2089.64219513413,17,7.328591100682617,6.695848481621535
4.730110214443557,36.1552691609586,363.91151283898034,3,Rural,Medium,Ascending,3,25.70039442941324,High,2038.1461630200945,50,46.34087525666735,8.921576677281776
88.95704500209146,32.37402425023301,321.1413015775904,Sport,3,Heavy,Ascending,3,22.554338020030137,High,1295.7222648864667,22,23.49342632461631,10.842114314689564
99.3132313618984,58.53502149292304,374.5220126691518,Sport,Highway,3,Descending,Rainy,23.919714724738814,Low,2081.5551179129,35,11.665999768363378,8.77452499716623
116.14374791416265,62.34044327606001,364.6263377040728,3,Rural,Medium,Flat,3,31.60729142666699,Medium,2057.3930030557035,49,36.783624268925024,12.42738834296278
106.78036729059728,95.9152105027408,392.3289268236287,Sport,Highway,Heavy,Flat,Rainy,7.911353902442272,High,2070.498189168945,61,44.72125002349558,11.32678444135785
72.06417218476977,25.858520342178718,316.89542018585365,Sport,3,3,Descending,3,25.468063214547183,Medium,2301.5592397537243,48,45.64227865552764,10.687421892566542
63.6062807054857,67.98943785240377,375.137426535801,Sport,3,3,Descending,3,28.44929625624748,Medium,1949.713435492172,23,21.61358359011742,9.334426090884824
3.340926151510355,62.1198821862593,308.3643090583267,3,3,Heavy,Descending,Rainy,2.596673406997253,Medium,2419.27111564228,38,18.03711756371461,5.210509485516648
29.59877362137334,61.29864783486633,356.52924095178975,Sport,3,3,Flat,4,38.06800937780987,Medium,2474.01206351916,51,46.4699451381702,8.11901267712785
55.15377020795117,89.85274299062611,355.1895139499146,Normal,Rural,Heavy,Descending,4,10.299147010965978,Low,2177.3969813492718,11,2.736624189759601,4.709482288422115
75.42046801002815,36.44307765563892,338.8385044646741,Normal,3,Heavy,Descending,Cloudy,27.116870191675503,High,1666.2862799499196,44,37.55195132534232,9.892864502027026
66.87021999820928,23.26186194730972,384.4571147668567,Sport,Rural,Heavy,Ascending,Cloudy,28.93090568286471,Medium,1386.027940292489,35,8.957690429670555,9.426640422732929
89.11631876180286,73.7817206107354,300.4370644786012,Normal,Rural,3,Descending,4,17.681391368786905,Low,2266.1818947366346,24,23.32851444590407,9.952724731320837
33.5720317064449,47.61259713087841,352.0179401898521,Normal,Highway,Heavy,Ascending,Cloudy,0.7922787758882492,Medium,1390.622036714739,43,47.68924335147702,9.186679842657885
67.79431291829678,21.407193297001967,321.71535498351875,3,3,Heavy,Ascending,4,7.40483195879095,Low,1390.020248634145,48,29.099291482530884,9.119324055167706
10.577069206895056,40.10992058323311,374.3498619116433,Sport,Rural,3,Descending,Cloudy,5.541112854792678,Low,2394.755322961789,27,26.219693487801734,5.679751261783985
49.63986282998484,44.74614193734495,304.30674263060973,3,Highway,Medium,Descending,4,18.33890484629147,High,1927.8344765938016,11,3.1838578537652515,6.765842104281559
90.01929995455212,69.34707014273937,383.1554688181578,Sport,Highway,Heavy,Flat,Rainy,6.757099194865315,High,1581.3328652425598,41,13.939293300279727,8.092973664770994
83.20810241148529,33.80686352394177,383.8092226706952,Normal,3,Heavy,Flat,Cloudy,19.604671463100907,Medium,2451.8790512811456,29,0.2522500358740449,9.414573544968686
118.87712846066148,53.04434783627184,383.2866012403503,3,3,Medium,Flat,Rainy,7.969303947416487,High,2119.5298904796427,41,43.762786164434594,13.663065062015912
33.34693511853072,58.5980355534266,315.25685267326696,3,Highway,3,Flat,Rainy,-4.955938984539498,Medium,1895.2978619636915,43,32.27824841267529,6.798097427177644
59.7827159008775,56.73899130912727,363.0406518561045,Normal,Rural,3,Ascending,Rainy,11.346553020217517,Low,1628.3243312037057,9,5.98958049653162,6.334322209506368
39.54364965287961,97.91526133334254,301.43673591833897,Normal,3,3,Descending,Rainy,22.30828839351187,Medium,2079.6014908061443,29,18.237287180773627,5.329272190973263
52.87237368710097,23.64033902322369,384.79625912892,Sport,Highway,Heavy,Ascending,Rainy,29.816354944179075,Low,2150.163717951128,32,40.5896255256809,9.393200229906538
102.83401558432658,96.07745491619195,372.2975193508621,Sport,Highway,Medium,Descending,3,-3.723599255901129,High,2125.743234533541,21,7.1011295920591015,8.901384212774719
82.10508902261839,66.55497711952266,353.11537308992524,Normal,Rural,3,Flat,Rainy,6.62408503044667,Medium,1453.9389434603847,25,11.590238684129442,8.313665765769922
105.8929429617098,83.65821719758706,373.0591433096617,Normal,Rural,Medium,Descending,Cloudy,39.34579540214504,High,2106.417508054463,34,27.116185503753563,11.165679031574758
24.421332999826376,54.43140944128604,309.4324096651772,3,Highway,3,Flat,Rainy,6.78169248387475,Medium,1955.880938325697,29,7.332837649501396,5.1443786825514
104.80333414097257,56.30703050055843,352.86558321768564,3,Rural,Heavy,Ascending,Cloudy,29.97389454422957,High,2305.099114499975,29,19.19704631550239,10.397608927768976
7.171472901406131,90.34611992126588,329.12764918164453,Sport,3,3,Descending,Rainy,17.921812828339498,High,2012.1994413060684,39,49.10817362508302,6.1074492094695545
106.6319136524583,91.67475970335217,397.2619463222973,3,Highway,Medium,Descending,Cloudy,0.4978292824909127,Low,1390.1596861345115,33,27.2381813434194,9.576554721562967
39.48885353528735,39.09511051450381,385.7117950623901,Normal,Rural,Medium,Flat,Rainy,23.9530058047774,Low,1614.092530970091,34,35.10623628425179,9.496167254421447
37.75051600968798,35.939350286769454,373.3275695833977,Normal,Rural,Medium,Descending,4,38.48533835144665,High,2166.962964855243,48,33.19772430774081,9.461018424335164
61.45062920383967,59.69881390959608,393.3747635249732,Normal,Rural,Heavy,Ascending,3,34.90730647370493,Medium,2161.9503159575047,39,10.664629644163348,7.061334829680125
112.8828225267878,92.02216217021532,334.6843304565474,Normal,Rural,3,Ascending,Cloudy,26.063175452741792,Medium,1489.5292262593102,48,42.321058006917006,11.25821870869996
5.733763761768644,45.7884074724941,390.0879898988181,Sport,Highway,Heavy,Ascending,Cloudy,18.04667201246678,Low,1660.971312012242,28,6.190302741328755,4.0570101512689565
42.26771700848944,72.1611692271305,332.523823210671,Normal,Rural,Heavy,Flat,Rainy,9.369985249729666,Medium,1219.915534004693,63,46.08759724489304,7.971002501494556
102.7886386420003,76.65213501924809,373.27967196911527,Normal,3,Medium,Flat,Cloudy,11.063498195489776,Low,1631.2159126012923,25,10.881986725051702,10.02705466864033
47.52653729225601,82.29397319153247,373.6416911776449,Normal,3,Medium,Descending,Rainy,10.579303339918953,High,1234.2407227415897,59,47.741739895473394,7.824994042370722
23.89882771164804,65.11395663367706,301.83498764540934,Normal,Highway,Heavy,Flat,3,36.49368913459265,Low,2334.7319200378297,39,39.91837681101924,8.495861669985134
50.975301759769415,52.19641426231757,336.10596982781954,Sport,Highway,Heavy,Flat,4,4.509060656279669,Medium,2066.6414176214294,21,8.63206377355925,7.15820945594864
46.26630017900032,97.36127910391784,301.94326724084976,Sport,3,3,Ascending,4,12.01134287577841,Low,2459.8921016209515,25,8.104094259810596,6.552529921614684
109.8499441760044,68.90646026422822,399.7092017610249,3,3,Medium,Ascending,3,14.438345603069852,Medium,2359.501512452447,25,4.318019012420799,10.800919275511491
91.43212508917163,78.28521693066166,312.2196761829238,Sport,Highway,Medium,Ascending,Rainy,13.400544791887192,High,1984.5178664957489,40,12.443033928883557,8.899049408054484
60.61386668928076,47.59862765567027,354.28108956481094,Sport,3,Medium,Flat,Rainy,-4.811078847176619,Low,1853.8072623839691,34,32.989427120802304,8.770511596804596
118.60446800658852,73.5959344802464,379.0556238762637,Sport,3,3,Flat,3,7.193810961201585,Low,2348.841837955076,38,26.06309272182505,10.22662132201036
55.8333037531108,40.62381297313007,320.1263602260892,3,Highway,3,Ascending,Cloudy,17.435584865002838,Medium,1587.9396132388486,49,30.706204415913067,9.399027516990795
6.988539698433027,39.607753402290896,348.50526680954727,Normal,Highway,Medium,Ascending,Cloudy,29.222199181465776,High,1490.573713092303,18,1.6539161457056353,4.198824989736842
31.472918617798182,77.1777761447541,360.7428760921151,3,Rural,Medium,Ascending,Cloudy,20.626329342126425,High,1733.0274536070533,5,4.0905719340009234,5.143101121539546
52.32845762631752,61.711578901034805,316.02047543955456,Normal,Rural,Heavy,Descending,3,12.318790206307806,Low,1269.1571989890497,54,34.629504903303754,7.947661646154504
18.82831489753441,74.66212883379117,377.85554599115386,Sport,3,Heavy,Ascending,4,24.93133946044159,High,1592.563372382987,45,42.41062633476538,7.520938093923994
113.70781515888515,41.55507925984733,329.93364571893653,Normal,Highway,3,Flat,4,24.965194354370947,Medium,1308.784424695753,32,18.03514666717044,11.35778389390038
92.02186773813276,67.89786728453844,321.10230763388404,3,Rural,Medium,Flat,4,6.156610723696264,Low,1268.4592181546827,28,8.407472158015635,8.346911888677909
32.19446405133272,55.51469197624901,355.8288746437417,Normal,3,Heavy,Ascending,Rainy,-0.3301633772306909,Low,1916.7417605758128,20,15.48694028483853,6.602897534438472
70.8965440221499,67.75682294764223,341.0313627642938,Normal,3,Heavy,Flat,3,31.14325787558984,High,2120.61477811706,20,20.66029526017497,9.3461686835913
86.57389885314865,43.27037857953755,392.02859446364175,Sport,3,Medium,Flat,Cloudy,18.84020707001616,High,1897.676876556576,51,31.54378280409795,10.861191268318333
112.95347146881576,77.2360770919299,388.0062698198154,Normal,3,Medium,Flat,4,2.943614287623541,Low,1291.7505895354643,33,20.53272388681792,9.86841506281393
105.79624190104929,84.47434929275724,348.33506633888834,Normal,Highway,Heavy,Flat,4,6.793197960046236,High,1713.4601560366496,55,44.86235211607038,11.787852617951538
61.82306713658564,40.79331790861789,335.9263774725597,Sport,3,Medium,Descending,4,29.48910216628167,Low,1344.2368660089098,19,20.120498496976445,7.155551195299479
92.9583143751621,44.04964478845137,332.55179816312653,3,Rural,Medium,Flat,Rainy,24.397257307317503,Low,2045.0827384437168,29,9.150538596298404,9.602889240068066
67.4573704593102,72.89234157752745,326.7563623081508,Sport,Highway,3,Flat,Rainy,37.53249538162488,Medium,2274.3284095751123,29,12.492395874233887,7.862287961194744
66.32446680546481,75.64681394428354,354.45478537124774,Normal,3,Heavy,Flat,Cloudy,15.922633668164078,High,1351.7174393909495,26,23.3117964745964,9.067281494244718
13.769035000583028,76.327974751796,380.4978604734544,Sport,Rural,Heavy,Ascending,4,-2.6516016557427857,Medium,1286.9085951571694,60,39.14488747757304,7.634063722088004
15.136518961938249,74.61588038206695,331.0756608203558,Sport,Rural,3,Descending,4,26.51902903401845,High,1727.7375239971393,36,43.48340263711156,7.439192811779042
63.54403380269489,51.4246173562031,319.00940896880815,Normal,Highway,3,Ascending,4,6.470983973594107,High,1594.5157794717063,36,9.346006898234824,7.735754530766302
32.26338539748079,51.588293952294265,347.5483806183287,3,Highway,Heavy,Flat,Rainy,9.573454905591088,Low,1538.896806037808,15,0.273248195152027,4.860731775505449
2.524428295256236,40.38540989155052,306.9034416797667,Sport,Highway,Heavy,Ascending,Cloudy,3.849171419504559,Low,1474.8149767400023,52,43.483499703851976,7.076096804831964
86.74070446802547,32.54669599170904,370.1279006129707,3,Rural,Medium,Descending,3,8.902092979773483,Low,1612.0025216339775,21,11.487003707058475,8.257849560861015
3.898391602819795,75.40619035175246,351.83582663019337,Sport,Rural,Medium,Descending,Rainy,32.326621402606804,High,2454.9867673006866,56,41.10097071617013,7.1489525846115525
71.43322093248655,27.455102877785027,349.63748079728543,Normal,3,Heavy,Ascending,4,20.952098725489098,Medium,2314.972227825919,44,27.582320681196627,9.411590585096167
64.70325529527773,95.02338294294252,330.0445379550022,Normal,Highway,Medium,Descending,Cloudy,-0.0880815527432385,Low,1981.7642161588385,27,20.265365595115195,8.302374769879664
116.25776286933652,86.1349042937161,390.4673437531737,Sport,Highway,Medium,Ascending,Cloudy,21.39716530262042,Medium,2240.616928732244,8,7.423178718948394,11.1794372437656
58.105576721717,88.60045919658049,309.04862918495525,Sport,Highway,Medium,Descending,3,23.510350999920878,Medium,1219.1561990788332,39,33.634650795137546,6.674560449008944
7.632172365335683,92.53350516921522,386.9824008887031,Sport,Highway,3,Ascending,4,34.81706610817912,High,1344.8919143374385,63,40.92605266068767,6.019459743332588
66.2025561367754,52.688397657859205,337.67052024159227,Normal,Rural,Heavy,Flat,Rainy,33.68404496189304,High,1580.2000098830408,19,23.108596360129606,8.825545718669208
100.93154047393216,87.73605786803208,388.06235159750224,Sport,Highway,Heavy,Flat,Rainy,-2.1706197692095537,Low,2037.0686997561163,31,22.373131859935363,10.778105088173833
119.6219141137728,32.64490402333195,372.8761458332384,Normal,Rural,Heavy,Descending,Rainy,34.00141427393785,Medium,2348.438183886044,43,37.788427042743216,12.75260029155965
51.6411808426887,21.73134356865885,310.4170726662038,Sport,Rural,Medium,Flat,4,-2.7101869695783005,Low,1500.4822060331178,48,25.05591878945885,8.262148879828914
38.4358490996091,82.791311573108,383.1536286509354,Normal,Highway,Medium,Descending,4,1.935489289568915,High,1380.963193559873,43,39.30206797898199,6.617669196234585
108.79839563423988,25.983731839755144,368.2176833699505,Sport,Rural,3,Flat,4,0.019750093416631,Medium,2302.2951594642927,22,2.8004093412086446,10.894022905194658
22.949055489134565,99.08197338607371,303.2301912915348,3,Rural,3,Flat,Rainy,3.176375828002019,High,1731.876337487642,43,42.89576779915924,7.667806158429633
73.85146980395119,73.98371436812448,313.37026821096697,3,Highway,Heavy,Ascending,4,31.146789740606053,Low,2109.3609722228666,12,13.177325152176318,5.826189819546791
48.685730901713725,80.27597681936844,363.5628055835695,Normal,Highway,3,Ascending,4,25.87537050940478,Medium,1912.4373335232185,27,8.542811711465442,5.712519886371799
4.929883794666634,39.66430850222928,366.2600502880285,Sport,3,3,Flat,4,25.91330967977454,High,1428.684823703947,12,1.7114460227473125,5.792953531925367
41.67461691668373,73.90923151357505,374.6651432837595,3,Rural,Medium,Descending,3,36.49574284055363,High,2110.7479128813397,58,41.72024764225927,8.20860221138668
31.82742270032095,23.45759498039658,372.02454007749816,Sport,Rural,Heavy,Flat,3,12.633296459798594,High,1747.011641987333,7,3.099753014698621,6.850953380983443
82.33093847321842,87.02605759388807,365.9519954669955,Sport,3,Heavy,Ascending,4,-4.852065059950392,Low,1574.0730996218172,58,47.72607774928777,10.114342913047986
113.85485972303016,33.569927442525795,376.6238901746423,Sport,3,3,Descending,4,23.78958034310389,Low,2373.5077705965305,43,28.285616602655,12.16587017266955
32.16566248543653,75.78864534670164,357.5085705892373,3,Highway,Medium,Flat,Rainy,34.063347389154195,Medium,1207.7815689646766,42,34.964290927865164,7.143507304823895
97.37591269820182,37.95844009861827,326.0791385524455,Normal,3,3,Descending,Cloudy,38.93170812524702,Medium,1726.3306515801728,50,36.29299006062849,12.19642693835302
6.643178032609143,25.47625355408342,391.23766137307183,3,Highway,3,Descending,4,11.375172864218666,Low,1590.6655926195035,19,14.704955989399751,5.145638325105239
64.57452120477758,58.519494283951545,301.8214030931978,Normal,Highway,Heavy,Flat,Rainy,31.996848479939267,Medium,1270.823338152737,59,40.34227156069286,8.62761911291878
8.46600764518735,33.54289682182316,336.65617198714904,3,Highway,Medium,Flat,Rainy,33.21524714523972,High,1304.550250570285,41,47.31740973365448,8.898347629627743
112.08395893567672,78.35551906612397,372.8870293097164,Sport,Rural,3,Flat,Cloudy,1.4997028489259154,Medium,1423.972962087606,22,18.555570370285444,10.678968956475067
91.96215366688682,39.00526747067879,342.71560411496745,Sport,Rural,3,Flat,Rainy,23.41743498650494,Low,1856.49964466956,58,41.78393459313984,11.520335639241187
78.95398934455108,47.39780449886631,302.48344074800144,Sport,Highway,Medium,Descending,Cloudy,2.7913044613391165,High,1567.4366194218442,34,38.62478678400958,11.293427585663272
98.86756579495972,65.39514010115784,306.5980903116213,3,3,3,Descending,4,15.098386816916218,Medium,2289.2167155944067,47,29.52083401599632,10.546099236649257
77.70237546841958,42.797462206184925,364.86373691382886,3,Rural,Heavy,Ascending,3,34.567011364255656,Medium,1511.9686707804588,19,18.44403730134766,9.450357373545812
116.27332766091494,50.239049296796935,396.48645994053,Normal,Rural,3,Flat,Cloudy,30.526020047086483,High,2136.287557992683,47,20.81774616374262,11.738769253313585
85.67495374377258,85.24974168323094,355.1863635834499,3,3,Heavy,Descending,4,20.6652755664286,Low,1473.4896795362067,41,15.449665108524412,8.986413086298395
110.9590331498696,34.336787964882056,350.6757818023769,Normal,Rural,Heavy,Ascending,4,31.391912395440954,Medium,1255.3183316065176,33,21.370896990283345,11.171472878644868
62.055827041276565,26.57612715855469,331.8325213056268,3,3,Heavy,Flat,3,1.877237897980729,High,1544.0082428564426,50,49.48238322424183,10.404495578493792
14.04772955782352,46.268622810641546,325.66906738660634,Sport,3,Heavy,Descending,Rainy,3.771371541398304,Medium,2288.839083337343,44,18.234397010317355,6.006976835326952
63.381326570762056,53.950141361110255,302.0984981756285,3,Rural,Heavy,Ascending,Cloudy,4.398915620062198,High,1306.9264862565644,36,33.30893670217268,10.35615805796145
15.224739367571196,63.41274257092542,327.2954867640471,Sport,3,Heavy,Flat,Cloudy,29.920609992839097,High,1647.8443616890966,26,16.04836102239249,5.664876166467018
71.09921750116861,49.79389569400056,344.91104408652524,3,3,3,Descending,Rainy,35.093447704289275,Low,1210.421859353203,49,23.38572201087829,8.823966685687015
57.89916726331956,83.19293601782441,319.79497830489504,Normal,Highway,Medium,Flat,3,20.3276344198166,Low,2019.3179412363584,22,4.28032252082602,6.833637903299606
74.70904773993381,23.14555901347786,308.73479884814293,3,Highway,3,Flat,Cloudy,38.10872311310539,Medium,2425.58772014449,51,38.18538837119272,11.819320872020384
1.2056377265797913,54.54140305588464,371.77278672546026,Sport,Rural,Medium,Ascending,Cloudy,27.761361304245725,Medium,1699.6760292243162,36,33.08511991700339,5.597265767375937
23.38085899864369,50.58047317251237,389.4620269068067,3,3,3,Ascending,Rainy,20.3657725228103,Low,1949.993312607316,43,17.439501906685564,6.921508505575965
58.95965182945571,71.80627926454872,393.67720696870856,Normal,Rural,Medium,Descending,4,22.521573708372813,Low,1787.969858591547,23,26.289749639977863,7.636331387014571
114.06042739069618,97.30210015179168,361.7998728496989,Normal,Rural,3,Descending,3,33.229036896088786,High,2465.3299618552883,55,43.62386961785166,12.473281609321903
46.03308484261901,60.83003253030897,305.2774582599281,Normal,Highway,Heavy,Ascending,4,-0.9418681660597644,Medium,2156.798260152811,9,2.3171925114868994,5.019784471647418
50.92464312643616,98.95014775533764,374.0862629961773,Normal,3,Medium,Ascending,4,2.5607869149273164,Low,1257.4899021914491,42,46.517803187711664,8.119134243759914
85.76353068079466,44.1799515930558,311.00953052618866,3,Rural,3,Descending,Rainy,6.983274269878674,High,1341.34206584279,32,23.592900163371684,10.377078236830696
72.45513087433416,22.46945060339688,366.9748117687824,Normal,Rural,Heavy,Descending,Cloudy,35.2649135195636,High,1811.625081679722,60,42.99680473477584,11.4261062333186
35.871138011799985,33.25305339811302,377.9365835747876,3,Highway,3,Ascending,Rainy,37.52252370042949,Medium,2021.2697080593105,64,43.08799794233232,8.100045133234717
49.29796746809133,51.60999078196539,372.5864710826473,3,Highway,Medium,Ascending,4,11.027674681089785,High,1577.514655494884,3,3.029742612431737,7.066616743982496
26.12397586286789,45.306712735084176,395.18838057611305,3,Highway,3,Descending,Rainy,36.57357517050594,Medium,2077.03812254278,36,39.10156913752262,8.235144820708173
115.92257509562502,27.76433047867021,373.814628446739,Normal,Rural,3,Ascending,3,19.6081510435217,High,1949.483015030804,54,36.670082566049686,13.431830896916171
15.67612578688317,54.61280861525735,369.3209777981808,Normal,3,Heavy,Descending,4,16.29731848804417,Low,1765.6203513015307,26,2.2553579955375227,6.046954302391896
44.62041414797034,47.04926173276502,326.17431721831025,3,Highway,Heavy,Descending,4,32.474410506831994,Low,1956.9861335674489,42,47.0328397307894,9.157333915433467
3.100676666401343,29.809537636595078,392.4768686435901,3,Highway,Heavy,Descending,3,19.57375465986324,Low,2391.40258841734,32,31.763956979068347,6.033414436635684
26.613539032025567,43.68937044895272,317.9543870794167,3,3,Medium,Flat,Rainy,15.451703449054634,Low,1516.165380361574,21,8.45994702963793,6.209377350791711
93.65653660561858,90.91488442843124,390.48966114731263,Sport,Rural,Heavy,Ascending,Rainy,-4.28164230783494,Medium,2228.575513727097,12,6.24254999908988,9.805126458409028
24.141027874665536,44.163909239147216,331.26625433459105,Sport,Rural,Medium,Flat,Rainy,-4.419605191824131,Medium,1215.544303163413,26,28.14245231813639,7.603760428257217
9.607608303475873,77.11643385936412,313.0163593877669,Normal,3,Heavy,Descending,Cloudy,23.24161300560076,Low,1310.2378235090478,22,3.03582979704353,3.724114923961376
56.93438158134279,68.96376637262046,382.66830272711707,Sport,Highway,Heavy,Ascending,4,-1.696238111888774,High,2434.5911861669247,27,8.304043767524858,7.539942319469984
1.1963081681422194,54.17449299266974,300.2495453600829,3,3,Heavy,Descending,3,28.162538893131845,High,2107.047264295205,62,47.42776505820805,7.186543071665708
10.17193853115998,39.122050944293534,383.2088317680831,3,Rural,Heavy,Ascending,4,23.00536584814008,Medium,2023.312371371821,34,37.26256885047084,7.594163608374274
96.91510434755702,49.52117594767564,326.2311842045976,Normal,Rural,Medium,Ascending,Cloudy,15.597828972046944,High,1634.2718481054007,41,30.713106691578574,11.46919534790056
92.57680138315276,67.36857707768343,388.4721272755621,Normal,Highway,Medium,Descending,4,26.9411639400259,High,1439.6383338918083,35,10.52009927640932,8.381034840048
109.81665844858752,48.0602571799484,369.14791822415793,Sport,Highway,Medium,Descending,3,39.688210501125184,Low,1693.8908942772262,25,11.003938964587253,9.627307099877571
102.54185230928994,37.19171468593855,366.618333285059,3,3,Heavy,Ascending,3,6.086054813463418,Medium,1977.9072507830808,31,22.346883296983613,9.569573556088068
81.98106758877817,29.31701991133057,336.53195631648435,Normal,Rural,Heavy,Flat,4,20.067506506626724,High,2024.696406777175,34,37.72730787616144,11.448963722883978
6.279942876079541,90.38135503276524,305.9402973890771,Normal,Rural,Heavy,Descending,Cloudy,32.92851577932351,Low,1420.4158643202509,30,0.2960872436669887,2.6798588712618665
93.9418341583989,55.22503806015245,383.00730982055774,Sport,3,Medium,Ascending,4,-4.240629295710818,Low,1779.1524963227885,22,2.3093358063827263,8.70319208585627
101.46129730086726,70.0166657394344,317.0903795176528,Normal,Highway,3,Flat,Cloudy,4.15787479161305,Low,1936.7860103234088,49,43.51856987583988,12.739931809613
95.88985749263452,59.23282889094442,337.2258641894752,Sport,Rural,3,Flat,Rainy,18.44313952719504,Low,2447.9490522640936,42,40.72187753393103,10.277729692261838
61.01748423696313,89.80532146863708,360.0354685509081,3,Rural,3,Flat,3,19.85107112196252,High,1914.2500359610997,34,34.76458948521486,9.61632230502184
27.9482206379378,63.75478819585687,348.22537385606216,Sport,Highway,Medium,Flat,4,-1.1150031176439017,High,1954.779233139957,23,25.02664738327217,8.739146499907378
101.4395970826472,58.46251343592907,319.8660635171318,Normal,Rural,3,Flat,3,13.334328654988571,Low,2194.7452901506417,16,7.341826216031991,9.533720856462487
87.25953716881662,93.968079233737,314.0616356882284,Sport,Highway,Medium,Descending,3,18.39031410937815,High,1744.5855294764797,32,5.201436245638376,8.551583059035874
117.6913409266622,77.57516768362837,312.3246272250291,Sport,3,Medium,Flat,4,14.033906446465512,Low,1699.0281934375946,44,45.27827874190285,12.998771100207742
18.68311173071195,28.923992587748582,386.3007881499201,3,Highway,Heavy,Flat,Rainy,26.5268315111707,Medium,1968.1819709627805,27,19.18783979311253,6.632744260758891
27.07974996624661,34.21635689574512,303.1559549061334,Sport,Highway,Heavy,Ascending,3,29.71137498899653,Low,2218.300153759954,42,34.81655860101955,7.436524967582077
25.415777985780323,82.96982903515536,397.7014259599894,Normal,3,Medium,Flat,3,15.711772866554966,Low,2028.8562312546285,34,22.864284306156087,7.324512350378415
95.1047721145604,86.86810569439635,319.8528690385414,Normal,Rural,3,Flat,Cloudy,14.154687752715096,Low,1441.9704944165774,34,36.5733531016997,10.66381447124724
22.428875574014175,63.61526632722372,311.03222968790783,3,Rural,Medium,Descending,Cloudy,26.74136518537553,High,1717.0103649122595,17,9.74611317984816,5.7361086690761605
7.999179578796731,64.35641822933114,357.6971654776795,3,Highway,Medium,Ascending,Rainy,19.988606149920518,Low,1866.3758378279213,36,24.279939166469862,4.084954430038281
119.82729679027544,70.55463702811556,307.9985957940697,3,Highway,3,Descending,4,34.1697750976286,High,1880.867700088007,37,18.90563101476812,10.409573969487967
2.978065373417897,55.12926194261116,360.2453263163595,Normal,3,Heavy,Flat,3,16.651576813660284,Low,1641.473680633438,33,12.328179653860571,5.120397793022109
100.22928721906388,74.41592987871232,385.0626644813613,Sport,3,Medium,Ascending,Rainy,20.844736405247325,Medium,1879.1390348978016,31,29.925785776311763,11.233225300078583
43.844020986078334,28.678500605313253,304.7898021467425,Normal,Rural,Heavy,Ascending,4,0.7962341413318743,High,2074.868009544549,31,26.894967388097108,7.513108080806438
100.99385517093783,96.9023393893909,379.9868604528544,Normal,Rural,Heavy,Flat,Cloudy,32.619875883022104,Low,1808.364527127864,39,24.83499239312565,10.888117556578376
66.5544589453374,80.01238590359374,339.44774409821184,3,3,Heavy,Ascending,3,14.003145925771118,Medium,1786.7515727348914,35,29.596026583491124,9.091264151779356
108.1957475383632,70.49393632072055,315.949063383121,3,Highway,Medium,Ascending,3,27.35784817551948,Medium,2242.0576720443287,14,7.212285405390571,9.546975618753049
111.1431583697552,45.305764560758455,317.6096480267459,Sport,3,3,Ascending,4,14.326723708650892,Low,2183.8894366725112,29,18.59036187592753,10.959463084978736
1.0917817536931196,32.87643899653833,391.8764543694226,Sport,Rural,3,Flat,Rainy,-4.954449661838348,Low,1749.1264391288764,29,16.301246243537893,6.376221581813432
9.049461119134593,52.74743710631557,311.0605751940665,Sport,Highway,Heavy,Flat,3,13.018461261988094,High,2494.8173446586425,36,38.48185349559729,6.344393077498869
30.043047548502656,72.92613924592467,386.6782787115657,Sport,3,Heavy,Descending,3,1.6375987785354695,Low,1286.4122835777948,2,1.8826313396943253,4.533857082998046
80.3178499636202,70.69677947384888,354.42446209836146,Normal,Rural,3,Flat,Cloudy,12.937678568575013,Medium,1623.7944579791647,20,14.168361533296668,8.898028191255309
106.59266358138072,50.61129240524572,303.90561788164393,Sport,Highway,Heavy,Descending,Rainy,9.460477310244697,High,1247.8796557633405,47,45.922886078195646,12.977284297473258
55.193034155275534,69.06291150665038,346.4476145717338,Normal,Highway,3,Flat,Cloudy,4.114632040402061,High,2291.3101971052183,12,15.087497380875954,7.695161331390744
72.83677395291186,85.0998636454038,381.74495144763006,Normal,Highway,3,Flat,4,0.5697443724823357,Medium,2182.319294191564,29,7.679783829785732,7.180919951982866
22.619982335467338,22.102781787008567,372.6202787639101,Sport,Highway,Medium,Descending,4,27.78525500122327,High,2088.779582574505,46,37.89153528157669,8.086297678692935
96.59602006580224,56.049683834422055,348.8782417684718,Sport,Highway,Heavy,Descending,Rainy,28.96871360348509,High,1478.8138902017183,13,2.4874251074648166,9.781754469256288
116.07937336241636,80.68441827734328,386.0049879696217,Normal,3,Heavy,Flat,Cloudy,6.924887734772087,Low,2120.0345028316246,46,21.37336050867341,11.303327427094764
32.23187194975169,63.691557637070176,312.0364761780229,3,Highway,Medium,Descending,4,17.283560112256847,Medium,1661.9052847041607,42,42.78235220628869,7.366483518897463
59.37911419206556,72.1180870343256,390.99410533923685,Sport,3,3,Flat,Rainy,15.8831926357104,Low,2329.140352356422,56,47.70933105464065,9.828902765649648
10.333933260764857,61.33411140842736,384.64412084833486,3,Highway,Heavy,Ascending,4,10.98614069756508,High,1459.3521383620482,27,12.526085871976868,5.037577049823973
67.09639877555621,99.34996357458488,370.8276825657236,Normal,Rural,Medium,Ascending,3,7.493673180853971,Low,1483.1929906915875,31,14.880491465103775,7.190120932202254
60.33401302160166,24.369722919123056,381.78877421287496,3,Highway,3,Descending,3,3.371428420676219,Medium,2448.762177448444,27,28.40583013344435,8.767870457776379
17.33237809860931,59.28358574179018,354.3815506842666,Normal,3,Medium,Descending,Rainy,34.28016790308892,High,1872.126192087558,29,11.404922760921544,6.14427792689188
53.047945574169006,27.313323929161413,367.5162429097667,3,Rural,Medium,Flat,4,32.4990619445805,High,1780.301461778974,14,7.622128920501892,7.422444347101198
40.09255825038759,32.78284496908563,356.0598070707779,3,Rural,Medium,Flat,Rainy,13.773073460652244,Medium,1657.273315039988,39,21.356477401792358,8.822176616767438
62.61970503662272,50.64306803346095,335.5428530507949,3,3,Medium,Flat,Rainy,27.45405654373978,Medium,2280.5762770474694,19,3.7051791693394382,6.814835414525759
70.2785202514559,32.44320732003899,356.8860797361178,Normal,Rural,3,Descending,Rainy,17.42494370796484,High,1658.519811898321,63,44.72157656261006,11.668192702504708
1.019469432865141,97.09497327653207,325.7465332531926,Normal,3,Medium,Descending,3,-1.1577530618272251,High,1663.004061827114,20,16.776411434888146,4.750101914867077
91.32071795394664,95.74318213801271,344.0279170840785,Normal,Highway,3,Descending,Rainy,32.0075728799373,High,1360.3343959408992,39,16.880577819867966,8.839692125154738
85.5617150234089,46.8887716976483,328.0775407260243,Sport,Highway,Medium,Flat,3,4.867219480634434,High,1876.944299700825,44,39.58951834763548,12.267528807013957
43.95436634478266,71.17981696301436,312.2887789461389,Normal,3,Medium,Ascending,3,26.806787982766448,High,2400.8749883215914,40,17.14326303455719,8.975261487442111
6.352312268258191,62.70026564750289,332.1861856389906,Sport,Highway,Heavy,Ascending,4,18.732908421182465,High,2444.8009981662576,30,38.06925216199373,7.56488666415771
90.59190477420604,85.24695844126148,385.19872181847705,Normal,Rural,Heavy,Flat,Rainy,26.074298641652504,High,2494.17020454866,8,9.143976499052688,9.847942450548846
114.62101925737588,70.19564878535537,338.10807706423054,Sport,Highway,Heavy,Ascending,4,16.204137507578317,High,1814.9917002349107,32,26.496518037758925,12.112941382533354
28.818191522641705,20.02019635924497,374.8003648968869,3,Highway,Heavy,Ascending,3,26.6152516814644,Medium,2207.432508398687,43,38.448722327936345,9.156693083698174
38.82295364844455,81.05395084877911,317.51978542381613,3,Rural,Medium,Ascending,Rainy,-3.52343511747112,Medium,1918.2951519710005,43,22.54996524105109,7.088578474724827
22.057546737817795,79.74784970368944,342.4419159167642,Normal,Rural,Medium,Ascending,3,-3.1616177404589587,Low,1912.3450701314923,3,3.683481872009356,5.265502029945403
69.23233480138076,60.77781644531848,311.48560693351766,Sport,Highway,3,Ascending,Rainy,35.33529843469794,Low,2248.1131839288164,49,36.87142725040832,11.064288102226444
18.580967357694597,92.2335178586443,313.862106336749,3,Highway,Medium,Flat,Rainy,28.736230718720076,High,2285.9653723063875,41,24.753419040524427,6.347129388428757
42.743273215365534,92.67569645523211,361.7436379890069,3,Highway,3,Descending,Cloudy,32.281038394730594,Medium,1225.7312307413308,20,15.889164543245064,5.798465349770055
83.64156167211155,61.91293413635178,360.7481817449011,Sport,3,Medium,Ascending,4,15.546342411459136,High,2425.626810510531,64,49.64050716921395,12.499921953084018
67.21391796112181,68.63905849572302,321.3371907354862,Normal,3,Medium,Flat,Cloudy,15.684108784729482,High,2269.8785910881725,63,43.81600405781814,9.469880581613548
46.37550771935223,99.72176575397378,347.44231942887984,3,Highway,3,Ascending,Rainy,19.030181599798286,Medium,2137.4413935835537,21,1.9873452241036924,6.63291791926587
50.42995221690503,43.9056187849134,386.3306166977948,Normal,Highway,Heavy,Ascending,Cloudy,5.964792104193272,Low,2307.6420845376074,43,29.723336104903208,7.690023494608898
67.45330591478753,45.96937938491819,317.4201508676483,Normal,Rural,Medium,Flat,3,28.00761243198525,Medium,1898.4422353599691,17,17.79297968611894,8.54721109583214
0.7037673464593563,34.62191221307971,301.9210533073515,Sport,Highway,Heavy,Flat,Rainy,32.32544815302522,Low,2205.242577720012,23,1.9665189332056872,4.246450986329086
9.421184214433184,91.66935513262943,365.1995140663572,Sport,Highway,3,Flat,Rainy,35.825084169492825,Medium,1978.243705533073,27,0.6637216437630571,4.674775326532602
105.7509681315614,79.5590711959413,305.3498208088685,3,3,Medium,Descending,Rainy,18.26652317689744,Medium,1905.8099411792195,37,29.229513346974144,10.509494094386074
9.345478690954891,28.45142790961935,397.9940238572446,Sport,3,3,Descending,Cloudy,13.655942757730385,High,1475.0900390166605,42,16.074519902070104,6.217522693010352
84.81643154526061,98.54138809583723,360.9620283798881,3,3,Medium,Flat,4,32.391995995523295,Medium,2301.639538525468,31,35.19547870292068,9.97860385298276
110.4045796930863,78.4769366528893,347.0396352843972,3,Rural,3,Descending,4,28.86996010289686,Low,2349.0323216010493,25,22.775622182826535,11.448539564779168
32.48203251620773,88.04176876839796,342.9992540024307,3,Highway,3,Flat,4,34.02729488691367,Low,2462.550411790594,33,38.34822820634247,6.423113074486182
44.45897244714171,23.852063133856078,357.30706585169315,Normal,3,Heavy,Descending,Cloudy,24.50789758535839,High,1356.5702657163015,37,40.67195521029245,9.822517808998407
68.27056870136596,60.39687351537341,309.0624436720215,Normal,Rural,Heavy,Ascending,3,34.749098656279,Medium,1579.0464528030734,52,32.89599681003517,9.792653318974272
105.80507635663017,75.88786293816314,393.0019058819496,Sport,Highway,Heavy,Ascending,Cloudy,-0.9931250279605432,Medium,2091.027383430533,32,20.95683316270747,12.441761440233025
113.02867047125042,63.435726765747305,362.56420685518776,Sport,Highway,Medium,Flat,4,25.580270995847314,Low,2311.798154376431,65,49.42501479222349,11.282031109247251
88.74758977335216,73.3317972559422,318.39784976109087,3,Rural,3,Flat,Cloudy,-1.0042210180750173,High,2176.6954279390875,20,15.403600498835102,9.419045476898866
10.394371302563282,85.4299250872378,356.2581053764663,3,Highway,Heavy,Ascending,3,28.700843948208156,High,1792.2697294563714,47,25.77750878876559,6.021781346579689
80.29849866418209,49.9469650368157,313.3256505833012,Normal,Rural,Medium,Descending,Rainy,23.27997415598229,Low,2143.770618526132,36,26.068164710887803,9.278262185047382
49.23644662471945,87.89349404949678,301.7552717558312,Normal,Rural,Heavy,Descending,Rainy,-4.280359028829056,High,1293.7623784466648,39,21.474108677931152,6.253148598073257
56.48411993892739,33.03328838122326,363.05169852139977,3,3,Medium,Descending,4,21.966744373305005,Low,2061.2999816437286,25,6.158624423860428,7.676215387325982
5.897806841421245,41.67088440210998,364.8483341870128,3,Rural,3,Flat,4,1.582591385140323,High,1210.416719701924,17,17.761710401787827,5.7008249618343125
22.927456721562983,23.467649594186064,358.3696582803416,Sport,3,3,Descending,3,1.4085138900581402,Medium,1261.8134019574563,19,10.83796832048898,7.045704895487487
94.86163290403772,49.15414490682009,318.3483204360023,3,Highway,3,Descending,Cloudy,1.770835524547801,Medium,2184.484225581094,46,45.00287393220245,12.493736695882372
54.47505996574317,50.39276358592963,360.3429858494767,3,3,Medium,Descending,3,16.77206210110791,Low,1820.9151591612224,49,32.80321664216846,9.765093845818903
36.19946899573786,84.42164777658007,305.651094092452,3,Rural,3,Flat,3,0.1984114314343772,High,1277.4162793132448,32,14.461927784383452,5.787372529096488
46.08228887579498,72.25045362317248,360.9238355571922,Normal,3,Medium,Flat,Rainy,0.6545086803727491,Low,1826.419552547115,46,28.33005789854969,6.716499641077034
102.52794159908164,54.93780465245333,355.40170191076186,Normal,Highway,Medium,Flat,Cloudy,6.527559376024442,High,1281.5806296116914,51,42.675055355796346,11.58329840234648
89.87988208859483,72.16911828989986,365.52548308390993,Sport,3,Medium,Flat,Rainy,-4.961379927750789,Low,1649.8419161752154,53,46.7282812816325,10.641603409706596
32.677847661729935,24.222668041255293,389.5475605752394,Sport,Highway,3,Descending,Rainy,7.410539513081481,Low,1404.584387190473,28,3.8442745887221887,4.901840109344311
14.100220825484795,34.42172288147009,385.03581052395367,Sport,Rural,3,Ascending,3,22.82834950609148,Medium,1485.1842050094594,34,39.36673423265227,8.56918097155041
30.239786597288607,70.1558284193404,398.0654191562539,3,3,3,Flat,Rainy,22.070675226791447,High,1454.2872854380491,48,48.31877374705071,7.868732713650504
110.49077412656804,71.30934553802419,397.6241032936575,3,Highway,Medium,Descending,4,38.62901416740908,Medium,1683.2983024423995,46,23.41556553163855,10.912939266469644
69.79066054197064,81.93077269659418,377.2319693373753,Normal,Highway,3,Descending,4,0.3833535540899833,Low,1340.280811753124,40,49.77714710009113,11.033189673779464
64.01762504937395,52.23998072428817,395.6419622177728,3,3,Medium,Ascending,Rainy,33.950709915951066,High,1886.0573849220243,41,47.8581917439703,11.537356050201192
71.56723196309538,77.8043277292925,386.7283885889112,3,3,3,Ascending,Rainy,12.603539195346478,Medium,1729.23131787989,28,32.87887826973997,8.658522282548876
43.92339188958183,74.71842660481515,372.75824498949726,Normal,3,Medium,Flat,Cloudy,12.416632958274056,Low,2291.824556446088,46,42.39580884464264,8.95908475515254
96.85284243834153,97.07147026958792,307.5384254643755,Sport,3,Heavy,Descending,4,10.696489763095464,Medium,2273.702619951616,34,14.89849957762402,9.463516375175088
62.79434991602998,37.210418113974335,304.9049888269888,3,3,3,Flat,Cloudy,0.6131439149331319,High,2271.56111691294,37,45.88143615113666,11.34978805820476
14.009748332255466,64.13436510021116,383.759956750577,Normal,Highway,3,Flat,Rainy,16.532726669452636,High,1810.531058975148,37,29.63526659911165,5.669162541768799
15.487814979487556,68.14115536883754,348.96558578716986,Normal,Rural,Medium,Ascending,4,30.432008620615623,High,1578.025191409139,43,25.53231284371505,7.703903747830152
64.4230975803142,99.89183079473766,381.4606684374921,Sport,Highway,Medium,Flat,3,34.39445832164641,High,1740.0216563295671,55,41.79952204807943,9.296642793881242
112.3884261685007,36.09473137333214,331.29182706552194,Normal,3,Medium,Descending,3,38.32866661573133,High,2093.583260290122,48,44.48576948963279,12.159754486546264
37.00225460114385,61.85744159738338,339.76498583230125,Sport,3,Heavy,Descending,Rainy,30.33816185652036,Medium,1888.7222634271395,48,35.0923284381937,7.483537887948587
104.3449402631062,47.69482461709111,370.0186721011932,Sport,Rural,3,Descending,Cloudy,23.0391267544646,Low,2011.5953365885684,21,1.3493105331675077,8.99213271636625
91.69147038946552,62.07143748631999,391.5326736932093,Sport,3,Medium,Flat,3,17.389020086769868,High,2101.8330602008846,36,29.900586470887287,9.270220943826017
29.737493148828825,38.57028816824848,308.7761474478886,Sport,Rural,Heavy,Descending,3,34.37037632206281,High,2393.872283425333,35,41.10062922958281,8.751586883885235
4.360889797949095,23.808990274199047,386.14781446346063,Sport,3,Heavy,Flat,4,28.278112308617217,Low,2427.168582834782,36,27.308940000853003,6.395612172501956
12.221671817085928,65.80523631181511,379.30127248793656,Normal,Highway,Medium,Ascending,Cloudy,2.256617918718137,Medium,2292.610998068215,53,46.74944630948974,7.060002603003506
87.41927206169282,46.86834526886657,331.55392707298546,3,Rural,3,Descending,Cloudy,25.71477217582929,High,1284.5799454642972,61,44.87613755424952,12.631833051223168
23.960368564877605,34.555312139874694,335.521661413156,Sport,Highway,Medium,Ascending,3,14.396736906850537,Medium,2473.135506038905,45,26.530844965107743,7.189999799929126
44.552510460647255,45.9148452862427,304.64614772219096,Sport,3,Medium,Flat,Rainy,21.810985483981664,High,2114.719944021356,17,20.2511565582308,8.175893459933492
60.20389992077098,23.942416115819597,301.5740611116718,3,Highway,Medium,Flat,3,35.42588877178431,Medium,2101.409793863859,3,2.848314892012358,8.683892399990231
87.05618021401953,96.03537872720828,347.7006126357729,3,Highway,Heavy,Ascending,Cloudy,24.365674693025685,Medium,1230.037776872177,38,31.666627380901907,9.621729435138716
13.587746791095046,66.49183319786084,309.55396454973106,Sport,Highway,Heavy,Ascending,4,37.24259283293261,Low,1823.219897683895,25,13.371638790826918,4.465867156331632
48.76396863329538,85.18149450776198,319.4001814415213,3,Rural,3,Flat,Cloudy,33.986635386883414,High,2014.4495963703607,37,33.45577037905886,7.694950735764106
58.20874909712345,53.84945580381843,384.6767199526664,Sport,Rural,Heavy,Ascending,4,0.8005563023551492,Low,1562.0622250055246,44,39.95818574647979,10.371640220380442
64.89924767658476,92.26517340529486,357.10283912504525,Normal,Rural,Medium,Ascending,4,-4.475663879947074,High,1308.2120426249755,19,20.493806186392035,7.101740311115645
98.203276967426,58.66545772418027,363.36324372661136,3,Highway,Heavy,Ascending,4,12.29851338919966,Low,1892.17831946252,26,0.8776784473244645,8.639115378706109
20.601383405186027,65.91562577605356,318.747933083192,3,Highway,3,Flat,Cloudy,33.93984947614192,Low,1780.1829257187717,60,43.276146314883306,8.081564277027722
96.93977421919467,59.34351840501255,382.866180445442,Normal,3,Medium,Flat,Cloudy,5.355669671957594,Medium,1257.3044213801568,36,27.495454702972527,11.634844743629126
83.14541132359827,78.66226366941213,386.79797724397474,3,Rural,Medium,Flat,Rainy,26.11299648547732,Medium,1875.2435255689788,32,15.80809274303326,8.699826754593849
66.70449770387512,65.332486208165,352.33275937130435,Normal,3,Heavy,Flat,3,16.41979161503548,Medium,1340.031887825184,35,31.726422656867346,8.793314061407543
83.94334444830864,41.72791388643182,391.255777187866,Sport,Highway,Heavy,Descending,Cloudy,28.573499219308005,Medium,1751.916008185614,42,33.75226689936526,9.18494633761824
49.44212867419877,31.643162505811706,384.48286249545816,3,Rural,3,Ascending,4,2.423959554008074,Medium,1551.5367833103833,28,7.458588669309516,7.782351441149023
16.60771031617495,68.48995111063822,373.1324176674438,3,3,Medium,Flat,Cloudy,5.759096754252472,High,2461.612054791128,37,32.35543635561788,7.065162248890204
79.89182883184408,59.1343969237629,373.40759156936286,Normal,Highway,3,Flat,Cloudy,5.913601127350002,High,1245.1532079410338,23,14.405680335505744,7.956430063424845
62.96067680227467,27.67805573568904,310.53934739508634,Sport,Highway,Heavy,Flat,3,19.68096160786948,Low,1928.0302069182612,53,40.200877463051,10.150697436395978
76.72497606513306,51.64939726346147,327.0836037695666,Sport,Highway,Medium,Flat,Cloudy,8.03310060122621,High,1397.496418737744,67,47.08137792971964,10.636134618729129
40.5598537234188,61.18211376003629,306.6847219817676,Normal,Rural,Heavy,Ascending,4,31.527506777560973,High,1615.0823450426396,22,5.223101650456983,5.747900022415544
108.82398928078032,86.1514587060472,300.86812092263085,3,Rural,Medium,Flat,3,10.605739859687628,Medium,1439.071262990031,65,45.87615409372838,11.63188313041412
70.48438422906924,26.088084466668988,315.830953138391,3,3,3,Descending,Rainy,24.738301695567436,Low,2493.690943626062,37,45.18195415862901,9.687159432948512
10.24829811490486,47.87962785968024,388.048718264694,Normal,Highway,Medium,Descending,4,37.68258487435623,Medium,1242.07068724717,36,17.2110901236046,3.9721326152297936
53.97647888453144,85.81248981683083,323.9874059036051,Normal,Rural,Heavy,Ascending,4,22.311567295636934,High,1903.7633968828677,3,1.5388922302567407,5.052214556893996
90.76272656923612,71.8739145417263,397.0153962591722,Normal,Rural,Medium,Ascending,Cloudy,5.896908499622926,Low,1990.455529055903,34,33.194946789835214,9.32858874173575
95.29614740787268,43.19666574430294,359.7290999561206,3,Highway,3,Descending,Rainy,32.37055029109648,Medium,2203.818264404219,14,17.301087751665108,9.462801030593235
59.351646331651054,87.62680976181139,323.72584876346906,Normal,Highway,Heavy,Descending,3,-4.435586568642473,Low,2013.7785712313275,12,9.66321005812066,6.541575931625292
107.36970849975611,59.46348644501539,349.7130803484213,Sport,3,3,Descending,Rainy,6.5441722643969005,High,1500.7509788188493,24,5.5173663466479805,9.932307896502046
32.12021246331571,59.86815130483684,321.90948227001155,Normal,3,Medium,Ascending,Cloudy,12.43707198465028,High,1977.4505478959147,31,9.881715466090291,5.27762414916553
49.27184366859199,98.12698713603076,398.3973558182374,Sport,3,Medium,Descending,Rainy,3.819048761554136,Low,2467.456939677977,19,11.949594938484044,4.967279944874058
107.8316292682764,95.76932025891028,384.7264983904964,Sport,Rural,Medium,Descending,4,22.18081416425549,High,2302.9872991861885,32,39.81169339201926,11.04588434857677
107.55080597658949,48.68261466958751,302.6238788782329,Normal,Rural,Medium,Descending,4,20.11002776231133,Medium,1789.5462480117626,49,39.212590344556034,12.427889733944614
82.28553225896171,31.246330293046583,394.7776031467471,Sport,Rural,Heavy,Ascending,Rainy,13.29234557974463,High,1820.630683105908,23,24.77126889992142,9.972138531900033
103.07766565466642,46.05333858224753,372.10651073028873,3,Rural,Medium,Ascending,Rainy,8.247075099447779,Medium,1372.7809169090349,46,27.71093223391991,11.74347701764516
10.65279203474792,22.438660824911043,308.23812520212783,Normal,Rural,Heavy,Flat,4,14.52582595129099,Medium,1940.902659686752,51,45.899043443041485,7.619455804545529
103.79939714493317,21.66143093683129,367.0637746326445,3,Highway,Heavy,Descending,Rainy,8.104101552073091,High,1564.3164108953868,52,45.41120570770266,13.095193749500355
38.47438878602721,51.641770900113535,364.69266979656857,3,3,Heavy,Flat,4,4.956632872525852,Medium,1340.5485320521084,56,41.45082277422697,8.434272078007176
21.39978149138596,95.28158581577873,321.87887458075835,Sport,3,Medium,Descending,Rainy,10.80715595392059,Low,1816.4722270385328,15,18.776262378794154,4.707574354467934
28.72438036104556,89.70858729857662,375.8446700007576,3,3,Medium,Descending,3,22.105101187785543,Low,1258.5926692288112,27,18.390964648982845,5.378162737605878
50.15622096166645,60.91542671340984,308.7064703312967,3,3,3,Ascending,3,24.17758855235784,High,1356.1712664588565,44,44.40534432225578,9.21255358458883
30.143040552536068,65.21811049366646,348.9445181231248,Normal,Highway,Medium,Ascending,Cloudy,8.380622247863165,Low,1484.7571816361392,50,46.33302695143768,7.54003017328183
38.468110321979886,20.47467973968452,300.9923207163088,Normal,Rural,Medium,Ascending,4,37.63291163483114,High,2487.8250019429584,40,39.94288688188296,9.758806029263315
16.197418328597053,37.24009246670124,396.87374888947465,3,Rural,Medium,Flat,3,6.788165346292175,Medium,2251.026080351376,58,37.88108698558401,7.700005277786295
35.541211867079824,21.9819301547507,375.1563631776909,Sport,Rural,Heavy,Descending,4,27.045944958023348,Low,1904.2858372753492,41,27.95238431031954,7.1843826792721
68.67405774504014,80.36316261563101,315.8852076159656,Sport,3,3,Ascending,3,-1.333397439590001,High,1502.3349995008286,26,16.982911567274876,8.219231198018814
53.02244497092767,31.651663682119818,334.1674039951283,Normal,3,Medium,Descending,Cloudy,24.918004574427112,High,1874.595855504747,30,12.107565121618652,6.850828446668304
41.60625134830934,89.52376819814535,316.05623778081764,Normal,Highway,3,Descending,4,15.697693689649835,Low,2043.6962119014931,30,7.102881269210607,5.850140232636655
89.57425546285367,71.46594509406306,376.66174641293145,Normal,Highway,Heavy,Descending,3,20.60985300895279,Low,1205.9330921293083,36,36.43726936821842,9.748027134533665
107.22119656719816,38.35349412125707,305.8896325427715,Sport,Rural,3,Ascending,4,3.2832696781239434,High,2484.2616853060954,40,38.87124302303184,12.34845997051151
90.81470674828763,32.61762536665998,384.0406655563714,Normal,Rural,3,Ascending,Cloudy,14.510378586083398,Medium,2014.81530068651,16,17.996394703475534,9.249978916742956
39.8400842541215,70.20997607384425,394.219633883573,3,Rural,3,Descending,Cloudy,29.482503545071907,High,2484.720416938262,28,0.4014554329208305,6.097820688249238
89.33306014050645,92.06695842258588,367.66279428063,Sport,Rural,3,Descending,3,29.51881747607122,Medium,1809.785531027572,64,46.93595434504218,11.489414556338527
18.237621896886147,77.46881751315053,321.2965450001434,3,Rural,3,Ascending,Rainy,5.690018255421823,Medium,2010.559555730957,20,21.910757175584504,5.517328088460538
15.63815857095491,47.88373212827021,336.0090095813551,Normal,Rural,Heavy,Ascending,Cloudy,10.866967380086306,Low,1799.8989648839708,57,48.73209328139362,7.583629017865197
41.47524444433907,66.99068762149177,347.7239874808932,Sport,3,Medium,Ascending,Rainy,-4.828390007355433,Medium,1212.328735610441,32,33.90024253971994,7.829117892430426
96.92428428528684,44.86093562979371,360.46247722022537,Normal,Highway,3,Descending,Cloudy,-0.9517021547820804,Low,2304.8592309238893,28,6.288273469937803,9.276527945701853
29.561789669076223,99.93196534229271,366.8663089811688,Sport,Highway,Heavy,Flat,3,0.7028658691939693,High,1783.7020936531112,29,16.41491517846611,4.451191437475512
7.59040906784155,79.9071350769481,355.4214715318883,Normal,3,Heavy,Flat,Rainy,8.214309665315502,Medium,1812.217049504809,42,32.886805517823674,6.717864949100955
15.80514422476261,69.1505311805403,335.1313920821856,Sport,Rural,Medium,Ascending,4,29.15569690341101,High,1667.9533811588055,27,32.497715303595456,7.843752941068342
103.04939622354962,53.86073142126634,389.0917280564903,Sport,Rural,Heavy,Descending,Cloudy,17.96125594701941,High,1762.4534078007143,24,11.67607274297476,10.304682831780031
76.05399416967451,69.45218322076458,308.1392058017958,Sport,Rural,Medium,Flat,3,30.667366144851226,High,2143.2159316255465,20,8.925157373106165,7.2662181407141775
30.3841396043972,47.32928499738678,346.6256054243495,3,Highway,3,Descending,4,28.970756841866944,Medium,2110.8118257669157,20,13.911860891900949,5.465346986383811
66.63549903938176,22.30918715664246,377.5564838467481,Normal,Highway,Heavy,Flat,Rainy,21.4212194278454,Low,2250.8926423794032,52,39.36590991656968,10.023325469431004
63.309554691042045,51.60708178853063,306.0872665291401,Normal,Rural,Heavy,Descending,3,17.49370905382353,Medium,2467.067189929222,23,12.169303075498936,8.174340013763555
78.65231741287936,94.43846556638935,370.5335216811301,Sport,Rural,Heavy,Ascending,4,36.9094387697176,Medium,1708.5148022798471,44,35.11885815666338,9.429895577235897
27.98250653059396,70.10408758190927,381.9711622753325,3,3,3,Descending,3,20.61716001764868,High,1640.6473732212803,39,43.512980544463495,6.70877526862845
103.72835846332772,26.716456245672127,366.0831298527052,Sport,Rural,Medium,Flat,Rainy,16.72707930770693,Low,1841.5825842097372,16,19.641954958593505,9.989916188214131
37.12422744960154,90.79948907160208,301.2936892275356,Normal,3,Medium,Flat,4,34.11043642929262,High,1400.7064312209206,16,0.4490025522553452,5.475265058086649
83.29579847714842,41.50998794732119,318.0137027132206,Normal,Rural,Heavy,Ascending,Cloudy,-1.7852578361462397,Low,2185.4384956372123,12,7.183691055323446,9.843131987880987
1.9349575646657868,39.5015594466182,334.2113078891951,Sport,Rural,Heavy,Ascending,Cloudy,24.521184378305687,Medium,1955.479302621071,13,15.663653674800134,6.209513084390158
44.71885558729767,43.767277502425664,323.3690035638046,Sport,Rural,3,Descending,3,0.0862262571882706,Medium,1474.7429442380449,31,9.578715900007564,7.717611614415574
42.205178155057,66.1761788900766,396.2652140227427,Sport,3,3,Descending,Cloudy,31.891973254874703,Medium,2323.245567607314,19,14.546728631600294,5.787443568092991
65.21813142996174,63.57504747471813,365.1593914113794,Normal,3,Medium,Flat,Rainy,30.66997832723375,Medium,2004.781272606614,22,27.247694914881396,8.189803572734384
8.72835141326358,59.313100369830536,329.697095735157,Sport,3,Heavy,Flat,Rainy,17.662001541396094,Low,1244.251116423006,16,1.1519468660975627,4.143957715853989
94.815764847133,77.40294908101016,392.9697498665446,Sport,Highway,Heavy,Descending,4,24.74698675386968,High,1455.471955330697,21,3.3076464260158267,8.485012691457403
26.133696212108223,45.32301850679672,374.0594199476187,Normal,Highway,Heavy,Ascending,4,29.767976108687414,High,2358.421533350384,61,42.80139282626104,8.248028291677159
81.24453778584123,82.5651617257945,328.4607211827042,Sport,Rural,Heavy,Descending,4,16.748674150736505,Medium,1695.359223335145,51,26.16375489609187,9.899419129887033
96.3854547892912,34.02573427028793,337.8881569401956,3,3,3,Ascending,3,35.768106120519725,Low,2479.6570614458547,50,46.78300236020292,12.823498340020652
67.42523474898158,82.60966312616074,319.94288583039565,Normal,3,3,Descending,3,14.666350416638316,Low,1888.6779730492208,20,0.2634529069595673,5.016280715871942
88.90598480663826,73.10480842002264,397.1073998265822,Sport,Rural,Medium,Descending,Rainy,35.14101318277126,Low,1470.2896909992176,0,0.1075443960063698,7.038728251620348
79.42323746580067,74.65666476380692,351.7296495890073,Sport,Rural,Heavy,Descending,Rainy,21.223482198178463,Medium,1972.062927813521,43,37.00587056920868,9.217519670063188
42.66357565824092,58.5242717701808,389.6056687497985,Normal,Rural,3,Flat,3,14.180946877279323,Medium,1333.0562200677791,20,23.865010752189143,5.9350696219362185
97.06302468402784,73.36012261446918,334.6499771016848,Normal,Rural,Heavy,Descending,4,-4.815610955932887,Medium,2249.769132750084,39,45.6985374849612,11.45051532859913
35.364164386263354,26.38376372475659,386.0841603097476,3,3,Medium,Ascending,3,8.300016425041372,Medium,2016.1922718316691,55,39.350539565646734,9.860896960049113
68.54555013018206,88.12408936394938,305.3886848427164,Sport,Highway,Heavy,Flat,4,34.05646715537463,High,2453.130605733437,34,25.247736891917192,9.07965843120225
89.44772869698474,24.44377867901168,398.2090317524288,Sport,3,3,Descending,Rainy,14.292075507866286,Low,2097.1401279002457,49,23.97834769339945,10.85194375567546
45.47470917750091,31.8993207897198,391.2034367033303,Sport,Highway,3,Ascending,4,13.966083722831671,Medium,1263.895462365138,54,40.57790327465127,8.830937455163953
36.332112914091006,66.1431766797789,336.32029447766547,Normal,Rural,Medium,Ascending,3,17.023480648019692,High,1819.3567126958048,34,40.20494797886308,8.070249714460488
55.12152122073873,79.15291643653532,377.4722165314577,Normal,Highway,Medium,Flat,Cloudy,7.883681418516005,High,1890.7033151061853,40,13.919546005089884,5.918003365929487
98.15561932189844,26.100125147700275,375.2257926473826,Normal,3,Heavy,Ascending,Rainy,17.119807139086156,High,2391.8087555556967,47,33.76437930542728,12.053025649992936
111.59061157747978,93.66118512978558,390.1254797102932,Sport,3,Heavy,Descending,Rainy,11.909340239803456,Medium,1762.2068290236268,48,32.195792456923925,10.29472806750274
65.41000954318682,97.88861190405588,330.7254981128811,Sport,3,3,Descending,3,35.9249138694631,High,1971.5676445948372,35,42.81861647243337,10.013120065960043
79.37594463883822,68.47601384061689,346.55200053141493,Normal,3,3,Descending,3,20.378504703844936,High,1441.7429360974838,51,43.44212058283446,10.959106763451786
108.3928346686697,58.49947643014693,386.4999612606053,3,3,3,Ascending,Rainy,32.53679361140911,High,1518.013983031325,19,13.487204025363928,10.024996626063643
11.825622169553087,79.31159778237998,377.8579454135216,Sport,3,Medium,Flat,3,25.909334300935328,Low,1913.1627938738952,51,43.99914845934053,6.365727736729313
27.849429343939804,46.26858818617643,339.34667187402795,3,Rural,Medium,Descending,4,4.567134282524405,Medium,2106.079932898677,46,46.236098965066574,9.443480194637944
85.0680007501899,59.46115472840852,384.5725232912122,Normal,Highway,Medium,Flat,4,34.04495243654002,High,1766.0989111972883,4,5.570869610480306,8.565730531440419
98.84933542947596,93.29208214515212,304.6954039232401,Sport,Rural,Heavy,Descending,4,-1.0728141175164274,High,1762.46913413014,24,28.72993360332206,10.421238508699926
102.84348339966937,96.45243401932268,378.204630296299,3,Highway,Medium,Descending,Cloudy,15.188703725780016,Medium,1532.7925731516978,20,21.879537675156875,9.69255096674218
49.81286122259191,94.1655292840948,320.67658594337007,Sport,Highway,Heavy,Flat,3,5.761994148942012,Low,2107.5699953080666,26,20.15903669144592,6.950751311247742
10.72078827502402,40.995845357107214,328.61209078237874,3,Highway,Heavy,Descending,4,19.189994018449205,Medium,1207.1147384240248,44,35.27098677580081,6.601628310854913
52.53377727595439,38.59752321734107,349.3214843595593,Sport,3,Heavy,Descending,Rainy,8.502231075015846,Medium,1866.599232400547,17,6.56546117390447,6.745963252303499
27.688150824846453,43.81316047434514,344.9734501069974,3,3,Medium,Descending,4,27.527181665108067,Medium,1204.634181541148,48,41.01529587105911,7.854641232514823
34.943574599594896,55.304888991076815,352.05701068698806,3,3,3,Flat,4,37.16134155192119,High,1971.5082827731255,16,1.4273114372917717,6.569889249746645
92.6721068205007,45.13339302335709,354.4775595672024,Normal,Highway,Medium,Ascending,3,26.909049019685654,Low,1240.1784390687408,33,28.957213016351226,10.59799194253958
9.063250323106423,49.93702365912464,333.1527691031497,Normal,Highway,Medium,Flat,Rainy,10.988966504911248,Medium,2422.0872038669304,23,11.345463973147275,5.765632919893221
99.30974609768424,69.65095616966076,317.522751301703,3,Highway,Medium,Ascending,Cloudy,22.00314827460792,High,1821.3398908875365,50,33.40669906782515,11.056932203450094
51.32029029890029,81.00205416751807,376.8481229287306,Sport,Rural,Heavy,Descending,Rainy,34.983674130915446,Medium,2089.229550792439,34,26.319051500822894,7.355989175238847
71.52767173207141,78.84465586143335,339.9976149087142,3,3,3,Descending,4,7.151277540410751,Medium,2309.678016934622,54,49.98763632477504,11.456970621066803
10.75826774828148,85.15388536633216,350.5840862459059,Sport,3,Medium,Ascending,Cloudy,0.3192143682221822,Low,1506.048748388059,47,43.12989481601392,6.345045686438377
40.48308940287355,22.574752257232173,364.4696718351118,Sport,3,Medium,Flat,Cloudy,0.8843794874946367,High,1902.0700727750625,31,16.897973822573704,7.098763151934247
10.764110281781496,23.818703174300488,390.9637922306656,Sport,Rural,Heavy,Flat,Cloudy,17.26838546545065,High,2322.4844595131617,46,26.47127321197494,6.452255504219133
115.38524674573314,83.15063685509034,370.755283114022,Sport,Rural,Medium,Ascending,Cloudy,27.94613175084293,High,1899.1056904120005,18,15.958821338570148,10.295826286620366
96.87139791915006,62.64630578597056,304.54592255903844,Normal,Rural,Medium,Flat,Cloudy,24.576598393888293,Medium,1710.6042450659777,57,36.46679523354335,11.46000216332269
55.15593052277523,66.25125390096963,383.8560363398018,3,Highway,Heavy,Descending,3,15.42502752181068,Medium,1679.5307498978027,30,21.17841551662183,7.886333852266954
26.832305798840533,24.206948817150167,398.9355015127519,Sport,Rural,Medium,Ascending,4,27.818411808161343,Low,1699.3408681199248,21,5.860344375345719,6.750612713237143
112.01461262998228,40.42510409370167,347.2485025371382,Normal,Highway,3,Descending,Cloudy,23.528648026345767,High,2000.0606748348368,36,33.0741134040168,12.07782874862101
41.35159148723661,71.06834439083822,396.95903364546007,Sport,Highway,Heavy,Flat,4,23.270384002038146,Low,1259.35948917318,19,0.6521458893137955,6.03756558967112
19.31813180248497,88.73455120885409,354.7328742343149,Sport,3,3,Descending,3,4.1069378782392185,High,1739.997736956867,42,14.934774841362469,5.281274688294763
67.57972661447458,93.3586717745122,345.961599587195,Normal,3,Medium,Flat,3,9.066254486182684,Medium,1928.7658673708672,58,45.366439115234016,9.05398580433255
113.25289444137792,60.03355966680654,333.1404764727455,Normal,Rural,Heavy,Flat,3,10.49909463801446,Medium,2222.295023663752,7,4.79929812843354,9.63272442869845
0.459634860038709,63.63793861905581,365.7554875833339,Sport,Highway,Heavy,Flat,Rainy,31.36858412277529,Low,1888.9918692903505,30,25.270844449064192,5.751351245018569
28.57498119047985,86.64397048551928,322.9820420525045,3,Highway,Medium,Ascending,Rainy,29.879972093441253,Medium,2404.0245556488326,36,39.774915409988765,7.498682366342948
112.61371684924892,63.00996805978837,310.4934218514404,Normal,Highway,3,Ascending,Cloudy,6.370274083670696,High,1776.9048900815064,66,45.23465585238986,12.659310868414718
20.530316022859445,61.34868204298539,302.7237102584214,3,3,Medium,Descending,3,-2.518147656050908,Low,2046.032396503257,44,28.035930972183625,5.783352576917896
13.589214196778382,92.4067230208763,329.2380112715264,Sport,3,Heavy,Ascending,Rainy,29.5502714142905,High,1222.855446632448,36,7.743751885106863,3.41630551212024
68.42246589597653,83.19461768447042,339.57708321670384,Sport,3,Heavy,Descending,3,13.443978045744329,Medium,1509.9824876076636,42,47.04878519964642,10.581733079296535
103.4212587953796,92.72580210890357,355.2076696281248,Sport,3,Heavy,Descending,Rainy,4.891142604562788,Medium,2260.0945503181674,60,37.488016406266006,10.206799842898526
57.253178123271134,37.4597643824923,329.27498251870065,Sport,3,Medium,Ascending,3,0.2657591756992952,Low,1962.0795717016315,19,19.843950843666107,8.397271969200306
119.34771080214296,61.95003893242854,398.40595723854113,Sport,3,Medium,Flat,Rainy,-4.423340723517457,High,2430.0249793397925,32,13.921338989479626,10.781218074652026
81.50060394455915,87.39777028746863,329.1745168241168,Sport,Rural,Medium,Descending,4,14.247833566624877,Low,2178.7393685111733,31,2.4810528214969496,6.648267557773721
8.88898886525373,28.891826197368715,344.0975388446409,3,Rural,3,Flat,Cloudy,10.289371647407146,High,1784.5630157253754,19,9.652415165723928,6.660379101272316
119.13985580183704,83.57297234351694,310.32761655319,Normal,Rural,3,Descending,Cloudy,26.341156781827728,Medium,2212.324648501859,48,38.90608546328445,11.846685741324809
48.94730841362285,34.63787067318955,326.06265133370755,Sport,Rural,3,Flat,4,38.94994444843337,High,1808.122816111215,32,5.520518849466969,6.051406704630825
34.4883040614579,84.6495003988257,304.8332139788991,Normal,Highway,Heavy,Flat,Cloudy,4.305217882726929,Medium,1629.219532848074,12,6.5576854815205055,4.719617886007837
66.94550202934627,68.96007500454945,355.9508633437328,3,3,3,Ascending,3,5.936626316827184,Low,1261.224893577854,25,9.877041826903817,8.380434452547123
36.51691101850372,35.45887931878937,375.1064683132432,Sport,3,Heavy,Descending,Cloudy,10.17861595889784,High,2325.310372965835,29,19.82755231963723,7.749969649967697
10.37490085441828,57.86833434662409,319.5709814336068,Sport,Rural,3,Descending,Cloudy,15.967193569748735,Low,1744.624256656278,37,9.534650165950351,3.97895628843643
0.1714011695012063,74.55241331686173,336.79109378160706,Normal,Highway,3,Descending,Rainy,26.39644129032409,Low,2090.721370531747,58,45.224744844049646,5.6485810362421205
53.95000235043148,70.7082320706834,301.6616226727161,Normal,Rural,Heavy,Descending,Rainy,10.841418482737298,Medium,1398.9773308869453,19,12.957001908491112,7.379233494015983
100.42361066719108,54.179775698536346,383.9522055722212,Normal,3,Medium,Ascending,4,-0.3109755663149416,High,2277.651064037276,52,45.98243186195848,12.205377837165754
68.67782227560919,91.94932231367416,377.99635249316697,Sport,Rural,3,Ascending,Rainy,27.86537367614833,Low,2271.460579850297,49,49.24865674046092,10.423623380905363
119.9048758732129,61.54107315902755,306.32540308742927,Normal,Highway,Heavy,Ascending,4,30.758875510803392,Medium,1826.7918751247307,36,37.76468748542087,12.9926820079994
34.421597477663994,60.46938388229507,336.48676093204114,Normal,3,Medium,Flat,Cloudy,6.144189501456138,Medium,2073.7881205399926,8,0.4711092721907307,5.859713160719545
33.65460777120664,24.98004719531634,395.5286613849496,3,Highway,Medium,Ascending,Rainy,1.154030968403795,Low,1877.889994447656,40,12.077003866570536,7.023606905667267
19.169935228073307,93.76963118381096,339.2027056078977,Sport,Rural,Medium,Descending,Rainy,18.751047315958765,High,1917.945763689752,36,13.439937345919075,3.701664233853142
19.68763059184022,34.16932549426984,352.62086767240163,Sport,3,Heavy,Descending,Cloudy,4.374143539210593,Medium,2355.4420373453795,33,27.183453960636086,6.686212953695759
34.222391521205736,62.267575474924335,335.5242861010355,Sport,Highway,3,Descending,Rainy,11.837354500688283,Medium,2456.99045074279,24,8.003845778924857,5.255584883958849
95.14080543282326,84.28540811202481,359.6131388128262,Normal,Highway,3,Ascending,3,29.981254905798277,Low,1677.7486260343328,10,3.9530361394104414,7.748441889865893
108.69081487637376,37.23626215645147,397.8156875636822,3,Highway,3,Flat,Rainy,4.882316943306496,High,1631.2530641168971,36,8.900251331339225,9.303494762354402
117.01046036492176,62.189863197667286,399.7502503481197,Normal,3,Medium,Flat,3,31.281666750342,Low,1594.949666903358,20,16.434863122273125,9.011793361489069
27.874758491574315,39.25479273786727,377.4714978011191,Sport,3,3,Descending,4,25.33089945173397,High,2201.986431951917,8,2.5555775058841,5.657007798618479
105.755705473691,80.77559982399293,340.4311098020439,Normal,Rural,Heavy,Flat,Rainy,4.8876638682055376,High,2139.766697519793,34,9.8486752428355,10.106458897261412
39.390610713280445,65.14729342985206,349.44322008289885,Sport,Rural,3,Ascending,Rainy,18.68820704707375,Low,1256.940098864036,37,8.459246302817178,5.68450195188151
13.54086534202613,88.47806883161148,335.6731328112305,Normal,3,3,Descending,3,22.63318431278202,Low,1314.9731579174825,34,38.64073040116116,5.660477585608981
104.40299106241989,91.56464023019063,398.5574629904346,Normal,Highway,3,Flat,Cloudy,4.012421701613956,Medium,2040.066370398412,7,8.561742692914919,9.676039234237509
76.33267615723423,71.89867859563185,370.7760305825404,Sport,3,3,Flat,4,1.5227201115632605,High,1557.4462114911075,43,39.5978223030302,11.04644845067015
19.767707529727407,78.03129969271555,344.8931445433511,Normal,3,Heavy,Ascending,4,18.902557049181908,High,1319.0544108844354,50,25.458289387278526,5.083170888927843
51.5797509015603,63.9376079909491,301.21152701096025,Sport,3,3,Flat,3,26.22285247610474,High,1737.762825343358,33,37.91692355825481,8.546105275781779
34.47092338524812,50.75429864539064,352.04834143905487,Normal,3,Medium,Flat,Cloudy,15.928097803219671,Medium,2340.7276780412385,41,22.572809594274048,6.689426826355699
88.41534824522364,71.84943384166677,398.39282017016177,Normal,Rural,3,Flat,Rainy,-1.8482338160635847,High,1676.205318567514,54,45.062653213489824,11.210327219252886
54.40994767491217,92.66308987898633,352.3060908973052,Normal,Rural,Medium,Descending,Cloudy,36.63457180135591,Medium,2104.319050418399,28,13.898282251686044,5.465961162210254
118.7135934127662,53.33443043451504,318.2426685489113,Sport,Highway,Medium,Ascending,Cloudy,26.27344506345297,High,2370.7473304489704,37,38.36366189339587,11.588814799446643
6.569397871151415,45.152802109903625,302.2093747104775,Normal,3,Medium,Ascending,3,22.95383286041027,Medium,1420.107005747073,12,8.254658654684276,4.924810374238547
42.6018319363496,51.074955084205925,335.4703758124209,Normal,3,Heavy,Flat,Cloudy,23.96321553688048,Low,1992.612251394496,40,44.14395763481253,8.753723661396423
57.82802005319729,54.831810416927965,391.8228055696607,3,Rural,Medium,Descending,Cloudy,12.937252040863122,Medium,2379.9570147012346,29,1.5192007837424797,5.56596746659422
60.37602656979837,25.884882318217297,399.65541081758806,3,Rural,Medium,Flat,3,39.29802246877458,Low,1451.4370227058469,23,22.926062530379674,10.25342781106557
37.912298686276415,59.87534723479955,394.53679748120027,Sport,3,3,Flat,Cloudy,0.9705645273330372,Low,2485.326397924884,21,21.120788126597123,6.022478986521638
87.50882989170816,59.54513984400477,372.9419993254257,Sport,Rural,Heavy,Descending,Cloudy,28.2613619867452,Medium,1674.608588800987,44,31.227155186730812,9.773294361326563
104.96964881867696,67.07550621124184,355.8142728440655,Sport,3,Heavy,Descending,4,13.939418212019447,Low,1482.7835532657314,21,22.102574641588955,9.072816445633078
112.64631623734356,49.02560243770652,359.0686146382252,Sport,Highway,Heavy,Ascending,3,34.64932214236568,Medium,2289.1652869282857,38,29.490035732516997,11.340269894166086
96.61120521594314,69.04860767644718,353.8992009091961,Normal,Highway,Medium,Ascending,3,27.27675733976715,Low,1808.281680917707,63,43.09897734921677,12.01504318483918
102.06962367679192,90.25730482193624,370.7049304922989,Normal,Highway,Medium,Ascending,3,20.30135005118615,Medium,2071.8816332915453,11,7.187223389968777,8.008687577215923
66.06543607439946,96.43767923961316,341.88732266953525,Sport,3,Medium,Flat,Cloudy,37.19621354746811,High,1836.4893782982176,38,12.282951240135006,7.617783931810674
99.10658717121775,66.68897729128398,366.9204004955765,Sport,Rural,3,Ascending,4,36.05995124228816,Medium,2036.58613731899,47,40.16071394300165,11.53642828349108
36.42046909775426,23.407276317625048,312.1612114957201,3,Highway,Medium,Flat,4,-2.6449701821489464,Low,1245.9794594959706,29,11.4803923607289,6.216686042033607
47.817451453105726,97.53887978136872,326.5695306561484,Sport,3,Heavy,Flat,Rainy,3.666462103272675,Low,1655.234294492231,62,45.292134398619545,7.951938358772851
38.02956165822532,76.4689648717005,383.60030388086295,3,Highway,3,Ascending,3,25.42209632070604,High,2054.5054170926533,26,27.08648622687437,7.296542457997966
56.08648025375105,46.87709188429217,390.3748930743391,Sport,Highway,3,Ascending,4,36.4827741927738,Low,1656.0147566588953,19,4.185030051296292,6.913008828932035
34.269553948636364,31.772616077097872,353.90082375603,Sport,Rural,Heavy,Ascending,4,14.36485011408142,Medium,2208.4810061225817,29,1.1309473455814836,5.491825012065524
115.3933730705336,31.473488978902,303.16356172129326,Normal,3,Medium,Ascending,4,-3.276263958781639,High,2449.1498616111635,35,38.16893874292338,14.346044718098495
37.54135536068018,33.41955249116822,392.6973570791768,Sport,Rural,3,Ascending,3,23.94837669910168,Low,1248.634882212219,51,42.83190651886996,8.4845919085205
11.76534457331278,23.645801729105624,370.20642580272863,3,Rural,Heavy,Flat,Cloudy,3.76091487585146,Medium,2311.913601818561,15,12.06924347349688,6.497908379114662
63.218059926049605,92.17233509223291,341.4027923755361,Normal,Rural,Medium,Ascending,Rainy,19.854477999250776,Low,1419.7832227457932,32,12.114917217269795,6.261674785122369
6.851889413421164,63.26145862618691,359.8378943199496,3,Highway,3,Flat,Rainy,12.310746638104895,Low,2392.53822247893,49,47.70969500145229,7.823264000703546
13.265179957029662,75.99675301710698,342.9774834441366,Sport,Highway,3,Descending,Cloudy,20.1112167595914,Low,2430.830569927988,27,32.84373811969814,6.478728377779984
26.326726703549557,86.2486807414646,346.5339226732051,Normal,Highway,3,Ascending,3,36.95963437585299,Medium,1939.9334860023591,35,8.46394420634456,6.7384359166759
55.722029985857006,83.32328050665602,388.6809865659402,3,3,3,Ascending,4,16.86102656993374,High,1822.715757934547,32,22.484488372900632,8.936881366250837
51.99011187708335,90.60844989830731,316.10842469171115,Sport,Rural,3,Flat,Cloudy,-3.446202930254457,Medium,2186.049863901835,39,45.53076217109302,10.104556326193466
95.96302344033494,97.38036980199615,310.3669135482237,3,Highway,Medium,Ascending,Rainy,21.14130938257497,Medium,2393.4279654193824,29,31.0965923473523,9.379933846662514
88.73695846609361,55.125649179355165,300.2728744513016,Sport,Rural,Heavy,Descending,3,9.658548857889308,Low,1502.1798936810198,43,20.4327330279694,8.931303132539528
51.15819527888416,96.02683733347124,331.4000375612127,3,Rural,3,Ascending,4,30.016069797811237,Low,1697.173874344583,22,7.63657165133258,5.68054575183601
40.04450490907559,77.8631958674253,314.7413766484427,Sport,Rural,Heavy,Ascending,Rainy,16.146781163260396,Medium,1742.7967933763446,35,36.32749203234384,7.96167176458056
37.97625408737983,25.65345522464628,321.9985495138111,3,Rural,Heavy,Flat,Rainy,28.361683202423897,High,2299.567621379136,25,13.890508167975806,8.27734884193174
92.87941047528108,74.54264969698764,301.1238982665377,Normal,Rural,Heavy,Ascending,Rainy,35.89694479067412,Low,1377.9921273055795,29,28.338944284501764,9.8748079006585
6.248688746552369,74.93733276838789,322.7195414687704,Sport,Highway,Medium,Ascending,4,11.302329607260294,Medium,2009.9574369330528,51,30.04699598985504,4.445767662102631
1.538597941272699,92.46884510340216,333.2711581932374,Sport,3,Heavy,Ascending,Rainy,39.52200605758616,High,1656.2236945991822,27,27.816929147945,6.8812651200232535
95.46532703119776,49.83457059760737,303.1567496409881,3,3,Heavy,Ascending,3,1.741578967290332,Medium,2351.168362960625,22,12.399990299681706,10.220465700777108
57.25756511868592,66.79292002174543,360.7904124297148,Sport,3,Heavy,Descending,3,23.97692568519349,Medium,1641.7281419880828,49,35.44290225154482,9.591223015069165
15.705736626429116,20.9750040809394,356.8800348883758,Normal,3,3,Descending,4,-3.4354578590939826,Medium,2471.3301702747985,35,28.34589528305591,6.420055376108271
28.267912151340152,46.56601937450688,309.70357785099253,3,Rural,3,Ascending,3,4.587549963301116,Medium,1220.3217417180658,33,20.24377820752274,7.657926687043452
111.9004743716859,24.979498092702475,359.5009777518401,3,Highway,Heavy,Ascending,Cloudy,23.52003661554588,Low,1511.4197095056843,5,2.701329543269988,9.345324208856775
103.14035707498776,61.74983782119176,399.86539186088777,3,Highway,Medium,Descending,3,-2.921371719750649,Low,1794.5171872164165,38,16.630063412829358,9.884004951202268
85.1742060268767,85.39581204055625,394.44689528115407,Normal,Rural,3,Descending,Rainy,-0.4195811620238601,Low,1533.221957879456,40,17.687130643337056,8.44264987488284
57.86702764047919,36.51541537032551,300.2670993367663,Normal,Rural,3,Descending,Rainy,8.095476771184629,High,2158.6115644825168,52,39.579051925180046,10.429267570888866
62.43883514296628,62.19528364462228,379.537831133036,Sport,Highway,Heavy,Flat,3,20.903671119201288,Medium,2258.916909789814,22,25.72100866381591,7.749116427399779
117.02934423407504,36.32069092086137,335.3605276236486,3,Highway,Heavy,Ascending,3,-4.28078500739829,High,2106.7603929049205,62,46.6127313487706,14.1686765851864
115.89245326611446,29.655077427699236,306.3651370334628,Normal,3,Medium,Descending,4,16.705941591001547,Low,2461.5180283016225,41,37.56142057879643,12.6673468449984
25.832285494300116,60.8797433547474,329.5983213716208,Sport,3,3,Descending,4,23.158468693529716,High,1792.849401996834,40,26.94643197079848,6.438296442655244
97.33254795663818,26.33188967597821,332.17365163129625,Normal,3,Heavy,Ascending,Cloudy,13.113525497454829,Low,2473.700733989916,15,8.527401696818183,10.47111079156699
23.669119940042016,66.98837049103915,352.3244239309057,Normal,Highway,3,Descending,3,-1.956208663449157,Low,1361.9938195848688,16,11.129556761696046,3.422569070364428
25.624497346074165,22.5069968541381,366.1083767268855,Normal,3,Heavy,Ascending,Cloudy,22.489358583838957,Medium,2299.728050528925,25,8.08796043615302,6.162450634893677
81.13116409974921,28.53719774947004,374.9055612208408,Sport,Highway,Heavy,Flat,3,22.262592861151035,High,1249.9736755151266,47,22.198251617264116,10.135060634057549
48.60013183050581,63.99979883898863,324.59030425632665,Normal,Highway,Medium,Flat,Cloudy,17.771905976552635,Medium,1891.4915363568691,41,36.15399173150449,8.76479442937643
111.78532885278244,67.31259303191311,332.1770570248497,Normal,Rural,3,Descending,3,26.191546401799297,Medium,1829.81309674018,58,37.99030877864569,13.05532935859629
10.68116818752106,22.318954407500648,330.8381706859735,Normal,Highway,3,Descending,3,4.351077991897794,Medium,2313.1895017519555,10,4.897946375522823,5.247990722235766
61.38307689713916,65.87014304012467,336.27368681208765,3,Rural,Heavy,Flat,3,25.534333405775097,Medium,2110.952172297675,49,24.84595070920533,8.597480741185954
110.22258365317457,87.08020202589096,399.96563089563386,Normal,Rural,Medium,Ascending,Cloudy,2.265463284261367,Low,1773.373476320654,43,24.123886362907903,10.18471511165215
108.49363925754062,77.78529418351631,377.7943302827426,3,Highway,Medium,Flat,Rainy,12.671213396565411,Medium,2364.37302021911,36,22.000443950576933,9.992332924325632
18.783505609888948,30.49480831366389,397.4990465268697,Normal,Highway,Medium,Descending,4,-1.9595009174630855,Medium,2351.6302163060773,31,15.130678278033749,6.424027668184676
43.99652401157478,67.39797180508918,369.31110595470574,3,3,3,Ascending,4,31.8607299436093,High,1232.1513833265235,35,23.842822289345584,7.577641988025945
74.29456800560355,73.78020000593708,340.6270701647284,Normal,Highway,Heavy,Descending,Cloudy,19.220503945672338,Low,2332.3241529903707,51,25.87867575165612,9.132693157020457
19.12738617256826,22.978496140183346,338.9744183626975,3,3,Heavy,Ascending,3,38.697214106365976,Medium,1884.5609636458885,41,30.02483870708283,9.035761998069592
116.16266064548864,88.42781349468981,348.8581144975045,3,3,Medium,Descending,Rainy,37.40469704846865,Medium,2290.6490824638204,36,18.930521847231667,10.626502590163716
109.76991944731924,92.50139178318642,341.68697833644376,3,Highway,Medium,Flat,Cloudy,39.93525113043333,Medium,1435.7206748600254,45,47.26052170721862,11.733363262956704
20.034021484136304,88.03618186898069,382.8326246092746,Normal,3,Medium,Descending,Cloudy,-0.4430223372992126,Medium,1396.4241751930276,31,17.00804916681106,4.57070867615223
14.538655351318251,85.97051743912905,346.50020130266927,Sport,Rural,3,Flat,4,22.29611703414979,High,2138.864089413837,38,44.763040914481245,6.759756239674953
10.249017936991835,79.59721587687146,329.5614360210846,3,Rural,Heavy,Flat,4,13.340884523537223,Medium,1557.9650037471224,54,40.0825505895733,6.426990251244687
109.13323968439572,70.67456250255681,377.4860268696652,3,Highway,Medium,Flat,Rainy,18.96990643316308,Medium,1926.4927169568448,48,23.317008278148943,11.967825898741047
23.234857175455296,74.29016039906016,385.4420409381395,3,Highway,Medium,Descending,3,8.89453147014932,High,2095.4602004327644,25,24.86598774550285,5.681173479141263
49.95419142532257,84.51162346679864,342.0428956140452,3,Highway,Heavy,Ascending,Rainy,-2.8369022873706555,High,1993.5297616648377,47,43.50609329438287,8.83286013254146
53.86216387824036,72.99987666890436,366.7808571905532,3,Rural,3,Ascending,4,26.84876213231476,Low,2108.655115433994,28,24.68697785821924,9.163918794883166
71.88132530562811,46.21815653456568,305.88045338883046,Sport,3,3,Flat,3,38.46176832249266,High,2006.4644676075657,36,34.001040732437346,10.997526374479827
8.608241249690995,50.07688817290831,352.94648519714667,Normal,Rural,3,Flat,Rainy,18.957182173798223,Medium,1692.8664405141883,43,40.48421411917416,8.349971434373657
27.211034088061915,91.76459746978335,304.4981137745508,Sport,3,Heavy,Ascending,Cloudy,9.831097770785286,Medium,1317.6427403745258,61,45.40327269115699,7.919698207138528
111.77884643027112,21.369766863772952,302.9190840494468,Normal,3,3,Descending,Cloudy,37.22252119293879,High,2311.9486923435834,35,10.986391738481794,10.66667137136963
109.00921287222836,75.90564649954257,361.2924850522739,Sport,Highway,Medium,Ascending,Cloudy,11.40999382636852,High,2299.810685854548,67,48.77075195410202,13.241708454966734
93.75487768868308,96.38220419401723,330.3335382394987,Normal,Highway,3,Descending,3,36.15381367331722,Low,1207.3827812956788,56,48.2701451347188,11.069662535387964
2.328149474185852,76.4982535966379,374.25371624554657,3,Highway,Heavy,Flat,3,33.50608846712818,Medium,2293.1251469060235,41,14.938012931873644,4.411600345530176
39.24081221953225,99.51295905854256,389.6082560632592,Normal,Rural,3,Flat,4,18.79199525869337,High,1396.2854478970914,40,30.725033120819035,5.982074446943376
75.35504824114894,75.00359244226647,313.93911737303506,Normal,Rural,Heavy,Flat,Rainy,25.459270000080576,Medium,1632.7213839831177,23,2.44120575267945,7.037495541768162
33.022825412817085,22.74904233734889,372.4522838578924,3,Rural,Heavy,Ascending,3,26.51428496270248,Low,1737.3532342140952,21,8.474584271330428,6.772834924111282
109.15040340645328,86.16079053175389,351.45199982883435,3,Highway,3,Descending,3,23.84912672622659,High,2083.5201035416662,51,29.23247714029813,10.69252354526672
76.06673541989302,42.770392955145525,311.2119250162699,Normal,Highway,Medium,Ascending,Rainy,2.233747973738139,Low,1320.1401308549673,30,32.54030140683615,9.953750807678617
8.628806077973472,55.68457805315528,365.15926064807246,Normal,3,Heavy,Flat,4,26.17492952680692,Medium,2274.6392659775,47,26.776688716458395,6.147568727360435
109.08067066028435,44.96735327256657,360.94668031064725,3,3,3,Descending,3,-4.85518621497423,Medium,2425.572122173105,40,35.26563566924136,12.505100607154088
114.9319989811467,41.48432849677435,351.56418674007824,Sport,Highway,Heavy,Flat,Rainy,26.951656827066834,Medium,2438.5046292207417,58,39.66524917890156,11.84803661048597
9.32549020700706,54.51245629358283,392.6471204559658,3,Rural,3,Ascending,3,19.967626058134037,Low,1319.3894019746365,20,8.506045505640476,4.831818143636804
63.88322818335779,50.3001158752539,352.10796961040165,Normal,Highway,Medium,Descending,3,6.68921899642773,Low,2395.194329641322,54,33.01490055299807,9.625059587536246
36.40371386570045,70.66708654740715,399.0515115450213,Normal,Rural,Heavy,Flat,4,31.169395513473177,Low,1938.17756615396,46,28.173652013774458,8.028775527014124
47.14068917776829,85.05209607900085,350.9228813848111,Normal,Highway,Medium,Flat,Cloudy,13.23755224944344,High,2145.0071313583594,16,5.967553521688458,6.767169147039551
21.558146154641022,43.76709225497926,311.5852038301368,3,Highway,Medium,Flat,3,16.85997330772596,High,2409.775718449019,22,11.507364039929488,6.0719187022110965
69.3686522414895,37.09769222576139,347.04712510750306,3,3,Medium,Ascending,4,-3.75464503097894,High,2059.294093568857,38,21.041484018215087,9.747100389729908
114.95752238986688,73.35162166962738,318.2328762555071,Sport,Rural,Medium,Descending,Rainy,13.059385859493672,High,1793.7612793830888,49,43.201545946127865,12.540015773839094
60.36871203259309,73.62560526646253,359.7133485217427,Normal,Rural,Medium,Flat,Rainy,2.5313256617421898,Low,1882.6453833805067,28,10.929586467812452,7.203622955398276
9.94974976733774,92.09049914289376,369.31321751936014,Normal,Highway,3,Flat,Cloudy,7.426449032563463,High,2089.854522750891,21,9.227892240860204,3.306609265653908
74.40016001728901,21.27565491626487,346.8435278707093,3,3,Medium,Descending,Rainy,6.34627744090327,Low,2428.108571632626,52,36.07549121903997,9.769636984645455
40.82675933415084,88.24325296932079,309.77029676831484,Normal,Highway,3,Ascending,Cloudy,-2.9290642819657817,Medium,2356.751307481132,54,48.79206784738351,9.83496955969653
102.71102275095572,61.68017383586856,346.8641398583553,Sport,Highway,Medium,Descending,3,15.722254536142806,High,1950.1874319107887,42,22.421705007920963,10.34075604791482
52.16137779797643,69.70416713376791,308.14542147344,3,Rural,Medium,Descending,Cloudy,18.516658590845,Low,1474.313349801313,33,17.571866959224465,7.513167528438676
23.140753073069472,27.309715244913185,368.2125955506534,Normal,Highway,Heavy,Ascending,3,20.697818290659253,Low,1650.7478620900135,33,12.771635407046816,5.103155073782941
22.932674722937392,54.60919462976365,379.0368224865088,3,3,3,Descending,Rainy,15.799889672155969,High,1670.349747737906,32,2.582069096599063,5.574058613612937
92.25170168653923,38.1841925790819,396.2380327227039,3,Highway,Medium,Ascending,Cloudy,34.12871023076831,Low,1575.926244180923,19,9.002864664434949,9.220273776406064
31.870511796883186,40.33800240660072,314.88021071284567,Sport,3,Medium,Ascending,4,-3.304411470111079,Medium,2170.769259332158,17,4.761411804301534,6.437089583715317
92.06800729910675,60.32760917408219,353.24203355333043,3,Rural,Medium,Descending,Rainy,22.621387260696714,High,2286.7838821164014,26,24.75566757902008,9.008824568707125
24.706477291991927,84.99647603224899,356.75373675354183,Normal,Rural,3,Descending,Rainy,33.97592558381274,High,1615.7801624294416,65,48.91205659500852,6.236969272931932
38.60236424415713,79.5024744115885,392.247653378098,Sport,Highway,3,Descending,Rainy,-3.153189158943779,Low,2299.9637825127184,35,39.39138096612151,8.74002585137551
55.85843669276392,67.2799967268763,362.7276640596514,3,3,3,Descending,Rainy,17.33381497409077,Low,2154.7686302435573,31,30.124335171627614,7.936754429069882
113.18350196321408,63.15345542027736,314.55096456453214,Normal,Rural,Heavy,Descending,Rainy,21.50622367968542,High,1773.451423524899,29,24.383249660291103,10.151183208146998
111.80777097045896,54.1844834587592,343.6351323963189,3,3,Heavy,Ascending,4,3.590758730950508,Low,2108.261938884154,29,30.897381352492225,11.504895724293933
24.82462505067453,97.81679788491093,365.476252850625,3,Rural,Medium,Ascending,4,6.362504897435469,Medium,2200.1398046695635,26,18.86372948952401,5.5576379959188325
42.986284949168734,64.81540433873866,370.02844320692975,Sport,Rural,3,Descending,4,30.351700189450845,Medium,1929.3404355508096,28,9.001426152881244,5.783849137082846
17.92792661445268,40.31731186497777,386.3073998590573,Sport,3,3,Ascending,Cloudy,20.53290017692841,Medium,1776.0474060594145,37,29.52970531458896,8.5284486400717
61.19820951761965,38.40726336320317,318.0507119844397,Sport,3,Heavy,Descending,Rainy,9.210041375892834,Medium,1332.2287809985323,30,26.452354121182925,8.830214019196845
55.26990608335999,68.90824246201134,395.1542146755498,Sport,3,Medium,Flat,Cloudy,29.41398500247716,High,1201.780572455326,40,47.23238072215044,9.321203641084562
108.0912194940879,61.8262021848743,305.9139412015592,Normal,Rural,3,Descending,Cloudy,28.602200839191056,Low,2418.426703757434,29,32.52665906849642,11.202156078252036
111.60064533492871,20.615824236377023,398.3762134568902,3,3,3,Descending,Cloudy,10.543080338877507,Medium,1547.730212844949,37,38.694182392328,12.6535289796778
46.028086920875054,86.40522977566235,385.7767092866409,Sport,Highway,Medium,Ascending,Rainy,16.989143370217334,Medium,2061.879226758529,6,4.725815622685032,6.470150616395457
59.00855316227873,76.32978833859477,366.0272782762172,Normal,3,Heavy,Flat,Rainy,24.903352009191867,Low,2426.3695060516934,43,38.07075632986558,8.953970271191976
107.54834989753596,72.94634317424828,373.4995500264422,Sport,Rural,Heavy,Flat,Cloudy,10.446214804690715,Low,2263.778661892806,59,49.1441569730598,11.799230196187446
96.80493692940738,25.502452615812714,307.26920059187967,3,3,3,Flat,Rainy,23.305423495052967,Medium,1359.3576455241866,28,32.90902850600498,11.139288253244406
0.4387573613579132,48.96446801379931,304.1479862894452,Sport,3,Medium,Descending,Cloudy,6.298317882929784,High,2242.486185578944,49,37.12997681539603,8.234378465199361
38.4071477020299,94.8305808586229,310.1765796551365,3,3,Medium,Ascending,Rainy,8.140937236971654,High,2144.311028668815,69,48.97811019159028,8.623030780523614
50.61290903233511,89.0071393073091,308.73598146641376,3,Highway,Medium,Ascending,Rainy,8.980268951849975,Low,1628.2162334934014,46,19.624608680745983,6.971892289779297
27.565954041987805,42.84343502956268,354.7381233469435,Normal,Rural,3,Descending,Cloudy,37.12246466869812,High,2096.482337855874,53,41.22650782278922,8.743151707095352
23.94859390751265,32.5647107279311,321.5443987111789,Sport,Highway,Heavy,Flat,4,32.51524639484423,Low,2273.653393344798,30,20.04465715868738,6.198491997544954
4.53414079148156,55.92703657348616,386.0205637206727,Sport,Highway,Heavy,Flat,Rainy,20.43246890151256,High,1578.848481530642,47,21.35333897166851,4.831655309258062
77.20436700837126,48.46643029341287,344.57486230680723,3,Rural,Heavy,Flat,Cloudy,20.374249423519263,High,2329.7380570850373,42,32.946270058038266,10.289036016778857
31.50123485797988,74.57811013647928,369.5510476458275,Sport,Rural,Heavy,Flat,Cloudy,-2.4734065075185936,Medium,1302.4586992832983,32,12.895315993619915,6.482868001971136
6.281661411757571,97.31478480674556,365.287309297016,3,3,Heavy,Ascending,Rainy,24.22786284717301,Low,1885.6907905006324,54,49.63981279435317,7.427307846935213
27.71751726336764,49.04011599860492,331.985303892971,Normal,Rural,3,Ascending,Rainy,9.765393579771183,Low,1503.185553398714,14,16.528655184845675,5.767546775323144
96.22967434033518,24.97793381217936,324.3167573525729,Sport,3,3,Flat,Cloudy,22.553471295853583,Low,2146.4136428956,14,6.23021307834585,8.466389782501032
102.1787017975856,91.8091206673908,334.2456285296635,3,Highway,Heavy,Flat,Cloudy,32.810518649705635,Medium,1427.3257888567937,20,16.195447444745675,9.049259433989857
57.96794942319632,23.035978419189664,379.6658373849838,Sport,3,Heavy,Ascending,Cloudy,-2.952576236300683,Low,1643.8899259237028,50,42.8127148914226,11.605226614700522
49.92848044904234,96.22127177226665,358.62768484196187,Sport,Rural,3,Flat,3,22.31785765349189,Low,1365.6014838331291,23,15.765009081496911,7.616623169290388
117.3424432202138,73.16635424072318,325.3538662519175,Normal,3,Heavy,Flat,Rainy,20.38902765550433,Medium,2255.489160642164,32,30.60664518416501,11.841747804261038
24.06775915056839,95.33513667535593,381.784644306043,3,Highway,Heavy,Flat,3,4.30449498532451,High,1371.9572191886182,47,46.772478520116834,6.853035572479647
25.843113942553018,35.97277493191826,305.4759386110307,Normal,Rural,Heavy,Flat,Cloudy,24.089482703410557,Medium,2140.0970877840537,39,13.072306216691588,7.370715391553206
35.02406124436797,23.25598362030461,369.9183374990295,Normal,Rural,Medium,Flat,3,19.96758552753809,Medium,2119.399283344404,35,6.655129870981806,7.740780119998128
20.73087819373048,59.056798262119344,343.9100805749311,Normal,3,Heavy,Descending,4,29.529405581004312,Low,1385.078903310078,18,4.932727668169633,4.880520656274913
45.52387178450239,56.049873165610016,373.1290386065888,3,3,Medium,Flat,Cloudy,-0.0221644332792747,Medium,1935.8663992572465,38,22.074373201137693,8.55357810748639
109.30010723877044,46.519381860390624,392.7461280243427,3,3,Heavy,Ascending,4,14.962330916680926,Low,1845.943113806254,33,5.303906460884746,8.88539295791482
73.84174087542891,96.6125179510958,375.0034097946904,Sport,Highway,Heavy,Ascending,3,39.90698201956778,High,1972.8559396772184,30,22.745039532766583,8.795787697080799
49.43358583347164,85.80669857291457,344.19653553113824,3,Highway,3,Ascending,4,26.01763816920117,Low,2418.3959222676,61,43.14957526361596,9.74631989857224
112.12929534854578,72.92656171004747,315.0975681513881,Normal,Rural,3,Ascending,3,25.793420018641985,Low,1304.6981291659574,49,38.89644301912773,12.56355338616913
5.815707897098679,33.028663331026216,380.6350975805434,3,Rural,3,Descending,Rainy,9.304199515855435,Low,2266.654849484051,34,29.126872586696187,6.512414302135946
25.233141348223363,78.74587265748198,346.07055269213714,Sport,Highway,Medium,Flat,Rainy,-0.775035310046766,High,2320.7397005316416,38,42.53608305530364,6.408665228122358
67.90663261221108,78.16099637597792,307.53123234571297,Normal,3,Medium,Descending,3,37.72724688562093,Medium,1364.1563174279945,21,5.103475391802219,6.032376648232915
73.8663147831815,54.0054538892806,371.9055397776866,Sport,3,Heavy,Ascending,Cloudy,-0.2537868664132787,High,2052.9379798669243,25,30.50994302873421,9.942177031641618
4.746900787513577,93.98287277712107,329.1851965916589,3,Highway,Medium,Descending,Rainy,39.67178397719491,High,2112.7600922558845,7,5.870504409205218,4.53170307300214
48.36465094885586,33.358230578320835,304.88882295051854,Sport,3,3,Ascending,3,0.660143758987104,High,1913.2661672736608,19,24.158756622303876,8.448688248142371
77.89847577970473,41.38700499293314,390.2751014974078,Sport,Highway,Medium,Ascending,Cloudy,2.690830683666752,Low,1853.8089457800309,39,23.22677263091153,8.868026895879918
83.76846556840819,25.057947140050693,348.310109209391,3,3,Heavy,Ascending,Rainy,8.876512977251444,Low,1613.1639539628195,16,13.331252710068576,9.22902450860152
76.57678830195232,83.636076654207,328.09610531730215,Sport,3,Medium,Ascending,3,18.05688370702922,High,2095.806062141772,45,41.50974641212935,10.021532140687524
38.46758692331095,69.74075088763178,371.6386557884912,3,Rural,3,Flat,Cloudy,30.56807434498446,Medium,1571.2106554723166,20,11.488560530217956,7.398552915477382
11.22241483174914,45.19522445449997,388.5902377682564,Normal,3,Heavy,Flat,Cloudy,38.69537358706774,High,1798.0301431482353,41,27.63952288730756,6.815292425086646
51.25349357032009,33.10509308754523,300.03070750337554,Sport,3,Medium,Descending,3,11.147119643084462,Medium,2314.579917512141,36,24.164841117070647,9.094992134368198
15.450532484166658,23.21182160229923,368.7852185042154,Normal,Highway,Heavy,Descending,4,-4.081410804867833,Medium,1316.4020170381343,27,21.63944534199274,5.7293627144288255
113.71483902248004,33.33964549007493,376.70116940184215,3,Highway,Heavy,Descending,4,22.750578534811147,High,1886.8813340595964,28,1.7737531940789009,8.81730578387867
57.02050392271539,56.262771707012654,320.9927427279493,3,Highway,Medium,Descending,4,26.985543756194637,High,1831.8962786773,37,34.86701957909424,10.09337844193214
38.07110092282411,39.77415752084849,348.9623831410174,Sport,Highway,Heavy,Ascending,4,12.884989699104995,Low,1692.025817513038,28,0.732998632053997,6.830286959230722
91.956488534268,40.71857419455733,308.9285898917936,Sport,3,Medium,Descending,Cloudy,3.2564222039390494,Medium,1976.788600689778,51,41.04530548702291,11.931634289207212
59.75383110987166,90.04610933341715,374.6749882515347,3,Highway,3,Ascending,4,8.770701763211678,Medium,1220.3144522183934,18,13.393089880888718,6.989811850603957
37.20408288149401,61.211013876888046,384.74560185633527,3,Rural,3,Descending,3,24.51098691939608,Medium,1840.2104474352543,7,6.088271034298695,6.346342570174065
97.4361290868962,78.34015785027317,310.81866573246606,Normal,Highway,Medium,Ascending,Cloudy,17.238229139558573,Low,1831.3977025612871,24,20.910329699938707,9.899698119965938
104.05825812013464,22.856875922251447,381.6460253432834,Normal,3,Medium,Flat,4,28.45408128935143,Medium,1870.945979135,32,28.01209143067787,11.80879260542097
80.76097995464124,49.2130684542423,377.1570170484533,Sport,Rural,Heavy,Flat,3,4.817661003549141,High,1476.172333212276,42,15.587096663721114,8.862308910109036
5.635730688920075,58.33354779163535,334.6913320370897,Sport,3,Medium,Flat,Rainy,32.889352823667224,Low,1469.8754507422243,15,6.1770601699813215,5.088705860083607
67.95874561998386,34.91334841681478,369.0289529933583,Sport,Rural,Heavy,Ascending,Cloudy,2.0148213188525954,High,2041.3633257411084,24,1.0145309701239191,8.357348987060755
91.5953894396738,29.615323315643096,300.00481238943115,Sport,Rural,3,Descending,3,9.846194301059985,Low,1320.545757656966,47,35.220280821233935,9.214244775366268
16.38036145002986,89.6243022799874,393.17976544659984,Sport,Rural,Medium,Ascending,4,21.60434334348496,Medium,1597.6979793510827,38,44.33314610375563,7.255057785705135
27.4404901661524,95.15453016798372,355.03832353083726,Sport,3,3,Flat,3,28.15884362436113,Medium,2280.0607044962635,18,5.116000628519925,4.7646573785136095
105.89941260817638,26.304535843632596,362.0338864062,Sport,Rural,Medium,Descending,Cloudy,6.978166204181017,Medium,1334.8929020571795,11,11.60862495308548,8.813999699171616
2.4146066223688845,47.92149700339544,366.4659413539099,Sport,3,3,Descending,Rainy,37.66538809668285,High,1808.4857861584803,6,1.1094351013707588,4.045366157336353
90.32725653911712,96.6628502515579,356.1369017218367,Normal,Rural,Medium,Ascending,4,26.77500774386163,High,2069.2199721328893,45,44.2648051339596,10.609514500994276
56.85279510173075,26.652938650597196,385.6763887539463,3,Highway,Medium,Descending,3,4.79537642915105,Medium,1384.1376693619916,24,22.29245360704496,8.981126510351496
53.612659060752826,71.49130983029809,360.9701832151544,3,Highway,Heavy,Ascending,Rainy,27.65944910328566,Medium,1606.201723260443,58,46.26724090039273,9.6291733534525
0.8515838993864611,97.77770967736043,390.7759991240473,Sport,Rural,Heavy,Descending,Cloudy,26.33501626230511,Medium,1926.3830350376952,41,23.458156583720783,4.332825215672928
98.32778771597911,98.25789348650996,358.2331622234009,3,Rural,Medium,Flat,4,28.87078323152016,Low,1625.396211365766,60,43.122937007342514,11.010156479965865
43.17898807638797,57.69786647229946,317.11224219805666,Sport,Highway,Heavy,Ascending,Rainy,36.21463261268961,Low,1342.9191112931112,63,47.59264576975362,9.072344822473754
64.89187575606515,33.01992862259045,391.3562555839303,Normal,Highway,Medium,Flat,Cloudy,27.027273342063964,High,1502.1282707188186,33,16.82406848879041,9.177368905254438
81.27608236027913,36.16674519819511,368.1627498359777,Sport,3,Medium,Descending,4,10.83596317978482,Medium,1342.2399485194956,46,32.071481653699536,10.043662427296496
84.3155491725499,91.16811160995157,369.9238994435556,Normal,Highway,3,Ascending,3,30.57328649860171,Low,2478.6224269595427,45,33.35435815183644,10.076902442817389
114.71760705912868,92.93464034637888,398.54817505716017,Normal,3,Heavy,Ascending,Rainy,26.31377910110317,High,1506.343184956987,7,1.1682958862368364,9.692834785853009
63.76079438839309,68.63037150988438,307.5196554209579,Normal,Rural,Heavy,Flat,Cloudy,20.841663363636,Low,1889.7201618194945,33,21.96763532333413,8.195257525298045
47.966346116931305,81.2941119575929,342.8592607095171,Sport,3,3,Flat,3,10.922480199860162,Low,1757.0784829589113,41,42.78085920960108,9.373502531594657
114.44443517900496,79.19450011763266,323.9095392986615,Normal,Rural,Medium,Flat,4,36.44721293837257,High,1940.367675340794,54,47.31963459734497,11.737405631655912
77.05322820306253,72.94572783912855,363.04264647136574,Sport,3,Heavy,Ascending,Rainy,18.073963423860015,Medium,1847.5184455828423,38,44.97112159890435,10.448096953645848
35.778042753186675,86.18215638975512,380.6811683748072,Normal,3,Medium,Ascending,Cloudy,23.26465196667557,Medium,2145.310392868988,66,48.64760686056918,9.490626409612505
15.175709448428538,74.83252984322569,396.6310708892413,Normal,3,Heavy,Descending,Rainy,13.691338961227352,Low,2334.918066162644,34,32.686788936407574,5.511773625737838
101.10654017582176,62.720184459799945,345.459610695472,3,Rural,Heavy,Descending,3,30.136688896665376,High,1570.8892034765695,25,11.716689315367756,9.197511528017571
43.461792335298185,38.95650900705255,378.6218230642604,Sport,Rural,Medium,Ascending,3,10.346777787419756,Low,1438.6887951816109,42,28.811570339497884,9.287481546672067
79.25636656373175,79.51105152948952,391.705159204038,3,3,Medium,Descending,Cloudy,31.4785476179028,Low,2479.641801985172,26,21.11508343518812,8.140705689834112
56.49797032390778,57.87502942706196,368.3325432535885,Normal,Rural,Heavy,Ascending,Rainy,-0.142635709778867,Low,2325.8941979158863,24,13.0067635165607,6.371296571542805
23.8715735754046,43.583334720600746,324.2732552449771,3,3,3,Flat,Rainy,26.90328523560649,Medium,1673.0937721851674,43,38.66202862305079,9.004940899440632
72.20239303445581,84.15570205934203,360.7854151107791,Normal,Rural,3,Descending,3,16.45969671539831,High,2363.222848544873,27,31.49701662283361,7.323762321415978
7.281968274081878,75.73708802824227,396.99520478171866,3,3,3,Flat,Rainy,26.443910331485863,Low,2071.7102047589183,56,39.52620000021843,6.3645123418173375
49.60109518454307,94.987165049976,398.75538288615655,3,Highway,3,Flat,Rainy,18.91280393710006,Low,1768.6468320139595,14,13.547584324054624,6.043948759824051
65.59379275964052,33.23533120151022,364.2359823716778,Sport,Highway,3,Ascending,Rainy,1.0437847466620882,Medium,2335.448537529867,37,45.20383882635439,11.064182733428934
52.32563689422949,71.93514277091946,388.6987757871989,Sport,3,Medium,Descending,Cloudy,16.46461941476914,High,2077.867534223157,20,12.01181562196667,6.656522769981537
89.8406610301189,39.53915744705408,320.03493638486026,3,Rural,Heavy,Descending,3,38.40515367991098,Low,2274.3865897144724,41,30.13592844760332,10.176950902570905
99.35099454543747,92.28663882413132,324.6078604952217,3,3,3,Ascending,4,28.96782705565548,Medium,1743.0876659679948,15,2.939043703646768,9.37506084392126
92.54916888398137,27.95995314052925,395.28876128848594,Sport,Highway,Heavy,Descending,Cloudy,8.508517690965121,High,2238.330088618969,25,27.09411699387117,10.44789476489205
4.657553737416253,72.49294451559018,313.5235375494808,Normal,Highway,Medium,Flat,3,37.48513665580805,High,1677.005020952277,13,5.026298149944813,4.4848223698802245
23.295452453516667,83.28685772224239,319.1106438093479,Normal,3,Heavy,Flat,Cloudy,30.052582473509844,High,2155.602812450932,29,16.677523259492574,5.430235769243381
64.39290111165292,48.393427229176574,342.0548599120052,Normal,Highway,Medium,Descending,4,11.40012044851714,Low,1766.1897044001223,41,43.04839400900941,9.740904609246662
112.17864485325616,96.33104635070474,358.95842877533505,Normal,3,Heavy,Descending,Cloudy,22.16082845992833,Medium,1726.7529862630686,66,44.68701302551359,9.588491878035194
100.19481300625402,88.05845476688299,360.3817218968272,3,Highway,Heavy,Flat,Cloudy,14.20085218163753,Low,2235.6228335329856,56,38.38819667262086,9.737052686531417
101.1041410022162,43.56946397479227,329.19760086655646,Normal,Rural,Medium,Descending,4,-0.648932274861636,Medium,1362.547816007106,32,18.44841921602773,8.757796879725777
36.38498325116099,20.60328741727989,392.0613897950348,3,Rural,Heavy,Flat,Rainy,31.27132328628208,Low,2406.671727937771,28,28.97826846796416,8.270337316798432
51.53374764944431,43.73257408944487,391.5099907607863,3,Rural,Medium,Flat,3,3.598515630738474,Low,1861.284951998036,10,11.276550423337968,7.087915792917764
56.48471367791249,42.504837637659406,339.20680530523725,Normal,3,Heavy,Ascending,4,15.611723327157026,Low,2026.896718363332,55,33.949624837698906,9.542887429462212
18.88459000198925,91.19716860007271,343.4291769430297,Normal,3,Heavy,Flat,Cloudy,26.618715439986016,High,1726.8399407179404,15,17.435410618218526,6.496005679058805
3.728175629334758,97.3696942603798,370.2497116823912,Normal,Rural,3,Flat,Rainy,36.94961599720899,High,2039.637044323047,39,11.127830235877624,2.980104851247889
113.62834793526204,25.63519887762083,366.2995896398901,Sport,Rural,Heavy,Descending,Cloudy,-2.1773259298821794,Low,2122.8068847528293,27,29.290020859203484,11.950239908582642
28.885510279620807,57.70358628266534,338.22970149609625,3,Rural,3,Descending,Rainy,12.69551005528169,Low,2329.0205361461067,21,5.678929349241049,4.3317379839344055
28.79386844683576,63.86655988238366,341.42442515210035,Normal,Highway,3,Flat,Cloudy,22.65914761988599,Low,2310.69232896363,40,34.36627913278093,7.498212824363625
10.005486452251144,27.432932906376266,334.8038943421539,Sport,Rural,Medium,Ascending,3,30.06891874533754,Low,1665.1591100525152,25,9.431570703941402,4.879204297704268
111.42093023325344,50.1998167310018,323.5385006953308,3,Highway,Medium,Descending,3,36.44190292452256,High,2000.6087322650355,46,27.717422513061177,11.015281541011296
69.56845379277264,45.36659339143605,345.81383629241395,3,Rural,Heavy,Flat,Cloudy,-4.97762082260946,High,2214.7504879108706,38,19.68617344901343,9.443441967127958
80.04442285504247,62.88450834616698,368.643413190254,3,3,Medium,Ascending,4,23.249352221444987,High,2194.322537132447,50,28.355611067419257,10.800329632372245
109.3892264715663,72.89527197855504,374.1966705314293,Normal,Rural,3,Ascending,Cloudy,-4.687838366240153,High,2358.210883564232,22,12.373497301711526,9.726000068480948
41.47442026809474,76.27880883972533,377.88736482559625,Normal,Highway,Heavy,Ascending,Cloudy,30.426487939335857,Medium,2281.526601389668,36,15.588427007806311,6.269820974157213
74.5808773365701,30.940401889071005,337.47320134531213,3,Rural,Medium,Descending,4,1.7349968656467103,High,2133.2127040875303,27,7.102022605905168,7.799182566389682
4.655934567466495,85.0358161555697,376.4635994284973,3,Highway,Medium,Descending,4,35.25792877050366,High,2173.511805388885,37,38.87058570948505,6.375650708835988
22.41270338773552,74.28336238326071,300.65163156918754,Sport,Rural,Medium,Descending,Cloudy,1.9805906085717424,Medium,2249.676883347962,28,3.5985900340403294,3.1230225816362585
99.7494966107931,91.12599333973756,347.70499377168824,Sport,Highway,3,Descending,Rainy,29.394804186066104,High,2289.2550638480748,19,18.884082176058,8.883795870334168
92.01220276060027,55.94688475483473,379.3904400132691,3,Highway,Medium,Flat,3,8.018676751627824,High,1658.469737357837,41,22.509929802231785,10.166065907127749
42.07712297485762,91.51118101777531,363.0044720641353,Sport,Rural,Heavy,Ascending,Rainy,20.07642468236143,High,2216.353953987056,11,9.840789969518644,6.766177155194349
45.2172753329055,89.26192978848603,347.4063124154508,3,Rural,Heavy,Ascending,4,22.37954057970845,Low,2433.971682199618,32,19.302598615113517,6.931980262523332
64.02653202642954,55.072746588741566,364.4642006606349,Sport,3,Heavy,Descending,3,4.304229189121152,Low,1502.852404752474,38,20.962602232471983,7.8512875913154625
0.0289205622161459,50.49146522343829,390.6946003148664,3,3,3,Descending,Cloudy,8.441359758672462,High,1262.7054459180963,37,11.294086510184217,6.369341720404035
28.949320324563345,94.62496119762054,356.6381800610208,Normal,3,Medium,Ascending,3,-0.1621497903263824,Medium,1294.115178897233,52,31.998861529523957,7.353135090347274
24.98781703298573,77.213178763075,379.9786191460106,3,Highway,Heavy,Flat,Cloudy,-4.761994758031306,High,1481.7336344859086,19,1.6396148645818218,5.817740615415088
30.057953609971616,94.25962771504604,398.0742725225198,Normal,Highway,Medium,Ascending,Cloudy,5.776061733222841,High,2395.727476593515,12,9.958476725576574,5.586845637740408
96.70870110401296,83.75798231166505,370.5568202075567,3,3,Medium,Ascending,4,18.22010601275667,High,1364.834909048543,55,31.24134107593284,11.389193492612614
33.56086278557318,68.74379514331315,357.3325763889064,Normal,3,Heavy,Ascending,Rainy,27.11187667412416,Low,2171.883957662564,50,31.413619303409597,7.003441966072922
22.98255864601778,29.26822216030116,303.74859471253404,Sport,Rural,3,Ascending,4,30.71018312913693,Medium,2327.156980454576,32,13.33660368600188,7.64635826815488
60.511615295163786,43.31845380632788,337.4477898254588,Normal,3,Heavy,Flat,4,-1.8605317668511057,High,2340.7773284488835,54,34.18415702629736,8.879857031476305
103.87740436472784,97.50739256787132,356.54427335151183,Sport,Highway,Heavy,Ascending,3,7.258579894700112,Medium,1741.7731603845923,39,23.542461873831733,9.398274651167467
28.961964460499985,45.55376789713635,379.72065717060326,3,Rural,3,Flat,Rainy,29.6600790433749,High,1843.8402554770005,35,26.40960845640706,7.778528691839261
9.424349135135843,27.460389582829663,343.81047896475764,Sport,3,Medium,Descending,Rainy,16.639099371305903,High,1620.2235123637445,42,16.69725712741462,6.1211325589296495
42.76856830195976,76.60426847354557,396.0058275764774,Sport,3,Medium,Descending,Rainy,3.198414429694827,Low,1391.5477068398538,55,49.21518884225695,8.408577048621183
89.71821894779734,78.72034036349474,327.1793752623675,Sport,3,3,Flat,Rainy,12.649630355342104,Low,1475.82265733544,52,36.89562262644306,10.982647686433182
66.08286536337535,42.836617622972064,374.4567195210316,3,Rural,Heavy,Descending,3,7.151538590498017,High,1375.2206846936035,16,12.49665198591745,7.5827230069421265
98.0152043489217,43.8137583477043,341.9031417084128,Normal,Rural,3,Descending,3,-2.7205922635600617,Low,1729.7789486174584,39,11.904507651551576,9.690251464720184
115.15105771310807,57.51143884070271,348.5988494565906,Sport,Rural,Heavy,Flat,4,29.36322155191308,Medium,1421.4492584185243,58,38.731257325170574,12.020093646506645
95.11949721019404,21.74311598098044,380.25020338654406,3,3,3,Ascending,4,8.126214741407141,High,1724.4209914414166,21,19.46174493441817,10.72721591430051
72.4563694612504,83.14584082889309,329.62152616517056,Sport,Rural,Medium,Flat,Rainy,37.53090975698768,Medium,2306.545867362,21,4.666446566345582,6.050523932803801
59.20099056628566,45.367102981930046,309.6812056595143,Normal,Rural,3,Flat,4,34.96562682007084,High,2050.870316630166,7,1.876435657930192,7.259241870690974
4.808290361792,88.3010481601582,352.0255584613427,Sport,Rural,3,Descending,3,27.232486610516855,Low,2061.5773141243385,42,20.75640523063245,6.396916373626978
118.11863745768495,84.2104337280027,352.87946118037485,Sport,Rural,Heavy,Descending,4,9.6985474251839,Medium,2255.425900473788,35,20.79393144372751,10.32271687090249
46.017734709005104,72.91216264950265,379.71677722253736,Sport,Highway,Heavy,Flat,Cloudy,7.596559870647258,Low,1253.5515594990627,51,35.37214943591874,8.556392144332648
18.267385670024016,45.989989367943096,396.8319206232102,Normal,3,Heavy,Ascending,4,16.38721660712806,Low,2232.86416321017,50,28.781105595209706,6.3925436207168245
80.0050626475748,61.3053249328936,305.53006863283485,Normal,Rural,3,Flat,3,10.957112514743836,High,1455.253494783659,32,38.52899470992208,11.034678601332736
34.11459469145512,55.58634060783672,359.1689473743109,3,Highway,3,Flat,Rainy,35.55212458114569,Low,1649.70497598363,18,15.955836748455113,6.357469688324076
70.29339251172571,47.11055089989394,368.12785303148,Sport,Highway,Heavy,Ascending,Cloudy,0.5572812676555552,Low,1600.4556706202245,27,31.25014847726689,7.984255316571588
70.41214894135095,87.85090314425426,398.58013507485214,Sport,3,Medium,Descending,Cloudy,27.601040902676917,High,1337.3522122768068,48,44.29656910140445,10.275662395800028
53.4875785083443,58.68056596621322,394.2590214276912,Sport,3,Heavy,Flat,Cloudy,22.4903557446636,High,1425.8228972580391,24,3.5574239825483285,6.679795171312723
100.33423386540512,86.61784782377171,371.24507647119776,Sport,Rural,3,Ascending,4,31.28355361013655,High,2443.251355961123,30,35.45172151233862,10.64909593229667
31.796047386653164,28.417477931345942,352.17894112444657,Normal,3,3,Ascending,4,19.4119297037593,Low,1980.3539338384508,38,35.82256226065336,8.44292516681419
53.8359109941281,31.28198308802686,316.15239222992614,Normal,3,Heavy,Descending,Cloudy,23.329330492696457,Low,1816.1632896828155,38,39.72211148067504,8.605052790889859
64.52305543091657,98.18562440903814,338.4176555204417,Sport,3,Heavy,Descending,Cloudy,38.3233284384914,Medium,2185.133217282002,16,13.525461257173044,6.43330172624303
79.63496649207596,67.02147700848717,358.5122325057154,Sport,3,3,Ascending,Rainy,-0.8617301285377268,Medium,2257.86118842466,18,20.88439227828213,9.167637878324522
94.07662206067074,60.78157387992392,372.5200396595754,Sport,Rural,3,Descending,Rainy,-0.2810453532321499,Low,1343.3417100772108,29,12.061446432754169,8.417083151764109
47.37687394539073,61.85248505152893,363.5399557479112,Sport,Highway,Medium,Ascending,Cloudy,12.712345812755387,Low,2163.1770401033364,29,15.498236317122585,7.458553219430648
77.52563329159152,37.22150192262879,371.4122801827741,3,3,Heavy,Descending,Rainy,16.27297570304468,High,2412.115500034672,44,48.42857377494526,11.956181537212649
18.07331436822229,77.49631596015784,342.9152504551898,3,Highway,Heavy,Descending,3,3.9942418928198182,Medium,1961.0669062999475,27,22.33813498098821,5.849738220909929
111.91777206509744,26.78244989838035,372.7627290571009,Sport,Highway,Medium,Descending,4,-1.2799491357709014,Low,1998.404036934396,64,42.44276712229155,13.319829552593434
45.96705677052042,65.86589704824186,314.3741256019719,Sport,Highway,3,Ascending,Rainy,-4.002068454612815,High,2331.5294771330005,46,39.76450471377613,9.843183301637346
87.54257063717262,65.66150372687211,316.2586311763114,Sport,3,3,Ascending,3,29.40665127006274,Low,2083.327327209423,18,22.281848905846083,8.945144991005318
2.4409298258613177,93.13507393068087,316.2832145829463,3,3,Medium,Ascending,4,16.827582714872133,High,2493.8477651614885,66,49.60973862853648,7.075525006630841
24.62245714857684,62.09462480838883,389.0864957035776,Normal,Rural,Heavy,Flat,Rainy,32.95315434249261,High,1567.501726830034,44,42.05494789549787,7.897911049955389
58.44990531882936,30.96501567793436,307.60340633086344,3,3,3,Ascending,4,11.23767557673569,Medium,2299.124751314642,34,24.186483488690257,8.762759969056233
105.39029612788158,65.82026073985301,380.1508372733476,3,3,Medium,Ascending,3,26.65507585125887,Medium,1996.1319871403389,27,15.554313487583242,9.890410319345689
63.270617994081256,27.30621154922659,323.3570898046737,Sport,3,Medium,Flat,3,16.98342350634222,Low,1675.456202761762,30,3.857198111389169,6.287841175522555
111.58445787526549,36.303506823993736,346.8429940495251,Sport,Highway,Medium,Ascending,4,22.543149937593565,High,2347.9775717681678,39,23.293515262203748,10.981915296312758
58.05562758993556,22.48868673499329,391.5956595465678,Normal,Rural,3,Ascending,Cloudy,11.658857850450191,Low,2495.1201329429978,39,18.06449418109868,8.119287512608297
58.853891608314,61.063486596759866,358.5937229687507,Sport,Highway,3,Ascending,Rainy,-1.3473603298696664,Medium,1275.2041794731094,52,35.59770647375237,9.208786091928506
14.369614620063826,26.76260922348579,321.01176862323587,Sport,Rural,Medium,Ascending,Cloudy,37.6318111995164,Medium,2403.1795836661813,3,1.0819503772460215,3.991440757132677
96.31874929826638,57.55155028250633,328.4090060318807,Normal,3,Medium,Ascending,3,32.62404338133764,Low,1464.0443034156458,49,41.589238614447154,11.939473281692363
29.6358494960475,94.63560282593151,392.04466238957855,Sport,3,3,Ascending,4,9.035129791973828,High,1466.7444284784488,42,20.88974407579185,6.142457806319401
107.9534987246778,77.58091304154657,342.7143925109978,Sport,Highway,3,Flat,Rainy,38.14163209947748,High,1254.2829195188874,41,23.53965584346201,11.193819019416177
109.29890643964754,26.192933938023444,358.69854830067897,Sport,Highway,3,Ascending,Rainy,8.52199291368022,Low,2398.8440540981564,18,9.221229877638107,10.815986725135843
113.19721342489795,37.93678497670746,345.9932196625389,3,Highway,3,Descending,Cloudy,14.934550909759164,Medium,2187.217450632883,51,46.88035687855783,14.274404147031392
62.4276586923708,73.89299359147473,337.84380880484497,Sport,Rural,3,Ascending,Rainy,28.98110473099947,Medium,1269.4839433677482,23,19.97952120945923,8.15340097142437
81.25125417403733,91.5761488819347,322.3279126932402,3,Highway,Medium,Ascending,Rainy,8.905191174957118,High,2023.5957722226851,62,42.15196740371584,10.142598656527568
93.42190560739962,22.633486941116303,368.6191500484602,Sport,3,3,Ascending,Rainy,9.60285903860789,Low,1356.1747712439555,22,11.948927520679938,10.341503193668425
15.721754238055873,84.99609053764752,371.82420262721206,Sport,Rural,3,Ascending,3,13.453697144770016,High,2176.8267878878714,10,4.92318412489315,5.46954907959295
72.11486339969967,64.94511042706469,327.48850916074,3,Rural,Medium,Flat,Cloudy,16.07752118211988,Low,1731.7699958407595,43,31.82447239697628,9.526470424749755
4.115748156397401,63.68730602371141,378.90108430548304,3,3,Medium,Flat,3,0.5627308816042458,Low,1267.3098837185184,45,49.22238284598153,7.872723790188472
59.7079300066471,96.62505462026864,385.453520030168,Sport,Highway,Heavy,Descending,4,-4.212875389127319,Medium,2278.229683763354,30,32.38238432086288,7.628941769918009
18.58112179442729,79.81156900774184,392.067509623963,Normal,Highway,3,Descending,4,36.36207367847744,Low,1944.1372571794052,26,30.47478485457888,6.222519059515172
21.950751115450164,88.00950944448896,316.121241391837,Sport,3,Heavy,Flat,Cloudy,10.89348844103469,High,2204.728632227612,45,22.16731282943082,5.261192667404527
43.80570800311218,48.31964556357334,330.39236836132665,3,3,Heavy,Flat,4,-0.4240129301808188,Low,2076.890106387013,19,14.26168461435158,7.883441739672626
51.89246000598036,64.34912326627278,386.0353347503696,Sport,3,Medium,Descending,3,29.16271309630197,High,1764.7150271166215,43,21.598579553796988,9.206863828780516
74.78069094386247,69.23245419422166,319.8540202827894,Sport,3,Medium,Descending,3,8.277730194905086,High,2108.266397395579,26,7.532951566152641,8.432662617913767
8.93141021262188,45.72671522899721,300.3468459243495,3,Rural,Heavy,Flat,3,3.1748833390651168,High,1219.1794991876272,36,13.169147591293978,6.266178023660521
60.44301134849336,65.61984999579195,387.0827310251634,Normal,Rural,Heavy,Ascending,3,38.31749647872999,Medium,1641.6588266766316,20,24.420532471929548,8.222219682389724
21.91501563037213,38.932430358377104,332.6449441751369,Normal,Highway,Heavy,Flat,Cloudy,36.42443011543493,Medium,2211.209414835006,9,7.325298428325045,4.9646122034318605
68.87702100380903,31.470053685459163,341.449752513895,3,Rural,Heavy,Descending,Rainy,-0.2414363928354408,Medium,2191.980478857804,62,39.59743778973796,10.850511003074535
76.48855347134202,49.91762074218661,344.6334025720638,3,Rural,3,Ascending,4,35.46783444196996,High,2353.632177372549,19,0.6769098730941298,7.036166511138458
66.80511078634247,79.14317029971497,384.8274600667229,Sport,Rural,Heavy,Descending,Cloudy,35.08903867014738,Low,1994.3591764656696,36,16.147511891896688,6.579381641270625
88.59546125739692,93.294971845911,333.78921445934606,3,3,Medium,Ascending,Rainy,23.54685488133143,Medium,2424.855842722465,41,25.88090787515414,9.617642238915012
40.27310930890816,56.6171241198586,389.2279885856482,3,Rural,Heavy,Descending,Cloudy,18.838210040058165,High,1925.025868600835,52,46.45449541000539,10.422547425112995
91.8127909959757,71.42589506203453,361.6939138048048,Sport,Highway,Heavy,Ascending,4,4.784733301058878,Medium,1850.5902087198533,44,28.715265247683305,11.097187996465829
51.93204980498324,28.24297047800804,352.7286724033684,Sport,Rural,Medium,Descending,Cloudy,0.4622923932641019,Medium,1456.3815916489302,21,14.81570840314298,8.357411971876083
58.10213979871162,92.35710068418628,332.56145071274625,Sport,3,Heavy,Ascending,4,22.286607293201406,Medium,2212.487344927076,14,17.67431529857136,8.104343325028056
77.77225527132858,65.48833708559475,324.3711696281186,Normal,Rural,Medium,Flat,Cloudy,31.988076552530167,High,2099.6743013323044,17,17.02403161462334,7.792900705118712
2.203006079906875,82.42705981001257,362.4058442777349,Normal,Highway,3,Descending,Cloudy,25.988973454414943,Low,1798.9888900598744,8,9.100432040853162,2.7815843368080424
78.4793065704298,83.5552960737115,344.6894160056576,3,Rural,3,Descending,3,3.136019065031018,High,1313.2413725362078,34,7.327948976368913,8.50595220448175
74.23021788865384,40.51844210944847,391.0516009932006,Sport,Highway,Medium,Flat,Cloudy,8.05083881132695,Low,1363.4130950199078,41,24.083707812521155,8.02196128972962
37.18165401039359,62.33395625454797,349.16387161140494,3,3,3,Ascending,Cloudy,19.588791423528374,High,1348.799554740494,31,13.586025952722544,5.706756868064806
10.295314187938738,96.8383801248782,351.1794916701191,3,Highway,3,Descending,Rainy,23.124663289455803,Low,1688.279100515955,25,4.682959123428928,3.1639524176354707
10.912253989564938,27.170763585666226,341.6723281136001,Normal,Highway,3,Ascending,3,-1.748632437168998,Low,1406.6708462608426,25,10.902284975410645,7.052912790309375
110.78684963822742,74.64399184236507,378.9262996991285,Normal,3,Medium,Flat,4,22.632323721010557,High,2319.094729042168,42,26.084231072471766,11.046813641547171
82.71351854710045,96.98112624281376,342.48391981092703,3,Highway,Heavy,Descending,3,28.134372768863024,Medium,2369.1499566274647,32,12.918972094709584,8.972067937364468
15.252313652488848,44.046168644321774,326.9341999749755,Sport,Rural,3,Descending,Cloudy,3.1611031873521647,Medium,2313.799784013398,22,11.963334902798392,5.314663630425519
42.80678031706877,88.91583371234785,386.2030874293509,Normal,Rural,Heavy,Ascending,4,6.079842177387812,Medium,1991.5114199659247,26,31.07075913838853,7.392318073815298
71.09795926819157,94.69260363266172,359.682822136524,Normal,Highway,Heavy,Descending,Cloudy,6.650346558042141,Medium,1975.2620180197205,30,34.50187662834025,7.977719069954725
100.26860461087784,79.766896751586,359.1510219769001,Normal,Rural,3,Descending,3,37.29146136591346,Low,2358.201312418576,18,12.138169847261556,8.365657114656013
5.239311445561024,38.506264984556665,361.0822207163927,3,Rural,3,Ascending,3,13.315725435459523,Low,1728.200608862947,40,23.659850229213152,6.620790237632382
28.395975776401063,46.72005750612751,371.88397482056666,Normal,3,Heavy,Descending,Cloudy,18.87571553730548,Medium,1281.04761494815,61,38.25188097573508,8.59068795605265
106.7698788354456,22.864743553418457,331.3067989312567,Sport,Highway,3,Flat,Cloudy,27.59414573726609,Low,1811.5111042497183,53,34.52622250434101,11.465987023649648
1.099866022057978,86.51625873962841,303.38443708330027,Normal,Rural,Medium,Descending,Cloudy,11.71571185241362,Medium,1919.8236014203655,20,3.557607174191194,2.724173943329636
24.167892335266487,87.9688949208864,381.05931608770095,3,Highway,Medium,Ascending,Rainy,-0.2500003875040253,High,1914.287788474233,21,18.067533116277893,5.660880347282642
115.08290111675592,70.61682479729541,312.8905053881637,3,Highway,3,Flat,3,24.44448418234243,High,1406.705303364408,35,36.19145702483606,11.59901191435338
73.60822158266053,48.202228101108105,372.1819737210544,3,Rural,Heavy,Ascending,Rainy,25.02729249581765,Medium,2218.436865327163,25,9.053930772098337,9.61552976213048
31.40056399650077,26.144882211193643,308.23152982873285,3,3,3,Flat,3,6.724651675054632,Medium,2151.5569820526234,32,9.876766409837158,6.018766992943135
8.038931327501713,80.24460879319275,337.5307842028492,Sport,3,Medium,Flat,3,-3.414699056717519,Low,1498.8088138500464,48,31.545568218342957,5.543018136816456
3.382960853666659,78.12209548879383,306.30260698315385,3,Highway,Heavy,Ascending,4,24.94089194104194,High,1916.5980636453369,16,14.2591725836455,4.422535352361875
29.369409556431272,93.00820173911208,352.22136796277243,Normal,3,3,Descending,4,26.65414986017,Medium,2227.4266712929075,23,16.255146318190654,5.806693258487305
105.77829835066926,78.44256168042898,365.3135772781575,Sport,Rural,Medium,Flat,3,-3.827079834225589,Low,1209.9900098664305,25,26.1884994000488,10.878541530137344
49.90963851570114,86.29559537952015,317.1433141178188,3,Rural,Heavy,Descending,4,26.1932470805298,Low,1557.7012488277178,31,37.55397278834397,8.860896047777201
86.44000429991917,79.67636943231996,337.1627618438402,3,3,Medium,Ascending,3,37.25178560797326,Medium,1813.6492280793868,38,24.96461429229123,9.422802920325063
110.19420424559492,70.45497506498532,393.02394910430536,Sport,3,3,Descending,3,3.045337735634716,Medium,2298.541080291274,43,44.68200135378369,12.66969449765931
48.964855392338,54.15731153528074,344.2389117107457,Normal,Highway,3,Ascending,Cloudy,18.45956895708756,Low,2238.657450831738,26,5.421376854436516,7.417937988520405
22.95328452448765,92.16938469138222,380.25435689765567,Sport,3,Medium,Flat,4,26.35494046187656,Medium,1396.290281132217,56,37.73204648269305,8.321321150270311
62.05415170283034,72.07748575259758,392.7184745060209,Normal,Highway,Medium,Descending,Rainy,5.35357309523655,High,1801.5644618691888,30,27.227545853866463,8.601526689810811
108.97004244718254,51.868425757272725,397.4345824977287,Normal,Rural,Medium,Descending,Rainy,28.819700124814624,Low,1596.027721925845,61,40.85265702806893,11.090731179105804
96.52492969652408,26.677543614556576,389.8322019691369,3,3,Medium,Ascending,4,34.06397933371384,Medium,1721.8637574395948,43,15.88852272271149,11.63110019522433
7.899581203578454,43.256388472350565,331.7405329158969,Sport,Highway,Medium,Ascending,3,31.65479323464247,Low,1902.8122553365429,20,24.156862203045844,5.661955665904944
83.10873600930982,63.49813878641318,396.2572886161193,Sport,Highway,Heavy,Ascending,Rainy,6.650451201745813,Low,1849.1427334003683,43,41.19752621721715,10.346706895689955
68.62770269507445,42.05082960129556,381.2395241746047,3,Highway,3,Flat,4,31.189739837578934,Medium,1384.0470312633076,35,41.60589102959279,10.574618604258823
108.89558116157106,37.69882783343217,383.7175583639488,3,Highway,Heavy,Descending,Rainy,13.600445998107263,High,1358.194559521007,27,18.86192445888258,11.229831611875042
14.697770022035668,62.19148112702777,301.5172984171835,Normal,Rural,Medium,Ascending,Cloudy,6.990854117001062,Low,1369.3495788960263,56,41.127580161815565,6.876694330079928
64.08433358455879,33.58562767165877,395.42388633182935,3,3,Heavy,Flat,3,2.558716022871708,High,2293.674767824019,51,34.151681650771856,9.959954998864232
105.53552322142708,84.03280506600828,377.8090223848741,Sport,Highway,3,Ascending,Cloudy,35.904164912800915,High,1225.9159613577035,46,20.530533218775567,9.99401771002343
49.20285440900916,58.74945210741264,376.79674965079,3,3,Medium,Flat,Rainy,14.210389368248247,Medium,1463.1260236687683,45,48.48830399593654,7.888059639862317
57.83939012794405,65.90902191701201,308.1524730928586,3,3,Medium,Ascending,3,33.9579034097263,High,2442.659311552988,23,1.6416266227156564,6.806842462747738
8.455281320034995,31.790661407787884,323.25685410733314,3,Rural,3,Descending,3,2.1795245018406835,High,1285.8277332028065,15,19.194878149850567,6.376125569609611
33.3772368538693,45.96610685034939,396.2261665137899,3,3,Heavy,Descending,3,29.514705976890347,Medium,1247.217882155829,17,15.416937000740672,7.309323791993119
38.94079790027368,52.80717466089223,350.06770748054765,3,Rural,3,Ascending,4,-0.0493993494549638,Medium,1703.528122165268,62,46.79444635865643,10.532950525074131
113.41469384938644,84.65702644132024,339.7858018237256,Normal,Rural,3,Flat,4,-4.209577426402577,Low,1396.560731666167,23,5.062716481602997,8.929755414261036
33.92008326493909,81.6127618468922,383.9940817146914,3,Highway,Heavy,Descending,3,39.77721884768858,High,1935.4926150752128,45,31.43842005410565,7.366925888861709
55.30424823235824,37.83819798301451,308.73404141139446,3,Rural,Heavy,Ascending,3,-1.6908200034354066,High,1640.1552686930013,33,35.85973846510487,9.749515115023568
80.55653082771357,69.29432652856062,341.69420162710594,Sport,Highway,Medium,Flat,3,15.769320342827555,High,1471.6602364004875,29,9.290373619007813,9.043770803761348
19.462004688945285,39.476508621759805,337.57007744220834,3,Rural,Medium,Descending,Cloudy,34.52734223185589,Low,2498.1822314133005,30,7.582380954258693,5.315735889248581
58.37308645702494,99.05977245521964,334.9851387030393,Sport,Rural,Medium,Flat,Cloudy,31.87207966295906,High,1643.4353592014725,16,2.486783526837092,6.570874446483721
88.62468473710891,96.16991025046966,330.7692243653073,Sport,3,3,Descending,Rainy,16.202907083002366,Low,2033.308383231457,29,8.027872503841605,9.65643069107042
104.02262556324791,65.06117764164964,321.0074956790078,Sport,Highway,Heavy,Descending,3,22.4881828003052,Low,2336.346951747275,38,40.42993030947609,12.036597332942955
75.1511129594912,75.91220575153145,317.2910802990522,Sport,3,Heavy,Descending,3,23.336776824826867,High,2399.103299157892,51,47.2034127060632,10.64620140124124
80.28642183803375,84.1144305766916,364.0406116919674,Normal,Rural,Medium,Flat,Cloudy,-0.0578757645204941,High,1733.1654942626035,64,45.08096983092295,11.047468831899833
15.154016710148277,77.67987360359231,391.9394841208679,Normal,Highway,3,Descending,Rainy,7.820684245284086,Low,2469.003135355868,26,18.328709308798626,4.687626305316745
113.49317966956166,75.98629528659367,350.88516452498817,Sport,Rural,3,Ascending,Rainy,8.544242253149346,Low,2141.9349139180817,55,36.32118792495309,11.750769524364138
15.908889298137884,96.68432063596224,329.7974552346644,Normal,Rural,Heavy,Flat,3,12.015766774060085,Low,1958.258476711282,38,41.36947917462575,6.126684439184943
92.9607524618158,67.71648850458266,315.9160197722226,Normal,3,Heavy,Descending,4,7.326289081568778,High,2101.263132525088,46,40.64302587777832,11.264869699695971
31.77795861339826,70.90421374552446,383.0143365052594,3,Highway,Heavy,Ascending,Rainy,6.317430765759516,High,1668.1791050885918,11,3.227978803659952,5.228291403234131
112.0311772441502,87.94150003505449,397.14920564732137,Normal,Highway,Heavy,Ascending,Rainy,10.965348072330956,High,1751.7269988182384,22,10.820035637523388,8.90293695537494
86.39514472433754,73.59126942867255,334.9155401467852,Sport,Highway,3,Flat,3,12.065192855643186,Medium,1962.149769891069,55,46.95335204194376,11.446949421190336
90.45764555740428,78.6346097614018,329.0950425552129,Sport,Rural,Medium,Descending,3,16.92508255413976,Medium,1624.8843682551988,49,37.02131769027063,10.65031859382729
26.287100767186,38.7334948957314,360.1492952974941,Sport,Highway,Heavy,Descending,3,2.8090930966730294,Low,2199.4552640220304,62,41.73418499897837,8.835704866581649
53.1647971962193,49.70135392920567,377.5328980953426,Sport,Rural,Heavy,Ascending,Cloudy,30.47514985835364,Low,1526.412840816294,40,25.75474999553849,8.47910161278537
74.13758335071437,31.78410765695144,345.54028035496646,3,Rural,Heavy,Descending,3,33.7300465166788,High,2235.847162751458,24,19.71349681868433,10.473930004244083
92.39683418479213,60.46123538678444,363.0073149860949,Normal,Rural,3,Descending,4,6.167419757076178,Medium,1397.8045391196983,38,32.59606028374015,9.713446808723411
12.475125109486749,56.458192054419705,371.6549068023292,Sport,Highway,Medium,Flat,4,0.5485327203061781,Low,1482.6081281031898,23,23.69555051740141,5.631727560525361
115.4838379745434,99.77302514235654,396.0592287856179,3,3,3,Descending,Rainy,27.50403915685504,Medium,2179.022096690642,43,18.75072942057573,9.216782695442898
106.82648046654673,68.8966922252434,316.5037330520084,Sport,Rural,Medium,Ascending,Cloudy,36.59103052253205,Low,1542.084029349628,30,17.458990608023864,9.886813409862931
32.44183085947012,82.91558585555387,399.73824938253694,Normal,3,3,Ascending,Rainy,-3.418324737216769,Medium,2234.0125274803568,22,7.979559014728493,5.073544994975002
98.73122916387985,46.72117366061234,339.21566552412287,3,Highway,Heavy,Flat,Cloudy,-4.350380943455568,Low,2219.0309956529413,34,26.51771814645845,11.659985827866732
62.19887076477881,86.52362650742373,372.3200142726554,Normal,Highway,Heavy,Ascending,3,3.254145762295145,High,1534.4916109893793,47,26.040343879159,8.86478468092046
55.41677778744224,69.20679731901467,357.24143779729974,3,Highway,Medium,Flat,Rainy,25.81566183885715,Low,1295.0053209663397,26,29.579400532174223,8.847601508100572
37.73209269736865,75.75938652787508,348.666861700884,Sport,Highway,3,Ascending,4,38.41514535239013,Medium,1416.268755671381,12,5.899560397120707,5.754123568556268
69.7162303957911,43.55446223595635,369.80753687315865,Sport,Highway,Medium,Flat,Cloudy,28.76714298216968,High,2178.284747007901,63,45.75465757403057,10.497313395721552
87.58669412443173,63.891071335646174,339.5753850223595,Normal,3,3,Descending,Rainy,20.786467016436767,Medium,2301.0924671429384,35,37.12860054553719,9.609768021397668
49.31194859553099,70.72295787308869,312.61099813368065,Normal,Highway,Heavy,Ascending,4,26.52472267939965,Medium,1697.9721657050482,5,6.6351085956212525,6.001017873225391
75.50630316099505,67.12757406532648,348.889338312124,3,Highway,Medium,Ascending,4,5.381424008148514,Low,1413.4844806123351,8,4.059262795014127,8.356305604336145
83.91755053863645,93.21549691396532,352.19158706823185,Normal,Highway,Medium,Ascending,3,25.984837662930424,High,1298.1106742079896,49,32.181741558382896,9.543536067011011
85.3346180418343,91.86181315940428,320.1902153399939,Normal,Highway,Heavy,Ascending,Cloudy,9.465022906538914,Low,1480.560832749743,15,17.140985703579805,8.311356589810723
6.23593177574163,97.67872463014965,393.5619356328657,Sport,Highway,Heavy,Flat,Rainy,5.008995977470525,High,2473.5903192295286,25,16.020522827008033,5.699095263512762
103.16973668220804,73.39424048055915,322.7475646646291,Sport,Rural,Heavy,Descending,4,5.645019933053575,High,1421.3549216195952,44,42.01555395040127,11.473039758456489
54.99039777180575,97.75313041005477,340.9227594084098,Sport,Rural,Heavy,Descending,Cloudy,25.050448833526588,Low,1312.0171069152966,19,17.322645654285942,6.200427472609331
31.48992980354573,86.59824000255271,315.4929686844723,Sport,3,Heavy,Descending,3,29.525157499013133,Low,2221.115579814187,53,31.645882899139984,5.980738554174716
29.01174089756179,41.66657122719674,353.57966461869444,Sport,Highway,Heavy,Descending,Cloudy,21.181094975134616,Low,2000.0349440415323,29,26.9000181249228,6.64981970074945
57.96169354127406,54.19485356410377,330.763760810009,Sport,3,3,Flat,Cloudy,-2.126513237334853,Low,1895.2677560039988,32,13.222072391246538,7.812406880423431
106.4197847362751,39.07139537512079,348.9272519976084,Sport,3,3,Ascending,Rainy,-3.28957998325421,Medium,1782.2083175437112,25,16.648839554535904,10.190163557212497
45.40170980191763,20.335772866445215,322.46169164582017,3,Highway,Medium,Descending,Cloudy,4.772508253517682,Medium,2112.393673768312,42,47.165325206244965,9.38036545019314
89.9670896140252,35.04390025175269,305.3775127948716,Sport,Highway,3,Flat,3,7.891091609079332,High,2107.861491697566,38,16.635506372676588,10.1231931627456
11.618247718466232,20.324846902950053,377.9226651082256,Sport,Rural,Medium,Flat,4,13.216895177853306,High,1751.7536793332586,61,39.22177120584915,7.4261107262420305
57.12680425812741,77.5870769080392,364.10862839596587,Sport,Highway,3,Ascending,Rainy,-1.578736518376851,Medium,1504.496198540809,45,43.07764695603206,9.563652790394588
119.00233684712828,54.04274381769597,334.0739355711013,Sport,Rural,3,Ascending,4,27.63214446740464,High,2293.642492835206,24,3.644795989254328,12.096666946345206
92.45253633508044,45.00597816622866,304.74942246823224,Sport,3,Heavy,Ascending,Cloudy,27.01741714210712,Low,1414.008993381021,31,33.188964460662994,10.83201022135448
25.26341861287356,80.93767128761503,386.5575062697121,Normal,3,3,Descending,3,10.600491714593792,Low,1894.2082075836124,48,37.48810197865673,6.014691520247553
60.17297684374928,86.5989419695716,316.9795004935679,Normal,Rural,3,Flat,4,20.33511359657847,Low,2100.4763502125597,18,21.75768204092851,6.96329757566783
28.034971637827987,98.0239630919904,393.0742218281428,Sport,Rural,3,Ascending,3,-0.4587825033998118,High,2030.540054495541,27,28.509321310490886,7.8349113946386675
49.14731127150111,71.3610867740193,347.85953785959583,Sport,Highway,Heavy,Flat,Cloudy,13.684838926004762,High,2004.4326296978973,21,8.174112186226578,7.604556095456369
93.61008284819576,56.92231668320414,334.03867099084835,Sport,Rural,Heavy,Ascending,Cloudy,33.59041408660251,High,2061.258053689885,15,15.993013310960766,9.958013995647242
92.54697783484843,44.42114412859488,374.1759476890964,3,Rural,3,Descending,4,24.72801084047189,Low,2338.351391418216,30,35.41258150052822,11.514564921732267
27.37204534828621,37.785456737138105,387.6839406075186,Sport,Highway,Medium,Descending,Rainy,-0.322530094675364,Low,1675.0103422823177,54,30.16830454005712,6.674693317035283
110.66679817858322,37.0340760386081,337.0713563645711,3,3,3,Descending,3,33.14101140478096,Low,2015.6674586527647,28,6.905648606926169,9.922731004836722
71.10818193177921,52.7351499775839,340.73437521701874,3,Rural,Heavy,Ascending,3,25.631330323857224,Low,2106.0566850168807,50,49.403630034935375,11.56203275702481
45.59091491544174,99.3429084230344,343.31582193471974,Sport,Highway,Heavy,Flat,3,15.387533233866565,Low,1967.424519602239,63,46.89567725762728,7.828743880098487
60.23226969370328,20.06829579499226,392.2323061478669,Normal,Highway,Medium,Descending,Cloudy,26.144096755591622,Low,2373.903434791233,31,11.283452484307508,7.638401928500619
72.60855041252924,35.776471778480065,369.2563991514333,Sport,Rural,Heavy,Descending,Cloudy,2.776911494364369,Low,2051.212390363321,58,43.76851610813056,12.605732020227665
67.18686382149426,35.07143859228591,324.76461170456554,Sport,3,Heavy,Flat,4,19.771891162264687,Low,1751.7578011615833,19,13.431748206576964,8.499651962832052
58.368604264341386,77.36955884258339,318.4999697501979,Normal,Highway,3,Ascending,4,22.806715160448743,Low,2299.263231487468,43,28.230582605723065,8.644727124809124
60.59193649072802,48.19877820784495,323.0367663424816,Normal,Rural,Medium,Flat,Cloudy,36.74851703244013,High,1836.4383969398157,52,39.12434507017672,10.952527028859931
21.16942925134634,56.58086436734565,326.3563889185517,Sport,3,Heavy,Descending,Rainy,-1.989873013926144,Medium,1889.2122560756875,26,17.269602030864714,4.606085042551921
97.52794851656152,31.8899304375924,323.01834913340014,Sport,Rural,Heavy,Flat,3,11.865222141738196,High,1956.963355228927,45,27.80185493356524,11.247589772901424
65.01123839292184,52.39976311015582,365.8506447192396,3,Highway,3,Descending,3,37.15666194689201,Medium,1619.620093279275,46,22.57264504606536,8.098816932529033
15.729583404564371,28.25598495246688,311.59335106575065,Normal,Highway,3,Flat,Cloudy,4.774947480786697,Medium,2139.3017823736027,35,38.03391096641579,9.162126170990565
91.93885218993336,62.643463031086654,338.73584897079604,3,Highway,3,Flat,Rainy,31.594014774519856,Low,1327.5640432472555,43,23.985917698410105,9.025899021734206
111.8932774052821,27.83506923062848,362.5053572970367,3,Rural,3,Ascending,Rainy,-4.92775092682269,Low,2329.5039620689454,45,28.388868772644177,10.793233280559788
113.67682790843546,83.24067049385249,329.0859973942931,3,Highway,Medium,Ascending,Rainy,-3.835216856863149,High,2180.899077931745,41,42.29332912702071,11.206056373274562
44.28212788934073,65.32813740323917,306.5274384701658,3,Rural,3,Descending,Rainy,9.743029836390274,Low,1659.7213425297527,41,34.962412328040934,7.48539657088666
16.262024827290485,77.91742990188135,308.18239228459686,Normal,3,Medium,Ascending,Rainy,29.582666987362263,High,1494.311036535365,47,26.42241344222553,4.742074463148692
62.20795519596782,53.48131093221471,312.59667763046866,Normal,3,Heavy,Ascending,4,-0.313543884420091,High,1704.2673291907777,27,23.11845063662765,9.851351216065256
13.513107521906482,50.519303459378186,383.5843024868156,Normal,3,Heavy,Flat,Cloudy,12.228413963265307,High,2246.568350726488,13,6.425606034888236,5.844116067409288
112.07849022151407,27.856711123909086,365.786350560497,Sport,3,3,Descending,Cloudy,0.916067592827293,High,1241.0420310851173,9,2.912687503467991,9.52082250032062
22.02955528261752,61.90844856342581,306.4522411097645,3,Highway,3,Ascending,Cloudy,5.061710624863368,High,1808.301533959928,59,47.64349378552406,8.421306099882878
30.331903194139688,61.16017318856736,339.106887915142,Sport,Highway,3,Ascending,3,17.6347386457869,Medium,1530.3432767321526,21,9.407675471072244,5.226482398011688
48.79638322619645,57.44816355596843,327.8585172847066,Normal,Rural,Heavy,Descending,Rainy,9.36124338816453,High,2337.4368198960174,13,13.915898203113167,6.906144110734525
45.979736227095096,79.24146917459595,357.80401116288004,Normal,3,Heavy,Flat,Rainy,4.536069069103718,Medium,1737.994046063708,30,30.586331983662895,8.222065966599542
95.35954708774668,86.60035200258835,352.28059496723137,Sport,3,Heavy,Flat,3,12.707364148911733,Low,2107.267826244796,39,41.41349333904552,10.554099958274811
54.75801846611548,80.06317399588065,348.1124023369715,3,Rural,Medium,Descending,Rainy,26.5474733923134,Low,1665.2602374331009,40,41.673784178844926,7.747846926909516
20.492191200400427,31.50925942454751,331.4512370372613,Normal,Rural,Heavy,Ascending,Rainy,0.3738147970444778,Medium,1628.6095686224066,55,41.4994061384552,7.298426434466374
32.06518745832889,69.76476074256865,313.7799772043991,3,Rural,3,Ascending,Rainy,16.581750041234102,Low,1623.6347364199112,64,48.9065915791194,9.414566281179717
61.09360622250264,26.425848455162672,374.2376382872638,3,Rural,Medium,Ascending,Rainy,7.362386887627281,High,2081.626994515747,29,2.879582032641561,9.476969196838374
17.69447009113619,75.56978299523811,387.98567688426544,Normal,3,Medium,Flat,Rainy,12.037939309298046,Low,2453.513161644232,30,20.052425091976318,3.819522675142215
73.39868107752169,50.54712772489013,394.4150909232817,Sport,Highway,Medium,Flat,4,31.969983050868684,Low,1470.5881800671789,66,45.68802852053223,11.689643670307508
67.88967678613751,30.59991650130293,305.86189706135804,3,3,Heavy,Flat,Cloudy,36.83784908669928,Medium,2037.0716050666492,19,23.420157098254496,9.31261755569491
85.76427796587092,88.96406855809022,373.9908711588883,Sport,Rural,Heavy,Descending,4,5.934005730443188,High,1545.064762329535,56,43.57770150882117,10.834795327716346
112.52455384552412,69.120667123115,372.6503459406962,3,Highway,Heavy,Ascending,Rainy,23.34869305732705,Medium,1914.155068043752,4,0.9810568884527662,8.873455255014589
109.47054733213868,48.3779974358022,394.7109614145589,3,3,Heavy,Flat,Cloudy,25.450477594022765,Low,1904.0785058673027,30,25.26795415158568,11.774658931591304
113.52907416825975,22.458174372039963,325.29145944977654,Normal,Rural,3,Ascending,Cloudy,32.91186995420947,Medium,1785.0598251706897,43,46.13036557428753,12.668880173608295
29.365871642844112,62.98482072028884,374.2179038295157,Sport,Highway,Medium,Ascending,Cloudy,35.45691108255385,Medium,1848.2373917528,31,13.138016000184738,6.800812953846999
15.787836796722557,93.8580702788986,305.46262887664847,3,Highway,Medium,Flat,Cloudy,16.05963088903117,High,2344.300492590369,37,46.489949661094194,6.982981866396819
36.27320405957382,67.71038661618925,363.12457207616194,Sport,Rural,Medium,Descending,3,39.21590403618251,High,1315.185882752633,5,0.5230166317366115,5.480838434870988
107.41022073195776,97.73204836955944,335.084782405218,3,Highway,Medium,Ascending,Cloudy,38.68730381186784,High,2279.368083328803,13,4.0384841389736605,9.48086328284646
116.6464169548186,30.91608946163668,376.8909439547475,Sport,3,Medium,Flat,3,17.7910586877311,Low,1801.0073306718496,40,23.89354866355252,10.69954235182055
103.11899412845712,65.46440836758694,386.33042864353934,Sport,3,3,Ascending,3,19.39144542910979,Low,1633.672246409933,28,5.408342461473545,9.829765648018006
13.202126535305233,83.85000384051436,336.4821042217516,Normal,3,3,Flat,Cloudy,25.048742779790448,High,1430.2897667707823,10,11.357306045904489,4.859110030188401
113.6913597671752,62.0432584900573,352.55860926993006,3,Highway,Medium,Descending,Rainy,11.821726489890713,Low,2259.248396166958,40,14.946498566788264,10.869729338259065
50.80296328209432,27.28530847899781,311.74040623636,3,Highway,Medium,Ascending,Rainy,24.791976125963995,Low,1969.654900996956,49,24.12665086722368,9.345936279247148
1.1172348914824417,66.63088012377742,341.69069652234765,3,Rural,Heavy,Ascending,Cloudy,18.14284271446189,High,2146.88843717882,43,19.58663040260109,4.4245852986890775
53.08724888978323,68.93903246739774,336.0800393259169,3,Rural,Medium,Ascending,Cloudy,-3.405345540024236,Medium,1609.4522335344514,41,46.115167168614825,9.485004775759888
5.528300361056111,78.2967398780282,318.3123459784518,Normal,Highway,3,Descending,3,33.37280215045379,Medium,1710.8470409793097,52,44.31213160819147,5.745539938843699
65.26535053933411,80.89692121323792,389.4478624766776,Normal,3,Heavy,Ascending,4,37.32006105206538,Low,2387.73684747276,58,37.428737466559255,8.622740811563588
40.62648329244616,81.66181505684858,314.808783804016,3,Highway,3,Flat,3,-3.8196914653851866,Low,2449.5369710685964,42,32.999484720846475,7.078735529195519
56.81219203128585,73.07555149111728,363.5739357530187,Sport,3,Heavy,Flat,Rainy,30.51678184632783,High,2161.794832656156,22,10.296618905477173,8.096091183133922
73.58044328917404,37.264894913492654,389.0142643479888,Normal,Rural,Heavy,Ascending,4,12.36159674234623,Low,2174.253819877039,27,30.131130293142878,9.824735950748568
104.25613149813844,52.33886046715835,391.1968579863226,Sport,Highway,Medium,Ascending,4,21.35343100130159,Medium,2102.7203601909187,9,7.438432100328369,9.46723800629105
79.42818917663143,82.0903978091519,379.3239699840568,Sport,Highway,3,Descending,4,17.49977261323221,High,1963.372916982746,23,22.69068397277396,9.020522205782086
52.08586421738168,96.27415867206506,317.61411338741766,Sport,Highway,3,Flat,3,19.80897928748712,High,1973.6018289211397,39,23.1300352134818,8.304463049977462
98.3313424404438,26.31575718692976,381.74314092138695,3,3,Medium,Flat,3,17.2833837141138,High,2452.943757473158,57,34.516526832949346,12.1990930276375
108.66985650877588,62.84293422377559,327.65648124156246,Normal,Rural,Heavy,Ascending,Cloudy,33.4018917169544,High,2176.184984803105,60,41.7728235845204,13.549885801193229
14.371195971863669,45.00178170594452,392.2398027432509,3,3,Heavy,Descending,3,25.75780081128901,Medium,2051.943684925363,20,16.09306324291645,5.3626535353157605
63.83195730633497,38.03151154534638,370.90866814238495,Sport,Rural,3,Ascending,3,13.56867649956224,High,1445.790483743038,20,2.1549456803217137,9.087166230061252
34.1414351690933,60.4648546815772,378.52675610088863,3,3,Medium,Ascending,4,25.985586151774704,High,2470.196167188724,3,2.443821545380265,4.887522053489116
5.647343745233688,68.48714724452293,308.5032453501937,Sport,Rural,Medium,Descending,4,38.42715185877466,High,1876.381380641244,42,43.753731985533335,6.723559261115799
80.22560341367824,20.7817785135585,358.27651134435445,3,3,3,Descending,3,-1.38612820759553,Low,2426.8271986700347,28,24.36766042807057,10.527966096828838
103.53249329510707,82.41652577609528,382.114212689868,3,Highway,Heavy,Flat,Rainy,12.464048720112572,Low,2127.6247988429614,17,12.475827896146118,8.191331167468977
19.548318537287287,85.59057050075582,386.1590352772499,Normal,3,Heavy,Ascending,4,34.17043145457081,Medium,1252.1050910829406,14,1.7111076972251669,4.3006814957189
97.48963891486808,97.24086596543464,302.86317047336416,Normal,Highway,Medium,Flat,Cloudy,28.2574799865163,High,1900.694149681452,48,26.485340468478885,10.856753010960208
102.407488024433,34.4514986579756,393.9159232555119,Sport,Highway,Heavy,Ascending,Rainy,37.07180002517583,Medium,2360.4867541869,28,6.941029514690184,8.563064795642514
109.72085311997802,67.56420498887584,304.333873330248,Sport,Highway,Heavy,Flat,4,-3.2085550569542347,High,1267.3148911609592,33,20.90970055328331,11.415929164759277
31.83421069032629,54.13002987811156,361.451867967485,Sport,3,Heavy,Flat,Cloudy,33.82490241457542,Low,2326.745815424445,32,25.852277979301917,6.047684502385875
108.47436782278672,46.78622812442805,369.3387527615312,3,Highway,3,Descending,4,30.63094464796924,Low,1997.4086798873025,12,11.537096257248209,8.566130829086468
38.47953056837187,65.25067611500037,310.734529116791,Sport,3,Medium,Descending,Cloudy,31.67675572370677,High,1257.8854406266985,27,10.02195662798785,5.708605755958162
66.28056161466034,82.59064745788402,304.8011865609193,Normal,Rural,3,Ascending,4,21.876822765046786,Medium,1685.6778298692725,11,1.0884227275736835,7.5835949216983325
6.060896499873856,21.84422267561681,378.4912154450729,Sport,3,3,Ascending,4,-2.6637334195727416,Medium,1239.22177251721,46,29.31748717671652,7.958937160802211
5.265730604249232,97.55200900529492,338.4670624797434,Sport,3,Heavy,Flat,3,19.26084680278764,High,1202.2311870832432,38,10.102016431715834,3.987048157905128
86.44478552786435,84.79052685645686,310.71125153151235,3,3,Medium,Flat,Rainy,13.348801164544014,High,2365.3526683645296,44,43.92359944680965,11.966519866766918
53.33759735733493,80.09229629164628,376.2667816387642,Normal,Rural,Heavy,Flat,Rainy,18.716878869333023,Low,2173.1517911401465,54,30.22844983381478,7.370393369446617
30.755085044306107,80.83099057444028,384.9163070143621,Sport,Rural,Medium,Descending,3,28.31331881296039,High,1576.3136092943137,41,27.865075054377836,6.905078073113184
22.849619522989222,51.124856769492204,358.7386190758807,Normal,Rural,Heavy,Ascending,4,21.81822855302924,Medium,1347.8236897454758,32,25.28376476394598,6.556341404798724
80.39441890310617,80.1296440675851,316.12368084346457,Sport,Highway,Medium,Flat,Rainy,8.16533004366806,Medium,1270.7623566089264,9,10.843972911706064,8.049155687477878
0.0481852830407847,50.94161668823661,301.52224714914905,Normal,3,Medium,Flat,Cloudy,21.97783043816897,Low,2392.3890299323016,67,48.47358116942185,6.564495648519679
96.7069403036225,91.89654636598344,370.0802481301944,Sport,3,Heavy,Flat,Cloudy,-1.258770061353904,Low,2013.2239078505156,51,48.355527010773336,9.886918553706954
9.509952735591458,34.17779066451757,355.01396748253165,Sport,Highway,Heavy,Ascending,4,-4.758530395220607,Medium,1408.72655396437,35,16.131493986533556,5.986095115480641
22.97875378897433,43.38779393721212,365.0797141720079,3,Highway,3,Descending,4,13.068761228164664,Low,2085.90055248233,51,38.83318957874644,7.671015284459661
46.34836743589075,64.10700341592609,381.3184670199596,3,3,3,Flat,Cloudy,29.0733862490831,Low,2498.5579309723107,9,6.050378678973628,6.69440725925549
58.18304876593243,45.5368828709818,343.4227776992972,Normal,Highway,Medium,Flat,4,32.018540394497734,Medium,2224.435646507985,44,39.04838939702914,9.47386453506866
42.59941389767302,53.93897962362188,312.451546883362,Normal,Highway,Heavy,Ascending,3,19.74276909883729,Medium,1780.491999084799,13,14.387963455267126,7.122763141149902
38.48545979811527,59.39381515188757,393.99832853908265,Normal,Rural,Heavy,Flat,Rainy,34.060309882379734,Low,2258.429671798757,15,14.52781035076615,6.558070385576328
115.66992144878262,88.50826790508069,354.5262127246857,Normal,Highway,3,Descending,Cloudy,0.6661682753249929,Low,2167.5986864835368,29,25.410942141435186,10.466861955929785
76.98956174920731,61.85538028869543,361.529411908854,3,Highway,Heavy,Ascending,3,38.38476348857833,Low,1315.2491571321673,39,19.67721518727045,9.325986727859496
2.811954644086585,48.99678788916484,393.3411429551751,Normal,3,Medium,Flat,Cloudy,36.47921514285185,Low,2403.405612896735,23,5.979774034392145,3.6137037328767874
51.62110901331759,39.818893122809264,393.1583656310263,Sport,Highway,Medium,Descending,Cloudy,21.965676272399925,Medium,2349.334222321653,36,29.694549432204724,8.038532071401086
105.00104396927642,52.694078303375775,357.2094606728174,Sport,Highway,Medium,Ascending,4,-2.357504418456365,Low,1967.727379908622,32,10.770796108175327,9.51657882128783
36.17474236928015,61.2588883531496,329.76114247214264,Sport,Highway,3,Ascending,Rainy,15.4391288263963,High,1860.5939674211456,44,22.279541087112342,7.704164746385087
11.346761372926588,79.68918857625891,399.711363401274,3,Rural,Medium,Flat,3,3.0672832505118865,Low,1496.063788883361,31,11.6274334225593,4.31626739984641
91.00617259079011,29.683902093787093,368.0817089953536,Normal,3,3,Flat,Cloudy,23.279137078480385,Low,2284.7952564929665,38,42.893503557165104,11.164059035835097
72.72165983232975,37.72873505913207,340.84366768920563,Sport,Rural,3,Descending,Cloudy,3.5484337610625385,Medium,1761.4523324544325,30,16.967281695876206,8.668823732798018
68.43750093918047,50.37232126949385,355.98368028535896,Sport,Highway,Medium,Flat,4,16.680894719085934,Low,1953.0986985745035,40,44.38579217578162,10.28623249617153
6.429187152888951,48.83187240956117,341.5834050268029,3,3,3,Descending,3,4.253211708708552,Low,1421.1137304638544,15,16.3722524536093,5.36830054263272
16.85988117546208,51.33984700841694,388.8305152296648,3,3,3,Flat,4,3.1830308648058434,High,1477.9695856475669,36,9.056903895460202,6.229092711736684
74.70592754557366,83.48170117122596,348.2499374865746,3,Highway,Medium,Flat,4,6.156560917391898,Medium,2480.761721491572,28,28.874068669856594,8.745079041852827
24.938860975060297,45.93235223697385,382.3528375981247,Sport,Rural,Medium,Flat,3,-3.686159501780313,Low,1842.1999608666488,34,27.80137503516176,6.274249561288374
60.48840956981092,60.15185443221317,384.0176297823004,3,Highway,3,Flat,Rainy,27.225171732093955,Medium,2260.465741924449,32,30.98378649993656,9.628501910369646
65.38580232352722,69.91256262863172,382.4332337735248,Sport,Rural,3,Flat,4,8.802686935753137,Low,2278.649003296064,16,15.176765968959824,6.926168996973786
34.02086283251273,38.57428401468841,372.2188612475675,Normal,Highway,Heavy,Descending,Cloudy,26.414862427227117,Medium,2475.963429769563,19,16.066448901582238,7.167690754038899
113.81101866497914,77.49563097180311,385.4877716807582,Sport,3,Medium,Descending,Rainy,24.40651982954561,Medium,2477.775220129609,39,11.947761168026556,9.799910978673283
101.09569282026902,63.76890557906248,338.7229579622969,Normal,3,Heavy,Descending,Cloudy,-2.024930361956603,High,1794.0420436488307,67,46.42720841422732,10.85618836242154
86.68482091593582,55.74249304251025,311.46632061419604,Sport,Rural,3,Descending,Rainy,9.041564115550033,High,2435.416490773632,47,34.17949100503753,10.285779641423527
9.35926396912909,84.7827221390651,384.2454204372515,Normal,Highway,Heavy,Ascending,Cloudy,20.508723998865747,High,1675.0907453279974,60,37.83716186483124,8.258484905464945
12.735602317082332,39.47962073481456,349.8168415687345,Sport,Rural,3,Ascending,4,36.32805372953237,Low,1989.9308649266625,25,9.78874069136726,6.081879770305646
59.13376150379469,90.65407764914583,312.7376032527851,Sport,3,Heavy,Ascending,4,13.059386970182604,Medium,2268.2261589551263,35,33.11275671423807,8.382881318151433
19.28560190291828,64.8838988293363,311.5312522182008,Sport,3,3,Flat,4,17.71561953469364,Low,2387.922498548922,36,38.1569494313897,7.481237732401247
117.39185562353688,68.73399035037266,315.9242394009893,Sport,Rural,3,Descending,3,28.757146157515777,High,1880.990991492813,40,17.188559743104193,10.133615855260608
19.02242808328913,90.00471713351543,375.09732596671057,3,Rural,3,Ascending,4,31.148296321691333,Medium,1743.2172955489611,35,7.96886108992248,4.868851947426794
58.49614025567688,85.40661502794688,371.0856673466281,Sport,Rural,Medium,Flat,Rainy,36.550322665904254,Low,2147.0734697317844,29,34.880512050608694,9.68481418369334
43.69452682098065,68.12496550575203,320.3818680184883,Sport,Rural,3,Descending,4,17.373524680505774,Low,1792.7058388742837,36,30.59606524247015,8.045598516861096
76.72637057449175,80.25501630785394,384.69234181097954,3,Rural,Medium,Ascending,3,3.7227068275839432,Low,2073.3418581718333,29,28.823350582295628,9.6108827666095
15.48436906673099,54.66555921863175,328.1294795528245,3,Highway,3,Descending,Cloudy,29.39895534104772,High,2245.484580260079,25,9.210075630687529,4.748964990776588
51.637971365086905,63.7902202799797,379.2985583314948,3,Rural,Heavy,Flat,3,0.650886907241647,Low,2293.465448038038,36,13.19835531285357,8.150186867462015
32.96460393685724,24.96561093668089,348.8805907734942,3,Rural,3,Flat,Rainy,13.82540404776747,Medium,1530.6082541872406,48,31.281738006562392,8.762521738909893
106.53018296060256,27.18863344000375,373.1548682538566,3,3,3,Ascending,Rainy,23.26958724334077,High,1942.8955573515427,31,30.71795258184225,11.096039642765628
4.87028545616341,86.35403233490656,338.1387663073566,3,3,Heavy,Ascending,3,26.133528389668328,High,1232.5445423494534,44,27.780669390740705,6.761259339542007
109.64729928077512,24.77373245459973,334.7140597094776,3,Highway,3,Ascending,Cloudy,27.98624727471671,High,2237.083075081733,61,38.4301543627636,14.399468178387028
99.95929662636004,33.55193005060858,384.1359598959333,3,Rural,3,Flat,4,3.708957619318845,Low,1362.623724909754,33,40.751394175348814,12.356949626551618
35.708485972897854,83.66661271603533,303.530225451407,3,Rural,3,Ascending,Rainy,39.17421406174228,Medium,2333.1898506516263,17,13.898055355292632,6.727609251716437
94.71487856125256,20.091676050260503,397.4736947257508,3,3,Heavy,Descending,4,3.0288359478531994,Medium,1728.852486333048,30,7.964617458129696,9.846195040234903
3.745627240649707,42.592346307669146,364.8179558265373,3,3,3,Flat,Cloudy,-0.6766967634702556,Low,1417.448761169985,20,10.13827242667541,4.6365180534539245
116.02386603520723,66.72309262612974,343.2483388199442,Normal,3,Medium,Ascending,Rainy,24.88226808679893,High,2234.5593887196765,24,14.137308916993092,10.50560948055126
63.19139311077472,67.63599451754374,362.8054531150425,Sport,Rural,Medium,Flat,Cloudy,35.94999999354637,High,1460.3723031434813,53,47.39265377319752,9.127397363394255
36.39372312785344,82.17223265835788,312.2740946458983,Sport,Rural,Medium,Descending,Cloudy,20.17226724247132,Medium,1712.739075777582,32,6.94438954206847,5.364670826994193
43.50998551136125,60.47410035937364,351.4052455293548,3,Highway,Medium,Descending,3,21.79670955316327,Medium,1936.9390550818143,56,43.95019840715478,6.858453267333551
7.9686424152596835,60.752149562477626,398.5095523339797,3,3,Heavy,Flat,Cloudy,19.23181365704436,High,1668.0389200990255,10,10.24853521428778,4.233155261615629
118.7219416850447,78.02484604325603,323.52694378467066,Normal,3,3,Descending,Rainy,-3.0763312658199853,Low,1432.7373652168385,24,17.487441081162803,9.426395350424173
4.715033418083094,59.88995706130268,372.2278099036349,3,3,Medium,Flat,3,25.6590207622013,Medium,1727.9219348512595,23,6.381045903475934,4.379953825220415
78.58885477774308,68.67928692508934,343.49713758317006,Normal,3,3,Flat,Rainy,11.118960424456295,High,1387.5176817649772,8,5.257681513690452,8.451478552097191
53.128311324775,91.82192546040407,365.24581484879536,Sport,3,3,Descending,3,37.10532078910537,Low,2134.9021013738547,9,4.847637851831331,7.391792573020327
113.8699461826458,52.11608060898976,320.48872286917754,Sport,Rural,Heavy,Descending,3,3.4055521396876234,High,1422.9564536144735,22,17.203669442623134,10.913117880880932
29.51996883681542,50.81000567353777,347.04649826176023,3,Rural,3,Ascending,Cloudy,8.595210177232628,High,1827.0972972815043,49,26.232235240811967,7.434061205168889
63.85041887256136,20.283919349181705,398.0092713859275,Normal,3,Medium,Ascending,Cloudy,17.71846369969212,High,1928.4917298033372,33,10.120296246616764,8.659685394728244
57.88274502993036,69.07410092169854,319.52871510160094,Normal,3,Medium,Flat,4,16.48097696285541,Low,2428.587021160208,43,46.64044414917024,9.478375751278474
84.34397328601216,22.38175259257056,363.6445027848757,Sport,Rural,Heavy,Flat,Rainy,13.013713375575442,High,1301.7358603311718,24,29.36229713036169,10.62228921166638
8.161227834290461,60.3318791782653,357.5597748766795,Sport,Rural,Medium,Flat,Rainy,9.14813219592797,Low,2409.591857524175,41,44.26473127202538,6.223155814434195
23.25469560280258,84.33870312257812,356.50515862904035,Normal,Highway,Medium,Ascending,4,1.623313146963258,Medium,1470.694264522865,29,7.526057304012776,4.991933422014212
25.74777841114198,63.99368564157305,361.5123289651617,Normal,Rural,Heavy,Ascending,Cloudy,31.941484279312256,Low,2293.21714403169,26,7.260374954833588,3.8823465617404103
88.57809058100275,41.57089321733408,350.22379736882283,Sport,Highway,Heavy,Descending,Rainy,15.194640427248302,Low,1317.6438304309777,55,42.35295983393172,10.210952066849709
22.69664355920881,82.89347371594971,301.6930750257658,Normal,3,Medium,Descending,Rainy,20.78304515945763,High,2485.3130904672007,45,28.442269592977823,6.065829981141591
68.8190116669172,41.57736032660311,390.0096811463118,Sport,3,Heavy,Ascending,Cloudy,19.59487886360956,High,2249.922578755484,42,46.935481084027295,12.496304578104857
25.829258460114445,78.64254247567189,382.6978827484031,Normal,3,Heavy,Descending,3,20.897002599169177,Medium,1281.8364291523476,36,7.430152932152878,4.128589565148256
103.3949940100774,68.8206764152185,317.41676809211214,3,Rural,Medium,Ascending,Cloudy,26.71781673301076,Low,1478.34435646162,19,1.3982971830810664,8.232315289074174
113.06225453875662,33.599703739840095,341.3273177378869,Sport,Rural,Medium,Ascending,4,23.32214477681068,Medium,1913.1084910530824,50,45.83637139936737,13.39661183950716
62.21915699306885,92.41070998753486,377.0548980693568,Normal,3,Heavy,Flat,Rainy,7.325631282935404,Low,1880.643614482482,32,34.971971551869515,8.418410320435308
42.27706610510139,36.05149463657565,398.00623153872846,Sport,3,3,Flat,3,19.91694667146747,Low,2018.0499638428976,48,40.37768561266362,9.819204520755072
28.086933002099897,99.1669659312536,395.11370464417865,Normal,Highway,3,Ascending,4,6.003080749342578,Medium,1802.5586803059005,23,14.87109927859759,5.470308077124304
5.973720182765252,20.584839092395264,389.9359199676175,3,Rural,Medium,Descending,Cloudy,21.49764069586608,High,2154.413597535112,7,0.253014332207335,4.690751659624822
32.22000914369944,41.07867017143224,315.837389729914,3,Rural,Medium,Ascending,3,14.43705790910941,Medium,1653.031284870252,44,24.19570449249823,7.061572039557701
78.50829359343815,35.988823781935906,391.4475106009005,3,Highway,3,Descending,Rainy,-3.226172976653414,Medium,1429.3028878196976,47,49.50146984765605,12.376433108886753
64.0340317571053,21.11947281363701,387.844491295108,Sport,3,Heavy,Ascending,3,28.029355931573527,Medium,1243.9133305260118,64,45.38611711168587,11.500871897394356
113.28495339371128,78.58943201178525,337.69499111663896,3,3,3,Descending,Rainy,7.359988798164773,Low,1622.195296630233,5,3.6939369737002288,9.254891337495636
47.55327149900407,75.4740641679677,339.4522594536262,Sport,Rural,3,Ascending,Cloudy,36.40874598102176,High,1754.942482393848,19,9.470404632679072,7.338372336724935
83.26360107940734,83.38807714839444,345.9908921955161,3,Rural,Medium,Descending,3,7.625075874782647,High,2056.789329243012,30,15.630272066228704,6.54078395488506
58.71872969701457,40.53588371716522,365.6175630966417,Sport,3,Heavy,Flat,3,39.84802344108271,Medium,2248.3932500912506,44,41.536982718291554,10.590044000055451
61.5091459109054,55.54681336663759,326.0835615983016,3,Highway,3,Flat,3,15.83280255132053,Low,1512.0816420850742,34,41.25325014412574,10.705701286644286
32.1329177524941,72.72908172972379,302.29484294399447,Normal,Highway,Heavy,Descending,Rainy,-3.811670618492612,Medium,1841.1633465501127,16,9.33172469140935,5.832858168713933
54.59409322103996,55.18148031105149,314.1229524597242,Normal,Highway,Medium,Flat,Cloudy,-1.5678958173569408,Low,1503.85403391912,35,26.70069584952255,8.161181848006377
56.49419964152487,75.78606162543326,344.01159075767737,Sport,Rural,3,Descending,Cloudy,-1.3060392921243995,High,2436.514953348827,40,25.13956380728628,6.883758322593438
84.79710260987207,70.71787267523537,328.2002569426202,3,Highway,Medium,Flat,Rainy,-2.470351054694241,Low,2041.81078387719,42,20.772596740317525,9.089579902920551
112.87679990233366,29.17182424177412,376.4516561036132,3,Rural,3,Flat,3,7.050522985176091,Low,2081.273120930804,24,26.8424307495084,11.903929925676929
39.51855329790051,82.48344968615744,310.66900705492714,Normal,Rural,Heavy,Ascending,Rainy,9.606497311749274,High,1890.591394164001,36,14.710164314887034,5.891534668368957
5.064056229755813,77.65410872740146,391.7465225554804,3,3,Medium,Descending,Rainy,0.0078638845229797,Medium,1566.3786996546314,40,26.624303715659625,5.177611832017127
59.55541506007676,72.46675100939242,389.5327179943911,3,3,Heavy,Descending,4,14.715916816062393,High,1460.558845221011,48,34.31184833547361,10.1939324432958
65.33535985790023,32.407488501680184,390.8756816933288,Sport,Highway,3,Flat,Cloudy,11.44078697579145,Medium,2053.639168307888,17,3.218913538983584,7.505097390734243
20.21286613582983,41.43971590362909,373.9609998603327,Normal,Highway,Medium,Ascending,Rainy,23.634579811913436,Low,2398.219340486943,47,48.36856440379746,7.999308096725887
91.255752753128,51.45416252700804,310.69999714836,3,Rural,Heavy,Ascending,3,3.813905177581617,Low,1476.7618061296084,20,8.348649588442933,10.37007736401829
118.191493012979,42.39436973251547,343.81375713695667,3,3,Heavy,Flat,Rainy,36.12934705978031,High,1943.2936346854808,29,18.078903294663565,11.595216682084391
113.49296604101532,38.22482325409052,313.1405371805464,Sport,3,3,Ascending,Rainy,18.219585046349344,High,1888.1224633360964,42,23.58430538936158,11.775149047792931
23.652724658838263,84.42861361294206,398.7699192761083,Sport,Rural,Medium,Ascending,Rainy,23.067986776726784,Low,2034.149025358912,7,2.14512358237829,3.7114154994937616
105.04358878809128,71.05857970881618,333.30384233986734,Sport,Highway,Heavy,Descending,3,-3.2215847719809494,Low,1964.1269262308012,51,27.46325559557028,10.27084933551692
84.53923636940216,65.23777052402002,358.5330541890062,Sport,Highway,Medium,Descending,4,20.158991449030832,High,1554.6329887518802,56,43.51169097158418,10.333578733603357
54.46158765682939,38.07621686826031,377.9393054244222,3,Rural,Medium,Descending,Rainy,11.564509203024253,High,2098.8741992345344,38,45.060806331077416,9.243006287910074
64.87331931896749,93.44612498149132,392.0616084225645,3,3,Medium,Descending,Cloudy,36.587742196689774,High,1554.4577572636626,30,16.37696221670469,7.610675957255261
101.95202099789498,35.2946431277853,375.554772584136,3,Rural,Medium,Flat,Rainy,34.85394919965354,High,2048.8917837001177,43,27.98395077293212,11.446410588553148
57.61619275660478,83.59607462597417,367.45037787662375,Sport,Rural,3,Flat,4,23.69419150097726,High,1589.9133590252527,37,38.8621918373248,9.714997462431866
44.78488429261522,97.33381333642345,346.5981782038151,3,Highway,Heavy,Flat,Rainy,29.553310786258383,Low,1307.149566869979,32,12.717001023120403,6.303175503929921
59.1896991631183,78.16741833793888,360.5400133750524,Normal,3,Medium,Descending,Cloudy,24.00669207021742,Low,1365.390296708661,41,26.470778154610528,7.350112384662786
69.4955764842059,99.42870201477038,309.416380885283,Normal,Highway,Heavy,Ascending,4,-4.236434977665338,Low,2284.325121669082,35,18.399407823275915,9.143268470468197
22.68931845340186,72.08408935823573,388.3922541961263,3,Highway,Heavy,Flat,Cloudy,26.64069451029254,High,1357.7618394544645,36,18.970930488081517,5.869598716974686
108.10892763203888,37.3968274883116,354.37773088398853,Sport,3,Heavy,Flat,Cloudy,2.969084372966262,High,1629.6671869521856,15,4.797462880720732,10.7713645677747
80.90243385955365,36.30555949732091,304.01350504349426,Normal,Highway,3,Ascending,Cloudy,25.715692973659888,Low,1573.9342768652089,32,20.403792791666277,9.11326785644286
75.99227008049867,45.96514274043811,391.99021256598974,3,Rural,Medium,Descending,4,-4.5271947096423135,Medium,1275.217621857423,34,8.127874914475276,8.040263649967581
11.939547141676575,20.570401617680485,348.93019738368685,Normal,Rural,Medium,Flat,4,8.990806377658377,Low,1979.375393384393,25,15.133376615648586,5.280400628645229
72.50087258071102,74.53587760662677,386.8589141561002,Normal,3,Heavy,Ascending,Cloudy,18.26175905833821,High,2238.421112138989,21,16.581027034707276,7.714812576862961
14.51527946861908,41.4934227702262,385.6887954205357,Normal,Rural,Heavy,Ascending,Cloudy,9.992677016235024,Medium,2490.028723011703,47,21.58693727992329,5.452050412859067
9.443721023447884,85.21465858342023,381.5751587457115,Normal,Rural,3,Descending,3,26.22942634135292,High,2416.841710473652,40,45.85399557408107,6.486149976428019
63.2773074770872,48.73381204474402,306.1403019295356,3,Rural,3,Ascending,4,18.52192924377006,Low,1264.1239451757451,44,31.586754573990984,8.215480038080353
48.3342640855794,58.39651947706501,324.70666454242087,Normal,Rural,Heavy,Ascending,Rainy,38.18503214327583,High,1534.761308120506,40,48.72565572055619,9.928095205799192
70.65723241874679,97.25511332482954,387.5547872465431,3,Highway,Medium,Flat,4,11.101559057990665,Medium,1735.7537399890243,41,29.573510661314245,8.796829705684784
10.70666016686863,39.37376984378217,389.8991056052094,Normal,Rural,3,Descending,3,27.48366991978527,Low,2337.518651572126,39,40.29395315071308,7.369797853480566
51.71796754167101,77.70032779437916,345.8068862368806,Normal,3,Medium,Ascending,3,32.612874898989666,Medium,1668.1102118558654,53,41.72415816798535,9.385478708458733
20.97440580541896,80.40942314443338,344.0041467654202,Normal,Highway,3,Descending,Cloudy,6.412800419926391,Medium,1941.4060470930856,60,36.976289847550376,6.885051566318915
118.452010310894,37.679852601890815,317.514063388615,3,Rural,Medium,Flat,4,28.93591641077142,Medium,2057.470896809276,51,33.52875712633791,11.432094521805958
67.33802549222092,60.07974692897565,396.8410788691151,Normal,Rural,Heavy,Ascending,Rainy,12.699129999234778,Medium,1587.3463575424114,33,20.953958092639724,8.617290875435952
82.49242331290408,48.016154025037466,321.3138475359043,Normal,3,3,Flat,4,0.7927218234960893,Medium,1956.5227074777536,51,28.407079645730494,10.696268844358707
39.05019368191294,81.75249947200713,319.0936784350765,Sport,Highway,Heavy,Descending,3,-4.835881515536899,Low,1266.151157015336,27,9.766462014281649,4.459705421135969
11.368669773521296,69.79866552232299,366.07289701491743,Normal,Rural,3,Descending,Rainy,28.469089868670626,Medium,1824.2382692925744,51,30.950507654533727,6.752322899638858
117.1045035340244,58.07864438884376,324.2844303000448,Sport,3,Heavy,Flat,Rainy,3.3809835495296987,High,1692.0964601162798,40,25.76339645270689,13.43016501692044
34.35108424598199,82.34906120381746,393.87716110143896,3,Highway,3,Flat,Cloudy,-2.696286460535352,Low,1662.4809765953169,53,40.23583025658348,7.949919769449156
50.8569822208289,38.81244560067336,301.0906995317795,Normal,Highway,3,Flat,4,17.374408939283853,Medium,1505.3607691043749,39,45.13692686016544,8.299023935228519
77.983670604309,80.28975044674873,300.57532623233016,Normal,Rural,3,Ascending,4,10.601411558323727,High,2263.0545068441743,33,6.726448134466458,8.134119470333781
2.9636757223333543,89.22994496742595,350.48768014355994,Sport,3,Medium,Flat,4,26.131301701452237,High,2346.4999059267248,39,34.576299300608255,6.866339570221619
97.23109566207444,90.2897277446058,348.8062459913472,Sport,3,Medium,Ascending,Rainy,-0.168606707410615,Low,2354.5670198032512,44,47.50731077238748,11.110634347354782
64.38938280343443,82.69388744156831,316.33640219009106,Normal,Rural,3,Ascending,3,0.9693926333588864,High,1714.9390789771282,44,45.90225378711578,10.031877444470304
33.386062448258656,52.6411333598615,349.45195629702846,3,Rural,Heavy,Descending,3,13.184846873527048,High,1536.9096874083368,63,41.73786989015184,7.330329700702839
7.39295823509631,98.54464181742615,341.16611051699863,Sport,Rural,Heavy,Descending,Cloudy,18.418367720601356,Medium,1327.9359803463603,20,2.5122159216354327,3.3016243995166787
19.499809856932973,50.36749150579519,389.03295253423687,Normal,3,3,Descending,3,32.08872634247302,Medium,2074.12997007624,31,12.69895742032963,6.432926398835118
107.40406306241243,71.09003192819405,300.9253920216963,Sport,Highway,Medium,Descending,4,21.353133592072275,Low,1629.2180946191693,18,7.499594389558387,10.824370174836032
82.32290687230692,32.88593424555749,397.6269805032952,3,Rural,Medium,Descending,Cloudy,35.61688503156919,Low,1559.6661447400518,61,46.3540295957617,11.605485835357468
29.98820659642678,98.4359118909114,362.43927642958425,Sport,Rural,Medium,Flat,3,4.799552626226141,Medium,1682.8695560057718,60,37.46960179573026,6.66663910631221
7.872091793403544,76.31887374917306,315.1843445645276,Normal,Highway,Medium,Descending,3,21.82987821992729,Low,1921.1407820935087,27,26.636053352880648,6.235389621832833
82.87383748639635,80.27020361970946,304.67600138111663,Sport,Highway,Heavy,Descending,Cloudy,24.48572844066692,Medium,1410.5028414584124,58,48.97207174750874,10.331630592308784
68.68892711613182,25.262136272891567,353.8105658559232,3,3,3,Descending,Rainy,27.66122732718943,Low,2449.7388138329466,36,9.81646639051776,8.067760831768032
48.542342934988206,81.07342513765374,323.489016597182,Normal,Rural,3,Descending,Cloudy,39.4892814202898,Low,2152.398322902729,33,32.11443869816545,7.802016062810087
43.63337390280766,81.9778743376481,330.1165537001259,Normal,3,3,Flat,Rainy,16.061522008544216,Medium,1260.8213626072973,48,30.50811331085452,7.899743930758704
26.017713111492995,73.74181810897838,324.51321648345134,Normal,Highway,Heavy,Flat,4,11.619381093830256,High,1598.824121294192,18,17.088666821501043,5.85393412454639
80.35335078450211,43.35276910322749,365.0172313572511,Normal,Rural,Medium,Ascending,Rainy,33.34930038192226,Low,1265.3541683195128,32,24.320476575009955,10.209009411038805
116.48016333526446,59.17520337287052,355.35289621161337,3,3,Medium,Descending,Cloudy,2.955590728839196,Medium,1498.3359591811911,13,11.845769816132613,10.407740076600389
21.085829500419106,28.83474970469732,307.7974423521812,Normal,3,Heavy,Ascending,4,-3.3337356224102264,Low,1572.5681568772454,54,33.8880263118242,7.342625392514117
71.6539944018604,57.726965316732205,352.65265331751755,3,Highway,Heavy,Descending,Cloudy,14.961507408909991,Low,2133.3736463151176,28,20.970211445981203,9.196675326280223
50.90220668951714,39.50590820803239,379.11897655633,3,Rural,3,Flat,Cloudy,6.124263454147098,High,2134.3618121321606,29,1.2751498392546656,6.473573872042673
53.60264660935979,47.92775891952657,308.11945908203245,Sport,3,3,Descending,Rainy,12.84364305647908,Medium,1258.922901221831,51,47.544182631389766,9.715879918936771
30.497673615337728,33.00803267229589,388.973897623042,Sport,3,Heavy,Ascending,Rainy,39.37374901508444,Low,1964.5659408890076,37,25.1208159478948,7.748966442814197
99.01618507937027,38.40434941975176,357.83066494477293,Normal,Highway,Heavy,Descending,Rainy,10.68197035986636,Medium,2449.183820550303,41,35.311130597093786,11.88498407798561
58.23067249766893,26.125491345609294,395.06244692703166,Normal,Rural,Heavy,Ascending,4,26.85845687770211,Low,2016.8745588870784,32,9.926806509883791,9.672406068053313
65.2087022637917,93.5921093149537,314.8141217722376,3,Highway,Medium,Descending,Rainy,6.268090438770924,High,2448.7115234688267,18,6.448762924010201,6.429814247439381
36.57130953567909,62.43285503803227,399.3564999353315,Sport,3,3,Descending,4,8.654032469477897,Low,1694.7268520607847,56,45.13085428936356,10.249303265194072
21.81701588003397,51.73935770101917,364.4272865969677,Normal,Rural,Heavy,Flat,Cloudy,5.941983705711596,High,1797.7117784978775,47,29.587532913612883,7.450218663944553
10.309246584338458,62.80233702150271,356.74941994810627,Normal,Highway,Heavy,Ascending,Cloudy,20.747239160158795,Low,1844.132465595396,27,24.718208506961584,6.006628406327323
85.6942969109899,70.26345827852421,351.52796241120853,3,Rural,Medium,Ascending,Rainy,5.174886378839517,Medium,2401.13122311652,48,26.105386779140105,11.370084376769023
23.548113802542677,93.75030346954792,302.3654373098313,Sport,Rural,Heavy,Flat,3,27.326384619779446,High,1694.3653687047313,35,11.886509600533769,6.172643090636309
82.80904250265573,34.295436182905064,393.9639191549578,Normal,Rural,3,Ascending,Cloudy,25.61233893410937,Low,2478.44393087703,40,45.64304978878499,11.252508432709307
46.84517352563447,43.64419989081741,364.3994472854198,Normal,3,Medium,Ascending,3,13.95713541952313,Low,1906.0638456864613,18,10.790585211725354,6.888718769934806
49.89297611875818,98.06314690752916,309.1626484499291,Normal,Rural,Heavy,Flat,3,-3.8490340532987535,Medium,1483.55693929377,32,7.984513263916517,5.345360423885333
56.30129953113261,49.69543893188195,302.0952170294525,Normal,Highway,3,Ascending,3,-3.980699049813433,Low,1334.7944631763598,45,46.509289803991486,9.768612047789526
44.12502097530518,21.80493206058621,305.0783639236751,Normal,Rural,3,Descending,Rainy,18.976306769901992,High,1424.734575261147,37,12.952935429523151,5.653432073325868
12.074397266710813,31.811479410972705,360.9395763432241,Normal,Rural,Medium,Flat,4,32.76394728505107,Medium,1251.067565796683,41,43.13798747259949,7.147852662396123
37.155817200341495,22.107096139884163,361.4015414894585,Sport,3,3,Ascending,Cloudy,21.949315211919536,Medium,2100.003329244468,43,38.64838909406221,9.494877590971548
79.64812328327261,99.19385139365828,349.9667291781441,3,Highway,Medium,Flat,3,14.60427077132834,High,1871.9754341005212,20,19.158986516167403,9.127576597863692
79.89412817626452,42.30966791929784,330.6765820652952,3,Rural,3,Ascending,4,34.69534750671216,Low,2159.3010603229163,36,12.774700113826032,9.65699904375265
34.346916868799326,93.88342055489808,353.17427316146416,3,3,Heavy,Ascending,Rainy,3.8647952062050113,High,2216.940758178472,34,37.973529870345885,8.856036320321282
55.21231518692255,99.67090206077728,351.63018208762577,Normal,3,Medium,Ascending,Cloudy,11.174099319233664,Medium,2410.772101134803,25,29.92017467840769,8.419340410236815
23.2136673614325,67.98729769144913,301.94155598765656,3,Rural,3,Descending,4,20.4389253341776,High,1352.0978259954795,38,12.77661345367386,5.646011112018132
25.244649783580293,22.655705205244946,328.2469230327498,Sport,Rural,Medium,Descending,Rainy,8.125126111677375,Low,1441.9342173544962,57,44.5548853577478,8.041807805252784
2.765650608792889,26.52733043095416,305.31853414671497,Normal,Rural,3,Descending,Cloudy,39.89706168369916,High,1912.7566180063084,41,36.077022645873846,5.884093928711382
107.60958598892935,58.52712440863022,390.0154751447656,Sport,3,Medium,Ascending,Cloudy,15.354441262086029,Low,1368.3816067507355,42,45.47297872141591,11.0171450266658
25.284799808988744,52.49376103291888,372.52231627851353,Normal,Rural,Heavy,Descending,Rainy,-2.672499949648157,Low,1320.538244456783,20,21.92977230952021,5.3653616324879
27.3040652323756,68.49418446254141,399.6115170192912,Normal,3,Medium,Flat,3,2.9237538438589725,Low,2066.2388785014014,19,6.497155759215793,4.408505335080625
33.55217191741582,55.10782477690911,330.2171263305288,3,Highway,Medium,Descending,Cloudy,18.961639072360768,Medium,2142.1249704991133,65,46.21136054334191,9.349498564956471
15.28896860345148,94.72614794171876,387.8485847756911,Sport,Rural,Heavy,Descending,Cloudy,19.75252898585242,Medium,2296.4206407631405,44,30.11115892513145,6.016853525428788
76.71154598176354,62.77917723308089,360.30542679324816,3,Highway,3,Descending,3,39.286492023761255,Medium,2390.470681900068,49,30.34236907349141,8.864458195772357
9.017154381310387,75.49808491699537,345.3125406903605,Normal,Highway,Heavy,Descending,4,21.99848882918209,High,1775.249278050978,23,29.254845520356813,5.456249051345639
16.10429115916203,91.71882181139972,322.25731112886353,Sport,Highway,Medium,Flat,Cloudy,24.99822941616479,Low,2473.8366396726306,45,23.67241182423246,6.778955561209484
77.37080719081115,31.74975006665659,373.8392165286143,Sport,3,Heavy,Ascending,4,4.617524647039081,High,1249.253090513361,18,12.826649682535246,9.646493334697784
40.75927445777313,38.37877232948229,390.41407489043,Normal,3,Heavy,Ascending,3,-0.1910803264229734,Medium,2331.165908622452,37,30.689791713243924,9.27981438407339
84.95373920414269,28.585492837921205,323.53083980753706,3,3,Medium,Ascending,Cloudy,22.090450366663948,Medium,1617.9186154914491,33,35.958276940908355,11.02371575350567
66.89096936041705,31.171071938392984,317.53903349736123,Normal,3,Medium,Flat,3,33.919598947139654,Low,2398.228852766475,47,45.83550493265471,10.88441370645203
30.722540767381567,61.006717354738655,369.6221915004867,Sport,Highway,Heavy,Ascending,Cloudy,21.43178283055981,Medium,1489.3857031300777,20,3.700170632435962,5.401110635154097
78.09935405871937,45.694340717397125,397.6973162725519,Sport,3,Medium,Ascending,Cloudy,14.925244818307917,Medium,2163.291750782213,10,12.810005674369254,7.621487523657494
13.952841635145678,53.85382716214039,374.9955101104078,Sport,Highway,3,Ascending,Cloudy,21.01929885947331,High,1753.093808840697,51,38.85662075909945,7.026655583484349
64.36924596960365,98.59918654352497,328.4580739047649,Normal,Highway,3,Descending,3,16.094721031857443,High,1695.9042920334346,31,38.78001960484825,8.645902381715139
52.45777260540416,32.53634782367585,341.9955424147786,Sport,3,3,Ascending,Cloudy,1.3846709206892711,Low,1277.2452866721767,29,10.680521855675082,8.401294397354093
32.1448299380929,63.26496566384605,338.4317635458372,Sport,Highway,3,Descending,4,28.35329913638057,Low,2117.6852447326505,34,9.317412175932088,5.767019739991015
72.48059972874002,27.90969240429208,385.2095018047045,3,3,Heavy,Flat,Rainy,18.98671735591026,Low,1427.9585883856143,21,18.42029644204657,9.54496453525829
104.56003108083392,45.47970506111029,377.1370778872224,3,Highway,Heavy,Flat,Rainy,12.969529422617008,Medium,1801.8911186480568,14,3.2394767177326838,8.634445126846243
119.8685639715692,62.20207389396789,358.897543476152,Sport,Rural,Heavy,Ascending,Rainy,20.183732591890283,Low,1383.7005484202434,55,36.54500319826606,11.727854526860808
72.93153224921095,95.730539677227,327.4959110396903,3,3,Medium,Flat,4,5.85521295040007,High,1985.821163571604,46,33.52345538273383,9.84146889767964
48.56470491950042,51.29825770267864,393.7988527722056,Normal,Highway,Heavy,Descending,Cloudy,14.258097196169452,High,1500.379605135311,47,42.95040216722668,9.32170333691082
27.024852025944192,25.192535697173582,365.3315224769146,3,3,Heavy,Ascending,3,23.010034045167767,High,1972.71549008065,40,21.55945244056928,7.264880527315009
30.85153072741341,51.05291583682536,397.0476646441782,3,Highway,Medium,Flat,3,5.1787108150254415,Medium,2430.6005144974533,26,31.873126851082617,8.351874003292458
57.53459737797188,31.659294069918214,358.0117033042031,3,3,Medium,Descending,Cloudy,28.704778809905427,Low,2397.19405049862,41,47.7020794900744,10.8095664343313
44.07332415368511,38.399169063315625,382.1192758363614,3,Rural,Medium,Flat,4,18.445491033546396,Medium,1460.6036668416975,66,47.944235499804535,10.233961137782613
109.6577427149933,69.44724985319922,381.3105379394527,Normal,Rural,3,Flat,Rainy,33.77680196883321,Medium,1328.941292298406,23,3.646772946272342,9.561902231247853
44.19545611868514,25.39390929629453,333.7328776833592,3,3,Heavy,Descending,4,33.12564599633889,High,1255.459433036237,21,0.1940288130464451,6.633241904599367
44.813350937452256,57.17790050000299,396.4020722957228,Sport,3,Heavy,Descending,4,17.25326696737167,High,2277.056005579563,66,48.00322131199788,9.875887925797777
46.024141492077234,68.75692688086116,302.1941467597564,3,Highway,Heavy,Ascending,3,3.7959524784483616,Medium,1524.09985693723,24,26.812298437144555,7.828421046784279
100.39442524411898,53.74867138939975,376.8710908767414,3,Highway,Medium,Ascending,Cloudy,28.148880397454164,Low,1569.1185736626296,49,35.04998699233764,10.75657455126367
78.09459850162823,21.53010804989843,396.5557085764044,Sport,3,Heavy,Descending,3,13.840516105748309,Low,1494.1188618535252,65,45.63859818612869,11.499948488141175
73.70026203826713,98.84154855222924,333.8908203283723,Normal,Rural,3,Flat,Rainy,21.75823675536237,High,2292.109141788551,30,21.71441449525848,7.889747595253304
40.09716268606346,49.36926138724282,364.8110587790972,Sport,Rural,Heavy,Flat,Rainy,-0.1730619421727528,Medium,2472.5725940281927,40,22.08859876921051,7.653311699226005
98.14850121989274,82.28617495466136,356.22232498442105,Sport,3,Heavy,Flat,3,23.421279528219653,Medium,2181.742646209046,25,8.432380389034561,10.183050491958326
4.603663362684136,46.05171937499626,376.1507309676524,Sport,Highway,Medium,Flat,Cloudy,11.809772002530591,Low,2270.651218609947,52,45.30083120119728,8.447829441939836
104.49566068057358,58.00134055947351,386.6177921645052,Sport,3,3,Descending,Cloudy,10.038538737332251,High,2006.650598675139,52,32.41889797099485,10.674495339818836
61.52998797527155,51.07709140887973,360.3044569299548,3,3,Heavy,Descending,4,39.09620104500105,High,1887.4073809154224,7,9.095435439848396,7.910863935041269
47.790028183609536,47.403138360768615,381.5904586381457,3,Rural,Medium,Descending,4,14.459378924211126,Low,2138.0514062276698,45,28.033621526937495,7.654095203516812
59.66007368612228,21.748110176622298,331.2285575889255,3,Rural,3,Flat,3,25.51172701520804,Medium,1246.4917424480864,26,16.475380525633618,8.207726349526451
80.08986366405973,48.80167502836028,322.8587058704817,3,Highway,3,Ascending,Rainy,23.247739100822848,Medium,1279.8206832844155,34,7.444380293345657,9.524287119130571
1.5318511821476832,91.1591992319624,343.066768953284,Normal,Highway,Medium,Ascending,Cloudy,-0.3063402101679067,Medium,2093.455535149039,19,9.17528542500046,4.185304047029027
104.58622277498972,75.23146708749469,367.7736599580783,3,3,Medium,Ascending,3,28.656739167894223,Medium,1635.5909539631757,50,28.006932174729094,12.099662194166562
53.60874303736714,31.633828727635187,318.7246948938724,3,3,Medium,Ascending,3,9.542164154510942,High,1835.484663382757,24,28.262822774044647,9.158706465482895
41.15598236400938,67.29240036981913,368.0352192151892,Normal,3,Medium,Descending,Rainy,30.952279713853077,Low,2216.590332757883,37,39.51804497451106,7.781852568025431
16.58946787608685,91.37846879590973,339.40936485720675,Sport,3,Medium,Ascending,4,22.34383521769221,Medium,1950.305280929014,31,12.474415781746098,4.670031019887814
52.735844923013055,76.00272327718844,379.5575273892632,3,Rural,Medium,Descending,Rainy,9.26911704790703,Low,2246.840437061975,56,45.80008577384475,9.201602825148228
59.55873255412546,31.894751388535735,303.6835817103303,3,Highway,Heavy,Ascending,4,11.033183214898193,Low,1744.9018148218363,42,25.97878528419605,8.98401933576661
48.43760333921733,89.42659973875973,366.7982637829394,Sport,Highway,Medium,Ascending,4,27.91783163498623,Medium,1573.6503588630085,21,10.288217173180175,5.90692303475951
81.43921125922765,44.12352106310923,364.9822336649968,3,Highway,Medium,Flat,Cloudy,19.752669180529683,Low,1505.2879815490294,34,20.722700722609208,8.676374133380115
50.50758345110712,56.32609154498734,394.0935476125314,Sport,Highway,3,Flat,Cloudy,25.075796830209185,Low,1371.1852363951562,39,46.175627674832285,9.59506009513958
115.3701093415888,62.09142077513171,371.336755356407,Sport,Rural,3,Descending,4,2.124324448383473,Medium,1247.8354789561458,24,23.960011489056612,11.22536709870072
71.91330213883103,88.04052835025561,379.6301896423281,Sport,3,3,Descending,4,30.41395025027884,High,1269.093720388426,56,43.74828401290436,9.61360314098901
96.89735227822908,94.52859961181288,390.4591015853168,3,Highway,Medium,Ascending,Cloudy,9.417609351176562,High,1552.2984752726584,14,8.075653484815286,9.2616348795314
13.122708373137462,94.37223022324449,367.5051918291988,Sport,Highway,Medium,Ascending,4,22.8937570220953,Low,1561.936372647941,62,45.70652409060387,6.601588352280648
47.67495515350869,20.63633450228325,329.01536349599746,3,3,Heavy,Descending,4,0.1605921358903916,Medium,1696.319887743174,33,21.58787839442186,7.899903795647571
40.421724173658326,93.75107884683658,386.9773799583522,Normal,Rural,Heavy,Descending,4,9.463910852063515,Medium,1969.102582611357,63,46.81273448218514,7.883731467360628
68.33788657639101,24.350957280125787,374.7578119475975,Sport,Rural,Heavy,Descending,Rainy,24.19902818799888,Low,2187.089395671679,65,43.31731812117034,9.586324403219756
103.33362240737108,41.26189254539483,342.44376040008933,3,Highway,Heavy,Ascending,3,7.339275953061277,Low,1457.0165104763844,50,33.03231871345792,12.34114460725869
9.4005861314408,61.19902837822664,371.0529172649962,Sport,Highway,Medium,Ascending,4,34.61404885374177,Low,2187.022629578686,55,33.67503620595568,7.335399116575697
8.708975765365295,58.39405512035152,386.76888771811423,3,Highway,3,Flat,Cloudy,24.75527797495392,Medium,1380.6863861287782,28,10.65424859505728,6.021040043251069
102.03812497891188,68.37678351099136,397.5652131391272,3,Rural,Medium,Ascending,4,34.1625276983558,High,2485.3017068968347,51,30.18120596825381,10.292459740944809
25.54201032460289,58.35569829896046,395.2351503959055,Normal,Highway,Medium,Ascending,4,12.792581601300434,Medium,1570.5439180073977,42,27.51982903739604,8.010061978719387
80.25039053397765,94.75005437123366,332.5327826764142,Sport,3,Medium,Descending,Cloudy,-3.470668581889625,High,2288.535519115394,21,16.773937113388538,7.28969133446749
65.14537588329662,39.24390785716696,342.16937137181816,3,Rural,Medium,Ascending,Cloudy,20.926298350979625,Low,1447.6055762558997,27,25.330514059997952,9.250457528838467
99.94723138646754,41.92197552307887,310.95366049773713,Normal,Rural,3,Flat,4,10.263707622641752,High,2435.835614568434,54,46.464263246208645,12.297491938327791
15.010669180368424,93.65903485544447,324.7544287018046,3,3,3,Descending,3,15.1684769165059,Medium,2274.614820775875,4,0.36475262319375,4.374737034961277
15.573955886713351,26.139161099620495,388.24212084869504,3,3,Heavy,Flat,Cloudy,25.6499596265237,Low,1667.2060387111444,46,20.914492230600437,5.20031925255861
66.8182032333969,68.7648657523848,336.0849926279359,Normal,Rural,Medium,Flat,Cloudy,26.529910018189227,High,1747.9132439233108,17,16.74857216646628,7.532926933036048
113.5654384030045,74.53887616524887,362.0552658594881,Sport,Highway,Heavy,Flat,Rainy,-3.759961331038308,Medium,1204.9893915798689,47,48.06543026424993,12.906883411814563
49.79973100449051,60.443337874379154,366.5965618307033,Normal,Rural,3,Ascending,4,29.61862027778261,Medium,1526.8619176068555,41,48.697322141156086,10.809087500555568
39.23305203056339,75.53855030585098,378.1829275143312,Sport,Highway,3,Ascending,Rainy,17.20835117302355,Low,1576.085392737537,40,29.32446072823912,6.415326810784432
72.8027187837463,33.82037168095736,318.2800030245631,3,3,Heavy,Ascending,Rainy,20.05144479960475,Low,1788.560308647907,32,27.545347725189256,10.43648917089771
111.65383206540372,88.21057862172319,330.4813134614436,3,Highway,3,Flat,3,8.409738333543364,High,1380.7647581937167,47,45.17030359084519,11.649934234882256
100.43133994135484,31.20205515759085,344.83363414581805,Normal,3,3,Flat,4,13.937520370026142,Low,1822.396954558924,4,0.4264694408537692,8.13007870669395
119.45803328798638,52.064995545259976,336.48410612382736,Normal,Highway,Medium,Descending,4,26.966881029069928,High,2069.009031045028,43,28.15780208582352,10.993262044276053
2.708229984285251,26.020608104656464,398.29052328596896,Normal,Highway,Medium,Flat,Rainy,29.952121132491637,Low,1682.666987586314,27,1.3291571752475002,4.046721620922116
13.542977365531469,63.616886305392015,383.49408032137126,3,3,3,Descending,Cloudy,12.419778152559012,Low,1501.853858235184,57,48.41129733872247,9.619410385432452
73.13613160399464,73.57966459405114,347.9686754620486,Sport,Highway,3,Ascending,Cloudy,26.10028896930985,Low,1912.0314330400631,21,16.075961911331024,8.350332369031236
98.46917272006196,95.29773080762324,387.9268626086468,Normal,Rural,Heavy,Ascending,4,6.611957575979712,Medium,1237.70507384836,40,26.08798496174266,9.228960435146606
34.229321076811985,79.14689567168007,334.7652947583297,Sport,Highway,Heavy,Descending,3,32.44101993298818,Low,1643.0886860093824,25,20.936668379403624,5.9808001386472
28.70533056410625,63.28823331633209,378.58283238902646,Normal,Rural,3,Ascending,3,22.44164075083144,High,1885.8673157804185,60,44.69184379459519,9.456365427855491
94.4370959257441,94.6093613736267,322.3675598106454,Normal,3,Medium,Ascending,4,29.883393223010277,Low,1636.5956610580793,67,49.99091541350492,10.724128761983682
6.765822462387789,58.27494704327013,377.2322045226366,Normal,Highway,Medium,Ascending,Cloudy,16.471968354303133,High,1649.060853926786,25,3.512560101512826,5.092511402425346
44.325917709910215,64.89645224790955,345.6453403195728,Normal,Highway,Heavy,Flat,3,5.309917824187988,High,2302.785661428364,29,36.62835368556758,8.221862684462613
60.69710671107957,67.68788221360765,310.7499320992242,3,Rural,Medium,Ascending,4,14.315400099113976,Low,2414.189323353714,24,18.46313133501786,8.48408128030099
67.24184092203882,52.79837807092535,327.32624545555825,3,Rural,Medium,Flat,4,12.166842751524436,High,2275.6104415532564,29,7.039738695445834,7.229851515497855
87.43381881513322,87.07861524526594,340.2274624023565,Normal,3,Heavy,Descending,Cloudy,9.97224445480716,High,1328.527685102036,24,20.331332728810832,8.148323011549143
42.581486811678985,34.81407510760473,374.9292911664437,3,Rural,Heavy,Descending,Rainy,4.547818648366526,Medium,1576.6651776952951,42,49.90751684652454,10.503596855257827
73.52212136095287,64.38737522972863,307.2982714730951,3,Rural,Medium,Descending,Cloudy,29.16252138459128,Medium,2124.6826766991644,15,17.942608237658366,7.902337096191721
70.24505073491476,77.77866049497553,365.954699509264,3,Rural,Heavy,Descending,3,-1.1141752405747778,Medium,2466.710633503456,32,13.94223447438141,7.405750110155151
65.71393207844966,92.31809375012618,371.6013640932844,3,Highway,3,Descending,Rainy,34.94024184486253,High,1514.966013011105,51,42.32395159253559,9.998848857517793
76.85799517706546,90.71347171474228,365.3921369925752,Sport,Highway,Heavy,Ascending,Cloudy,2.876112530398908,Low,2367.6736228160908,57,43.41010619119048,9.880945718640644
31.13390052816916,60.69922315441136,376.0669638167556,Sport,Highway,3,Ascending,3,39.09431433331936,Medium,2160.7194833119884,37,17.00957082611507,5.558787243940224
10.157850430155476,71.45291609306733,317.81686160228384,3,Highway,3,Ascending,3,39.481062163918345,Low,2478.485476293392,37,15.003789716560297,4.892708999403623
14.312600644769212,51.53901889034408,358.7103355063037,Sport,Highway,3,Descending,Rainy,12.927416855851828,Medium,1321.6611262642543,52,32.39934572961611,7.056930200836796
26.949885918468127,57.45422103041602,394.114494720388,Normal,Rural,Heavy,Ascending,Cloudy,39.45194826845183,Low,1713.1694726509486,10,10.338406337658432,7.830603978701172
60.02375226273423,92.50126340584396,361.07842698045374,Sport,Rural,Heavy,Flat,Cloudy,34.10808327763269,Low,1821.5495030348509,24,24.23590159087239,8.301391815711193
100.85313006552242,94.45631945539792,361.1336346952953,Normal,Highway,Heavy,Flat,3,-1.2906375374000478,Medium,2073.707412817952,19,7.153050213220695,9.863994460438697
84.1552010506061,91.63312464536158,373.6439642113269,Sport,Highway,3,Ascending,4,37.629785363287816,Low,2050.163647157668,12,15.30726343381931,7.697127530430695
94.68487250424566,31.06966894509106,333.3204232125859,Sport,3,Heavy,Ascending,4,-3.08685263429326,Low,2378.2489481285,22,14.944326735167358,10.412612613698602
42.11707487113097,88.00672170645089,370.047590132154,Normal,3,Medium,Descending,Rainy,3.186143218259822,Medium,2290.275059364832,42,34.775508253971346,7.671707971848495
48.55844899782602,95.86909848171842,391.6233833313215,Normal,Rural,Medium,Ascending,Cloudy,21.306799338100344,High,1271.9844695910335,31,14.185424446238455,6.233911217857901
47.241826318873535,48.899975565888376,301.0895473025343,3,3,Heavy,Ascending,4,-1.3668269719993882,Medium,1832.502159912853,42,44.93493559918933,9.476431434560336
23.02478212854018,61.49170315373354,387.0113041108865,Sport,Rural,3,Ascending,Rainy,2.2777490645216014,Low,1729.1795992848297,65,49.15400010902465,9.10757296565072
7.345998977228643,82.32762046503967,321.86183312588594,Normal,3,Heavy,Ascending,3,37.90713042005074,Low,2496.2879624829875,12,4.144978892746801,3.522021193043398
70.90993113926721,64.9662510052519,345.59232737003754,3,Highway,Medium,Ascending,4,39.76095481994236,High,1755.435652517839,18,19.942616829195394,8.083822137290602
118.70600201047031,99.47868173649996,385.2347800952638,Normal,Highway,3,Ascending,Cloudy,30.916144380113373,Medium,2087.4048820034923,25,15.16186906835744,10.53679617083886
20.01956459403154,56.45706921254627,382.39121274566287,3,Rural,Heavy,Ascending,3,18.184422615911625,Low,1569.7582630740578,33,17.664307412696406,5.387468806246664
5.602178387912851,77.1154168965902,389.1927478126056,3,Rural,Heavy,Ascending,Cloudy,35.513542106125385,High,1999.01764269259,16,13.34120881489064,4.77073642500871
93.54380181887196,83.40729121572353,394.0416792632526,Normal,Rural,3,Ascending,3,0.0354446897605917,Low,1468.6230152039634,45,19.194976574030942,9.2213371067005
30.310320802166903,59.52803326067516,344.71569567717586,Normal,Rural,3,Ascending,Cloudy,37.4301341160254,Low,1984.6886523444955,29,7.156588179172525,5.756062417726625
99.5572566423514,88.55870445691006,365.6363810801007,Sport,3,Medium,Descending,Rainy,10.81988173549445,Low,2328.647310164375,28,14.062931949712349,9.012995129509203
84.47240004414185,63.69236729657572,339.0478440526107,Sport,Highway,Heavy,Ascending,Cloudy,33.76702260549375,Low,1225.0091288796532,60,37.41611211002356,10.753601326608912
113.48082444609656,52.93206374413052,335.0716717492166,3,3,Medium,Descending,Cloudy,25.076803269342594,Medium,1855.9623324011495,17,17.267921630022823,11.052563510404228
49.07126829080064,28.62589390815576,343.159541059767,Normal,Highway,Medium,Flat,3,38.21234368250749,Medium,2477.081811663317,37,10.470961376509912,7.0605557569551465
79.4363807340761,51.47308610803393,374.3076134782676,Sport,Highway,3,Flat,Cloudy,33.910507650811816,High,1407.0412791828162,18,5.511357524385592,8.861922996053595
55.78257369759248,78.71491637866274,350.1440747141553,3,3,Heavy,Flat,Cloudy,34.955401609790776,Medium,1438.436026463555,18,17.46540694943098,6.748807077693613
75.67064367702523,93.7029129344086,381.40596744483423,Sport,Rural,Medium,Descending,Cloudy,23.428946025401373,Medium,1812.070837432006,35,32.20611352215558,9.36315174923109
53.95186872092848,40.13435230882482,374.5218477196156,3,3,Medium,Ascending,3,32.49213389393241,Medium,2332.2911344249824,32,12.73991306622688,6.338601766231602
22.63586957088898,48.41884138644021,302.0478461124399,Sport,3,3,Ascending,4,29.07090178426024,Medium,1931.5874922682488,18,21.18003997670157,6.816366794408599
60.94768992040571,32.31687952835409,363.0238157106162,Normal,3,Heavy,Flat,4,2.2730408906749258,Low,1861.3212379417591,44,47.62468912948368,10.346203975282418
63.43010417249308,75.2578315383175,343.6571123308591,3,Highway,Heavy,Flat,4,24.18686011089594,High,1312.7841768360074,46,27.662906306492964,9.22948961637356
97.27246179121931,96.81507440079402,345.66289891511417,3,Rural,Medium,Ascending,Cloudy,1.6678995934071388,High,2450.5818189470856,49,26.64373693162176,11.196285534303833
88.26248469522974,71.27617758785405,381.83730538698944,Sport,Highway,3,Flat,Rainy,34.12552548484884,Medium,1651.250710923609,43,20.55617129719758,9.153945525077951
79.65499487297329,69.36612240049811,354.76079860846767,Sport,3,Heavy,Flat,Rainy,-2.032259029701419,Medium,1527.3492977918315,49,27.88631485266205,9.78915441413318
13.606451466308704,64.27919444003471,388.5621823458947,Sport,3,Heavy,Flat,3,39.41710015869739,Low,1735.2671281659673,39,49.22990699241917,8.74291763759281
86.4739548796458,27.076459254842923,371.28055923916907,Normal,Highway,Medium,Ascending,4,13.028199976197016,High,1738.4368102175658,18,12.764964582400586,10.3816897077735
60.03661876254177,78.36030611435069,355.2840008764053,Sport,Highway,Heavy,Flat,Cloudy,2.678320916564603,High,1796.0930413464775,64,47.10220195298058,10.089577340535394
107.2919443327391,68.16396348394807,375.4537976151104,Sport,Rural,Heavy,Ascending,3,37.10537426475504,High,2095.0996624429145,10,7.538642120412186,9.600691633270412
110.38451209566512,72.91814150850297,303.83490509254074,Normal,3,Heavy,Descending,Cloudy,-2.9558306196568425,Low,2328.3305391988047,16,5.6441576409731375,9.148391543605674
6.618790872214255,91.90488744219373,302.7083654828208,Sport,Highway,Heavy,Descending,3,16.154753552904257,High,1274.506744164913,56,32.76800783758389,5.581430978202492
98.47698724253743,82.71686296488143,308.3349326920852,Normal,Highway,Medium,Descending,4,29.66022075660262,Low,1837.9991340667168,28,12.63383333098669,7.841474037737496
